{"authorDailyContributionsMap":{"lowyanshuang":[{"date":"2021-08-17","commitResults":[{"hash":"d5ced9109d0357cbbb88cd025e3a2460f8c80e40","messageTitle":"Level 0 to 3","messageBody":"","fileTypesAndContributionMap":{"java":{"insertions":59,"deletions":1}}},{"hash":"1b3c001fee25553ba31eec107ee35fa0f0392ff9","messageTitle":"Level 0 to 3","messageBody":"","fileTypesAndContributionMap":{"java":{"insertions":1,"deletions":1}}}]},{"date":"2021-08-23","commitResults":[{"hash":"a9b05ae2d3d0661eafa1ed862e0cb6b7e9568d8a","messageTitle":"Level-4, A-CodingStandard","messageBody":"","fileTypesAndContributionMap":{"java":{"insertions":60,"deletions":14}}}]},{"date":"6104-09-13","commitResults":[{"hash":"c48fe884bb901244d030c864fb9f7a61705e3075","messageTitle":"Use class","messageBody":"","fileTypesAndContributionMap":{"java":{"insertions":43,"deletions":11}}}]}]},"authorFileTypeContributionMap":{"lowyanshuang":{"java":135,"md":0,"fxml":0,"sh":0,"bat":0,"gradle":0,"txt":0}},"authorContributionVariance":{"lowyanshuang":0.008204774},"authorDisplayNameMap":{"lowyanshuang":"TIC4001-F18-5 LOW ..UANG"}}
