{"authorDailyContributionsMap":{"lowyanshuang":[{"date":"2021-08-17","commitResults":[{"hash":"d5ced9109d0357cbbb88cd025e3a2460f8c80e40","messageTitle":"Level 0 to 3","messageBody":"","tags":["Level-3","Level-2","Level-1","Level-0"],"fileTypesAndContributionMap":{"java":{"insertions":59,"deletions":1}}},{"hash":"1b3c001fee25553ba31eec107ee35fa0f0392ff9","messageTitle":"Level 0 to 3","messageBody":"","fileTypesAndContributionMap":{"java":{"insertions":1,"deletions":1}}}]},{"date":"2021-08-20","commitResults":[{"hash":"c48fe884bb901244d030c864fb9f7a61705e3075","messageTitle":"Use class","messageBody":"","fileTypesAndContributionMap":{"java":{"insertions":43,"deletions":11}}}]},{"date":"2021-08-23","commitResults":[{"hash":"a9b05ae2d3d0661eafa1ed862e0cb6b7e9568d8a","messageTitle":"Level-4, A-CodingStandard","messageBody":"","tags":["Level-5","Level-4","A-CodingStandard"],"fileTypesAndContributionMap":{"java":{"insertions":60,"deletions":14}}}]},{"date":"2021-08-31","commitResults":[{"hash":"a66bf617a84cc3b7318f7fad9d133c96c2e88782","messageTitle":"branch-Level-5","messageBody":"","fileTypesAndContributionMap":{"java":{"insertions":86,"deletions":37}}},{"hash":"8b78f30a0e518f68651ff3bdc10136387d407fad","messageTitle":"branch-Level-5","messageBody":"","tags":["A-CodeQuality"],"fileTypesAndContributionMap":{"java":{"insertions":1,"deletions":1}}}]},{"date":"2021-09-09","commitResults":[{"hash":"51b8c54f1f46c93b71a6f4c13b391cd3caa3fa28","messageTitle":"branch-Level-6","messageBody":"","tags":["branch-Level-7","branch-Level-6"],"fileTypesAndContributionMap":{"java":{"insertions":30,"deletions":1}}}]},{"date":"2021-09-10","commitResults":[{"hash":"b7c93fce15a10a6cef9f87e3352476aba77fff10","messageTitle":"branch-Level-7","messageBody":"","fileTypesAndContributionMap":{"java":{"insertions":39,"deletions":1}}},{"hash":"99b0f1d841048b5af8c42ae8148dab5ea5863d96","messageTitle":"A-JavaDoc","messageBody":"","tags":["A-JavaDoc"],"fileTypesAndContributionMap":{"java":{"insertions":2,"deletions":0}}}]},{"date":"2021-09-14","commitResults":[{"hash":"6e18463fdf499cc8c35c1596e0c6a57dd29763d9","messageTitle":"branch-Level-9","messageBody":"","fileTypesAndContributionMap":{"java":{"insertions":39,"deletions":1}}}]},{"date":"2021-09-20","commitResults":[{"hash":"400d4c0039e44228b7e8f3baef0c28521353c3d1","messageTitle":"branch-Level-8","messageBody":"","fileTypesAndContributionMap":{"gradle":{"insertions":1,"deletions":1},"java":{"insertions":93,"deletions":52}}},{"hash":"ad1f6f9a003f2b2b3591e212ca1c3cafe246648f","messageTitle":"A-UserGuide","messageBody":"","tags":["A-UserGuide"],"fileTypesAndContributionMap":{"md":{"insertions":40,"deletions":16}}},{"hash":"7d6c09ed97c1633224b4d8bce0ccbe54304d9bcb","messageTitle":"A-UserGuide","messageBody":"","fileTypesAndContributionMap":{"md":{"insertions":1,"deletions":1}}},{"hash":"476ba566d12c12d9ee8d393d1fdc795b28c5e507","messageTitle":"A-UserGuide","messageBody":"","fileTypesAndContributionMap":{"md":{"insertions":16,"deletions":15}}}]}]},"authorFileTypeContributionMap":{"lowyanshuang":{"java":333,"md":41,"fxml":0,"sh":0,"bat":0,"gradle":1,"txt":0}},"authorContributionVariance":{"lowyanshuang":1805.3163},"authorDisplayNameMap":{"lowyanshuang":"TIC4001-F18-5 LOW ..UANG"}}
