{"authorDailyContributionsMap":{"lowyanshuang":[{"date":"2021-08-17","commitResults":[{"hash":"d5ced9109d0357cbbb88cd025e3a2460f8c80e40","messageTitle":"Level 0 to 3","messageBody":"","fileTypesAndContributionMap":{"java":{"insertions":59,"deletions":1}}},{"hash":"1b3c001fee25553ba31eec107ee35fa0f0392ff9","messageTitle":"Level 0 to 3","messageBody":"","fileTypesAndContributionMap":{"java":{"insertions":1,"deletions":1}}}]},{"date":"2021-08-20","commitResults":[{"hash":"c48fe884bb901244d030c864fb9f7a61705e3075","messageTitle":"Use class","messageBody":"","fileTypesAndContributionMap":{"java":{"insertions":43,"deletions":11}}}]},{"date":"2021-08-23","commitResults":[{"hash":"a9b05ae2d3d0661eafa1ed862e0cb6b7e9568d8a","messageTitle":"Level-4, A-CodingStandard","messageBody":"","tags":["Level-5","Level-4"],"fileTypesAndContributionMap":{"java":{"insertions":60,"deletions":14}}}]},{"date":"2021-08-31","commitResults":[{"hash":"a66bf617a84cc3b7318f7fad9d133c96c2e88782","messageTitle":"branch-Level-5","messageBody":"","fileTypesAndContributionMap":{"java":{"insertions":86,"deletions":37}}},{"hash":"8b78f30a0e518f68651ff3bdc10136387d407fad","messageTitle":"branch-Level-5","messageBody":"","fileTypesAndContributionMap":{"java":{"insertions":1,"deletions":1}}}]},{"date":"2021-09-09","commitResults":[{"hash":"51b8c54f1f46c93b71a6f4c13b391cd3caa3fa28","messageTitle":"branch-Level-6","messageBody":"","tags":["branch-Level-6"],"fileTypesAndContributionMap":{"java":{"insertions":30,"deletions":1}}}]}]},"authorFileTypeContributionMap":{"lowyanshuang":{"java":214,"md":0,"fxml":0,"sh":0,"bat":0,"gradle":0,"txt":0}},"authorContributionVariance":{"lowyanshuang":783.77734},"authorDisplayNameMap":{"lowyanshuang":"TIC4001-F18-5 LOW ..UANG"}}
