[{"path":"README.md","fileType":"md","lines":[{"lineNumber":1,"author":{"gitId":"l-shihao"},"content":"# TEST","lastModifiedDate":"2021-08-18"},{"lineNumber":2,"author":{"gitId":"l-shihao"},"content":"","lastModifiedDate":"2021-08-18"},{"lineNumber":3,"author":{"gitId":"l-shihao"},"content":"----","lastModifiedDate":"2021-08-18"},{"lineNumber":4,"author":{"gitId":"-"},"content":"# Duke project template","lastModifiedDate":"2020-05-25"},{"lineNumber":5,"author":{"gitId":"-"},"content":"","lastModifiedDate":"2020-05-25"},{"lineNumber":6,"author":{"gitId":"-"},"content":"This is a project template for a greenfield Java project. It\u0027s named after the Java mascot _Duke_. Given below are instructions on how to use it.","lastModifiedDate":"2020-05-25"},{"lineNumber":7,"author":{"gitId":"-"},"content":"","lastModifiedDate":"2020-05-25"},{"lineNumber":8,"author":{"gitId":"-"},"content":"## Setting up in Intellij","lastModifiedDate":"2020-05-25"},{"lineNumber":9,"author":{"gitId":"-"},"content":"","lastModifiedDate":"2020-05-25"},{"lineNumber":10,"author":{"gitId":"-"},"content":"Prerequisites: JDK 11, update Intellij to the most recent version.","lastModifiedDate":"2020-05-25"},{"lineNumber":11,"author":{"gitId":"-"},"content":"","lastModifiedDate":"2020-05-25"},{"lineNumber":12,"author":{"gitId":"-"},"content":"1. Open Intellij (if you are not in the welcome screen, click `File` \u003e `Close Project` to close the existing project first)","lastModifiedDate":"2021-01-17"},{"lineNumber":13,"author":{"gitId":"-"},"content":"1. Open the project into Intellij as follows:","lastModifiedDate":"2021-01-17"},{"lineNumber":14,"author":{"gitId":"-"},"content":"   1. Click `Open`.","lastModifiedDate":"2021-01-17"},{"lineNumber":15,"author":{"gitId":"-"},"content":"   1. Select the project directory, and click `OK`.","lastModifiedDate":"2021-01-17"},{"lineNumber":16,"author":{"gitId":"-"},"content":"   1. If there are any further prompts, accept the defaults.","lastModifiedDate":"2020-05-25"},{"lineNumber":17,"author":{"gitId":"-"},"content":"1. Configure the project to use **JDK 11** (not other versions) as explained in [here](https://www.jetbrains.com/help/idea/sdk.html#set-up-jdk).\u003cbr\u003e","lastModifiedDate":"2021-07-29"},{"lineNumber":18,"author":{"gitId":"-"},"content":"   In the same dialog, set the **Project language level** field to the `SDK default` option.","lastModifiedDate":"2021-07-29"},{"lineNumber":19,"author":{"gitId":"-"},"content":"3. After that, locate the `src/main/java/Duke.java` file, right-click it, and choose `Run Duke.main()` (if the code editor is showing compile errors, try restarting the IDE). If the setup is correct, you should see something like the below as the output:","lastModifiedDate":"2021-07-29"},{"lineNumber":20,"author":{"gitId":"-"},"content":"   ```","lastModifiedDate":"2020-05-25"},{"lineNumber":21,"author":{"gitId":"-"},"content":"   Hello from","lastModifiedDate":"2020-05-25"},{"lineNumber":22,"author":{"gitId":"-"},"content":"    ____        _        ","lastModifiedDate":"2020-05-25"},{"lineNumber":23,"author":{"gitId":"-"},"content":"   |  _ \\ _   _| | _____ ","lastModifiedDate":"2020-05-25"},{"lineNumber":24,"author":{"gitId":"-"},"content":"   | | | | | | | |/ / _ \\","lastModifiedDate":"2020-05-25"},{"lineNumber":25,"author":{"gitId":"-"},"content":"   | |_| | |_| |   \u003c  __/","lastModifiedDate":"2020-05-25"},{"lineNumber":26,"author":{"gitId":"-"},"content":"   |____/ \\__,_|_|\\_\\___|","lastModifiedDate":"2020-05-25"},{"lineNumber":27,"author":{"gitId":"-"},"content":"   ```","lastModifiedDate":"2020-05-25"}],"authorContributionMap":{"l-shihao":3,"-":24}},{"path":"src/main/java/Duke.java","fileType":"java","lines":[{"lineNumber":1,"author":{"gitId":"l-shihao"},"content":"import ui.Message;","lastModifiedDate":"2021-08-18"},{"lineNumber":2,"author":{"gitId":"l-shihao"},"content":"","lastModifiedDate":"2021-08-18"},{"lineNumber":3,"author":{"gitId":"l-shihao"},"content":"import java.util.Scanner;","lastModifiedDate":"2021-08-18"},{"lineNumber":4,"author":{"gitId":"l-shihao"},"content":"","lastModifiedDate":"2021-08-18"},{"lineNumber":5,"author":{"gitId":"-"},"content":"public class Duke {","lastModifiedDate":"2019-07-29"},{"lineNumber":6,"author":{"gitId":"l-shihao"},"content":"","lastModifiedDate":"2021-08-18"},{"lineNumber":7,"author":{"gitId":"l-shihao"},"content":"    public Duke() {","lastModifiedDate":"2021-08-18"},{"lineNumber":8,"author":{"gitId":"l-shihao"},"content":"","lastModifiedDate":"2021-08-18"},{"lineNumber":9,"author":{"gitId":"l-shihao"},"content":"    };","lastModifiedDate":"2021-08-18"},{"lineNumber":10,"author":{"gitId":"l-shihao"},"content":"","lastModifiedDate":"2021-08-18"},{"lineNumber":11,"author":{"gitId":"-"},"content":"    public static void main(String[] args)  {","lastModifiedDate":"2019-07-29"},{"lineNumber":12,"author":{"gitId":"l-shihao"},"content":"        Message.greeting();","lastModifiedDate":"2021-08-18"},{"lineNumber":13,"author":{"gitId":"l-shihao"},"content":"        new Duke().start();","lastModifiedDate":"2021-08-18"},{"lineNumber":14,"author":{"gitId":"l-shihao"},"content":"        Message.exit();","lastModifiedDate":"2021-08-18"},{"lineNumber":15,"author":{"gitId":"-"},"content":"    }","lastModifiedDate":"2019-07-29"},{"lineNumber":16,"author":{"gitId":"l-shihao"},"content":"","lastModifiedDate":"2021-08-18"},{"lineNumber":17,"author":{"gitId":"l-shihao"},"content":"    private void start() {","lastModifiedDate":"2021-08-18"},{"lineNumber":18,"author":{"gitId":"l-shihao"},"content":"        Scanner in \u003d new Scanner(System.in);","lastModifiedDate":"2021-08-18"},{"lineNumber":19,"author":{"gitId":"l-shihao"},"content":"        String userInput \u003d in.nextLine();","lastModifiedDate":"2021-08-18"},{"lineNumber":20,"author":{"gitId":"l-shihao"},"content":"","lastModifiedDate":"2021-08-18"},{"lineNumber":21,"author":{"gitId":"l-shihao"},"content":"        if(userInput.equals(\"bye\")) return;","lastModifiedDate":"2021-08-18"},{"lineNumber":22,"author":{"gitId":"l-shihao"},"content":"","lastModifiedDate":"2021-08-18"},{"lineNumber":23,"author":{"gitId":"l-shihao"},"content":"","lastModifiedDate":"2021-08-18"},{"lineNumber":24,"author":{"gitId":"l-shihao"},"content":"        Message.echo(userInput);","lastModifiedDate":"2021-08-18"},{"lineNumber":25,"author":{"gitId":"l-shihao"},"content":"","lastModifiedDate":"2021-08-18"},{"lineNumber":26,"author":{"gitId":"l-shihao"},"content":"","lastModifiedDate":"2021-08-18"},{"lineNumber":27,"author":{"gitId":"l-shihao"},"content":"        start();","lastModifiedDate":"2021-08-18"},{"lineNumber":28,"author":{"gitId":"-"},"content":"    }","lastModifiedDate":"2019-07-29"},{"lineNumber":29,"author":{"gitId":"-"},"content":"}","lastModifiedDate":"2021-08-18"},{"lineNumber":30,"author":{"gitId":"l-shihao"},"content":"","lastModifiedDate":"2021-08-18"},{"lineNumber":31,"author":{"gitId":"l-shihao"},"content":"","lastModifiedDate":"2021-08-18"}],"authorContributionMap":{"l-shihao":26,"-":5}},{"path":"src/main/java/ui/Message.java","fileType":"java","lines":[{"lineNumber":1,"author":{"gitId":"l-shihao"},"content":"package ui;","lastModifiedDate":"2021-08-18"},{"lineNumber":2,"author":{"gitId":"l-shihao"},"content":"","lastModifiedDate":"2021-08-18"},{"lineNumber":3,"author":{"gitId":"l-shihao"},"content":"public final class Message {","lastModifiedDate":"2021-08-18"},{"lineNumber":4,"author":{"gitId":"l-shihao"},"content":"    private Message() {","lastModifiedDate":"2021-08-18"},{"lineNumber":5,"author":{"gitId":"l-shihao"},"content":"    }","lastModifiedDate":"2021-08-18"},{"lineNumber":6,"author":{"gitId":"l-shihao"},"content":"","lastModifiedDate":"2021-08-18"},{"lineNumber":7,"author":{"gitId":"l-shihao"},"content":"    public static void greeting() {","lastModifiedDate":"2021-08-18"},{"lineNumber":8,"author":{"gitId":"l-shihao"},"content":"        String logo \u003d \" ____        _        \\n\"","lastModifiedDate":"2021-08-18"},{"lineNumber":9,"author":{"gitId":"l-shihao"},"content":"                + \"|  _ \\\\ _   _| | _____ \\n\"","lastModifiedDate":"2021-08-18"},{"lineNumber":10,"author":{"gitId":"l-shihao"},"content":"                + \"| | | | | | | |/ / _ \\\\\\n\"","lastModifiedDate":"2021-08-18"},{"lineNumber":11,"author":{"gitId":"l-shihao"},"content":"                + \"| |_| | |_| |   \u003c  __/\\n\"","lastModifiedDate":"2021-08-18"},{"lineNumber":12,"author":{"gitId":"l-shihao"},"content":"                + \"|____/ \\\\__,_|_|\\\\_\\\\___|\\n\";","lastModifiedDate":"2021-08-18"},{"lineNumber":13,"author":{"gitId":"l-shihao"},"content":"        System.out.println(\"👋 from\\n\" + logo);","lastModifiedDate":"2021-08-18"},{"lineNumber":14,"author":{"gitId":"l-shihao"},"content":"","lastModifiedDate":"2021-08-18"},{"lineNumber":15,"author":{"gitId":"l-shihao"},"content":"        System.out.println(\"You may spell your wish 🧞‍ \\n\");","lastModifiedDate":"2021-08-18"},{"lineNumber":16,"author":{"gitId":"l-shihao"},"content":"    }","lastModifiedDate":"2021-08-18"},{"lineNumber":17,"author":{"gitId":"l-shihao"},"content":"","lastModifiedDate":"2021-08-18"},{"lineNumber":18,"author":{"gitId":"l-shihao"},"content":"    /*","lastModifiedDate":"2021-08-18"},{"lineNumber":19,"author":{"gitId":"l-shihao"},"content":"    echo print out the String parameter passed to it","lastModifiedDate":"2021-08-18"},{"lineNumber":20,"author":{"gitId":"l-shihao"},"content":"     */","lastModifiedDate":"2021-08-18"},{"lineNumber":21,"author":{"gitId":"l-shihao"},"content":"    public static void echo(String input) {","lastModifiedDate":"2021-08-18"},{"lineNumber":22,"author":{"gitId":"l-shihao"},"content":"        System.out.print(\"\\t\");","lastModifiedDate":"2021-08-18"},{"lineNumber":23,"author":{"gitId":"l-shihao"},"content":"        System.out.println(input);","lastModifiedDate":"2021-08-18"},{"lineNumber":24,"author":{"gitId":"l-shihao"},"content":"        System.lineSeparator();","lastModifiedDate":"2021-08-18"},{"lineNumber":25,"author":{"gitId":"l-shihao"},"content":"    }","lastModifiedDate":"2021-08-18"},{"lineNumber":26,"author":{"gitId":"l-shihao"},"content":"","lastModifiedDate":"2021-08-18"},{"lineNumber":27,"author":{"gitId":"l-shihao"},"content":"    public static void exit() {","lastModifiedDate":"2021-08-18"},{"lineNumber":28,"author":{"gitId":"l-shihao"},"content":"        System.out.println(\"\\n👋 Bye, see ya ~ \\n\");","lastModifiedDate":"2021-08-18"},{"lineNumber":29,"author":{"gitId":"l-shihao"},"content":"    }","lastModifiedDate":"2021-08-18"},{"lineNumber":30,"author":{"gitId":"l-shihao"},"content":"}","lastModifiedDate":"2021-08-18"}],"authorContributionMap":{"l-shihao":30}}]
