[{"path":"README.md","fileType":"md","lines":[{"lineNumber":1,"author":{"gitId":"l-shihao"},"content":"# Set up","lastModifiedDate":"2021-08-19"},{"lineNumber":2,"author":{"gitId":"l-shihao"},"content":"Current folder set up as below, shows java files and class files location:","lastModifiedDate":"2021-08-19"},{"lineNumber":3,"author":{"gitId":"l-shihao"},"content":"```","lastModifiedDate":"2021-08-19"},{"lineNumber":4,"author":{"gitId":"l-shihao"},"content":"├── out","lastModifiedDate":"2021-08-19"},{"lineNumber":5,"author":{"gitId":"l-shihao"},"content":"│   └── production","lastModifiedDate":"2021-08-19"},{"lineNumber":6,"author":{"gitId":"l-shihao"},"content":"│       └── ip","lastModifiedDate":"2021-08-19"},{"lineNumber":7,"author":{"gitId":"l-shihao"},"content":"│           ├── duke.Duke.class","lastModifiedDate":"2021-08-19"},{"lineNumber":8,"author":{"gitId":"l-shihao"},"content":"│           └── duke","lastModifiedDate":"2021-08-19"},{"lineNumber":9,"author":{"gitId":"l-shihao"},"content":"│               ├── storage","lastModifiedDate":"2021-08-19"},{"lineNumber":10,"author":{"gitId":"l-shihao"},"content":"│               │   └── tempTaskList.class","lastModifiedDate":"2021-08-19"},{"lineNumber":11,"author":{"gitId":"l-shihao"},"content":"│               └── ui","lastModifiedDate":"2021-08-19"},{"lineNumber":12,"author":{"gitId":"l-shihao"},"content":"│                   └── Message.class","lastModifiedDate":"2021-08-19"},{"lineNumber":13,"author":{"gitId":"l-shihao"},"content":"├── src","lastModifiedDate":"2021-08-19"},{"lineNumber":14,"author":{"gitId":"l-shihao"},"content":"│   └── main","lastModifiedDate":"2021-08-19"},{"lineNumber":15,"author":{"gitId":"l-shihao"},"content":"│       └── java","lastModifiedDate":"2021-08-19"},{"lineNumber":16,"author":{"gitId":"l-shihao"},"content":"│           ├── duke.Duke.java","lastModifiedDate":"2021-08-19"},{"lineNumber":17,"author":{"gitId":"l-shihao"},"content":"│           └── duke","lastModifiedDate":"2021-08-19"},{"lineNumber":18,"author":{"gitId":"l-shihao"},"content":"│               ├── storage","lastModifiedDate":"2021-08-19"},{"lineNumber":19,"author":{"gitId":"l-shihao"},"content":"│               │   └── tempTaskList.java","lastModifiedDate":"2021-08-19"},{"lineNumber":20,"author":{"gitId":"l-shihao"},"content":"│               └── ui","lastModifiedDate":"2021-08-19"},{"lineNumber":21,"author":{"gitId":"l-shihao"},"content":"│                   └── Message.java","lastModifiedDate":"2021-08-19"},{"lineNumber":22,"author":{"gitId":"l-shihao"},"content":"```","lastModifiedDate":"2021-08-19"},{"lineNumber":23,"author":{"gitId":"l-shihao"},"content":"","lastModifiedDate":"2021-08-19"},{"lineNumber":24,"author":{"gitId":"l-shihao"},"content":"`tree` command can be used to reveal above folder structure. ","lastModifiedDate":"2021-08-19"},{"lineNumber":25,"author":{"gitId":"l-shihao"},"content":"","lastModifiedDate":"2021-08-19"},{"lineNumber":26,"author":{"gitId":"l-shihao"},"content":"To compile the java files, run below command (change once new packages created): ","lastModifiedDate":"2021-08-19"},{"lineNumber":27,"author":{"gitId":"l-shihao"},"content":"```","lastModifiedDate":"2021-08-19"},{"lineNumber":28,"author":{"gitId":"l-shihao"},"content":"% javac -d out/production/ip src/main/java/duke/Duke.java src/main/java/duke/ui/* src/main/java/duke/storage/* ","lastModifiedDate":"2021-08-19"},{"lineNumber":29,"author":{"gitId":"l-shihao"},"content":"```","lastModifiedDate":"2021-08-19"},{"lineNumber":30,"author":{"gitId":"l-shihao"},"content":"","lastModifiedDate":"2021-08-19"},{"lineNumber":31,"author":{"gitId":"l-shihao"},"content":"To run the program in terminal. `cd` to project root dir, then run below: ","lastModifiedDate":"2021-08-19"},{"lineNumber":32,"author":{"gitId":"l-shihao"},"content":"```","lastModifiedDate":"2021-08-19"},{"lineNumber":33,"author":{"gitId":"l-shihao"},"content":"% java -cp out/production/ip/duke.Duke","lastModifiedDate":"2021-08-19"},{"lineNumber":34,"author":{"gitId":"l-shihao"},"content":"```","lastModifiedDate":"2021-08-19"},{"lineNumber":35,"author":{"gitId":"l-shihao"},"content":"","lastModifiedDate":"2021-08-19"},{"lineNumber":36,"author":{"gitId":"l-shihao"},"content":"","lastModifiedDate":"2021-08-18"},{"lineNumber":37,"author":{"gitId":"l-shihao"},"content":"----","lastModifiedDate":"2021-08-18"},{"lineNumber":38,"author":{"gitId":"l-shihao"},"content":"# duke.Duke project template","lastModifiedDate":"2021-08-19"},{"lineNumber":39,"author":{"gitId":"-"},"content":"","lastModifiedDate":"2020-05-25"},{"lineNumber":40,"author":{"gitId":"-"},"content":"This is a project template for a greenfield Java project. It\u0027s named after the Java mascot _Duke_. Given below are instructions on how to use it.","lastModifiedDate":"2020-05-25"},{"lineNumber":41,"author":{"gitId":"-"},"content":"","lastModifiedDate":"2020-05-25"},{"lineNumber":42,"author":{"gitId":"-"},"content":"## Setting up in Intellij","lastModifiedDate":"2020-05-25"},{"lineNumber":43,"author":{"gitId":"-"},"content":"","lastModifiedDate":"2020-05-25"},{"lineNumber":44,"author":{"gitId":"-"},"content":"Prerequisites: JDK 11, update Intellij to the most recent version.","lastModifiedDate":"2020-05-25"},{"lineNumber":45,"author":{"gitId":"-"},"content":"","lastModifiedDate":"2020-05-25"},{"lineNumber":46,"author":{"gitId":"-"},"content":"1. Open Intellij (if you are not in the welcome screen, click `File` \u003e `Close Project` to close the existing project first)","lastModifiedDate":"2021-01-17"},{"lineNumber":47,"author":{"gitId":"-"},"content":"1. Open the project into Intellij as follows:","lastModifiedDate":"2021-01-17"},{"lineNumber":48,"author":{"gitId":"-"},"content":"   1. Click `Open`.","lastModifiedDate":"2021-01-17"},{"lineNumber":49,"author":{"gitId":"-"},"content":"   1. Select the project directory, and click `OK`.","lastModifiedDate":"2021-01-17"},{"lineNumber":50,"author":{"gitId":"-"},"content":"   1. If there are any further prompts, accept the defaults.","lastModifiedDate":"2020-05-25"},{"lineNumber":51,"author":{"gitId":"-"},"content":"1. Configure the project to use **JDK 11** (not other versions) as explained in [here](https://www.jetbrains.com/help/idea/sdk.html#set-up-jdk).\u003cbr\u003e","lastModifiedDate":"2021-07-29"},{"lineNumber":52,"author":{"gitId":"-"},"content":"   In the same dialog, set the **Project language level** field to the `SDK default` option.","lastModifiedDate":"2021-07-29"},{"lineNumber":53,"author":{"gitId":"l-shihao"},"content":"3. After that, locate the `src/main/java/duke.Duke.java` file, right-click it, and choose `Run duke.Duke.main()` (if the code editor is showing compile errors, try restarting the IDE). If the setup is correct, you should see something like the below as the output:","lastModifiedDate":"2021-08-19"},{"lineNumber":54,"author":{"gitId":"-"},"content":"   ```","lastModifiedDate":"2020-05-25"},{"lineNumber":55,"author":{"gitId":"-"},"content":"   Hello from","lastModifiedDate":"2020-05-25"},{"lineNumber":56,"author":{"gitId":"-"},"content":"    ____        _        ","lastModifiedDate":"2020-05-25"},{"lineNumber":57,"author":{"gitId":"-"},"content":"   |  _ \\ _   _| | _____ ","lastModifiedDate":"2020-05-25"},{"lineNumber":58,"author":{"gitId":"-"},"content":"   | | | | | | | |/ / _ \\","lastModifiedDate":"2020-05-25"},{"lineNumber":59,"author":{"gitId":"-"},"content":"   | |_| | |_| |   \u003c  __/","lastModifiedDate":"2020-05-25"},{"lineNumber":60,"author":{"gitId":"-"},"content":"   |____/ \\__,_|_|\\_\\___|","lastModifiedDate":"2020-05-25"},{"lineNumber":61,"author":{"gitId":"-"},"content":"   ```","lastModifiedDate":"2020-05-25"}],"authorContributionMap":{"l-shihao":39,"-":22}},{"path":"src/main/java/duke/Duke.java","fileType":"java","lines":[{"lineNumber":1,"author":{"gitId":"l-shihao"},"content":"package duke;","lastModifiedDate":"2021-08-19"},{"lineNumber":2,"author":{"gitId":"l-shihao"},"content":"","lastModifiedDate":"2021-08-19"},{"lineNumber":3,"author":{"gitId":"l-shihao"},"content":"import duke.command.CommandCaller;","lastModifiedDate":"2021-08-27"},{"lineNumber":4,"author":{"gitId":"l-shihao"},"content":"import duke.command.CommandFactory;","lastModifiedDate":"2021-08-27"},{"lineNumber":5,"author":{"gitId":"l-shihao"},"content":"import duke.command.TaskMarkDoneCmd;","lastModifiedDate":"2021-08-27"},{"lineNumber":6,"author":{"gitId":"l-shihao"},"content":"import duke.parse.StringParser;","lastModifiedDate":"2021-08-27"},{"lineNumber":7,"author":{"gitId":"l-shihao"},"content":"import duke.storage.TempTaskList;","lastModifiedDate":"2021-08-27"},{"lineNumber":8,"author":{"gitId":"l-shihao"},"content":"import duke.task.Task;","lastModifiedDate":"2021-08-19"},{"lineNumber":9,"author":{"gitId":"l-shihao"},"content":"import duke.ui.Message;","lastModifiedDate":"2021-08-19"},{"lineNumber":10,"author":{"gitId":"l-shihao"},"content":"","lastModifiedDate":"2021-08-18"},{"lineNumber":11,"author":{"gitId":"l-shihao"},"content":"import java.io.File;","lastModifiedDate":"2021-08-27"},{"lineNumber":12,"author":{"gitId":"l-shihao"},"content":"import java.util.Scanner;","lastModifiedDate":"2021-08-18"},{"lineNumber":13,"author":{"gitId":"l-shihao"},"content":"","lastModifiedDate":"2021-08-18"},{"lineNumber":14,"author":{"gitId":"l-shihao"},"content":"/**","lastModifiedDate":"2021-08-27"},{"lineNumber":15,"author":{"gitId":"l-shihao"},"content":" * @author      Li Shihao","lastModifiedDate":"2021-08-27"},{"lineNumber":16,"author":{"gitId":"l-shihao"},"content":" * @since       2021 Aug","lastModifiedDate":"2021-08-27"},{"lineNumber":17,"author":{"gitId":"l-shihao"},"content":" */","lastModifiedDate":"2021-08-27"},{"lineNumber":18,"author":{"gitId":"-"},"content":"public class Duke {","lastModifiedDate":"2019-07-29"},{"lineNumber":19,"author":{"gitId":"l-shihao"},"content":"    private TempTaskList\u003cTask\u003e list \u003d new TempTaskList\u003c\u003e();","lastModifiedDate":"2021-08-27"},{"lineNumber":20,"author":{"gitId":"l-shihao"},"content":"    private File file;","lastModifiedDate":"2021-08-27"},{"lineNumber":21,"author":{"gitId":"l-shihao"},"content":"    private CommandFactory commandFactory \u003d new CommandFactory(list, file);","lastModifiedDate":"2021-08-27"},{"lineNumber":22,"author":{"gitId":"l-shihao"},"content":"    private StringParser strParser \u003d new StringParser();","lastModifiedDate":"2021-08-27"},{"lineNumber":23,"author":{"gitId":"l-shihao"},"content":"    private CommandCaller commandCaller \u003d new CommandCaller(commandFactory);","lastModifiedDate":"2021-08-27"},{"lineNumber":24,"author":{"gitId":"l-shihao"},"content":"","lastModifiedDate":"2021-08-18"},{"lineNumber":25,"author":{"gitId":"l-shihao"},"content":"    public Duke() {","lastModifiedDate":"2021-08-18"},{"lineNumber":26,"author":{"gitId":"l-shihao"},"content":"        Message messager \u003d new Message();","lastModifiedDate":"2021-08-19"},{"lineNumber":27,"author":{"gitId":"l-shihao"},"content":"        list.addPropertyChangeListener(messager);","lastModifiedDate":"2021-08-19"},{"lineNumber":28,"author":{"gitId":"l-shihao"},"content":"        strParser.addPropertyChangeListener(commandCaller);","lastModifiedDate":"2021-08-27"},{"lineNumber":29,"author":{"gitId":"l-shihao"},"content":"    }","lastModifiedDate":"2021-08-19"},{"lineNumber":30,"author":{"gitId":"l-shihao"},"content":"","lastModifiedDate":"2021-08-18"},{"lineNumber":31,"author":{"gitId":"-"},"content":"    public static void main(String[] args)  {","lastModifiedDate":"2019-07-29"},{"lineNumber":32,"author":{"gitId":"l-shihao"},"content":"        Message.greeting();","lastModifiedDate":"2021-08-18"},{"lineNumber":33,"author":{"gitId":"l-shihao"},"content":"        new Duke().start();","lastModifiedDate":"2021-08-18"},{"lineNumber":34,"author":{"gitId":"l-shihao"},"content":"        Message.exit();","lastModifiedDate":"2021-08-18"},{"lineNumber":35,"author":{"gitId":"-"},"content":"    }","lastModifiedDate":"2019-07-29"},{"lineNumber":36,"author":{"gitId":"l-shihao"},"content":"","lastModifiedDate":"2021-08-18"},{"lineNumber":37,"author":{"gitId":"l-shihao"},"content":"    private void start() {","lastModifiedDate":"2021-08-18"},{"lineNumber":38,"author":{"gitId":"l-shihao"},"content":"        Scanner in \u003d new Scanner(System.in);","lastModifiedDate":"2021-08-18"},{"lineNumber":39,"author":{"gitId":"l-shihao"},"content":"        String userInput \u003d in.nextLine();","lastModifiedDate":"2021-08-18"},{"lineNumber":40,"author":{"gitId":"l-shihao"},"content":"","lastModifiedDate":"2021-08-18"},{"lineNumber":41,"author":{"gitId":"l-shihao"},"content":"        switch(userInput.strip()) {","lastModifiedDate":"2021-09-03"},{"lineNumber":42,"author":{"gitId":"l-shihao"},"content":"            case \"bye\":","lastModifiedDate":"2021-08-27"},{"lineNumber":43,"author":{"gitId":"l-shihao"},"content":"                return;","lastModifiedDate":"2021-08-27"},{"lineNumber":44,"author":{"gitId":"l-shihao"},"content":"            case \"list\":","lastModifiedDate":"2021-08-27"},{"lineNumber":45,"author":{"gitId":"l-shihao"},"content":"                list.print();","lastModifiedDate":"2021-08-27"},{"lineNumber":46,"author":{"gitId":"l-shihao"},"content":"                break;","lastModifiedDate":"2021-08-27"},{"lineNumber":47,"author":{"gitId":"l-shihao"},"content":"            default:","lastModifiedDate":"2021-08-27"},{"lineNumber":48,"author":{"gitId":"l-shihao"},"content":"                strParser.passToCaller(userInput);","lastModifiedDate":"2021-08-27"},{"lineNumber":49,"author":{"gitId":"l-shihao"},"content":"        }","lastModifiedDate":"2021-08-27"},{"lineNumber":50,"author":{"gitId":"l-shihao"},"content":"","lastModifiedDate":"2021-08-18"},{"lineNumber":51,"author":{"gitId":"l-shihao"},"content":"        start();","lastModifiedDate":"2021-08-18"},{"lineNumber":52,"author":{"gitId":"-"},"content":"    }","lastModifiedDate":"2019-07-29"},{"lineNumber":53,"author":{"gitId":"l-shihao"},"content":"","lastModifiedDate":"2021-08-19"},{"lineNumber":54,"author":{"gitId":"l-shihao"},"content":"","lastModifiedDate":"2021-08-19"},{"lineNumber":55,"author":{"gitId":"l-shihao"},"content":"}","lastModifiedDate":"2021-08-18"},{"lineNumber":56,"author":{"gitId":"l-shihao"},"content":"","lastModifiedDate":"2021-08-18"},{"lineNumber":57,"author":{"gitId":"l-shihao"},"content":"","lastModifiedDate":"2021-08-18"}],"authorContributionMap":{"l-shihao":53,"-":4}},{"path":"src/main/java/duke/command/AllCommandCmd.java","fileType":"java","lines":[{"lineNumber":1,"author":{"gitId":"l-shihao"},"content":"package duke.command;","lastModifiedDate":"2021-09-08"},{"lineNumber":2,"author":{"gitId":"l-shihao"},"content":"","lastModifiedDate":"2021-09-08"},{"lineNumber":3,"author":{"gitId":"l-shihao"},"content":"public class AllCommandCmd implements Command {","lastModifiedDate":"2021-09-08"},{"lineNumber":4,"author":{"gitId":"l-shihao"},"content":"    private CommandFactory commands;","lastModifiedDate":"2021-09-08"},{"lineNumber":5,"author":{"gitId":"l-shihao"},"content":"","lastModifiedDate":"2021-09-08"},{"lineNumber":6,"author":{"gitId":"l-shihao"},"content":"    public AllCommandCmd(CommandFactory commands) {","lastModifiedDate":"2021-09-08"},{"lineNumber":7,"author":{"gitId":"l-shihao"},"content":"        this.commands \u003d commands;","lastModifiedDate":"2021-09-08"},{"lineNumber":8,"author":{"gitId":"l-shihao"},"content":"    }","lastModifiedDate":"2021-09-08"},{"lineNumber":9,"author":{"gitId":"l-shihao"},"content":"","lastModifiedDate":"2021-09-08"},{"lineNumber":10,"author":{"gitId":"l-shihao"},"content":"    @Override","lastModifiedDate":"2021-09-08"},{"lineNumber":11,"author":{"gitId":"l-shihao"},"content":"    public void run(String[] args) {","lastModifiedDate":"2021-09-08"},{"lineNumber":12,"author":{"gitId":"l-shihao"},"content":"        commands.print();","lastModifiedDate":"2021-09-08"},{"lineNumber":13,"author":{"gitId":"l-shihao"},"content":"    }","lastModifiedDate":"2021-09-08"},{"lineNumber":14,"author":{"gitId":"l-shihao"},"content":"}","lastModifiedDate":"2021-09-08"}],"authorContributionMap":{"l-shihao":14}},{"path":"src/main/java/duke/command/Command.java","fileType":"java","lines":[{"lineNumber":1,"author":{"gitId":"l-shihao"},"content":"package duke.command;","lastModifiedDate":"2021-08-19"},{"lineNumber":2,"author":{"gitId":"l-shihao"},"content":"","lastModifiedDate":"2021-08-19"},{"lineNumber":3,"author":{"gitId":"l-shihao"},"content":"@FunctionalInterface","lastModifiedDate":"2021-08-27"},{"lineNumber":4,"author":{"gitId":"l-shihao"},"content":"public interface Command {","lastModifiedDate":"2021-08-19"},{"lineNumber":5,"author":{"gitId":"l-shihao"},"content":"    void run(String[] args);","lastModifiedDate":"2021-08-27"},{"lineNumber":6,"author":{"gitId":"l-shihao"},"content":"}","lastModifiedDate":"2021-08-19"}],"authorContributionMap":{"l-shihao":6}},{"path":"src/main/java/duke/command/CommandCaller.java","fileType":"java","lines":[{"lineNumber":1,"author":{"gitId":"l-shihao"},"content":"package duke.command;","lastModifiedDate":"2021-08-27"},{"lineNumber":2,"author":{"gitId":"l-shihao"},"content":"","lastModifiedDate":"2021-08-27"},{"lineNumber":3,"author":{"gitId":"l-shihao"},"content":"import duke.exception.UnknownCommandException;","lastModifiedDate":"2021-09-03"},{"lineNumber":4,"author":{"gitId":"l-shihao"},"content":"import duke.parse.StringParser;","lastModifiedDate":"2021-08-27"},{"lineNumber":5,"author":{"gitId":"l-shihao"},"content":"import duke.ui.Message;","lastModifiedDate":"2021-09-03"},{"lineNumber":6,"author":{"gitId":"l-shihao"},"content":"","lastModifiedDate":"2021-08-27"},{"lineNumber":7,"author":{"gitId":"l-shihao"},"content":"import java.beans.PropertyChangeEvent;","lastModifiedDate":"2021-08-27"},{"lineNumber":8,"author":{"gitId":"l-shihao"},"content":"import java.beans.PropertyChangeListener;","lastModifiedDate":"2021-08-27"},{"lineNumber":9,"author":{"gitId":"l-shihao"},"content":"import java.util.Stack;","lastModifiedDate":"2021-08-27"},{"lineNumber":10,"author":{"gitId":"l-shihao"},"content":"","lastModifiedDate":"2021-08-27"},{"lineNumber":11,"author":{"gitId":"l-shihao"},"content":"/**","lastModifiedDate":"2021-08-27"},{"lineNumber":12,"author":{"gitId":"l-shihao"},"content":" * A Invoker Class in Command Pattern","lastModifiedDate":"2021-08-27"},{"lineNumber":13,"author":{"gitId":"l-shihao"},"content":" */","lastModifiedDate":"2021-08-27"},{"lineNumber":14,"author":{"gitId":"l-shihao"},"content":"public class CommandCaller implements PropertyChangeListener {","lastModifiedDate":"2021-08-27"},{"lineNumber":15,"author":{"gitId":"l-shihao"},"content":"    private CommandFactory commandFactory;","lastModifiedDate":"2021-08-27"},{"lineNumber":16,"author":{"gitId":"l-shihao"},"content":"    public Stack\u003cCommand\u003e undoableCommandHistory \u003d new Stack\u003c\u003e();","lastModifiedDate":"2021-08-27"},{"lineNumber":17,"author":{"gitId":"l-shihao"},"content":"","lastModifiedDate":"2021-08-27"},{"lineNumber":18,"author":{"gitId":"l-shihao"},"content":"    public CommandCaller() {}","lastModifiedDate":"2021-08-27"},{"lineNumber":19,"author":{"gitId":"l-shihao"},"content":"    public CommandCaller(CommandFactory commandFactory) {","lastModifiedDate":"2021-08-27"},{"lineNumber":20,"author":{"gitId":"l-shihao"},"content":"        this.commandFactory \u003d commandFactory;","lastModifiedDate":"2021-08-27"},{"lineNumber":21,"author":{"gitId":"l-shihao"},"content":"    }","lastModifiedDate":"2021-08-27"},{"lineNumber":22,"author":{"gitId":"l-shihao"},"content":"","lastModifiedDate":"2021-08-27"},{"lineNumber":23,"author":{"gitId":"l-shihao"},"content":"    public void runCommand(Command cmd, String[] args) {","lastModifiedDate":"2021-08-27"},{"lineNumber":24,"author":{"gitId":"l-shihao"},"content":"        if (cmd instanceof UndoableCommand) {","lastModifiedDate":"2021-08-27"},{"lineNumber":25,"author":{"gitId":"l-shihao"},"content":"            undoableCommandHistory.add(cmd);","lastModifiedDate":"2021-08-27"},{"lineNumber":26,"author":{"gitId":"l-shihao"},"content":"        }","lastModifiedDate":"2021-08-27"},{"lineNumber":27,"author":{"gitId":"l-shihao"},"content":"        cmd.run(args);","lastModifiedDate":"2021-08-27"},{"lineNumber":28,"author":{"gitId":"l-shihao"},"content":"    }","lastModifiedDate":"2021-08-27"},{"lineNumber":29,"author":{"gitId":"l-shihao"},"content":"","lastModifiedDate":"2021-08-27"},{"lineNumber":30,"author":{"gitId":"l-shihao"},"content":"    @Override","lastModifiedDate":"2021-08-27"},{"lineNumber":31,"author":{"gitId":"l-shihao"},"content":"    public void propertyChange(PropertyChangeEvent evt) {","lastModifiedDate":"2021-08-27"},{"lineNumber":32,"author":{"gitId":"l-shihao"},"content":"        String[] keyArgs \u003d (String[]) evt.getNewValue();","lastModifiedDate":"2021-08-27"},{"lineNumber":33,"author":{"gitId":"l-shihao"},"content":"        String key \u003d keyArgs[0];","lastModifiedDate":"2021-08-27"},{"lineNumber":34,"author":{"gitId":"l-shihao"},"content":"        String[] args \u003d StringParser.removeFirst(keyArgs);","lastModifiedDate":"2021-08-27"},{"lineNumber":35,"author":{"gitId":"l-shihao"},"content":"        if (!commandFactory.containsKey(key)) {","lastModifiedDate":"2021-09-03"},{"lineNumber":36,"author":{"gitId":"l-shihao"},"content":"            try {","lastModifiedDate":"2021-09-03"},{"lineNumber":37,"author":{"gitId":"l-shihao"},"content":"                throw new UnknownCommandException();","lastModifiedDate":"2021-09-03"},{"lineNumber":38,"author":{"gitId":"l-shihao"},"content":"            } catch (UnknownCommandException e) {","lastModifiedDate":"2021-09-03"},{"lineNumber":39,"author":{"gitId":"l-shihao"},"content":"                Message.echo(e.getMessage());","lastModifiedDate":"2021-09-03"},{"lineNumber":40,"author":{"gitId":"l-shihao"},"content":"            }","lastModifiedDate":"2021-09-03"},{"lineNumber":41,"author":{"gitId":"l-shihao"},"content":"        } else {","lastModifiedDate":"2021-09-03"},{"lineNumber":42,"author":{"gitId":"l-shihao"},"content":"            this.runCommand(commandFactory.get(key), args);","lastModifiedDate":"2021-08-27"},{"lineNumber":43,"author":{"gitId":"l-shihao"},"content":"        }","lastModifiedDate":"2021-08-27"},{"lineNumber":44,"author":{"gitId":"l-shihao"},"content":"    }","lastModifiedDate":"2021-08-27"},{"lineNumber":45,"author":{"gitId":"l-shihao"},"content":"}","lastModifiedDate":"2021-09-03"}],"authorContributionMap":{"l-shihao":45}},{"path":"src/main/java/duke/command/CommandFactory.java","fileType":"java","lines":[{"lineNumber":1,"author":{"gitId":"l-shihao"},"content":"package duke.command;","lastModifiedDate":"2021-08-27"},{"lineNumber":2,"author":{"gitId":"l-shihao"},"content":"","lastModifiedDate":"2021-08-27"},{"lineNumber":3,"author":{"gitId":"l-shihao"},"content":"import duke.storage.TempTaskList;","lastModifiedDate":"2021-08-27"},{"lineNumber":4,"author":{"gitId":"l-shihao"},"content":"import duke.ui.Message;","lastModifiedDate":"2021-09-08"},{"lineNumber":5,"author":{"gitId":"l-shihao"},"content":"","lastModifiedDate":"2021-08-27"},{"lineNumber":6,"author":{"gitId":"l-shihao"},"content":"import java.io.File;","lastModifiedDate":"2021-08-27"},{"lineNumber":7,"author":{"gitId":"l-shihao"},"content":"import java.util.HashMap;","lastModifiedDate":"2021-08-27"},{"lineNumber":8,"author":{"gitId":"l-shihao"},"content":"import java.util.Iterator;","lastModifiedDate":"2021-09-08"},{"lineNumber":9,"author":{"gitId":"l-shihao"},"content":"","lastModifiedDate":"2021-08-27"},{"lineNumber":10,"author":{"gitId":"l-shihao"},"content":"public class CommandFactory implements Iterable {","lastModifiedDate":"2021-09-08"},{"lineNumber":11,"author":{"gitId":"l-shihao"},"content":"    private HashMap\u003cString, Command\u003e commands \u003d new HashMap\u003c\u003e();","lastModifiedDate":"2021-08-27"},{"lineNumber":12,"author":{"gitId":"l-shihao"},"content":"","lastModifiedDate":"2021-08-27"},{"lineNumber":13,"author":{"gitId":"l-shihao"},"content":"    private TempTaskList list;","lastModifiedDate":"2021-08-27"},{"lineNumber":14,"author":{"gitId":"l-shihao"},"content":"    private File file;","lastModifiedDate":"2021-08-27"},{"lineNumber":15,"author":{"gitId":"l-shihao"},"content":"","lastModifiedDate":"2021-08-27"},{"lineNumber":16,"author":{"gitId":"l-shihao"},"content":"    public CommandFactory(TempTaskList list, File file) {","lastModifiedDate":"2021-08-27"},{"lineNumber":17,"author":{"gitId":"l-shihao"},"content":"        this.list \u003d list;","lastModifiedDate":"2021-08-27"},{"lineNumber":18,"author":{"gitId":"l-shihao"},"content":"        this.file \u003d file;","lastModifiedDate":"2021-08-27"},{"lineNumber":19,"author":{"gitId":"l-shihao"},"content":"","lastModifiedDate":"2021-08-27"},{"lineNumber":20,"author":{"gitId":"l-shihao"},"content":"        config();","lastModifiedDate":"2021-08-27"},{"lineNumber":21,"author":{"gitId":"l-shihao"},"content":"    }","lastModifiedDate":"2021-08-27"},{"lineNumber":22,"author":{"gitId":"l-shihao"},"content":"","lastModifiedDate":"2021-08-27"},{"lineNumber":23,"author":{"gitId":"l-shihao"},"content":"    // add new keyword - command pair to the Map","lastModifiedDate":"2021-09-08"},{"lineNumber":24,"author":{"gitId":"l-shihao"},"content":"    private void config() {","lastModifiedDate":"2021-08-27"},{"lineNumber":25,"author":{"gitId":"l-shihao"},"content":"        add(\"todo\", new TodoCreationCmd(list));","lastModifiedDate":"2021-08-27"},{"lineNumber":26,"author":{"gitId":"l-shihao"},"content":"        add(\"event\", new EventCreationCmd(list));","lastModifiedDate":"2021-08-27"},{"lineNumber":27,"author":{"gitId":"l-shihao"},"content":"        add(\"deadline\", new DLCreationCmd(list));","lastModifiedDate":"2021-08-27"},{"lineNumber":28,"author":{"gitId":"l-shihao"},"content":"        add(\"done\", new TaskMarkDoneCmd(list));","lastModifiedDate":"2021-08-27"},{"lineNumber":29,"author":{"gitId":"l-shihao"},"content":"        add(\"cmd\", new AllCommandCmd(this));","lastModifiedDate":"2021-09-08"},{"lineNumber":30,"author":{"gitId":"l-shihao"},"content":"    }","lastModifiedDate":"2021-08-27"},{"lineNumber":31,"author":{"gitId":"l-shihao"},"content":"","lastModifiedDate":"2021-08-27"},{"lineNumber":32,"author":{"gitId":"l-shihao"},"content":"    public Command get(String key)  {","lastModifiedDate":"2021-08-27"},{"lineNumber":33,"author":{"gitId":"l-shihao"},"content":"        return commands.get(key);","lastModifiedDate":"2021-08-27"},{"lineNumber":34,"author":{"gitId":"l-shihao"},"content":"    }","lastModifiedDate":"2021-08-27"},{"lineNumber":35,"author":{"gitId":"l-shihao"},"content":"","lastModifiedDate":"2021-08-27"},{"lineNumber":36,"author":{"gitId":"l-shihao"},"content":"    public void add(String key, Command value) {","lastModifiedDate":"2021-08-27"},{"lineNumber":37,"author":{"gitId":"l-shihao"},"content":"        commands.put(key, value);","lastModifiedDate":"2021-08-27"},{"lineNumber":38,"author":{"gitId":"l-shihao"},"content":"    }","lastModifiedDate":"2021-08-27"},{"lineNumber":39,"author":{"gitId":"l-shihao"},"content":"","lastModifiedDate":"2021-08-27"},{"lineNumber":40,"author":{"gitId":"l-shihao"},"content":"    public boolean containsKey(String key) {","lastModifiedDate":"2021-09-03"},{"lineNumber":41,"author":{"gitId":"l-shihao"},"content":"        return commands.containsKey(key);","lastModifiedDate":"2021-09-03"},{"lineNumber":42,"author":{"gitId":"l-shihao"},"content":"    }","lastModifiedDate":"2021-09-03"},{"lineNumber":43,"author":{"gitId":"l-shihao"},"content":"","lastModifiedDate":"2021-08-27"},{"lineNumber":44,"author":{"gitId":"l-shihao"},"content":"    public void print() {","lastModifiedDate":"2021-09-08"},{"lineNumber":45,"author":{"gitId":"l-shihao"},"content":"        for (String key : commands.keySet()) {","lastModifiedDate":"2021-09-08"},{"lineNumber":46,"author":{"gitId":"l-shihao"},"content":"            Message.echo(key);","lastModifiedDate":"2021-09-08"},{"lineNumber":47,"author":{"gitId":"l-shihao"},"content":"        }","lastModifiedDate":"2021-09-08"},{"lineNumber":48,"author":{"gitId":"l-shihao"},"content":"    }","lastModifiedDate":"2021-09-08"},{"lineNumber":49,"author":{"gitId":"l-shihao"},"content":"","lastModifiedDate":"2021-09-08"},{"lineNumber":50,"author":{"gitId":"l-shihao"},"content":"    @Override","lastModifiedDate":"2021-09-08"},{"lineNumber":51,"author":{"gitId":"l-shihao"},"content":"    public Iterator iterator() {","lastModifiedDate":"2021-09-08"},{"lineNumber":52,"author":{"gitId":"l-shihao"},"content":"        return commands.keySet().iterator();","lastModifiedDate":"2021-09-08"},{"lineNumber":53,"author":{"gitId":"l-shihao"},"content":"    }","lastModifiedDate":"2021-09-08"},{"lineNumber":54,"author":{"gitId":"l-shihao"},"content":"}","lastModifiedDate":"2021-08-27"}],"authorContributionMap":{"l-shihao":54}},{"path":"src/main/java/duke/command/DLCreationCmd.java","fileType":"java","lines":[{"lineNumber":1,"author":{"gitId":"l-shihao"},"content":"package duke.command;","lastModifiedDate":"2021-08-27"},{"lineNumber":2,"author":{"gitId":"l-shihao"},"content":"","lastModifiedDate":"2021-08-27"},{"lineNumber":3,"author":{"gitId":"l-shihao"},"content":"import duke.exception.NoDateException;","lastModifiedDate":"2021-09-03"},{"lineNumber":4,"author":{"gitId":"l-shihao"},"content":"import duke.exception.NumArgsException;","lastModifiedDate":"2021-09-03"},{"lineNumber":5,"author":{"gitId":"l-shihao"},"content":"import duke.parse.StringParser;","lastModifiedDate":"2021-09-03"},{"lineNumber":6,"author":{"gitId":"l-shihao"},"content":"import duke.storage.TempTaskList;","lastModifiedDate":"2021-08-27"},{"lineNumber":7,"author":{"gitId":"l-shihao"},"content":"import duke.task.Task;","lastModifiedDate":"2021-08-27"},{"lineNumber":8,"author":{"gitId":"l-shihao"},"content":"import duke.task.Deadline;","lastModifiedDate":"2021-08-27"},{"lineNumber":9,"author":{"gitId":"l-shihao"},"content":"import duke.ui.Message;","lastModifiedDate":"2021-09-03"},{"lineNumber":10,"author":{"gitId":"l-shihao"},"content":"","lastModifiedDate":"2021-08-27"},{"lineNumber":11,"author":{"gitId":"l-shihao"},"content":"public class DLCreationCmd implements UndoableCommand{","lastModifiedDate":"2021-08-27"},{"lineNumber":12,"author":{"gitId":"l-shihao"},"content":"    // Task is a Receiver Class in this Command","lastModifiedDate":"2021-08-27"},{"lineNumber":13,"author":{"gitId":"l-shihao"},"content":"    private TempTaskList list;","lastModifiedDate":"2021-08-27"},{"lineNumber":14,"author":{"gitId":"l-shihao"},"content":"    private Task task;","lastModifiedDate":"2021-08-27"},{"lineNumber":15,"author":{"gitId":"l-shihao"},"content":"","lastModifiedDate":"2021-08-27"},{"lineNumber":16,"author":{"gitId":"l-shihao"},"content":"    public DLCreationCmd( TempTaskList list) {","lastModifiedDate":"2021-08-27"},{"lineNumber":17,"author":{"gitId":"l-shihao"},"content":"        this.list \u003d list;","lastModifiedDate":"2021-08-27"},{"lineNumber":18,"author":{"gitId":"l-shihao"},"content":"    }","lastModifiedDate":"2021-08-27"},{"lineNumber":19,"author":{"gitId":"l-shihao"},"content":"","lastModifiedDate":"2021-08-27"},{"lineNumber":20,"author":{"gitId":"l-shihao"},"content":"    @Override","lastModifiedDate":"2021-08-27"},{"lineNumber":21,"author":{"gitId":"l-shihao"},"content":"    public void run(String[] args) {","lastModifiedDate":"2021-08-27"},{"lineNumber":22,"author":{"gitId":"l-shihao"},"content":"        String arg \u003d StringParser.join(args);","lastModifiedDate":"2021-09-03"},{"lineNumber":23,"author":{"gitId":"l-shihao"},"content":"","lastModifiedDate":"2021-09-03"},{"lineNumber":24,"author":{"gitId":"l-shihao"},"content":"        String[] parts \u003d arg.split(\"/by\");","lastModifiedDate":"2021-09-03"},{"lineNumber":25,"author":{"gitId":"l-shihao"},"content":"","lastModifiedDate":"2021-09-03"},{"lineNumber":26,"author":{"gitId":"l-shihao"},"content":"        if(args.length \u003d\u003d 0 || args.length \u003d\u003d 1) {","lastModifiedDate":"2021-09-03"},{"lineNumber":27,"author":{"gitId":"l-shihao"},"content":"            try {","lastModifiedDate":"2021-09-03"},{"lineNumber":28,"author":{"gitId":"l-shihao"},"content":"                throw new NumArgsException();","lastModifiedDate":"2021-09-03"},{"lineNumber":29,"author":{"gitId":"l-shihao"},"content":"            } catch (NumArgsException e) {","lastModifiedDate":"2021-09-03"},{"lineNumber":30,"author":{"gitId":"l-shihao"},"content":"                Message.echo(e.getMessage());","lastModifiedDate":"2021-09-03"},{"lineNumber":31,"author":{"gitId":"l-shihao"},"content":"            }","lastModifiedDate":"2021-08-27"},{"lineNumber":32,"author":{"gitId":"l-shihao"},"content":"        } else if (parts.length !\u003d 2) {","lastModifiedDate":"2021-09-03"},{"lineNumber":33,"author":{"gitId":"l-shihao"},"content":"            try {","lastModifiedDate":"2021-09-03"},{"lineNumber":34,"author":{"gitId":"l-shihao"},"content":"                throw new NoDateException();","lastModifiedDate":"2021-09-03"},{"lineNumber":35,"author":{"gitId":"l-shihao"},"content":"            } catch (NoDateException e) {","lastModifiedDate":"2021-09-03"},{"lineNumber":36,"author":{"gitId":"l-shihao"},"content":"                Message.echo(e.getMessage());","lastModifiedDate":"2021-09-03"},{"lineNumber":37,"author":{"gitId":"l-shihao"},"content":"            }","lastModifiedDate":"2021-09-03"},{"lineNumber":38,"author":{"gitId":"l-shihao"},"content":"        } else {","lastModifiedDate":"2021-09-03"},{"lineNumber":39,"author":{"gitId":"l-shihao"},"content":"            list.add(new Deadline(parts[0], parts[1]));","lastModifiedDate":"2021-08-27"},{"lineNumber":40,"author":{"gitId":"l-shihao"},"content":"        }","lastModifiedDate":"2021-08-27"},{"lineNumber":41,"author":{"gitId":"l-shihao"},"content":"    }","lastModifiedDate":"2021-09-03"},{"lineNumber":42,"author":{"gitId":"l-shihao"},"content":"","lastModifiedDate":"2021-08-27"},{"lineNumber":43,"author":{"gitId":"l-shihao"},"content":"    @Override","lastModifiedDate":"2021-08-27"},{"lineNumber":44,"author":{"gitId":"l-shihao"},"content":"    public void undo() {","lastModifiedDate":"2021-08-27"},{"lineNumber":45,"author":{"gitId":"l-shihao"},"content":"        task.markUnDone();","lastModifiedDate":"2021-08-27"},{"lineNumber":46,"author":{"gitId":"l-shihao"},"content":"    }","lastModifiedDate":"2021-08-27"},{"lineNumber":47,"author":{"gitId":"l-shihao"},"content":"","lastModifiedDate":"2021-08-27"},{"lineNumber":48,"author":{"gitId":"l-shihao"},"content":"    @Override","lastModifiedDate":"2021-08-27"},{"lineNumber":49,"author":{"gitId":"l-shihao"},"content":"    public void redo() {","lastModifiedDate":"2021-08-27"},{"lineNumber":50,"author":{"gitId":"l-shihao"},"content":"","lastModifiedDate":"2021-08-27"},{"lineNumber":51,"author":{"gitId":"l-shihao"},"content":"    }","lastModifiedDate":"2021-08-27"},{"lineNumber":52,"author":{"gitId":"l-shihao"},"content":"}","lastModifiedDate":"2021-08-27"}],"authorContributionMap":{"l-shihao":52}},{"path":"src/main/java/duke/command/EventCreationCmd.java","fileType":"java","lines":[{"lineNumber":1,"author":{"gitId":"l-shihao"},"content":"package duke.command;","lastModifiedDate":"2021-08-27"},{"lineNumber":2,"author":{"gitId":"l-shihao"},"content":"","lastModifiedDate":"2021-08-27"},{"lineNumber":3,"author":{"gitId":"l-shihao"},"content":"import duke.exception.NoDateException;","lastModifiedDate":"2021-09-03"},{"lineNumber":4,"author":{"gitId":"l-shihao"},"content":"import duke.exception.NumArgsException;","lastModifiedDate":"2021-09-03"},{"lineNumber":5,"author":{"gitId":"l-shihao"},"content":"import duke.parse.StringParser;","lastModifiedDate":"2021-09-03"},{"lineNumber":6,"author":{"gitId":"l-shihao"},"content":"import duke.storage.TempTaskList;","lastModifiedDate":"2021-08-27"},{"lineNumber":7,"author":{"gitId":"l-shihao"},"content":"import duke.task.Task;","lastModifiedDate":"2021-08-27"},{"lineNumber":8,"author":{"gitId":"l-shihao"},"content":"import duke.task.Event;","lastModifiedDate":"2021-08-27"},{"lineNumber":9,"author":{"gitId":"l-shihao"},"content":"import duke.ui.Message;","lastModifiedDate":"2021-09-03"},{"lineNumber":10,"author":{"gitId":"l-shihao"},"content":"","lastModifiedDate":"2021-09-03"},{"lineNumber":11,"author":{"gitId":"l-shihao"},"content":"public class EventCreationCmd implements UndoableCommand{","lastModifiedDate":"2021-08-27"},{"lineNumber":12,"author":{"gitId":"l-shihao"},"content":"    // Task is a Receiver Class in this Command","lastModifiedDate":"2021-08-27"},{"lineNumber":13,"author":{"gitId":"l-shihao"},"content":"    private TempTaskList list;","lastModifiedDate":"2021-08-27"},{"lineNumber":14,"author":{"gitId":"l-shihao"},"content":"    private Task task;","lastModifiedDate":"2021-08-27"},{"lineNumber":15,"author":{"gitId":"l-shihao"},"content":"","lastModifiedDate":"2021-08-27"},{"lineNumber":16,"author":{"gitId":"l-shihao"},"content":"    public EventCreationCmd( TempTaskList list) {","lastModifiedDate":"2021-08-27"},{"lineNumber":17,"author":{"gitId":"l-shihao"},"content":"        this.list \u003d list;","lastModifiedDate":"2021-08-27"},{"lineNumber":18,"author":{"gitId":"l-shihao"},"content":"    }","lastModifiedDate":"2021-08-27"},{"lineNumber":19,"author":{"gitId":"l-shihao"},"content":"","lastModifiedDate":"2021-08-27"},{"lineNumber":20,"author":{"gitId":"l-shihao"},"content":"    @Override","lastModifiedDate":"2021-08-27"},{"lineNumber":21,"author":{"gitId":"l-shihao"},"content":"    public void run(String[] args) {","lastModifiedDate":"2021-08-27"},{"lineNumber":22,"author":{"gitId":"l-shihao"},"content":"        String arg \u003d StringParser.join(args);","lastModifiedDate":"2021-09-03"},{"lineNumber":23,"author":{"gitId":"l-shihao"},"content":"","lastModifiedDate":"2021-08-27"},{"lineNumber":24,"author":{"gitId":"l-shihao"},"content":"        String[] parts \u003d arg.split(\"/at\");","lastModifiedDate":"2021-09-03"},{"lineNumber":25,"author":{"gitId":"l-shihao"},"content":"","lastModifiedDate":"2021-08-27"},{"lineNumber":26,"author":{"gitId":"l-shihao"},"content":"        if(args.length \u003d\u003d 0 || args.length \u003d\u003d 1) {","lastModifiedDate":"2021-09-03"},{"lineNumber":27,"author":{"gitId":"l-shihao"},"content":"            try {","lastModifiedDate":"2021-09-03"},{"lineNumber":28,"author":{"gitId":"l-shihao"},"content":"                throw new NumArgsException();","lastModifiedDate":"2021-09-03"},{"lineNumber":29,"author":{"gitId":"l-shihao"},"content":"            } catch (NumArgsException e) {","lastModifiedDate":"2021-09-03"},{"lineNumber":30,"author":{"gitId":"l-shihao"},"content":"                Message.echo(e.getMessage());","lastModifiedDate":"2021-09-03"},{"lineNumber":31,"author":{"gitId":"l-shihao"},"content":"            }","lastModifiedDate":"2021-09-03"},{"lineNumber":32,"author":{"gitId":"l-shihao"},"content":"        } else if (parts.length !\u003d 2) {","lastModifiedDate":"2021-09-03"},{"lineNumber":33,"author":{"gitId":"l-shihao"},"content":"            try {","lastModifiedDate":"2021-09-03"},{"lineNumber":34,"author":{"gitId":"l-shihao"},"content":"                throw new NoDateException();","lastModifiedDate":"2021-09-03"},{"lineNumber":35,"author":{"gitId":"l-shihao"},"content":"            } catch (NoDateException e) {","lastModifiedDate":"2021-09-03"},{"lineNumber":36,"author":{"gitId":"l-shihao"},"content":"                Message.echo(e.getMessage());","lastModifiedDate":"2021-09-03"},{"lineNumber":37,"author":{"gitId":"l-shihao"},"content":"            }","lastModifiedDate":"2021-09-03"},{"lineNumber":38,"author":{"gitId":"l-shihao"},"content":"        } else {","lastModifiedDate":"2021-09-03"},{"lineNumber":39,"author":{"gitId":"l-shihao"},"content":"            list.add(new Event(parts[0], parts[1]));","lastModifiedDate":"2021-08-27"},{"lineNumber":40,"author":{"gitId":"l-shihao"},"content":"        }","lastModifiedDate":"2021-08-27"},{"lineNumber":41,"author":{"gitId":"l-shihao"},"content":"    }","lastModifiedDate":"2021-09-03"},{"lineNumber":42,"author":{"gitId":"l-shihao"},"content":"","lastModifiedDate":"2021-08-27"},{"lineNumber":43,"author":{"gitId":"l-shihao"},"content":"    @Override","lastModifiedDate":"2021-08-27"},{"lineNumber":44,"author":{"gitId":"l-shihao"},"content":"    public void undo() {","lastModifiedDate":"2021-08-27"},{"lineNumber":45,"author":{"gitId":"l-shihao"},"content":"        task.markUnDone();","lastModifiedDate":"2021-08-27"},{"lineNumber":46,"author":{"gitId":"l-shihao"},"content":"    }","lastModifiedDate":"2021-08-27"},{"lineNumber":47,"author":{"gitId":"l-shihao"},"content":"","lastModifiedDate":"2021-08-27"},{"lineNumber":48,"author":{"gitId":"l-shihao"},"content":"    @Override","lastModifiedDate":"2021-08-27"},{"lineNumber":49,"author":{"gitId":"l-shihao"},"content":"    public void redo() {","lastModifiedDate":"2021-08-27"},{"lineNumber":50,"author":{"gitId":"l-shihao"},"content":"","lastModifiedDate":"2021-08-27"},{"lineNumber":51,"author":{"gitId":"l-shihao"},"content":"    }","lastModifiedDate":"2021-08-27"},{"lineNumber":52,"author":{"gitId":"l-shihao"},"content":"}","lastModifiedDate":"2021-08-27"}],"authorContributionMap":{"l-shihao":52}},{"path":"src/main/java/duke/command/TaskMarkDoneCmd.java","fileType":"java","lines":[{"lineNumber":1,"author":{"gitId":"l-shihao"},"content":"package duke.command;","lastModifiedDate":"2021-08-27"},{"lineNumber":2,"author":{"gitId":"l-shihao"},"content":"","lastModifiedDate":"2021-08-27"},{"lineNumber":3,"author":{"gitId":"l-shihao"},"content":"import duke.storage.TempTaskList;","lastModifiedDate":"2021-08-27"},{"lineNumber":4,"author":{"gitId":"l-shihao"},"content":"import duke.task.Task;","lastModifiedDate":"2021-08-27"},{"lineNumber":5,"author":{"gitId":"l-shihao"},"content":"import duke.ui.Message;","lastModifiedDate":"2021-09-03"},{"lineNumber":6,"author":{"gitId":"l-shihao"},"content":"","lastModifiedDate":"2021-08-27"},{"lineNumber":7,"author":{"gitId":"l-shihao"},"content":"/**","lastModifiedDate":"2021-08-27"},{"lineNumber":8,"author":{"gitId":"l-shihao"},"content":" * A Concrete Command in Command Pattern","lastModifiedDate":"2021-08-27"},{"lineNumber":9,"author":{"gitId":"l-shihao"},"content":" */","lastModifiedDate":"2021-08-27"},{"lineNumber":10,"author":{"gitId":"l-shihao"},"content":"public class TaskMarkDoneCmd implements UndoableCommand {","lastModifiedDate":"2021-08-27"},{"lineNumber":11,"author":{"gitId":"l-shihao"},"content":"    // Task is a Receiver Class in this Command","lastModifiedDate":"2021-08-27"},{"lineNumber":12,"author":{"gitId":"l-shihao"},"content":"    private TempTaskList list;","lastModifiedDate":"2021-08-27"},{"lineNumber":13,"author":{"gitId":"l-shihao"},"content":"    private Task task;","lastModifiedDate":"2021-08-27"},{"lineNumber":14,"author":{"gitId":"l-shihao"},"content":"","lastModifiedDate":"2021-08-27"},{"lineNumber":15,"author":{"gitId":"l-shihao"},"content":"    public TaskMarkDoneCmd( TempTaskList list) {","lastModifiedDate":"2021-08-27"},{"lineNumber":16,"author":{"gitId":"l-shihao"},"content":"        this.list \u003d list;","lastModifiedDate":"2021-08-27"},{"lineNumber":17,"author":{"gitId":"l-shihao"},"content":"    }","lastModifiedDate":"2021-08-27"},{"lineNumber":18,"author":{"gitId":"l-shihao"},"content":"","lastModifiedDate":"2021-08-27"},{"lineNumber":19,"author":{"gitId":"l-shihao"},"content":"    @Override","lastModifiedDate":"2021-08-27"},{"lineNumber":20,"author":{"gitId":"l-shihao"},"content":"    public void run(String[] args) {","lastModifiedDate":"2021-08-27"},{"lineNumber":21,"author":{"gitId":"l-shihao"},"content":"       // list.stream().filter(e -\u003e e)","lastModifiedDate":"2021-08-27"},{"lineNumber":22,"author":{"gitId":"l-shihao"},"content":"        for (String arg : args) {","lastModifiedDate":"2021-09-03"},{"lineNumber":23,"author":{"gitId":"l-shihao"},"content":"            try {","lastModifiedDate":"2021-09-03"},{"lineNumber":24,"author":{"gitId":"l-shihao"},"content":"                task \u003d (Task) list.get(Integer.parseInt(arg) - 1);","lastModifiedDate":"2021-09-03"},{"lineNumber":25,"author":{"gitId":"l-shihao"},"content":"                task.markDone();","lastModifiedDate":"2021-08-27"},{"lineNumber":26,"author":{"gitId":"l-shihao"},"content":"            } catch (Exception e) {","lastModifiedDate":"2021-09-03"},{"lineNumber":27,"author":{"gitId":"l-shihao"},"content":"                Message.echo(Message.exceptionInvalidArgs());","lastModifiedDate":"2021-09-03"},{"lineNumber":28,"author":{"gitId":"l-shihao"},"content":"            }","lastModifiedDate":"2021-09-03"},{"lineNumber":29,"author":{"gitId":"l-shihao"},"content":"        }","lastModifiedDate":"2021-09-03"},{"lineNumber":30,"author":{"gitId":"l-shihao"},"content":"    }","lastModifiedDate":"2021-08-27"},{"lineNumber":31,"author":{"gitId":"l-shihao"},"content":"","lastModifiedDate":"2021-08-27"},{"lineNumber":32,"author":{"gitId":"l-shihao"},"content":"    @Override","lastModifiedDate":"2021-08-27"},{"lineNumber":33,"author":{"gitId":"l-shihao"},"content":"    public void undo() {","lastModifiedDate":"2021-08-27"},{"lineNumber":34,"author":{"gitId":"l-shihao"},"content":"        task.markUnDone();","lastModifiedDate":"2021-08-27"},{"lineNumber":35,"author":{"gitId":"l-shihao"},"content":"    }","lastModifiedDate":"2021-08-27"},{"lineNumber":36,"author":{"gitId":"l-shihao"},"content":"","lastModifiedDate":"2021-08-27"},{"lineNumber":37,"author":{"gitId":"l-shihao"},"content":"    @Override","lastModifiedDate":"2021-08-27"},{"lineNumber":38,"author":{"gitId":"l-shihao"},"content":"    public void redo() {","lastModifiedDate":"2021-08-27"},{"lineNumber":39,"author":{"gitId":"l-shihao"},"content":"","lastModifiedDate":"2021-08-27"},{"lineNumber":40,"author":{"gitId":"l-shihao"},"content":"    }","lastModifiedDate":"2021-08-27"},{"lineNumber":41,"author":{"gitId":"l-shihao"},"content":"}","lastModifiedDate":"2021-08-27"}],"authorContributionMap":{"l-shihao":41}},{"path":"src/main/java/duke/command/TodoCreationCmd.java","fileType":"java","lines":[{"lineNumber":1,"author":{"gitId":"l-shihao"},"content":"package duke.command;","lastModifiedDate":"2021-08-27"},{"lineNumber":2,"author":{"gitId":"l-shihao"},"content":"","lastModifiedDate":"2021-08-27"},{"lineNumber":3,"author":{"gitId":"l-shihao"},"content":"import duke.exception.NumArgsException;","lastModifiedDate":"2021-09-03"},{"lineNumber":4,"author":{"gitId":"l-shihao"},"content":"import duke.parse.StringParser;","lastModifiedDate":"2021-09-03"},{"lineNumber":5,"author":{"gitId":"l-shihao"},"content":"import duke.storage.TempTaskList;","lastModifiedDate":"2021-08-27"},{"lineNumber":6,"author":{"gitId":"l-shihao"},"content":"import duke.task.Task;","lastModifiedDate":"2021-09-08"},{"lineNumber":7,"author":{"gitId":"l-shihao"},"content":"import duke.task.Todo;","lastModifiedDate":"2021-09-08"},{"lineNumber":8,"author":{"gitId":"l-shihao"},"content":"import duke.ui.Message;","lastModifiedDate":"2021-09-03"},{"lineNumber":9,"author":{"gitId":"l-shihao"},"content":"","lastModifiedDate":"2021-08-27"},{"lineNumber":10,"author":{"gitId":"l-shihao"},"content":"public class TodoCreationCmd implements UndoableCommand{","lastModifiedDate":"2021-08-27"},{"lineNumber":11,"author":{"gitId":"l-shihao"},"content":"    // Task is a Receiver Class in this Command","lastModifiedDate":"2021-08-27"},{"lineNumber":12,"author":{"gitId":"l-shihao"},"content":"    private TempTaskList list;","lastModifiedDate":"2021-08-27"},{"lineNumber":13,"author":{"gitId":"l-shihao"},"content":"    private Task task;","lastModifiedDate":"2021-08-27"},{"lineNumber":14,"author":{"gitId":"l-shihao"},"content":"","lastModifiedDate":"2021-08-27"},{"lineNumber":15,"author":{"gitId":"l-shihao"},"content":"    public TodoCreationCmd( TempTaskList list) {","lastModifiedDate":"2021-08-27"},{"lineNumber":16,"author":{"gitId":"l-shihao"},"content":"        this.list \u003d list;","lastModifiedDate":"2021-08-27"},{"lineNumber":17,"author":{"gitId":"l-shihao"},"content":"    }","lastModifiedDate":"2021-08-27"},{"lineNumber":18,"author":{"gitId":"l-shihao"},"content":"","lastModifiedDate":"2021-08-27"},{"lineNumber":19,"author":{"gitId":"l-shihao"},"content":"    @Override","lastModifiedDate":"2021-08-27"},{"lineNumber":20,"author":{"gitId":"l-shihao"},"content":"    public void run(String[] args) {","lastModifiedDate":"2021-08-27"},{"lineNumber":21,"author":{"gitId":"l-shihao"},"content":"        String arg \u003d StringParser.join(args);","lastModifiedDate":"2021-09-03"},{"lineNumber":22,"author":{"gitId":"l-shihao"},"content":"        if(args.length \u003d\u003d 0) {","lastModifiedDate":"2021-09-03"},{"lineNumber":23,"author":{"gitId":"l-shihao"},"content":"            try {","lastModifiedDate":"2021-09-03"},{"lineNumber":24,"author":{"gitId":"l-shihao"},"content":"                throw new NumArgsException();","lastModifiedDate":"2021-09-03"},{"lineNumber":25,"author":{"gitId":"l-shihao"},"content":"            } catch (NumArgsException e) {","lastModifiedDate":"2021-09-03"},{"lineNumber":26,"author":{"gitId":"l-shihao"},"content":"                Message.echo(e.getMessage());","lastModifiedDate":"2021-09-03"},{"lineNumber":27,"author":{"gitId":"l-shihao"},"content":"            }","lastModifiedDate":"2021-09-03"},{"lineNumber":28,"author":{"gitId":"l-shihao"},"content":"        } else {","lastModifiedDate":"2021-09-03"},{"lineNumber":29,"author":{"gitId":"l-shihao"},"content":"            list.add(new Todo(arg));","lastModifiedDate":"2021-09-03"},{"lineNumber":30,"author":{"gitId":"l-shihao"},"content":"        }","lastModifiedDate":"2021-09-03"},{"lineNumber":31,"author":{"gitId":"l-shihao"},"content":"    }","lastModifiedDate":"2021-08-27"},{"lineNumber":32,"author":{"gitId":"l-shihao"},"content":"","lastModifiedDate":"2021-08-27"},{"lineNumber":33,"author":{"gitId":"l-shihao"},"content":"    @Override","lastModifiedDate":"2021-08-27"},{"lineNumber":34,"author":{"gitId":"l-shihao"},"content":"    public void undo() {","lastModifiedDate":"2021-08-27"},{"lineNumber":35,"author":{"gitId":"l-shihao"},"content":"        task.markUnDone();","lastModifiedDate":"2021-08-27"},{"lineNumber":36,"author":{"gitId":"l-shihao"},"content":"    }","lastModifiedDate":"2021-08-27"},{"lineNumber":37,"author":{"gitId":"l-shihao"},"content":"","lastModifiedDate":"2021-08-27"},{"lineNumber":38,"author":{"gitId":"l-shihao"},"content":"    @Override","lastModifiedDate":"2021-08-27"},{"lineNumber":39,"author":{"gitId":"l-shihao"},"content":"    public void redo() {","lastModifiedDate":"2021-08-27"},{"lineNumber":40,"author":{"gitId":"l-shihao"},"content":"","lastModifiedDate":"2021-08-27"},{"lineNumber":41,"author":{"gitId":"l-shihao"},"content":"    }","lastModifiedDate":"2021-08-27"},{"lineNumber":42,"author":{"gitId":"l-shihao"},"content":"}","lastModifiedDate":"2021-08-27"}],"authorContributionMap":{"l-shihao":42}},{"path":"src/main/java/duke/command/UndoableCommand.java","fileType":"java","lines":[{"lineNumber":1,"author":{"gitId":"l-shihao"},"content":"package duke.command;","lastModifiedDate":"2021-08-27"},{"lineNumber":2,"author":{"gitId":"l-shihao"},"content":"","lastModifiedDate":"2021-08-27"},{"lineNumber":3,"author":{"gitId":"l-shihao"},"content":"public interface UndoableCommand extends Command {","lastModifiedDate":"2021-08-27"},{"lineNumber":4,"author":{"gitId":"l-shihao"},"content":"    void undo();","lastModifiedDate":"2021-08-27"},{"lineNumber":5,"author":{"gitId":"l-shihao"},"content":"    void redo();","lastModifiedDate":"2021-08-27"},{"lineNumber":6,"author":{"gitId":"l-shihao"},"content":"}","lastModifiedDate":"2021-08-27"}],"authorContributionMap":{"l-shihao":6}},{"path":"src/main/java/duke/exception/DukeException.java","fileType":"java","lines":[{"lineNumber":1,"author":{"gitId":"l-shihao"},"content":"package duke.exception;","lastModifiedDate":"2021-09-03"},{"lineNumber":2,"author":{"gitId":"l-shihao"},"content":"","lastModifiedDate":"2021-09-03"},{"lineNumber":3,"author":{"gitId":"l-shihao"},"content":"public abstract class DukeException extends Exception {","lastModifiedDate":"2021-09-03"},{"lineNumber":4,"author":{"gitId":"l-shihao"},"content":"}","lastModifiedDate":"2021-09-03"}],"authorContributionMap":{"l-shihao":4}},{"path":"src/main/java/duke/exception/InvalidArgsException.java","fileType":"java","lines":[{"lineNumber":1,"author":{"gitId":"l-shihao"},"content":"package duke.exception;","lastModifiedDate":"2021-09-03"},{"lineNumber":2,"author":{"gitId":"l-shihao"},"content":"","lastModifiedDate":"2021-09-03"},{"lineNumber":3,"author":{"gitId":"l-shihao"},"content":"import duke.ui.Message;","lastModifiedDate":"2021-09-03"},{"lineNumber":4,"author":{"gitId":"l-shihao"},"content":"","lastModifiedDate":"2021-09-03"},{"lineNumber":5,"author":{"gitId":"l-shihao"},"content":"public class InvalidArgsException extends DukeException {","lastModifiedDate":"2021-09-03"},{"lineNumber":6,"author":{"gitId":"l-shihao"},"content":"    public InvalidArgsException() {super();}","lastModifiedDate":"2021-09-03"},{"lineNumber":7,"author":{"gitId":"l-shihao"},"content":"","lastModifiedDate":"2021-09-03"},{"lineNumber":8,"author":{"gitId":"l-shihao"},"content":"    @Override","lastModifiedDate":"2021-09-03"},{"lineNumber":9,"author":{"gitId":"l-shihao"},"content":"    public String getMessage() {","lastModifiedDate":"2021-09-03"},{"lineNumber":10,"author":{"gitId":"l-shihao"},"content":"        return Message.exceptionInvalidArgs();","lastModifiedDate":"2021-09-03"},{"lineNumber":11,"author":{"gitId":"l-shihao"},"content":"    }","lastModifiedDate":"2021-09-03"},{"lineNumber":12,"author":{"gitId":"l-shihao"},"content":"}","lastModifiedDate":"2021-09-03"}],"authorContributionMap":{"l-shihao":12}},{"path":"src/main/java/duke/exception/NoDateException.java","fileType":"java","lines":[{"lineNumber":1,"author":{"gitId":"l-shihao"},"content":"package duke.exception;","lastModifiedDate":"2021-09-03"},{"lineNumber":2,"author":{"gitId":"l-shihao"},"content":"","lastModifiedDate":"2021-09-03"},{"lineNumber":3,"author":{"gitId":"l-shihao"},"content":"import duke.ui.Message;","lastModifiedDate":"2021-09-03"},{"lineNumber":4,"author":{"gitId":"l-shihao"},"content":"","lastModifiedDate":"2021-09-03"},{"lineNumber":5,"author":{"gitId":"l-shihao"},"content":"public class NoDateException extends DukeException {","lastModifiedDate":"2021-09-03"},{"lineNumber":6,"author":{"gitId":"l-shihao"},"content":"    public NoDateException() {super();}","lastModifiedDate":"2021-09-03"},{"lineNumber":7,"author":{"gitId":"l-shihao"},"content":"","lastModifiedDate":"2021-09-03"},{"lineNumber":8,"author":{"gitId":"l-shihao"},"content":"    @Override","lastModifiedDate":"2021-09-03"},{"lineNumber":9,"author":{"gitId":"l-shihao"},"content":"    public String getMessage() {","lastModifiedDate":"2021-09-03"},{"lineNumber":10,"author":{"gitId":"l-shihao"},"content":"        return Message.exceptionNoDate();","lastModifiedDate":"2021-09-03"},{"lineNumber":11,"author":{"gitId":"l-shihao"},"content":"    }","lastModifiedDate":"2021-09-03"},{"lineNumber":12,"author":{"gitId":"l-shihao"},"content":"}","lastModifiedDate":"2021-09-03"}],"authorContributionMap":{"l-shihao":12}},{"path":"src/main/java/duke/exception/NumArgsException.java","fileType":"java","lines":[{"lineNumber":1,"author":{"gitId":"l-shihao"},"content":"package duke.exception;","lastModifiedDate":"2021-09-03"},{"lineNumber":2,"author":{"gitId":"l-shihao"},"content":"","lastModifiedDate":"2021-09-03"},{"lineNumber":3,"author":{"gitId":"l-shihao"},"content":"import duke.ui.Message;","lastModifiedDate":"2021-09-03"},{"lineNumber":4,"author":{"gitId":"l-shihao"},"content":"","lastModifiedDate":"2021-09-03"},{"lineNumber":5,"author":{"gitId":"l-shihao"},"content":"public class NumArgsException extends DukeException {","lastModifiedDate":"2021-09-03"},{"lineNumber":6,"author":{"gitId":"l-shihao"},"content":"    public NumArgsException() {super();}","lastModifiedDate":"2021-09-03"},{"lineNumber":7,"author":{"gitId":"l-shihao"},"content":"","lastModifiedDate":"2021-09-03"},{"lineNumber":8,"author":{"gitId":"l-shihao"},"content":"    @Override","lastModifiedDate":"2021-09-03"},{"lineNumber":9,"author":{"gitId":"l-shihao"},"content":"    public String getMessage() {","lastModifiedDate":"2021-09-03"},{"lineNumber":10,"author":{"gitId":"l-shihao"},"content":"        return Message.exceptionNumArgs();","lastModifiedDate":"2021-09-03"},{"lineNumber":11,"author":{"gitId":"l-shihao"},"content":"    }","lastModifiedDate":"2021-09-03"},{"lineNumber":12,"author":{"gitId":"l-shihao"},"content":"}","lastModifiedDate":"2021-09-03"}],"authorContributionMap":{"l-shihao":12}},{"path":"src/main/java/duke/exception/UnknownCommandException.java","fileType":"java","lines":[{"lineNumber":1,"author":{"gitId":"l-shihao"},"content":"package duke.exception;","lastModifiedDate":"2021-09-03"},{"lineNumber":2,"author":{"gitId":"l-shihao"},"content":"","lastModifiedDate":"2021-09-03"},{"lineNumber":3,"author":{"gitId":"l-shihao"},"content":"import duke.ui.Message;","lastModifiedDate":"2021-09-03"},{"lineNumber":4,"author":{"gitId":"l-shihao"},"content":"","lastModifiedDate":"2021-09-03"},{"lineNumber":5,"author":{"gitId":"l-shihao"},"content":"public class UnknownCommandException extends DukeException {","lastModifiedDate":"2021-09-03"},{"lineNumber":6,"author":{"gitId":"l-shihao"},"content":"    public UnknownCommandException() {super();}","lastModifiedDate":"2021-09-03"},{"lineNumber":7,"author":{"gitId":"l-shihao"},"content":"","lastModifiedDate":"2021-09-03"},{"lineNumber":8,"author":{"gitId":"l-shihao"},"content":"    @Override","lastModifiedDate":"2021-09-03"},{"lineNumber":9,"author":{"gitId":"l-shihao"},"content":"    public String getMessage() {","lastModifiedDate":"2021-09-03"},{"lineNumber":10,"author":{"gitId":"l-shihao"},"content":"        return Message.exceptionUnknownCommand();","lastModifiedDate":"2021-09-03"},{"lineNumber":11,"author":{"gitId":"l-shihao"},"content":"    }","lastModifiedDate":"2021-09-03"},{"lineNumber":12,"author":{"gitId":"l-shihao"},"content":"}","lastModifiedDate":"2021-09-03"}],"authorContributionMap":{"l-shihao":12}},{"path":"src/main/java/duke/parse/StringParser.java","fileType":"java","lines":[{"lineNumber":1,"author":{"gitId":"l-shihao"},"content":"package duke.parse;","lastModifiedDate":"2021-08-19"},{"lineNumber":2,"author":{"gitId":"l-shihao"},"content":"","lastModifiedDate":"2021-08-19"},{"lineNumber":3,"author":{"gitId":"l-shihao"},"content":"import java.beans.PropertyChangeListener;","lastModifiedDate":"2021-08-27"},{"lineNumber":4,"author":{"gitId":"l-shihao"},"content":"import java.beans.PropertyChangeSupport;","lastModifiedDate":"2021-08-27"},{"lineNumber":5,"author":{"gitId":"l-shihao"},"content":"","lastModifiedDate":"2021-08-27"},{"lineNumber":6,"author":{"gitId":"l-shihao"},"content":"public class StringParser {","lastModifiedDate":"2021-08-19"},{"lineNumber":7,"author":{"gitId":"l-shihao"},"content":"    private String[] keyArgs;","lastModifiedDate":"2021-08-27"},{"lineNumber":8,"author":{"gitId":"l-shihao"},"content":"    private PropertyChangeSupport support;","lastModifiedDate":"2021-08-27"},{"lineNumber":9,"author":{"gitId":"l-shihao"},"content":"","lastModifiedDate":"2021-08-27"},{"lineNumber":10,"author":{"gitId":"l-shihao"},"content":"    public StringParser() {","lastModifiedDate":"2021-08-27"},{"lineNumber":11,"author":{"gitId":"l-shihao"},"content":"        support \u003d new PropertyChangeSupport(this);","lastModifiedDate":"2021-08-27"},{"lineNumber":12,"author":{"gitId":"l-shihao"},"content":"    }","lastModifiedDate":"2021-08-27"},{"lineNumber":13,"author":{"gitId":"l-shihao"},"content":"","lastModifiedDate":"2021-08-27"},{"lineNumber":14,"author":{"gitId":"l-shihao"},"content":"    public void passToCaller(String line) {","lastModifiedDate":"2021-08-27"},{"lineNumber":15,"author":{"gitId":"l-shihao"},"content":"        keyArgs \u003d line.strip().split(\" \");","lastModifiedDate":"2021-09-03"},{"lineNumber":16,"author":{"gitId":"l-shihao"},"content":"","lastModifiedDate":"2021-08-27"},{"lineNumber":17,"author":{"gitId":"l-shihao"},"content":"        support.firePropertyChange(\"keyArgs\", null, keyArgs);","lastModifiedDate":"2021-08-27"},{"lineNumber":18,"author":{"gitId":"l-shihao"},"content":"    }","lastModifiedDate":"2021-08-27"},{"lineNumber":19,"author":{"gitId":"l-shihao"},"content":"","lastModifiedDate":"2021-08-27"},{"lineNumber":20,"author":{"gitId":"l-shihao"},"content":"","lastModifiedDate":"2021-08-27"},{"lineNumber":21,"author":{"gitId":"l-shihao"},"content":"    public static String[] removeFirst(String[] xxs) {","lastModifiedDate":"2021-08-27"},{"lineNumber":22,"author":{"gitId":"l-shihao"},"content":"        String[] xs \u003d new String[xxs.length - 1];","lastModifiedDate":"2021-08-27"},{"lineNumber":23,"author":{"gitId":"l-shihao"},"content":"        for (int i \u003d 1; i \u003c xxs.length; i++) {","lastModifiedDate":"2021-08-27"},{"lineNumber":24,"author":{"gitId":"l-shihao"},"content":"            xs[i - 1] \u003d xxs[i];","lastModifiedDate":"2021-08-27"},{"lineNumber":25,"author":{"gitId":"l-shihao"},"content":"        }","lastModifiedDate":"2021-08-27"},{"lineNumber":26,"author":{"gitId":"l-shihao"},"content":"        return xs;","lastModifiedDate":"2021-08-27"},{"lineNumber":27,"author":{"gitId":"l-shihao"},"content":"    }","lastModifiedDate":"2021-08-27"},{"lineNumber":28,"author":{"gitId":"l-shihao"},"content":"","lastModifiedDate":"2021-08-27"},{"lineNumber":29,"author":{"gitId":"l-shihao"},"content":"    public static String join(String[] args) {","lastModifiedDate":"2021-09-03"},{"lineNumber":30,"author":{"gitId":"l-shihao"},"content":"        String arg \u003d \"\";","lastModifiedDate":"2021-09-03"},{"lineNumber":31,"author":{"gitId":"l-shihao"},"content":"        for (String word : args) {","lastModifiedDate":"2021-09-03"},{"lineNumber":32,"author":{"gitId":"l-shihao"},"content":"            arg +\u003d word + \" \";","lastModifiedDate":"2021-09-03"},{"lineNumber":33,"author":{"gitId":"l-shihao"},"content":"        }","lastModifiedDate":"2021-09-03"},{"lineNumber":34,"author":{"gitId":"l-shihao"},"content":"        return arg.strip();","lastModifiedDate":"2021-09-03"},{"lineNumber":35,"author":{"gitId":"l-shihao"},"content":"    }","lastModifiedDate":"2021-09-03"},{"lineNumber":36,"author":{"gitId":"l-shihao"},"content":"","lastModifiedDate":"2021-09-03"},{"lineNumber":37,"author":{"gitId":"l-shihao"},"content":"    public void addPropertyChangeListener(PropertyChangeListener pcl) {","lastModifiedDate":"2021-08-27"},{"lineNumber":38,"author":{"gitId":"l-shihao"},"content":"        support.addPropertyChangeListener(pcl);","lastModifiedDate":"2021-08-27"},{"lineNumber":39,"author":{"gitId":"l-shihao"},"content":"    }","lastModifiedDate":"2021-08-27"},{"lineNumber":40,"author":{"gitId":"l-shihao"},"content":"","lastModifiedDate":"2021-08-27"},{"lineNumber":41,"author":{"gitId":"l-shihao"},"content":"    public void removePropertyChangeListener(PropertyChangeListener pcl) {","lastModifiedDate":"2021-08-27"},{"lineNumber":42,"author":{"gitId":"l-shihao"},"content":"        support.removePropertyChangeListener(pcl);","lastModifiedDate":"2021-08-27"},{"lineNumber":43,"author":{"gitId":"l-shihao"},"content":"    }","lastModifiedDate":"2021-08-27"},{"lineNumber":44,"author":{"gitId":"l-shihao"},"content":"","lastModifiedDate":"2021-08-19"},{"lineNumber":45,"author":{"gitId":"l-shihao"},"content":"}","lastModifiedDate":"2021-08-19"}],"authorContributionMap":{"l-shihao":45}},{"path":"src/main/java/duke/storage/TempList.java","fileType":"java","lines":[{"lineNumber":1,"author":{"gitId":"l-shihao"},"content":"package duke.storage;","lastModifiedDate":"2021-08-19"},{"lineNumber":2,"author":{"gitId":"l-shihao"},"content":"","lastModifiedDate":"2021-08-19"},{"lineNumber":3,"author":{"gitId":"l-shihao"},"content":"import java.beans.PropertyChangeListener;","lastModifiedDate":"2021-08-19"},{"lineNumber":4,"author":{"gitId":"l-shihao"},"content":"import java.beans.PropertyChangeSupport;","lastModifiedDate":"2021-08-19"},{"lineNumber":5,"author":{"gitId":"l-shihao"},"content":"import java.util.ArrayList;","lastModifiedDate":"2021-08-19"},{"lineNumber":6,"author":{"gitId":"l-shihao"},"content":"import java.util.Iterator;","lastModifiedDate":"2021-08-19"},{"lineNumber":7,"author":{"gitId":"l-shihao"},"content":"import java.util.stream.Stream;","lastModifiedDate":"2021-08-27"},{"lineNumber":8,"author":{"gitId":"l-shihao"},"content":"","lastModifiedDate":"2021-08-19"},{"lineNumber":9,"author":{"gitId":"l-shihao"},"content":"public class TempList\u003cT\u003e implements Iterable\u003cT\u003e{","lastModifiedDate":"2021-08-19"},{"lineNumber":10,"author":{"gitId":"l-shihao"},"content":"    protected ArrayList\u003cT\u003e list;","lastModifiedDate":"2021-08-27"},{"lineNumber":11,"author":{"gitId":"l-shihao"},"content":"    private PropertyChangeSupport support;","lastModifiedDate":"2021-08-19"},{"lineNumber":12,"author":{"gitId":"l-shihao"},"content":"","lastModifiedDate":"2021-08-19"},{"lineNumber":13,"author":{"gitId":"l-shihao"},"content":"    public TempList() {","lastModifiedDate":"2021-08-19"},{"lineNumber":14,"author":{"gitId":"l-shihao"},"content":"        list \u003d new ArrayList\u003cT\u003e();","lastModifiedDate":"2021-08-19"},{"lineNumber":15,"author":{"gitId":"l-shihao"},"content":"        support \u003d new PropertyChangeSupport(this);","lastModifiedDate":"2021-08-19"},{"lineNumber":16,"author":{"gitId":"l-shihao"},"content":"    }","lastModifiedDate":"2021-08-19"},{"lineNumber":17,"author":{"gitId":"l-shihao"},"content":"","lastModifiedDate":"2021-08-19"},{"lineNumber":18,"author":{"gitId":"l-shihao"},"content":"    public void add(T task) {","lastModifiedDate":"2021-08-19"},{"lineNumber":19,"author":{"gitId":"l-shihao"},"content":"        var oldlist \u003d list.clone();","lastModifiedDate":"2021-08-19"},{"lineNumber":20,"author":{"gitId":"l-shihao"},"content":"        list.add(task);","lastModifiedDate":"2021-08-19"},{"lineNumber":21,"author":{"gitId":"l-shihao"},"content":"        support.firePropertyChange(\"list\", oldlist, list);","lastModifiedDate":"2021-08-19"},{"lineNumber":22,"author":{"gitId":"l-shihao"},"content":"    }","lastModifiedDate":"2021-08-19"},{"lineNumber":23,"author":{"gitId":"l-shihao"},"content":"","lastModifiedDate":"2021-08-19"},{"lineNumber":24,"author":{"gitId":"l-shihao"},"content":"","lastModifiedDate":"2021-08-19"},{"lineNumber":25,"author":{"gitId":"l-shihao"},"content":"    public Stream\u003cT\u003e stream() {","lastModifiedDate":"2021-08-27"},{"lineNumber":26,"author":{"gitId":"l-shihao"},"content":"        return list.stream();","lastModifiedDate":"2021-08-27"},{"lineNumber":27,"author":{"gitId":"l-shihao"},"content":"    }","lastModifiedDate":"2021-08-27"},{"lineNumber":28,"author":{"gitId":"l-shihao"},"content":"","lastModifiedDate":"2021-08-19"},{"lineNumber":29,"author":{"gitId":"l-shihao"},"content":"    public T get(int index) {return list.get(index);}","lastModifiedDate":"2021-08-19"},{"lineNumber":30,"author":{"gitId":"l-shihao"},"content":"    public Integer size() {return list.size();}","lastModifiedDate":"2021-08-19"},{"lineNumber":31,"author":{"gitId":"l-shihao"},"content":"","lastModifiedDate":"2021-08-19"},{"lineNumber":32,"author":{"gitId":"l-shihao"},"content":"    public void addPropertyChangeListener(PropertyChangeListener pcl) {","lastModifiedDate":"2021-08-19"},{"lineNumber":33,"author":{"gitId":"l-shihao"},"content":"        support.addPropertyChangeListener(pcl);","lastModifiedDate":"2021-08-19"},{"lineNumber":34,"author":{"gitId":"l-shihao"},"content":"    }","lastModifiedDate":"2021-08-19"},{"lineNumber":35,"author":{"gitId":"l-shihao"},"content":"","lastModifiedDate":"2021-08-19"},{"lineNumber":36,"author":{"gitId":"l-shihao"},"content":"    public void removePropertyChangeListener(PropertyChangeListener pcl) {","lastModifiedDate":"2021-08-19"},{"lineNumber":37,"author":{"gitId":"l-shihao"},"content":"        support.removePropertyChangeListener(pcl);","lastModifiedDate":"2021-08-19"},{"lineNumber":38,"author":{"gitId":"l-shihao"},"content":"    }","lastModifiedDate":"2021-08-19"},{"lineNumber":39,"author":{"gitId":"l-shihao"},"content":"","lastModifiedDate":"2021-08-19"},{"lineNumber":40,"author":{"gitId":"l-shihao"},"content":"    @Override","lastModifiedDate":"2021-08-19"},{"lineNumber":41,"author":{"gitId":"l-shihao"},"content":"    public Iterator\u003cT\u003e iterator() {","lastModifiedDate":"2021-08-19"},{"lineNumber":42,"author":{"gitId":"l-shihao"},"content":"        return list.iterator();","lastModifiedDate":"2021-08-19"},{"lineNumber":43,"author":{"gitId":"l-shihao"},"content":"    }","lastModifiedDate":"2021-08-19"},{"lineNumber":44,"author":{"gitId":"l-shihao"},"content":"}","lastModifiedDate":"2021-08-19"}],"authorContributionMap":{"l-shihao":44}},{"path":"src/main/java/duke/storage/TempTaskList.java","fileType":"java","lines":[{"lineNumber":1,"author":{"gitId":"l-shihao"},"content":"package duke.storage;","lastModifiedDate":"2021-08-19"},{"lineNumber":2,"author":{"gitId":"l-shihao"},"content":"import duke.task.Task;","lastModifiedDate":"2021-08-27"},{"lineNumber":3,"author":{"gitId":"l-shihao"},"content":"import duke.ui.Message;","lastModifiedDate":"2021-08-19"},{"lineNumber":4,"author":{"gitId":"l-shihao"},"content":"","lastModifiedDate":"2021-08-19"},{"lineNumber":5,"author":{"gitId":"l-shihao"},"content":"/**","lastModifiedDate":"2021-08-27"},{"lineNumber":6,"author":{"gitId":"l-shihao"},"content":" * Inherent from generic TempList class,","lastModifiedDate":"2021-08-27"},{"lineNumber":7,"author":{"gitId":"l-shihao"},"content":" * TempTaskList constrains that it only stores Task type items in the list","lastModifiedDate":"2021-08-27"},{"lineNumber":8,"author":{"gitId":"l-shihao"},"content":" * Adding method to print tasks in the list","lastModifiedDate":"2021-08-27"},{"lineNumber":9,"author":{"gitId":"l-shihao"},"content":" *","lastModifiedDate":"2021-08-27"},{"lineNumber":10,"author":{"gitId":"l-shihao"},"content":" * @param \u003cTask\u003e","lastModifiedDate":"2021-08-27"},{"lineNumber":11,"author":{"gitId":"l-shihao"},"content":" */","lastModifiedDate":"2021-08-27"},{"lineNumber":12,"author":{"gitId":"l-shihao"},"content":"public class TempTaskList\u003cTask\u003e extends TempList\u003cTask\u003e {","lastModifiedDate":"2021-08-19"},{"lineNumber":13,"author":{"gitId":"l-shihao"},"content":"    public TempTaskList() {","lastModifiedDate":"2021-08-19"},{"lineNumber":14,"author":{"gitId":"l-shihao"},"content":"        super();","lastModifiedDate":"2021-08-19"},{"lineNumber":15,"author":{"gitId":"l-shihao"},"content":"    }","lastModifiedDate":"2021-08-19"},{"lineNumber":16,"author":{"gitId":"l-shihao"},"content":"","lastModifiedDate":"2021-08-19"},{"lineNumber":17,"author":{"gitId":"l-shihao"},"content":"    public void print() {","lastModifiedDate":"2021-08-27"},{"lineNumber":18,"author":{"gitId":"l-shihao"},"content":"        if (this.size() \u003d\u003d 0) {","lastModifiedDate":"2021-09-08"},{"lineNumber":19,"author":{"gitId":"l-shihao"},"content":"            Message.emptyList();","lastModifiedDate":"2021-09-08"},{"lineNumber":20,"author":{"gitId":"l-shihao"},"content":"        }","lastModifiedDate":"2021-09-08"},{"lineNumber":21,"author":{"gitId":"l-shihao"},"content":"        for (Task task : list) {","lastModifiedDate":"2021-08-27"},{"lineNumber":22,"author":{"gitId":"l-shihao"},"content":"            Message.echo(task.toString());","lastModifiedDate":"2021-08-27"},{"lineNumber":23,"author":{"gitId":"l-shihao"},"content":"        }","lastModifiedDate":"2021-08-27"},{"lineNumber":24,"author":{"gitId":"l-shihao"},"content":"    }","lastModifiedDate":"2021-08-27"},{"lineNumber":25,"author":{"gitId":"l-shihao"},"content":"","lastModifiedDate":"2021-08-27"},{"lineNumber":26,"author":{"gitId":"l-shihao"},"content":"}","lastModifiedDate":"2021-08-19"}],"authorContributionMap":{"l-shihao":26}},{"path":"src/main/java/duke/task/Deadline.java","fileType":"java","lines":[{"lineNumber":1,"author":{"gitId":"l-shihao"},"content":"package duke.task;","lastModifiedDate":"2021-08-27"},{"lineNumber":2,"author":{"gitId":"l-shihao"},"content":"","lastModifiedDate":"2021-08-27"},{"lineNumber":3,"author":{"gitId":"l-shihao"},"content":"import java.time.LocalDate;","lastModifiedDate":"2021-08-27"},{"lineNumber":4,"author":{"gitId":"l-shihao"},"content":"import java.time.format.DateTimeFormatter;","lastModifiedDate":"2021-08-27"},{"lineNumber":5,"author":{"gitId":"l-shihao"},"content":"","lastModifiedDate":"2021-08-27"},{"lineNumber":6,"author":{"gitId":"l-shihao"},"content":"public class Deadline extends Task {","lastModifiedDate":"2021-08-27"},{"lineNumber":7,"author":{"gitId":"l-shihao"},"content":"    private String by;","lastModifiedDate":"2021-08-27"},{"lineNumber":8,"author":{"gitId":"l-shihao"},"content":"","lastModifiedDate":"2021-08-27"},{"lineNumber":9,"author":{"gitId":"l-shihao"},"content":"    public Deadline (String title, String by){","lastModifiedDate":"2021-08-27"},{"lineNumber":10,"author":{"gitId":"l-shihao"},"content":"        super(title);","lastModifiedDate":"2021-08-27"},{"lineNumber":11,"author":{"gitId":"l-shihao"},"content":"        this.by \u003d by;","lastModifiedDate":"2021-08-27"},{"lineNumber":12,"author":{"gitId":"l-shihao"},"content":"    }","lastModifiedDate":"2021-08-27"},{"lineNumber":13,"author":{"gitId":"l-shihao"},"content":"","lastModifiedDate":"2021-08-27"},{"lineNumber":14,"author":{"gitId":"l-shihao"},"content":"    public String getDate() {","lastModifiedDate":"2021-08-27"},{"lineNumber":15,"author":{"gitId":"l-shihao"},"content":"        return by;","lastModifiedDate":"2021-08-27"},{"lineNumber":16,"author":{"gitId":"l-shihao"},"content":"    }","lastModifiedDate":"2021-08-27"},{"lineNumber":17,"author":{"gitId":"l-shihao"},"content":"","lastModifiedDate":"2021-08-27"},{"lineNumber":18,"author":{"gitId":"l-shihao"},"content":"    @Override","lastModifiedDate":"2021-08-27"},{"lineNumber":19,"author":{"gitId":"l-shihao"},"content":"    public String toString() {","lastModifiedDate":"2021-08-27"},{"lineNumber":20,"author":{"gitId":"l-shihao"},"content":"        return taskNo + \". \" + \"[D]\" + super.toString()","lastModifiedDate":"2021-08-27"},{"lineNumber":21,"author":{"gitId":"l-shihao"},"content":"                + \" (by: \" + by + \")\";","lastModifiedDate":"2021-08-27"},{"lineNumber":22,"author":{"gitId":"l-shihao"},"content":"    }","lastModifiedDate":"2021-08-27"},{"lineNumber":23,"author":{"gitId":"l-shihao"},"content":"}","lastModifiedDate":"2021-08-27"}],"authorContributionMap":{"l-shihao":23}},{"path":"src/main/java/duke/task/Event.java","fileType":"java","lines":[{"lineNumber":1,"author":{"gitId":"l-shihao"},"content":"package duke.task;","lastModifiedDate":"2021-08-27"},{"lineNumber":2,"author":{"gitId":"l-shihao"},"content":"","lastModifiedDate":"2021-08-27"},{"lineNumber":3,"author":{"gitId":"l-shihao"},"content":"import java.time.LocalDateTime;","lastModifiedDate":"2021-08-27"},{"lineNumber":4,"author":{"gitId":"l-shihao"},"content":"import java.time.format.DateTimeFormatter;","lastModifiedDate":"2021-08-27"},{"lineNumber":5,"author":{"gitId":"l-shihao"},"content":"","lastModifiedDate":"2021-08-27"},{"lineNumber":6,"author":{"gitId":"l-shihao"},"content":"public class Event extends Task{","lastModifiedDate":"2021-08-27"},{"lineNumber":7,"author":{"gitId":"l-shihao"},"content":"    private String at;","lastModifiedDate":"2021-08-27"},{"lineNumber":8,"author":{"gitId":"l-shihao"},"content":"    private LocalDateTime till;","lastModifiedDate":"2021-08-27"},{"lineNumber":9,"author":{"gitId":"l-shihao"},"content":"","lastModifiedDate":"2021-08-27"},{"lineNumber":10,"author":{"gitId":"l-shihao"},"content":"    public Event(String title, String at) {","lastModifiedDate":"2021-08-27"},{"lineNumber":11,"author":{"gitId":"l-shihao"},"content":"        super(title);","lastModifiedDate":"2021-08-27"},{"lineNumber":12,"author":{"gitId":"l-shihao"},"content":"        this.at \u003d at;","lastModifiedDate":"2021-08-27"},{"lineNumber":13,"author":{"gitId":"l-shihao"},"content":"    }","lastModifiedDate":"2021-08-27"},{"lineNumber":14,"author":{"gitId":"l-shihao"},"content":"","lastModifiedDate":"2021-08-27"},{"lineNumber":15,"author":{"gitId":"l-shihao"},"content":"    public String getStartTime() {","lastModifiedDate":"2021-08-27"},{"lineNumber":16,"author":{"gitId":"l-shihao"},"content":"        return at;","lastModifiedDate":"2021-08-27"},{"lineNumber":17,"author":{"gitId":"l-shihao"},"content":"    }","lastModifiedDate":"2021-08-27"},{"lineNumber":18,"author":{"gitId":"l-shihao"},"content":"    public LocalDateTime getEndTime() {","lastModifiedDate":"2021-08-27"},{"lineNumber":19,"author":{"gitId":"l-shihao"},"content":"        return till;","lastModifiedDate":"2021-08-27"},{"lineNumber":20,"author":{"gitId":"l-shihao"},"content":"    }","lastModifiedDate":"2021-08-27"},{"lineNumber":21,"author":{"gitId":"l-shihao"},"content":"","lastModifiedDate":"2021-08-27"},{"lineNumber":22,"author":{"gitId":"l-shihao"},"content":"","lastModifiedDate":"2021-08-27"},{"lineNumber":23,"author":{"gitId":"l-shihao"},"content":"","lastModifiedDate":"2021-08-27"},{"lineNumber":24,"author":{"gitId":"l-shihao"},"content":"","lastModifiedDate":"2021-08-27"},{"lineNumber":25,"author":{"gitId":"l-shihao"},"content":"    @Override","lastModifiedDate":"2021-08-27"},{"lineNumber":26,"author":{"gitId":"l-shihao"},"content":"    public String toString() {","lastModifiedDate":"2021-08-27"},{"lineNumber":27,"author":{"gitId":"l-shihao"},"content":"        return taskNo + \". \" + \"[E]\" + super.toString()","lastModifiedDate":"2021-08-27"},{"lineNumber":28,"author":{"gitId":"l-shihao"},"content":"                + \" (at: \" + at + \")\";","lastModifiedDate":"2021-08-27"},{"lineNumber":29,"author":{"gitId":"l-shihao"},"content":"    }","lastModifiedDate":"2021-08-27"},{"lineNumber":30,"author":{"gitId":"l-shihao"},"content":"}","lastModifiedDate":"2021-08-27"}],"authorContributionMap":{"l-shihao":30}},{"path":"src/main/java/duke/task/Task.java","fileType":"java","lines":[{"lineNumber":1,"author":{"gitId":"l-shihao"},"content":"package duke.task;","lastModifiedDate":"2021-08-19"},{"lineNumber":2,"author":{"gitId":"l-shihao"},"content":"","lastModifiedDate":"2021-08-19"},{"lineNumber":3,"author":{"gitId":"l-shihao"},"content":"import duke.ui.Message;","lastModifiedDate":"2021-08-27"},{"lineNumber":4,"author":{"gitId":"l-shihao"},"content":"","lastModifiedDate":"2021-08-27"},{"lineNumber":5,"author":{"gitId":"l-shihao"},"content":"/**","lastModifiedDate":"2021-08-27"},{"lineNumber":6,"author":{"gitId":"l-shihao"},"content":" * SuperClass , Abstract Class","lastModifiedDate":"2021-09-08"},{"lineNumber":7,"author":{"gitId":"l-shihao"},"content":" * Also, a Receiver Class in Command Pattern","lastModifiedDate":"2021-08-27"},{"lineNumber":8,"author":{"gitId":"l-shihao"},"content":" */","lastModifiedDate":"2021-08-27"},{"lineNumber":9,"author":{"gitId":"l-shihao"},"content":"","lastModifiedDate":"2021-08-27"},{"lineNumber":10,"author":{"gitId":"l-shihao"},"content":"public abstract class Task {","lastModifiedDate":"2021-09-08"},{"lineNumber":11,"author":{"gitId":"l-shihao"},"content":"    protected String title;","lastModifiedDate":"2021-08-19"},{"lineNumber":12,"author":{"gitId":"l-shihao"},"content":"    protected boolean isDone;","lastModifiedDate":"2021-08-19"},{"lineNumber":13,"author":{"gitId":"l-shihao"},"content":"    protected int taskNo \u003d 0;","lastModifiedDate":"2021-08-19"},{"lineNumber":14,"author":{"gitId":"l-shihao"},"content":"    protected static int taskCount \u003d 0;","lastModifiedDate":"2021-08-19"},{"lineNumber":15,"author":{"gitId":"l-shihao"},"content":"","lastModifiedDate":"2021-08-19"},{"lineNumber":16,"author":{"gitId":"l-shihao"},"content":"    public Task(String title) {","lastModifiedDate":"2021-08-19"},{"lineNumber":17,"author":{"gitId":"l-shihao"},"content":"        this.title \u003d title;","lastModifiedDate":"2021-08-19"},{"lineNumber":18,"author":{"gitId":"l-shihao"},"content":"        this.isDone \u003d false;","lastModifiedDate":"2021-08-19"},{"lineNumber":19,"author":{"gitId":"l-shihao"},"content":"        taskCount++;","lastModifiedDate":"2021-08-19"},{"lineNumber":20,"author":{"gitId":"l-shihao"},"content":"        taskNo \u003d taskCount;","lastModifiedDate":"2021-08-19"},{"lineNumber":21,"author":{"gitId":"l-shihao"},"content":"    }","lastModifiedDate":"2021-08-19"},{"lineNumber":22,"author":{"gitId":"l-shihao"},"content":"","lastModifiedDate":"2021-08-19"},{"lineNumber":23,"author":{"gitId":"l-shihao"},"content":"    public String getStatusIcon() {","lastModifiedDate":"2021-08-19"},{"lineNumber":24,"author":{"gitId":"l-shihao"},"content":"        return (isDone ? \"X\" : \" \"); // mark done task with X","lastModifiedDate":"2021-08-19"},{"lineNumber":25,"author":{"gitId":"l-shihao"},"content":"    }","lastModifiedDate":"2021-08-19"},{"lineNumber":26,"author":{"gitId":"l-shihao"},"content":"","lastModifiedDate":"2021-08-19"},{"lineNumber":27,"author":{"gitId":"l-shihao"},"content":"    public String getTitle() {return title;}","lastModifiedDate":"2021-08-19"},{"lineNumber":28,"author":{"gitId":"l-shihao"},"content":"    public boolean isDone() {return isDone;}","lastModifiedDate":"2021-08-19"},{"lineNumber":29,"author":{"gitId":"l-shihao"},"content":"    public void markDone() {","lastModifiedDate":"2021-08-27"},{"lineNumber":30,"author":{"gitId":"l-shihao"},"content":"        this.isDone \u003d true;","lastModifiedDate":"2021-08-27"},{"lineNumber":31,"author":{"gitId":"l-shihao"},"content":"        Message.echo(\"Marked below as DONE:\");","lastModifiedDate":"2021-08-27"},{"lineNumber":32,"author":{"gitId":"l-shihao"},"content":"        Message.echo(toString());","lastModifiedDate":"2021-08-27"},{"lineNumber":33,"author":{"gitId":"l-shihao"},"content":"    }","lastModifiedDate":"2021-08-27"},{"lineNumber":34,"author":{"gitId":"l-shihao"},"content":"    public void markUnDone() {","lastModifiedDate":"2021-08-27"},{"lineNumber":35,"author":{"gitId":"l-shihao"},"content":"        this.isDone \u003d false;","lastModifiedDate":"2021-08-27"},{"lineNumber":36,"author":{"gitId":"l-shihao"},"content":"        Message.echo(\"Marked below as UNDONE:\");","lastModifiedDate":"2021-08-27"},{"lineNumber":37,"author":{"gitId":"l-shihao"},"content":"        Message.echo(toString());","lastModifiedDate":"2021-08-27"},{"lineNumber":38,"author":{"gitId":"l-shihao"},"content":"    }","lastModifiedDate":"2021-08-27"},{"lineNumber":39,"author":{"gitId":"l-shihao"},"content":"    public int getTaskNo() {return taskNo;}","lastModifiedDate":"2021-08-19"},{"lineNumber":40,"author":{"gitId":"l-shihao"},"content":"","lastModifiedDate":"2021-08-19"},{"lineNumber":41,"author":{"gitId":"l-shihao"},"content":"","lastModifiedDate":"2021-08-19"},{"lineNumber":42,"author":{"gitId":"l-shihao"},"content":"    @Override","lastModifiedDate":"2021-08-19"},{"lineNumber":43,"author":{"gitId":"l-shihao"},"content":"    public String toString() {","lastModifiedDate":"2021-08-19"},{"lineNumber":44,"author":{"gitId":"l-shihao"},"content":"        String status \u003d \"[ ]\";","lastModifiedDate":"2021-08-19"},{"lineNumber":45,"author":{"gitId":"l-shihao"},"content":"        if (isDone()) {","lastModifiedDate":"2021-08-19"},{"lineNumber":46,"author":{"gitId":"l-shihao"},"content":"            status \u003d \"[✓]\";","lastModifiedDate":"2021-08-19"},{"lineNumber":47,"author":{"gitId":"l-shihao"},"content":"        }","lastModifiedDate":"2021-08-19"},{"lineNumber":48,"author":{"gitId":"l-shihao"},"content":"        return  status + \" \" + title;","lastModifiedDate":"2021-08-27"},{"lineNumber":49,"author":{"gitId":"l-shihao"},"content":"    }","lastModifiedDate":"2021-08-19"},{"lineNumber":50,"author":{"gitId":"l-shihao"},"content":"}","lastModifiedDate":"2021-08-19"}],"authorContributionMap":{"l-shihao":50}},{"path":"src/main/java/duke/task/Todo.java","fileType":"java","lines":[{"lineNumber":1,"author":{"gitId":"l-shihao"},"content":"package duke.task;","lastModifiedDate":"2021-08-27"},{"lineNumber":2,"author":{"gitId":"l-shihao"},"content":"","lastModifiedDate":"2021-08-27"},{"lineNumber":3,"author":{"gitId":"l-shihao"},"content":"public class Todo extends Task{","lastModifiedDate":"2021-08-27"},{"lineNumber":4,"author":{"gitId":"l-shihao"},"content":"    public Todo(String title) {","lastModifiedDate":"2021-08-27"},{"lineNumber":5,"author":{"gitId":"l-shihao"},"content":"        super(title);","lastModifiedDate":"2021-08-27"},{"lineNumber":6,"author":{"gitId":"l-shihao"},"content":"    }","lastModifiedDate":"2021-08-27"},{"lineNumber":7,"author":{"gitId":"l-shihao"},"content":"","lastModifiedDate":"2021-08-27"},{"lineNumber":8,"author":{"gitId":"l-shihao"},"content":"    @Override","lastModifiedDate":"2021-08-27"},{"lineNumber":9,"author":{"gitId":"l-shihao"},"content":"    public String toString() {","lastModifiedDate":"2021-08-27"},{"lineNumber":10,"author":{"gitId":"l-shihao"},"content":"        return taskNo + \". \" + \"[T]\" + super.toString();","lastModifiedDate":"2021-08-27"},{"lineNumber":11,"author":{"gitId":"l-shihao"},"content":"    }","lastModifiedDate":"2021-08-27"},{"lineNumber":12,"author":{"gitId":"l-shihao"},"content":"","lastModifiedDate":"2021-08-27"},{"lineNumber":13,"author":{"gitId":"l-shihao"},"content":"}","lastModifiedDate":"2021-08-27"},{"lineNumber":14,"author":{"gitId":"l-shihao"},"content":"","lastModifiedDate":"2021-08-27"}],"authorContributionMap":{"l-shihao":14}},{"path":"src/main/java/duke/ui/Message.java","fileType":"java","lines":[{"lineNumber":1,"author":{"gitId":"l-shihao"},"content":"package duke.ui;","lastModifiedDate":"2021-08-19"},{"lineNumber":2,"author":{"gitId":"l-shihao"},"content":"","lastModifiedDate":"2021-08-18"},{"lineNumber":3,"author":{"gitId":"l-shihao"},"content":"import duke.task.Task;","lastModifiedDate":"2021-08-19"},{"lineNumber":4,"author":{"gitId":"l-shihao"},"content":"","lastModifiedDate":"2021-08-19"},{"lineNumber":5,"author":{"gitId":"l-shihao"},"content":"import java.beans.PropertyChangeEvent;","lastModifiedDate":"2021-08-19"},{"lineNumber":6,"author":{"gitId":"l-shihao"},"content":"import java.beans.PropertyChangeListener;","lastModifiedDate":"2021-08-19"},{"lineNumber":7,"author":{"gitId":"l-shihao"},"content":"import java.util.ArrayList;","lastModifiedDate":"2021-08-19"},{"lineNumber":8,"author":{"gitId":"l-shihao"},"content":"","lastModifiedDate":"2021-08-18"},{"lineNumber":9,"author":{"gitId":"l-shihao"},"content":"public final class Message implements PropertyChangeListener {","lastModifiedDate":"2021-08-19"},{"lineNumber":10,"author":{"gitId":"l-shihao"},"content":"    public Message() { }","lastModifiedDate":"2021-08-19"},{"lineNumber":11,"author":{"gitId":"l-shihao"},"content":"","lastModifiedDate":"2021-08-18"},{"lineNumber":12,"author":{"gitId":"l-shihao"},"content":"    /*","lastModifiedDate":"2021-08-18"},{"lineNumber":13,"author":{"gitId":"l-shihao"},"content":"    echo prints out the String parameter passed to it","lastModifiedDate":"2021-08-19"},{"lineNumber":14,"author":{"gitId":"l-shihao"},"content":"     */","lastModifiedDate":"2021-08-18"},{"lineNumber":15,"author":{"gitId":"l-shihao"},"content":"    public static void echo(String input) {","lastModifiedDate":"2021-08-18"},{"lineNumber":16,"author":{"gitId":"l-shihao"},"content":"        System.out.print(\"\\t\");","lastModifiedDate":"2021-08-18"},{"lineNumber":17,"author":{"gitId":"l-shihao"},"content":"        System.out.println(input);","lastModifiedDate":"2021-08-18"},{"lineNumber":18,"author":{"gitId":"l-shihao"},"content":"    }","lastModifiedDate":"2021-08-19"},{"lineNumber":19,"author":{"gitId":"l-shihao"},"content":"","lastModifiedDate":"2021-08-19"},{"lineNumber":20,"author":{"gitId":"l-shihao"},"content":"    public static void addTask(String input) {","lastModifiedDate":"2021-08-19"},{"lineNumber":21,"author":{"gitId":"l-shihao"},"content":"        System.out.print(\"\\tadded:\");","lastModifiedDate":"2021-08-19"},{"lineNumber":22,"author":{"gitId":"l-shihao"},"content":"        echo(input);","lastModifiedDate":"2021-08-19"},{"lineNumber":23,"author":{"gitId":"l-shihao"},"content":"    }","lastModifiedDate":"2021-08-18"},{"lineNumber":24,"author":{"gitId":"l-shihao"},"content":"","lastModifiedDate":"2021-08-18"},{"lineNumber":25,"author":{"gitId":"l-shihao"},"content":"    public static void emptyList() {","lastModifiedDate":"2021-09-08"},{"lineNumber":26,"author":{"gitId":"l-shihao"},"content":"        System.out.println(\"\\t Zero task, add something new!\");","lastModifiedDate":"2021-09-08"},{"lineNumber":27,"author":{"gitId":"l-shihao"},"content":"    }","lastModifiedDate":"2021-09-08"},{"lineNumber":28,"author":{"gitId":"l-shihao"},"content":"","lastModifiedDate":"2021-09-08"},{"lineNumber":29,"author":{"gitId":"l-shihao"},"content":"    public static void exit() {","lastModifiedDate":"2021-08-18"},{"lineNumber":30,"author":{"gitId":"l-shihao"},"content":"        System.out.println(\"\\n👋 Bye, see ya ~ \\n\");","lastModifiedDate":"2021-08-18"},{"lineNumber":31,"author":{"gitId":"l-shihao"},"content":"    }","lastModifiedDate":"2021-08-18"},{"lineNumber":32,"author":{"gitId":"l-shihao"},"content":"","lastModifiedDate":"2021-08-19"},{"lineNumber":33,"author":{"gitId":"l-shihao"},"content":"    public static String exceptionUnknownCommand() {","lastModifiedDate":"2021-09-03"},{"lineNumber":34,"author":{"gitId":"l-shihao"},"content":"        return \"X_X : Unknown command, please try again\";","lastModifiedDate":"2021-09-03"},{"lineNumber":35,"author":{"gitId":"l-shihao"},"content":"    }","lastModifiedDate":"2021-09-03"},{"lineNumber":36,"author":{"gitId":"l-shihao"},"content":"","lastModifiedDate":"2021-09-03"},{"lineNumber":37,"author":{"gitId":"l-shihao"},"content":"    public static String exceptionNumArgs() {","lastModifiedDate":"2021-09-03"},{"lineNumber":38,"author":{"gitId":"l-shihao"},"content":"        return \"X_X : Wrong number of argument, please try again\";","lastModifiedDate":"2021-09-03"},{"lineNumber":39,"author":{"gitId":"l-shihao"},"content":"    }","lastModifiedDate":"2021-09-03"},{"lineNumber":40,"author":{"gitId":"l-shihao"},"content":"","lastModifiedDate":"2021-09-03"},{"lineNumber":41,"author":{"gitId":"l-shihao"},"content":"    public static String exceptionInvalidArgs() {","lastModifiedDate":"2021-09-03"},{"lineNumber":42,"author":{"gitId":"l-shihao"},"content":"        return \"X_X : Contains invalid argument, please try again\";","lastModifiedDate":"2021-09-03"},{"lineNumber":43,"author":{"gitId":"l-shihao"},"content":"    }","lastModifiedDate":"2021-09-03"},{"lineNumber":44,"author":{"gitId":"l-shihao"},"content":"","lastModifiedDate":"2021-09-03"},{"lineNumber":45,"author":{"gitId":"l-shihao"},"content":"    public static String exceptionNoDate() {","lastModifiedDate":"2021-09-03"},{"lineNumber":46,"author":{"gitId":"l-shihao"},"content":"        return \"X_X : Please give a proper date for this type of task, please try again\";","lastModifiedDate":"2021-09-03"},{"lineNumber":47,"author":{"gitId":"l-shihao"},"content":"    }","lastModifiedDate":"2021-09-03"},{"lineNumber":48,"author":{"gitId":"l-shihao"},"content":"","lastModifiedDate":"2021-09-03"},{"lineNumber":49,"author":{"gitId":"l-shihao"},"content":"    @Override","lastModifiedDate":"2021-08-19"},{"lineNumber":50,"author":{"gitId":"l-shihao"},"content":"    public void propertyChange(PropertyChangeEvent evt) {","lastModifiedDate":"2021-08-19"},{"lineNumber":51,"author":{"gitId":"l-shihao"},"content":"        var list \u003d (ArrayList\u003cTask\u003e) evt.getNewValue();","lastModifiedDate":"2021-08-19"},{"lineNumber":52,"author":{"gitId":"l-shihao"},"content":"        String title \u003d list.get(list.size() - 1).getTitle();","lastModifiedDate":"2021-08-19"},{"lineNumber":53,"author":{"gitId":"l-shihao"},"content":"        this.addTask(title);","lastModifiedDate":"2021-08-19"},{"lineNumber":54,"author":{"gitId":"l-shihao"},"content":"        echo(\"Now \" + list.size() + \" tasks in Total\");","lastModifiedDate":"2021-08-27"},{"lineNumber":55,"author":{"gitId":"l-shihao"},"content":"    }","lastModifiedDate":"2021-08-19"},{"lineNumber":56,"author":{"gitId":"l-shihao"},"content":"","lastModifiedDate":"2021-08-19"},{"lineNumber":57,"author":{"gitId":"l-shihao"},"content":"    public static void greeting() {","lastModifiedDate":"2021-08-19"},{"lineNumber":58,"author":{"gitId":"l-shihao"},"content":"        String logo \u003d \" ____        _        \\n\"","lastModifiedDate":"2021-08-19"},{"lineNumber":59,"author":{"gitId":"l-shihao"},"content":"                + \"|  _ \\\\ _   _| | _____ \\n\"","lastModifiedDate":"2021-08-19"},{"lineNumber":60,"author":{"gitId":"l-shihao"},"content":"                + \"| | | | | | | |/ / _ \\\\\\n\"","lastModifiedDate":"2021-08-19"},{"lineNumber":61,"author":{"gitId":"l-shihao"},"content":"                + \"| |_| | |_| |   \u003c  __/\\n\"","lastModifiedDate":"2021-08-19"},{"lineNumber":62,"author":{"gitId":"l-shihao"},"content":"                + \"|____/ \\\\__,_|_|\\\\_\\\\___|\\n\";","lastModifiedDate":"2021-08-19"},{"lineNumber":63,"author":{"gitId":"l-shihao"},"content":"        System.out.println(\"👋 from\\n\" + logo);","lastModifiedDate":"2021-08-19"},{"lineNumber":64,"author":{"gitId":"l-shihao"},"content":"","lastModifiedDate":"2021-08-19"},{"lineNumber":65,"author":{"gitId":"l-shihao"},"content":"        System.out.println(\"You may spell your wish 🧞‍ \\n\");","lastModifiedDate":"2021-08-19"},{"lineNumber":66,"author":{"gitId":"l-shihao"},"content":"    }","lastModifiedDate":"2021-08-19"},{"lineNumber":67,"author":{"gitId":"l-shihao"},"content":"}","lastModifiedDate":"2021-08-18"}],"authorContributionMap":{"l-shihao":67}},{"path":"text-ui-test/runtest.bat","fileType":"bat","lines":[{"lineNumber":1,"author":{"gitId":"-"},"content":"@ECHO OFF","lastModifiedDate":"2020-05-25"},{"lineNumber":2,"author":{"gitId":"-"},"content":"","lastModifiedDate":"2020-05-25"},{"lineNumber":3,"author":{"gitId":"-"},"content":"REM create bin directory if it doesn\u0027t exist","lastModifiedDate":"2020-05-25"},{"lineNumber":4,"author":{"gitId":"-"},"content":"if not exist ..\\bin mkdir ..\\bin","lastModifiedDate":"2020-05-25"},{"lineNumber":5,"author":{"gitId":"-"},"content":"","lastModifiedDate":"2020-05-25"},{"lineNumber":6,"author":{"gitId":"-"},"content":"REM delete output from previous run","lastModifiedDate":"2020-05-25"},{"lineNumber":7,"author":{"gitId":"-"},"content":"if exist ACTUAL.TXT del ACTUAL.TXT","lastModifiedDate":"2020-08-25"},{"lineNumber":8,"author":{"gitId":"-"},"content":"","lastModifiedDate":"2020-05-25"},{"lineNumber":9,"author":{"gitId":"-"},"content":"REM compile the code into the bin folder","lastModifiedDate":"2020-05-25"},{"lineNumber":10,"author":{"gitId":"-"},"content":"javac  -cp ..\\src\\main\\java -Xlint:none -d ..\\bin ..\\src\\main\\java\\*.java","lastModifiedDate":"2020-08-25"},{"lineNumber":11,"author":{"gitId":"-"},"content":"IF ERRORLEVEL 1 (","lastModifiedDate":"2020-05-25"},{"lineNumber":12,"author":{"gitId":"-"},"content":"    echo ********** BUILD FAILURE **********","lastModifiedDate":"2020-05-25"},{"lineNumber":13,"author":{"gitId":"-"},"content":"    exit /b 1","lastModifiedDate":"2020-05-25"},{"lineNumber":14,"author":{"gitId":"-"},"content":")","lastModifiedDate":"2020-05-25"},{"lineNumber":15,"author":{"gitId":"-"},"content":"REM no error here, errorlevel \u003d\u003d 0","lastModifiedDate":"2020-05-25"},{"lineNumber":16,"author":{"gitId":"-"},"content":"","lastModifiedDate":"2020-05-25"},{"lineNumber":17,"author":{"gitId":"-"},"content":"REM run the program, feed commands from input.txt file and redirect the output to the ACTUAL.TXT","lastModifiedDate":"2020-05-25"},{"lineNumber":18,"author":{"gitId":"l-shihao"},"content":"java -classpath ..\\bin duke.Duke \u003c input.txt \u003e ACTUAL.TXT","lastModifiedDate":"2021-08-19"},{"lineNumber":19,"author":{"gitId":"-"},"content":"","lastModifiedDate":"2020-05-25"},{"lineNumber":20,"author":{"gitId":"-"},"content":"REM compare the output to the expected output","lastModifiedDate":"2020-05-25"},{"lineNumber":21,"author":{"gitId":"-"},"content":"FC ACTUAL.TXT EXPECTED.TXT","lastModifiedDate":"2020-05-25"}],"authorContributionMap":{"l-shihao":1,"-":20}}]
