{"authorDailyContributionsMap":{"l-shihao":[{"date":"2021-08-18","commitResults":[{"hash":"8bd0d6e2f27a62f0724b607003569de1a52a5426","messageTitle":"Update README.md","messageBody":"why seems cannot edit in IntelliJ IDEA","fileTypesAndContributionMap":{"md":{"insertions":3,"deletions":0}}},{"hash":"f6193369397e00afee0a46891d717b3a0fc63891","messageTitle":"First edit, new start, Level-1","messageBody":"","tags":["Level-1","Level-0"],"fileTypesAndContributionMap":{"java":{"insertions":58,"deletions":7}}}]},{"date":"2021-08-19","commitResults":[{"hash":"d7c1d915e5a5c6a4b696379e285ef5ade63fb08d","messageTitle":"Level-2, echo/list tasks, Implicit Invocation","messageBody":"","tags":["Level-2"],"fileTypesAndContributionMap":{"java":{"insertions":84,"deletions":23},"bat":{"insertions":1,"deletions":1},"md":{"insertions":37,"deletions":3}}},{"hash":"7d88cae6999725c78c358b93ab3aeab729d89d47","messageTitle":"Level-3: Mark as Done, A-Classes: Task Class","messageBody":"","tags":["Level-3","A-Classes"],"fileTypesAndContributionMap":{"java":{"insertions":97,"deletions":22}}}]},{"date":"2021-08-27","commitResults":[{"hash":"fdbea658bbfaa3e8f3ed49a8fad06fa500c180c4","messageTitle":"Minimal commit: CommandFactory, Command Pattern, Level-4","messageBody":"","tags":["Level-4"],"fileTypesAndContributionMap":{"java":{"insertions":384,"deletions":32}}}]},{"date":"2021-09-03","commitResults":[{"hash":"fa949e90f7aee8717e13f5fe5ab98b4b4cb79187","messageTitle":"Level-5 Handle Errors, Exception, Branch","messageBody":"","tags":["Level-5","A-Exceptions"],"fileTypesAndContributionMap":{"java":{"insertions":162,"deletions":21},"md":{"insertions":1,"deletions":1}}}]}]},"authorFileTypeContributionMap":{"l-shihao":{"java":686,"md":39,"fxml":0,"sh":0,"bat":1,"gradle":0,"txt":0}},"authorContributionVariance":{"l-shihao":9613.884},"authorDisplayNameMap":{"l-shihao":"TIC4001-F18-3 LI S..IHAO"}}
