{"authorDailyContributionsMap":{"l-shihao":[{"date":"2021-08-18","commitResults":[{"hash":"8bd0d6e2f27a62f0724b607003569de1a52a5426","messageTitle":"Update README.md","messageBody":"why seems cannot edit in IntelliJ IDEA","fileTypesAndContributionMap":{"md":{"insertions":3,"deletions":0}}},{"hash":"f6193369397e00afee0a46891d717b3a0fc63891","messageTitle":"First edit, new start, Level-1","messageBody":"","tags":["Level-1","Level-0"],"fileTypesAndContributionMap":{"java":{"insertions":58,"deletions":7}}}]},{"date":"2021-08-19","commitResults":[{"hash":"d7c1d915e5a5c6a4b696379e285ef5ade63fb08d","messageTitle":"Level-2, echo/list tasks, Implicit Invocation","messageBody":"","tags":["Level-2"],"fileTypesAndContributionMap":{"java":{"insertions":84,"deletions":23},"bat":{"insertions":1,"deletions":1},"md":{"insertions":37,"deletions":3}}},{"hash":"7d88cae6999725c78c358b93ab3aeab729d89d47","messageTitle":"Level-3: Mark as Done, A-Classes: Task Class","messageBody":"","tags":["Level-3","A-Classes"],"fileTypesAndContributionMap":{"java":{"insertions":97,"deletions":22}}}]},{"date":"2021-08-27","commitResults":[{"hash":"fdbea658bbfaa3e8f3ed49a8fad06fa500c180c4","messageTitle":"Minimal commit: CommandFactory, Command Pattern, Level-4","messageBody":"","tags":["Level-4"],"fileTypesAndContributionMap":{"java":{"insertions":384,"deletions":32}}}]},{"date":"2021-09-03","commitResults":[{"hash":"fa949e90f7aee8717e13f5fe5ab98b4b4cb79187","messageTitle":"Level-5 Handle Errors, Exception, Branch","messageBody":"","tags":["Level-5","A-Exceptions"],"fileTypesAndContributionMap":{"java":{"insertions":162,"deletions":21},"md":{"insertions":1,"deletions":1}}}]},{"date":"2021-09-08","commitResults":[{"hash":"fed0ebc75098c211d53e83452d018b3443e7bf32","messageTitle":"coding standard, quality done along the way","messageBody":"","tags":["A-CodingStandard","A-CodeQuality"],"fileTypesAndContributionMap":{"java":{"insertions":36,"deletions":3}}},{"hash":"718ab126643c5992019b43569a29a425ccac819c","messageTitle":"Abstract Class","messageBody":"","tags":["A-AbstractClasses"],"fileTypesAndContributionMap":{"java":{"insertions":1,"deletions":1}}},{"hash":"5cbe113673193d76bb8c6a98eadc531252aaa742","messageTitle":"packages creation along the way","messageBody":"","tags":["A-Packages"],"fileTypesAndContributionMap":{"java":{"insertions":3,"deletions":6}}},{"hash":"12796a9c6206ef9c68d924f19bc64f8d29fcfc42","messageTitle":"Level-6, delete multiple tasks at once","messageBody":"","fileTypesAndContributionMap":{"java":{"insertions":94,"deletions":15}}}]}]},"authorFileTypeContributionMap":{"l-shihao":{"java":795,"md":39,"fxml":0,"sh":0,"bat":1,"gradle":0,"txt":0}},"authorContributionVariance":{"l-shihao":8718.1},"authorDisplayNameMap":{"l-shihao":"TIC4001-F18-3 LI S..IHAO"}}
