[{"path":"src/main/java/Duke/Deadline.java","fileType":"java","lines":[{"lineNumber":1,"author":{"gitId":"yinyin377"},"content":"package Duke;","lastModifiedDate":"2021-09-03"},{"lineNumber":2,"author":{"gitId":"yinyin377"},"content":"","lastModifiedDate":"2021-09-03"},{"lineNumber":3,"author":{"gitId":"yinyin377"},"content":"public class Deadline extends Task {","lastModifiedDate":"2021-09-03"},{"lineNumber":4,"author":{"gitId":"yinyin377"},"content":"","lastModifiedDate":"2021-09-03"},{"lineNumber":5,"author":{"gitId":"yinyin377"},"content":"    protected String by;","lastModifiedDate":"2021-09-03"},{"lineNumber":6,"author":{"gitId":"yinyin377"},"content":"","lastModifiedDate":"2021-09-03"},{"lineNumber":7,"author":{"gitId":"yinyin377"},"content":"    public Deadline(String description, String by) {","lastModifiedDate":"2021-09-03"},{"lineNumber":8,"author":{"gitId":"yinyin377"},"content":"        super(description);","lastModifiedDate":"2021-09-03"},{"lineNumber":9,"author":{"gitId":"yinyin377"},"content":"        this.by \u003d by;","lastModifiedDate":"2021-09-03"},{"lineNumber":10,"author":{"gitId":"yinyin377"},"content":"    }","lastModifiedDate":"2021-09-03"},{"lineNumber":11,"author":{"gitId":"yinyin377"},"content":"","lastModifiedDate":"2021-09-03"},{"lineNumber":12,"author":{"gitId":"yinyin377"},"content":"    @Override","lastModifiedDate":"2021-09-03"},{"lineNumber":13,"author":{"gitId":"yinyin377"},"content":"    public String toString() {","lastModifiedDate":"2021-09-03"},{"lineNumber":14,"author":{"gitId":"yinyin377"},"content":"        return \"[D]\" + super.toString() + \" (by:\" + by + \")\";","lastModifiedDate":"2021-09-03"},{"lineNumber":15,"author":{"gitId":"yinyin377"},"content":"    }","lastModifiedDate":"2021-09-03"},{"lineNumber":16,"author":{"gitId":"yinyin377"},"content":"}","lastModifiedDate":"2021-09-03"}],"authorContributionMap":{"yinyin377":16}},{"path":"src/main/java/Duke/Duke.java","fileType":"java","lines":[{"lineNumber":1,"author":{"gitId":"yinyin377"},"content":"package Duke;","lastModifiedDate":"2021-09-03"},{"lineNumber":2,"author":{"gitId":"yinyin377"},"content":"","lastModifiedDate":"2021-09-03"},{"lineNumber":3,"author":{"gitId":"yinyin377"},"content":"import java.util.ArrayList;","lastModifiedDate":"2021-09-03"},{"lineNumber":4,"author":{"gitId":"yinyin377"},"content":"import java.util.Scanner;","lastModifiedDate":"2021-08-13"},{"lineNumber":5,"author":{"gitId":"yinyin377"},"content":"","lastModifiedDate":"2021-09-03"},{"lineNumber":6,"author":{"gitId":"-"},"content":"public class Duke {","lastModifiedDate":"2019-07-29"},{"lineNumber":7,"author":{"gitId":"yinyin377"},"content":"    private static ArrayList\u003cTask\u003e tasklist\u003dnew ArrayList\u003c\u003e();","lastModifiedDate":"2021-09-03"},{"lineNumber":8,"author":{"gitId":"yinyin377"},"content":"    private static int taskCount \u003d 0;","lastModifiedDate":"2021-09-03"},{"lineNumber":9,"author":{"gitId":"yinyin377"},"content":"","lastModifiedDate":"2021-09-03"},{"lineNumber":10,"author":{"gitId":"yinyin377"},"content":"    public static void addTask(Task s){","lastModifiedDate":"2021-09-03"},{"lineNumber":11,"author":{"gitId":"yinyin377"},"content":"        tasklist.add(taskCount,s);","lastModifiedDate":"2021-09-03"},{"lineNumber":12,"author":{"gitId":"yinyin377"},"content":"        taskCount++;","lastModifiedDate":"2021-09-03"},{"lineNumber":13,"author":{"gitId":"yinyin377"},"content":"    }","lastModifiedDate":"2021-09-03"},{"lineNumber":14,"author":{"gitId":"yinyin377"},"content":"","lastModifiedDate":"2021-09-03"},{"lineNumber":15,"author":{"gitId":"yinyin377"},"content":"    public static void printLine(){","lastModifiedDate":"2021-09-03"},{"lineNumber":16,"author":{"gitId":"yinyin377"},"content":"        System.out.println(\"______________________________\");","lastModifiedDate":"2021-09-03"},{"lineNumber":17,"author":{"gitId":"yinyin377"},"content":"    }","lastModifiedDate":"2021-09-03"},{"lineNumber":18,"author":{"gitId":"yinyin377"},"content":"","lastModifiedDate":"2021-08-13"},{"lineNumber":19,"author":{"gitId":"yinyin377"},"content":"    public static void showGreetings(){","lastModifiedDate":"2021-09-03"},{"lineNumber":20,"author":{"gitId":"yinyin377"},"content":"        String logo \u003d \" ____        _        \\n\"","lastModifiedDate":"2021-09-03"},{"lineNumber":21,"author":{"gitId":"yinyin377"},"content":"                + \"|  _ \\\\ _   _| | _____ \\n\"","lastModifiedDate":"2021-09-03"},{"lineNumber":22,"author":{"gitId":"yinyin377"},"content":"                + \"| | | | | | | |/ / _ \\\\\\n\"","lastModifiedDate":"2021-09-03"},{"lineNumber":23,"author":{"gitId":"yinyin377"},"content":"                + \"| |_| | |_| |   \u003c  __/\\n\"","lastModifiedDate":"2021-09-03"},{"lineNumber":24,"author":{"gitId":"yinyin377"},"content":"                + \"|____/ \\\\__,_|_|\\\\_\\\\___|\\n\";","lastModifiedDate":"2021-09-03"},{"lineNumber":25,"author":{"gitId":"yinyin377"},"content":"        System.out.println(\"Hello from\\n\" + logo);","lastModifiedDate":"2021-09-03"},{"lineNumber":26,"author":{"gitId":"yinyin377"},"content":"        System.out.println(\"Hello! I\u0027m Duke.Duke\");","lastModifiedDate":"2021-09-03"},{"lineNumber":27,"author":{"gitId":"yinyin377"},"content":"        System.out.println(\"What can I do for you?\");","lastModifiedDate":"2021-09-03"},{"lineNumber":28,"author":{"gitId":"yinyin377"},"content":"    }","lastModifiedDate":"2021-09-03"},{"lineNumber":29,"author":{"gitId":"yinyin377"},"content":"","lastModifiedDate":"2021-09-03"},{"lineNumber":30,"author":{"gitId":"yinyin377"},"content":"    public static void showFarewell(){","lastModifiedDate":"2021-09-03"},{"lineNumber":31,"author":{"gitId":"yinyin377"},"content":"        printLine();","lastModifiedDate":"2021-09-03"},{"lineNumber":32,"author":{"gitId":"yinyin377"},"content":"        System.out.println(\"Bye. Hope to see you again soon!\");","lastModifiedDate":"2021-09-03"},{"lineNumber":33,"author":{"gitId":"yinyin377"},"content":"        printLine();","lastModifiedDate":"2021-09-03"},{"lineNumber":34,"author":{"gitId":"yinyin377"},"content":"    }","lastModifiedDate":"2021-09-03"},{"lineNumber":35,"author":{"gitId":"yinyin377"},"content":"","lastModifiedDate":"2021-09-03"},{"lineNumber":36,"author":{"gitId":"yinyin377"},"content":"    public static void showAddedTasks(String addedTask,int numOfTask){","lastModifiedDate":"2021-09-03"},{"lineNumber":37,"author":{"gitId":"yinyin377"},"content":"        System.out.println(\"Got it. I\u0027ve added this task: \");","lastModifiedDate":"2021-09-03"},{"lineNumber":38,"author":{"gitId":"yinyin377"},"content":"        System.out.println(addedTask);","lastModifiedDate":"2021-09-03"},{"lineNumber":39,"author":{"gitId":"yinyin377"},"content":"        System.out.println(\"Now you have \" + numOfTask + \" tasks in the list.\");","lastModifiedDate":"2021-09-03"},{"lineNumber":40,"author":{"gitId":"yinyin377"},"content":"    }","lastModifiedDate":"2021-09-03"},{"lineNumber":41,"author":{"gitId":"yinyin377"},"content":"","lastModifiedDate":"2021-09-03"},{"lineNumber":42,"author":{"gitId":"yinyin377"},"content":"    public static void checkException(String message){","lastModifiedDate":"2021-09-03"},{"lineNumber":43,"author":{"gitId":"yinyin377"},"content":"        try{","lastModifiedDate":"2021-09-03"},{"lineNumber":44,"author":{"gitId":"yinyin377"},"content":"            throw new DukeException(message);","lastModifiedDate":"2021-09-03"},{"lineNumber":45,"author":{"gitId":"yinyin377"},"content":"        }","lastModifiedDate":"2021-09-03"},{"lineNumber":46,"author":{"gitId":"yinyin377"},"content":"        catch (DukeException ex){","lastModifiedDate":"2021-09-03"},{"lineNumber":47,"author":{"gitId":"yinyin377"},"content":"            System.out.println(ex.getMessage());","lastModifiedDate":"2021-09-03"},{"lineNumber":48,"author":{"gitId":"yinyin377"},"content":"        }","lastModifiedDate":"2021-09-03"},{"lineNumber":49,"author":{"gitId":"yinyin377"},"content":"        printLine();","lastModifiedDate":"2021-09-03"},{"lineNumber":50,"author":{"gitId":"yinyin377"},"content":"    }","lastModifiedDate":"2021-09-03"},{"lineNumber":51,"author":{"gitId":"yinyin377"},"content":"","lastModifiedDate":"2021-09-03"},{"lineNumber":52,"author":{"gitId":"-"},"content":"    public static void main(String[] args){","lastModifiedDate":"2019-07-29"},{"lineNumber":53,"author":{"gitId":"yinyin377"},"content":"        showGreetings();","lastModifiedDate":"2021-09-03"},{"lineNumber":54,"author":{"gitId":"yinyin377"},"content":"        Scanner myObj \u003d new Scanner(System.in);","lastModifiedDate":"2021-09-03"},{"lineNumber":55,"author":{"gitId":"yinyin377"},"content":"        String userInput;","lastModifiedDate":"2021-09-03"},{"lineNumber":56,"author":{"gitId":"yinyin377"},"content":"        while (myObj.hasNextLine()) {","lastModifiedDate":"2021-09-03"},{"lineNumber":57,"author":{"gitId":"yinyin377"},"content":"            userInput \u003d myObj.nextLine();","lastModifiedDate":"2021-09-03"},{"lineNumber":58,"author":{"gitId":"yinyin377"},"content":"            String[] split \u003d userInput.split(\" \");","lastModifiedDate":"2021-09-03"},{"lineNumber":59,"author":{"gitId":"yinyin377"},"content":"            String first \u003d split[0];","lastModifiedDate":"2021-09-03"},{"lineNumber":60,"author":{"gitId":"yinyin377"},"content":"            if (userInput.equals(\"list\")) {","lastModifiedDate":"2021-09-03"},{"lineNumber":61,"author":{"gitId":"yinyin377"},"content":"                //Print list of tasks","lastModifiedDate":"2021-09-03"},{"lineNumber":62,"author":{"gitId":"yinyin377"},"content":"                printLine();","lastModifiedDate":"2021-09-03"},{"lineNumber":63,"author":{"gitId":"yinyin377"},"content":"                System.out.println(\"Here are the tasks in your list:\");","lastModifiedDate":"2021-09-03"},{"lineNumber":64,"author":{"gitId":"yinyin377"},"content":"                for (int i \u003d 0; i \u003c taskCount; i++) {","lastModifiedDate":"2021-09-03"},{"lineNumber":65,"author":{"gitId":"yinyin377"},"content":"                    System.out.println((i + 1) + \". \" + tasklist.get(i).toString());","lastModifiedDate":"2021-09-03"},{"lineNumber":66,"author":{"gitId":"yinyin377"},"content":"                }","lastModifiedDate":"2021-08-13"},{"lineNumber":67,"author":{"gitId":"yinyin377"},"content":"                printLine();","lastModifiedDate":"2021-09-03"},{"lineNumber":68,"author":{"gitId":"yinyin377"},"content":"                continue;","lastModifiedDate":"2021-09-03"},{"lineNumber":69,"author":{"gitId":"yinyin377"},"content":"            }","lastModifiedDate":"2021-08-13"},{"lineNumber":70,"author":{"gitId":"yinyin377"},"content":"            if (userInput.equals(\"bye\")) {","lastModifiedDate":"2021-09-03"},{"lineNumber":71,"author":{"gitId":"yinyin377"},"content":"                break;","lastModifiedDate":"2021-09-03"},{"lineNumber":72,"author":{"gitId":"yinyin377"},"content":"            }","lastModifiedDate":"2021-08-13"},{"lineNumber":73,"author":{"gitId":"yinyin377"},"content":"            else if (first.equals(\"done\")) {","lastModifiedDate":"2021-09-03"},{"lineNumber":74,"author":{"gitId":"yinyin377"},"content":"                //Get task index to mark as done","lastModifiedDate":"2021-09-03"},{"lineNumber":75,"author":{"gitId":"yinyin377"},"content":"                String second \u003d split[1];","lastModifiedDate":"2021-09-03"},{"lineNumber":76,"author":{"gitId":"yinyin377"},"content":"                tasklist.get(Integer.parseInt(second) - 1).markAsDone();","lastModifiedDate":"2021-09-03"},{"lineNumber":77,"author":{"gitId":"yinyin377"},"content":"                printLine();","lastModifiedDate":"2021-09-03"},{"lineNumber":78,"author":{"gitId":"yinyin377"},"content":"                System.out.println(\"Nice! I\u0027ve marked this task as done: \");","lastModifiedDate":"2021-09-03"},{"lineNumber":79,"author":{"gitId":"yinyin377"},"content":"                System.out.println(tasklist.get(Integer.parseInt(second) - 1).getStatusIcon() + \" \" + tasklist.get(Integer.parseInt(second) - 1).description);","lastModifiedDate":"2021-09-03"},{"lineNumber":80,"author":{"gitId":"yinyin377"},"content":"                printLine();","lastModifiedDate":"2021-09-03"},{"lineNumber":81,"author":{"gitId":"yinyin377"},"content":"            } else {","lastModifiedDate":"2021-09-03"},{"lineNumber":82,"author":{"gitId":"yinyin377"},"content":"                printLine();","lastModifiedDate":"2021-09-03"},{"lineNumber":83,"author":{"gitId":"yinyin377"},"content":"                if (first.equals(\"todo\")) {","lastModifiedDate":"2021-09-03"},{"lineNumber":84,"author":{"gitId":"yinyin377"},"content":"                    //add to-do task and return exception if task name is empty","lastModifiedDate":"2021-09-03"},{"lineNumber":85,"author":{"gitId":"yinyin377"},"content":"                    try{","lastModifiedDate":"2021-09-03"},{"lineNumber":86,"author":{"gitId":"yinyin377"},"content":"                        String[] split01 \u003d userInput.split(\" \");","lastModifiedDate":"2021-09-03"},{"lineNumber":87,"author":{"gitId":"yinyin377"},"content":"                        String firstTD \u003d split01[0];","lastModifiedDate":"2021-09-03"},{"lineNumber":88,"author":{"gitId":"yinyin377"},"content":"                        String secondTD \u003d split01[1];","lastModifiedDate":"2021-09-03"},{"lineNumber":89,"author":{"gitId":"yinyin377"},"content":"                        addTask(new ToDo(secondTD));","lastModifiedDate":"2021-09-03"},{"lineNumber":90,"author":{"gitId":"yinyin377"},"content":"                        showAddedTasks(tasklist.get(taskCount-1).toString(),taskCount);","lastModifiedDate":"2021-09-03"},{"lineNumber":91,"author":{"gitId":"yinyin377"},"content":"                    }","lastModifiedDate":"2021-09-03"},{"lineNumber":92,"author":{"gitId":"yinyin377"},"content":"                    catch (ArrayIndexOutOfBoundsException e){","lastModifiedDate":"2021-09-03"},{"lineNumber":93,"author":{"gitId":"yinyin377"},"content":"                        checkException(\"☹ OOPS!!! The description of a todo cannot be empty.\");","lastModifiedDate":"2021-09-03"},{"lineNumber":94,"author":{"gitId":"yinyin377"},"content":"                        continue;","lastModifiedDate":"2021-09-03"},{"lineNumber":95,"author":{"gitId":"yinyin377"},"content":"                    }","lastModifiedDate":"2021-09-03"},{"lineNumber":96,"author":{"gitId":"yinyin377"},"content":"                }","lastModifiedDate":"2021-08-13"},{"lineNumber":97,"author":{"gitId":"yinyin377"},"content":"                if (first.equals(\"deadline\")) {","lastModifiedDate":"2021-09-03"},{"lineNumber":98,"author":{"gitId":"yinyin377"},"content":"                    //add deadline task and return exception if task name is empty","lastModifiedDate":"2021-09-03"},{"lineNumber":99,"author":{"gitId":"yinyin377"},"content":"                    try{","lastModifiedDate":"2021-09-03"},{"lineNumber":100,"author":{"gitId":"yinyin377"},"content":"                        String[] headerSplit02 \u003d userInput.split(\"deadline\");","lastModifiedDate":"2021-09-03"},{"lineNumber":101,"author":{"gitId":"yinyin377"},"content":"                        String[] split02 \u003d headerSplit02[1].split(\"/by\");","lastModifiedDate":"2021-09-03"},{"lineNumber":102,"author":{"gitId":"yinyin377"},"content":"                        String firstD \u003d split02[0];","lastModifiedDate":"2021-09-03"},{"lineNumber":103,"author":{"gitId":"yinyin377"},"content":"                        String secondD \u003d split02[1];","lastModifiedDate":"2021-09-03"},{"lineNumber":104,"author":{"gitId":"yinyin377"},"content":"                        addTask(new Deadline(firstD, secondD));","lastModifiedDate":"2021-09-03"},{"lineNumber":105,"author":{"gitId":"yinyin377"},"content":"                        showAddedTasks(tasklist.get(taskCount-1).toString(),taskCount);","lastModifiedDate":"2021-09-03"},{"lineNumber":106,"author":{"gitId":"yinyin377"},"content":"                    }","lastModifiedDate":"2021-09-03"},{"lineNumber":107,"author":{"gitId":"yinyin377"},"content":"                    catch (ArrayIndexOutOfBoundsException e){","lastModifiedDate":"2021-09-03"},{"lineNumber":108,"author":{"gitId":"yinyin377"},"content":"                        checkException(\"☹ OOPS!!! The description of a deadline cannot be empty.\");","lastModifiedDate":"2021-09-03"},{"lineNumber":109,"author":{"gitId":"yinyin377"},"content":"                        continue;","lastModifiedDate":"2021-09-03"},{"lineNumber":110,"author":{"gitId":"yinyin377"},"content":"                    }","lastModifiedDate":"2021-09-03"},{"lineNumber":111,"author":{"gitId":"yinyin377"},"content":"                }","lastModifiedDate":"2021-08-13"},{"lineNumber":112,"author":{"gitId":"yinyin377"},"content":"                if (first.equals(\"event\")) {","lastModifiedDate":"2021-09-03"},{"lineNumber":113,"author":{"gitId":"yinyin377"},"content":"                    //add event task and return exception if task name is empty","lastModifiedDate":"2021-09-03"},{"lineNumber":114,"author":{"gitId":"yinyin377"},"content":"                    try{","lastModifiedDate":"2021-09-03"},{"lineNumber":115,"author":{"gitId":"yinyin377"},"content":"                        String[] headerSplit03 \u003d userInput.split(\"event\");","lastModifiedDate":"2021-09-03"},{"lineNumber":116,"author":{"gitId":"yinyin377"},"content":"                        String[] split03 \u003d headerSplit03[1].split(\"/at\");","lastModifiedDate":"2021-09-03"},{"lineNumber":117,"author":{"gitId":"yinyin377"},"content":"                        String firstE \u003d split03[0];","lastModifiedDate":"2021-09-03"},{"lineNumber":118,"author":{"gitId":"yinyin377"},"content":"                        String secondE \u003d split03[1];","lastModifiedDate":"2021-09-03"},{"lineNumber":119,"author":{"gitId":"yinyin377"},"content":"                        addTask(new Event(firstE, secondE));","lastModifiedDate":"2021-09-03"},{"lineNumber":120,"author":{"gitId":"yinyin377"},"content":"                        showAddedTasks(tasklist.get(taskCount-1).toString(),taskCount);","lastModifiedDate":"2021-09-03"},{"lineNumber":121,"author":{"gitId":"yinyin377"},"content":"                    }","lastModifiedDate":"2021-08-13"},{"lineNumber":122,"author":{"gitId":"yinyin377"},"content":"                    catch (ArrayIndexOutOfBoundsException e){","lastModifiedDate":"2021-09-03"},{"lineNumber":123,"author":{"gitId":"yinyin377"},"content":"                        checkException(\"☹ OOPS!!! The description of a event cannot be empty.\");","lastModifiedDate":"2021-09-03"},{"lineNumber":124,"author":{"gitId":"yinyin377"},"content":"                        continue;","lastModifiedDate":"2021-09-03"},{"lineNumber":125,"author":{"gitId":"yinyin377"},"content":"                    }","lastModifiedDate":"2021-08-13"},{"lineNumber":126,"author":{"gitId":"yinyin377"},"content":"                }","lastModifiedDate":"2021-08-13"},{"lineNumber":127,"author":{"gitId":"yinyin377"},"content":"                else if (!first.equals(\"event\") \u0026\u0026 !first.equals(\"deadline\") \u0026\u0026!first.equals(\"todo\")) {","lastModifiedDate":"2021-09-03"},{"lineNumber":128,"author":{"gitId":"yinyin377"},"content":"                    checkException(\"☹ OOPS!!! I\u0027m sorry, but I don\u0027t know what that means :-(\");","lastModifiedDate":"2021-09-03"},{"lineNumber":129,"author":{"gitId":"yinyin377"},"content":"                    continue;","lastModifiedDate":"2021-09-03"},{"lineNumber":130,"author":{"gitId":"yinyin377"},"content":"                }","lastModifiedDate":"2021-09-03"},{"lineNumber":131,"author":{"gitId":"yinyin377"},"content":"                printLine();","lastModifiedDate":"2021-09-03"},{"lineNumber":132,"author":{"gitId":"yinyin377"},"content":"            }","lastModifiedDate":"2021-09-03"},{"lineNumber":133,"author":{"gitId":"yinyin377"},"content":"        }","lastModifiedDate":"2021-09-03"},{"lineNumber":134,"author":{"gitId":"yinyin377"},"content":"        showFarewell();","lastModifiedDate":"2021-09-03"},{"lineNumber":135,"author":{"gitId":"yinyin377"},"content":"    }","lastModifiedDate":"2021-08-13"},{"lineNumber":136,"author":{"gitId":"-"},"content":"}","lastModifiedDate":"2019-07-29"}],"authorContributionMap":{"yinyin377":133,"-":3}},{"path":"src/main/java/Duke/DukeException.java","fileType":"java","lines":[{"lineNumber":1,"author":{"gitId":"yinyin377"},"content":"package Duke;","lastModifiedDate":"2021-09-03"},{"lineNumber":2,"author":{"gitId":"yinyin377"},"content":"","lastModifiedDate":"2021-09-03"},{"lineNumber":3,"author":{"gitId":"yinyin377"},"content":"public class DukeException extends Exception  {","lastModifiedDate":"2021-09-03"},{"lineNumber":4,"author":{"gitId":"yinyin377"},"content":"    public DukeException(String message){","lastModifiedDate":"2021-09-03"},{"lineNumber":5,"author":{"gitId":"yinyin377"},"content":"        super(message);","lastModifiedDate":"2021-09-03"},{"lineNumber":6,"author":{"gitId":"yinyin377"},"content":"    }","lastModifiedDate":"2021-09-03"},{"lineNumber":7,"author":{"gitId":"yinyin377"},"content":"}","lastModifiedDate":"2021-09-03"}],"authorContributionMap":{"yinyin377":7}},{"path":"src/main/java/Duke/Event.java","fileType":"java","lines":[{"lineNumber":1,"author":{"gitId":"yinyin377"},"content":"package Duke;","lastModifiedDate":"2021-09-03"},{"lineNumber":2,"author":{"gitId":"yinyin377"},"content":"","lastModifiedDate":"2021-09-03"},{"lineNumber":3,"author":{"gitId":"yinyin377"},"content":"public class Event extends Task {","lastModifiedDate":"2021-09-03"},{"lineNumber":4,"author":{"gitId":"yinyin377"},"content":"","lastModifiedDate":"2021-09-03"},{"lineNumber":5,"author":{"gitId":"yinyin377"},"content":"    protected String at;","lastModifiedDate":"2021-09-03"},{"lineNumber":6,"author":{"gitId":"yinyin377"},"content":"","lastModifiedDate":"2021-09-03"},{"lineNumber":7,"author":{"gitId":"yinyin377"},"content":"    public Event(String description, String at) {","lastModifiedDate":"2021-09-03"},{"lineNumber":8,"author":{"gitId":"yinyin377"},"content":"        super(description);","lastModifiedDate":"2021-09-03"},{"lineNumber":9,"author":{"gitId":"yinyin377"},"content":"        this.at \u003d at;","lastModifiedDate":"2021-09-03"},{"lineNumber":10,"author":{"gitId":"yinyin377"},"content":"    }","lastModifiedDate":"2021-09-03"},{"lineNumber":11,"author":{"gitId":"yinyin377"},"content":"","lastModifiedDate":"2021-09-03"},{"lineNumber":12,"author":{"gitId":"yinyin377"},"content":"    @Override","lastModifiedDate":"2021-09-03"},{"lineNumber":13,"author":{"gitId":"yinyin377"},"content":"    public String toString() {","lastModifiedDate":"2021-09-03"},{"lineNumber":14,"author":{"gitId":"yinyin377"},"content":"        return \"[E]\" + super.toString() + \" (at:\" + at + \")\";","lastModifiedDate":"2021-09-03"},{"lineNumber":15,"author":{"gitId":"yinyin377"},"content":"    }","lastModifiedDate":"2021-09-03"},{"lineNumber":16,"author":{"gitId":"yinyin377"},"content":"}","lastModifiedDate":"2021-09-03"}],"authorContributionMap":{"yinyin377":16}},{"path":"src/main/java/Duke/Task.java","fileType":"java","lines":[{"lineNumber":1,"author":{"gitId":"yinyin377"},"content":"package Duke;","lastModifiedDate":"2021-09-03"},{"lineNumber":2,"author":{"gitId":"yinyin377"},"content":"","lastModifiedDate":"2021-09-03"},{"lineNumber":3,"author":{"gitId":"yinyin377"},"content":"abstract class Task {","lastModifiedDate":"2021-09-03"},{"lineNumber":4,"author":{"gitId":"yinyin377"},"content":"    protected String description;","lastModifiedDate":"2021-08-15"},{"lineNumber":5,"author":{"gitId":"yinyin377"},"content":"    protected boolean isDone;","lastModifiedDate":"2021-08-15"},{"lineNumber":6,"author":{"gitId":"yinyin377"},"content":"","lastModifiedDate":"2021-08-15"},{"lineNumber":7,"author":{"gitId":"yinyin377"},"content":"    public Task(String description) {","lastModifiedDate":"2021-08-15"},{"lineNumber":8,"author":{"gitId":"yinyin377"},"content":"        this.description \u003d description;","lastModifiedDate":"2021-08-15"},{"lineNumber":9,"author":{"gitId":"yinyin377"},"content":"        this.isDone \u003d false;","lastModifiedDate":"2021-08-15"},{"lineNumber":10,"author":{"gitId":"yinyin377"},"content":"    }","lastModifiedDate":"2021-08-15"},{"lineNumber":11,"author":{"gitId":"yinyin377"},"content":"","lastModifiedDate":"2021-08-15"},{"lineNumber":12,"author":{"gitId":"yinyin377"},"content":"    public String getStatusIcon() {","lastModifiedDate":"2021-09-03"},{"lineNumber":13,"author":{"gitId":"yinyin377"},"content":"        return \"[\" +(isDone ? \"\\u2713\" : \"\\u2718\")+\"]\" ; //return tick or X symbols","lastModifiedDate":"2021-09-03"},{"lineNumber":14,"author":{"gitId":"yinyin377"},"content":"    }","lastModifiedDate":"2021-08-15"},{"lineNumber":15,"author":{"gitId":"yinyin377"},"content":"","lastModifiedDate":"2021-08-15"},{"lineNumber":16,"author":{"gitId":"yinyin377"},"content":"    public String markAsDone() {","lastModifiedDate":"2021-09-03"},{"lineNumber":17,"author":{"gitId":"yinyin377"},"content":"        this.isDone \u003d true;","lastModifiedDate":"2021-08-15"},{"lineNumber":18,"author":{"gitId":"yinyin377"},"content":"        return (getStatusIcon()); //return tick or X symbols","lastModifiedDate":"2021-09-03"},{"lineNumber":19,"author":{"gitId":"yinyin377"},"content":"    }","lastModifiedDate":"2021-08-15"},{"lineNumber":20,"author":{"gitId":"yinyin377"},"content":"","lastModifiedDate":"2021-08-15"},{"lineNumber":21,"author":{"gitId":"yinyin377"},"content":"    @Override","lastModifiedDate":"2021-09-03"},{"lineNumber":22,"author":{"gitId":"yinyin377"},"content":"    public String toString(){","lastModifiedDate":"2021-08-15"},{"lineNumber":23,"author":{"gitId":"yinyin377"},"content":"        return getStatusIcon() + \" \" + this.description;","lastModifiedDate":"2021-09-03"},{"lineNumber":24,"author":{"gitId":"yinyin377"},"content":"    }","lastModifiedDate":"2021-08-15"},{"lineNumber":25,"author":{"gitId":"yinyin377"},"content":"}","lastModifiedDate":"2021-08-15"}],"authorContributionMap":{"yinyin377":25}},{"path":"src/main/java/Duke/ToDo.java","fileType":"java","lines":[{"lineNumber":1,"author":{"gitId":"yinyin377"},"content":"package Duke;","lastModifiedDate":"2021-09-03"},{"lineNumber":2,"author":{"gitId":"yinyin377"},"content":"","lastModifiedDate":"2021-09-03"},{"lineNumber":3,"author":{"gitId":"yinyin377"},"content":"public class ToDo extends Task {","lastModifiedDate":"2021-09-03"},{"lineNumber":4,"author":{"gitId":"yinyin377"},"content":"","lastModifiedDate":"2021-09-03"},{"lineNumber":5,"author":{"gitId":"yinyin377"},"content":"    protected String by;","lastModifiedDate":"2021-09-03"},{"lineNumber":6,"author":{"gitId":"yinyin377"},"content":"","lastModifiedDate":"2021-09-03"},{"lineNumber":7,"author":{"gitId":"yinyin377"},"content":"    public ToDo(String description) {","lastModifiedDate":"2021-09-03"},{"lineNumber":8,"author":{"gitId":"yinyin377"},"content":"        super(description);","lastModifiedDate":"2021-09-03"},{"lineNumber":9,"author":{"gitId":"yinyin377"},"content":"    }","lastModifiedDate":"2021-09-03"},{"lineNumber":10,"author":{"gitId":"yinyin377"},"content":"","lastModifiedDate":"2021-09-03"},{"lineNumber":11,"author":{"gitId":"yinyin377"},"content":"    @Override","lastModifiedDate":"2021-09-03"},{"lineNumber":12,"author":{"gitId":"yinyin377"},"content":"    public String toString() {","lastModifiedDate":"2021-09-03"},{"lineNumber":13,"author":{"gitId":"yinyin377"},"content":"        return \"[T]\" + super.toString();","lastModifiedDate":"2021-09-03"},{"lineNumber":14,"author":{"gitId":"yinyin377"},"content":"    }","lastModifiedDate":"2021-09-03"},{"lineNumber":15,"author":{"gitId":"yinyin377"},"content":"}","lastModifiedDate":"2021-09-03"}],"authorContributionMap":{"yinyin377":15}}]
