{"authorDailyContributionsMap":{"yinyin377":[{"date":"2021-08-13","commitResults":[{"hash":"b6e47efc4f7ffd8cd595add57a2780c83c849794","messageTitle":"Level-0","messageBody":"","tags":["Level-0"],"fileTypesAndContributionMap":{"java":{"insertions":13,"deletions":0}}},{"hash":"4a69c830434ee1249dd48c94d7a5d867f6ad8da5","messageTitle":"Level-1","messageBody":"","tags":["Level-1"],"fileTypesAndContributionMap":{"java":{"insertions":28,"deletions":3}}},{"hash":"7a2c6e33cabb48504a13cb70eb7d8d23bc9ce905","messageTitle":"Level-2","messageBody":"","fileTypesAndContributionMap":{"java":{"insertions":19,"deletions":3}}},{"hash":"941a835375f96e582b31732e344d00489f9caf67","messageTitle":"Level-2","messageBody":"","tags":["Level-2"],"fileTypesAndContributionMap":{"java":{"insertions":0,"deletions":1}}}]},{"date":"2021-08-15","commitResults":[{"hash":"b0895250765e8f02e10d2aad71a6a94bb053623a","messageTitle":"Level-3","messageBody":"","tags":["Level-3"],"fileTypesAndContributionMap":{"java":{"insertions":46,"deletions":9}}}]}]},"authorFileTypeContributionMap":{"yinyin377":{"java":89,"md":0,"fxml":0,"sh":0,"bat":0,"gradle":0,"txt":0}},"authorContributionVariance":{"yinyin377":769.6734},"authorDisplayNameMap":{"yinyin377":"LIM .. YIN"}}
