{"authorDailyContributionsMap":{"yinyin377":[{"date":"2021-08-13","commitResults":[{"hash":"b6e47efc4f7ffd8cd595add57a2780c83c849794","messageTitle":"Level-0","messageBody":"","tags":["Level-0"],"fileTypesAndContributionMap":{"java":{"insertions":13,"deletions":0}}},{"hash":"4a69c830434ee1249dd48c94d7a5d867f6ad8da5","messageTitle":"Level-1","messageBody":"","tags":["Level-1"],"fileTypesAndContributionMap":{"java":{"insertions":28,"deletions":3}}},{"hash":"7a2c6e33cabb48504a13cb70eb7d8d23bc9ce905","messageTitle":"Level-2","messageBody":"","fileTypesAndContributionMap":{"java":{"insertions":19,"deletions":3}}},{"hash":"941a835375f96e582b31732e344d00489f9caf67","messageTitle":"Level-2","messageBody":"","tags":["Level-2"],"fileTypesAndContributionMap":{"java":{"insertions":0,"deletions":1}}}]},{"date":"2021-08-15","commitResults":[{"hash":"b0895250765e8f02e10d2aad71a6a94bb053623a","messageTitle":"Level-3","messageBody":"","tags":["Level-3"],"fileTypesAndContributionMap":{"java":{"insertions":46,"deletions":9}}}]},{"date":"2021-09-03","commitResults":[{"hash":"7a3dfbe6793747c82205b16d4af49bcf22c2f70e","messageTitle":"Level-4","messageBody":"","tags":["Level-4"],"fileTypesAndContributionMap":{"java":{"insertions":112,"deletions":64}}},{"hash":"38635beb9f975da60a1ef42c7d698d9c412526f1","messageTitle":"A-CodingStandard","messageBody":"","tags":["A-CodingStandard"],"fileTypesAndContributionMap":{"java":{"insertions":15,"deletions":10}}},{"hash":"7cdd74ad561a07d06b1c683716437d181ab547c5","messageTitle":"Level-5","messageBody":"","tags":["Level-5"],"fileTypesAndContributionMap":{"java":{"insertions":20,"deletions":2}}},{"hash":"17e0c3e2419cbaad0714bd3a0fed3571eb8d0b67","messageTitle":"A-Exceptions","messageBody":"","tags":["A-Exceptions"],"fileTypesAndContributionMap":{"java":{"insertions":67,"deletions":42}}},{"hash":"9a19157d034a9e496d8552ba37797d8221efb067","messageTitle":"A-CodeQuality","messageBody":"","tags":["A-CodeQuality"],"fileTypesAndContributionMap":{"java":{"insertions":30,"deletions":23}}},{"hash":"8a6e17f61b88a9beaaa66930b47085592f33c498","messageTitle":"A-AbstractClasses","messageBody":"","tags":["A-AbstractClasses"],"fileTypesAndContributionMap":{"java":{"insertions":1,"deletions":1}}},{"hash":"f9abf78c699c12b2949e186841dfb899e78a3086","messageTitle":"Level-5","messageBody":"","fileTypesAndContributionMap":{"java":{"insertions":20,"deletions":2}}},{"hash":"4c6030fd9c9c83c3500354ee118a60be16a4c3de","messageTitle":"A-CodeQuality","messageBody":"","fileTypesAndContributionMap":{"java":{"insertions":82,"deletions":50}}},{"hash":"6fb2d371c832620609effee3d33367a5d60e2452","messageTitle":"Revert \"Revert \"A-CodeQuality\"\"","messageBody":"This reverts commit 551d8003b388d2d71e1a309f6a1745424ee22e0d.\n","fileTypesAndContributionMap":{"java":{"insertions":1,"deletions":1}}},{"hash":"e5e1831ee47a7ce32464b81af7d1aa65b1e0c585","messageTitle":"A-CodeQuality","messageBody":"","fileTypesAndContributionMap":{"java":{"insertions":4,"deletions":2}}},{"hash":"d725bcbfbe93fa79af88dfcc648f9597ae0ecbee","messageTitle":"A-CodeQuality","messageBody":"","fileTypesAndContributionMap":{"java":{"insertions":1,"deletions":1}}},{"hash":"537072e96123b1cb8e4ffa32ae47205c05980a22","messageTitle":"A-AbstractClasses","messageBody":"","fileTypesAndContributionMap":{"java":{"insertions":1,"deletions":1}}},{"hash":"b2e7736a387e2d3543009c7ec4f5c80966c61a12","messageTitle":"A-AbstractClasses","messageBody":"","fileTypesAndContributionMap":{"java":{"insertions":2,"deletions":4}}},{"hash":"902011ef817bd50fbc9549a42673c51c09b6b604","messageTitle":"A-AbstractClasses","messageBody":"","fileTypesAndContributionMap":{"java":{"insertions":1,"deletions":1}}},{"hash":"a5be59f58f783188e3931ce4e25157a3a4fffb34","messageTitle":"A-AbstractClasses","messageBody":"","fileTypesAndContributionMap":{"java":{"insertions":1,"deletions":1}}},{"hash":"10bc40e5629e0010433aebca4fa711dd3f7d732c","messageTitle":"A-AbstractClasses","messageBody":"","fileTypesAndContributionMap":{"java":{"insertions":1,"deletions":1}}},{"hash":"9a5376df00026b39b5497ac646a65a1a447449f9","messageTitle":"Revert \"A-AbstractClasses\"","messageBody":"This reverts commit 10bc40e5629e0010433aebca4fa711dd3f7d732c.\n","fileTypesAndContributionMap":{"java":{"insertions":1,"deletions":1}}},{"hash":"7b5c5ae7eed842a5d9a37590bb51da213bc491d8","messageTitle":"A-Packages","messageBody":"","tags":["A-Packages"],"fileTypesAndContributionMap":{"java":{"insertions":13,"deletions":1}}}]}]},"authorFileTypeContributionMap":{"yinyin377":{"java":212,"md":0,"fxml":0,"sh":0,"bat":0,"gradle":0,"txt":0}},"authorContributionVariance":{"yinyin377":12541.037},"authorDisplayNameMap":{"yinyin377":"TIC4001-F18-4 LIM .. YIN"}}
