[{"path":"src/main/java/Duke.java","fileType":"java","lines":[{"lineNumber":1,"author":{"gitId":"YangShuogeng"},"content":"import java.util.Vector;","lastModifiedDate":"2021-08-24"},{"lineNumber":2,"author":{"gitId":"YangShuogeng"},"content":"","lastModifiedDate":"2021-08-24"},{"lineNumber":3,"author":{"gitId":"YangShuogeng"},"content":"import System_output.Output_On_Screen;","lastModifiedDate":"2021-08-24"},{"lineNumber":4,"author":{"gitId":"YangShuogeng"},"content":"import Task_Classes.Task;","lastModifiedDate":"2021-08-24"},{"lineNumber":5,"author":{"gitId":"YangShuogeng"},"content":"import User_Input.Input_Scanner;","lastModifiedDate":"2021-08-24"},{"lineNumber":6,"author":{"gitId":"YangShuogeng"},"content":"","lastModifiedDate":"2021-08-24"},{"lineNumber":7,"author":{"gitId":"-"},"content":"public class Duke {","lastModifiedDate":"2019-07-29"},{"lineNumber":8,"author":{"gitId":"-"},"content":"    public static void main(String[] args) {","lastModifiedDate":"2019-07-29"},{"lineNumber":9,"author":{"gitId":"-"},"content":"        String logo \u003d \" ____        _        \\n\"","lastModifiedDate":"2019-07-29"},{"lineNumber":10,"author":{"gitId":"-"},"content":"                + \"|  _ \\\\ _   _| | _____ \\n\"","lastModifiedDate":"2019-07-29"},{"lineNumber":11,"author":{"gitId":"-"},"content":"                + \"| | | | | | | |/ / _ \\\\\\n\"","lastModifiedDate":"2019-07-29"},{"lineNumber":12,"author":{"gitId":"-"},"content":"                + \"| |_| | |_| |   \u003c  __/\\n\"","lastModifiedDate":"2019-07-29"},{"lineNumber":13,"author":{"gitId":"-"},"content":"                + \"|____/ \\\\__,_|_|\\\\_\\\\___|\\n\";","lastModifiedDate":"2019-07-29"},{"lineNumber":14,"author":{"gitId":"-"},"content":"        System.out.println(\"Hello from\\n\" + logo);","lastModifiedDate":"2019-07-29"},{"lineNumber":15,"author":{"gitId":"YangShuogeng"},"content":"","lastModifiedDate":"2021-08-24"},{"lineNumber":16,"author":{"gitId":"YangShuogeng"},"content":"        Output_On_Screen.Separated_Line();","lastModifiedDate":"2021-08-24"},{"lineNumber":17,"author":{"gitId":"YangShuogeng"},"content":"        Output_On_Screen.Greeting_Output();","lastModifiedDate":"2021-08-24"},{"lineNumber":18,"author":{"gitId":"YangShuogeng"},"content":"        Output_On_Screen.Separated_Line();","lastModifiedDate":"2021-08-24"},{"lineNumber":19,"author":{"gitId":"YangShuogeng"},"content":"        System.out.println(\"\");","lastModifiedDate":"2021-08-24"},{"lineNumber":20,"author":{"gitId":"YangShuogeng"},"content":"","lastModifiedDate":"2021-08-24"},{"lineNumber":21,"author":{"gitId":"YangShuogeng"},"content":"        Vector\u003cTask\u003e List \u003d new Vector\u003cTask\u003e();","lastModifiedDate":"2021-08-24"},{"lineNumber":22,"author":{"gitId":"YangShuogeng"},"content":"","lastModifiedDate":"2021-08-24"},{"lineNumber":23,"author":{"gitId":"YangShuogeng"},"content":"        boolean n \u003d true;","lastModifiedDate":"2021-08-24"},{"lineNumber":24,"author":{"gitId":"YangShuogeng"},"content":"        while(n){","lastModifiedDate":"2021-08-24"},{"lineNumber":25,"author":{"gitId":"YangShuogeng"},"content":"            n \u003d Input_Scanner.InputStart(List);","lastModifiedDate":"2021-08-25"},{"lineNumber":26,"author":{"gitId":"YangShuogeng"},"content":"            System.out.println(\"\");","lastModifiedDate":"2021-08-24"},{"lineNumber":27,"author":{"gitId":"YangShuogeng"},"content":"        }","lastModifiedDate":"2021-08-24"},{"lineNumber":28,"author":{"gitId":"-"},"content":"    }","lastModifiedDate":"2019-07-29"},{"lineNumber":29,"author":{"gitId":"-"},"content":"}","lastModifiedDate":"2019-07-29"}],"authorContributionMap":{"-":10,"YangShuogeng":19}},{"path":"src/main/java/System_output/Output_On_Screen.java","fileType":"java","lines":[{"lineNumber":1,"author":{"gitId":"YangShuogeng"},"content":"package System_output;","lastModifiedDate":"2021-08-24"},{"lineNumber":2,"author":{"gitId":"YangShuogeng"},"content":"","lastModifiedDate":"2021-08-24"},{"lineNumber":3,"author":{"gitId":"YangShuogeng"},"content":"","lastModifiedDate":"2021-08-24"},{"lineNumber":4,"author":{"gitId":"YangShuogeng"},"content":"import Task_Classes.*;","lastModifiedDate":"2021-08-25"},{"lineNumber":5,"author":{"gitId":"YangShuogeng"},"content":"","lastModifiedDate":"2021-08-24"},{"lineNumber":6,"author":{"gitId":"YangShuogeng"},"content":"import java.util.List;","lastModifiedDate":"2021-08-24"},{"lineNumber":7,"author":{"gitId":"YangShuogeng"},"content":"import java.util.Vector;","lastModifiedDate":"2021-08-25"},{"lineNumber":8,"author":{"gitId":"YangShuogeng"},"content":"","lastModifiedDate":"2021-08-24"},{"lineNumber":9,"author":{"gitId":"YangShuogeng"},"content":"public class Output_On_Screen {","lastModifiedDate":"2021-08-24"},{"lineNumber":10,"author":{"gitId":"YangShuogeng"},"content":"","lastModifiedDate":"2021-08-24"},{"lineNumber":11,"author":{"gitId":"YangShuogeng"},"content":"    /**","lastModifiedDate":"2021-08-24"},{"lineNumber":12,"author":{"gitId":"YangShuogeng"},"content":"     * The greeting with some instruction","lastModifiedDate":"2021-08-24"},{"lineNumber":13,"author":{"gitId":"YangShuogeng"},"content":"     */","lastModifiedDate":"2021-08-24"},{"lineNumber":14,"author":{"gitId":"YangShuogeng"},"content":"    public static void Greeting_Output() {","lastModifiedDate":"2021-08-24"},{"lineNumber":15,"author":{"gitId":"YangShuogeng"},"content":"        System.out.println(\"     Hello! I\u0027m Duke\");","lastModifiedDate":"2021-08-24"},{"lineNumber":16,"author":{"gitId":"YangShuogeng"},"content":"        System.out.println(\"     What can I do for you?\");","lastModifiedDate":"2021-08-24"},{"lineNumber":17,"author":{"gitId":"YangShuogeng"},"content":"        //System.out.println(\"     **Date and time input format: /by(at): **\");","lastModifiedDate":"2021-08-24"},{"lineNumber":18,"author":{"gitId":"YangShuogeng"},"content":"        //System.out.println(\"     **1. Deadline: YYYY-MM-DD Hour(0-23):Minute(0-59)**\");","lastModifiedDate":"2021-08-24"},{"lineNumber":19,"author":{"gitId":"YangShuogeng"},"content":"        //System.out.println(\"     **2. YYYY-MM-DD Hour(0-23):Minute(0-59) -\u003e Hour(0-23):Minutes(0-59)**\");","lastModifiedDate":"2021-08-24"},{"lineNumber":20,"author":{"gitId":"YangShuogeng"},"content":"        //System.out.println(\"     **3. YYYY-MM-DD Hour(0-23):Minute(0-59) -\u003e YYYY-MM-DD Hour(0-23):Minute(0-59)**\");","lastModifiedDate":"2021-08-24"},{"lineNumber":21,"author":{"gitId":"YangShuogeng"},"content":"    }","lastModifiedDate":"2021-08-24"},{"lineNumber":22,"author":{"gitId":"YangShuogeng"},"content":"","lastModifiedDate":"2021-08-24"},{"lineNumber":23,"author":{"gitId":"YangShuogeng"},"content":"    /**","lastModifiedDate":"2021-08-24"},{"lineNumber":24,"author":{"gitId":"YangShuogeng"},"content":"     * Sperated_Line","lastModifiedDate":"2021-08-24"},{"lineNumber":25,"author":{"gitId":"YangShuogeng"},"content":"     */","lastModifiedDate":"2021-08-24"},{"lineNumber":26,"author":{"gitId":"YangShuogeng"},"content":"    public static void Separated_Line(){","lastModifiedDate":"2021-08-24"},{"lineNumber":27,"author":{"gitId":"YangShuogeng"},"content":"        System.out.print(\"    \");","lastModifiedDate":"2021-08-24"},{"lineNumber":28,"author":{"gitId":"YangShuogeng"},"content":"        for(int i\u003d0; i\u003c100; i++){","lastModifiedDate":"2021-08-24"},{"lineNumber":29,"author":{"gitId":"YangShuogeng"},"content":"            System.out.print(\"_\");","lastModifiedDate":"2021-08-24"},{"lineNumber":30,"author":{"gitId":"YangShuogeng"},"content":"        }","lastModifiedDate":"2021-08-24"},{"lineNumber":31,"author":{"gitId":"YangShuogeng"},"content":"        System.out.println(\"\");","lastModifiedDate":"2021-08-24"},{"lineNumber":32,"author":{"gitId":"YangShuogeng"},"content":"    }","lastModifiedDate":"2021-08-24"},{"lineNumber":33,"author":{"gitId":"YangShuogeng"},"content":"","lastModifiedDate":"2021-08-24"},{"lineNumber":34,"author":{"gitId":"YangShuogeng"},"content":"    /**","lastModifiedDate":"2021-08-24"},{"lineNumber":35,"author":{"gitId":"YangShuogeng"},"content":"     * Goodbye Output","lastModifiedDate":"2021-08-24"},{"lineNumber":36,"author":{"gitId":"YangShuogeng"},"content":"     */","lastModifiedDate":"2021-08-24"},{"lineNumber":37,"author":{"gitId":"YangShuogeng"},"content":"    public static void GoodBye(){","lastModifiedDate":"2021-08-24"},{"lineNumber":38,"author":{"gitId":"YangShuogeng"},"content":"        System.out.println(\"     Bye. Hope to see you again soon!\");","lastModifiedDate":"2021-08-24"},{"lineNumber":39,"author":{"gitId":"YangShuogeng"},"content":"    }","lastModifiedDate":"2021-08-24"},{"lineNumber":40,"author":{"gitId":"YangShuogeng"},"content":"","lastModifiedDate":"2021-08-24"},{"lineNumber":41,"author":{"gitId":"YangShuogeng"},"content":"    /**","lastModifiedDate":"2021-08-24"},{"lineNumber":42,"author":{"gitId":"YangShuogeng"},"content":"     * Output after mark particular task status as done","lastModifiedDate":"2021-08-24"},{"lineNumber":43,"author":{"gitId":"YangShuogeng"},"content":"     *","lastModifiedDate":"2021-08-25"},{"lineNumber":44,"author":{"gitId":"YangShuogeng"},"content":"     * @param List The entire Task List","lastModifiedDate":"2021-08-25"},{"lineNumber":45,"author":{"gitId":"YangShuogeng"},"content":"     * @param n is the Task Sequence number in the Task List","lastModifiedDate":"2021-08-25"},{"lineNumber":46,"author":{"gitId":"YangShuogeng"},"content":"     */","lastModifiedDate":"2021-08-24"},{"lineNumber":47,"author":{"gitId":"YangShuogeng"},"content":"    public static void MarkAsDone_Output(Vector\u003cTask\u003e List, int n){","lastModifiedDate":"2021-08-25"},{"lineNumber":48,"author":{"gitId":"YangShuogeng"},"content":"        System.out.println(\"     Nice! I\u0027ve marked this task as done:\");","lastModifiedDate":"2021-08-24"},{"lineNumber":49,"author":{"gitId":"YangShuogeng"},"content":"        System.out.println(\"       [\" +","lastModifiedDate":"2021-08-25"},{"lineNumber":50,"author":{"gitId":"YangShuogeng"},"content":"                List.get(n).getType() + \"][\" +","lastModifiedDate":"2021-08-25"},{"lineNumber":51,"author":{"gitId":"YangShuogeng"},"content":"                List.get(n).getStatusIcon() + \"] \" + List.get(n).getDescription());","lastModifiedDate":"2021-08-25"},{"lineNumber":52,"author":{"gitId":"YangShuogeng"},"content":"","lastModifiedDate":"2021-08-25"},{"lineNumber":53,"author":{"gitId":"YangShuogeng"},"content":"        Separated_Line();","lastModifiedDate":"2021-08-25"},{"lineNumber":54,"author":{"gitId":"YangShuogeng"},"content":"    }","lastModifiedDate":"2021-08-25"},{"lineNumber":55,"author":{"gitId":"YangShuogeng"},"content":"","lastModifiedDate":"2021-08-25"},{"lineNumber":56,"author":{"gitId":"YangShuogeng"},"content":"    /**","lastModifiedDate":"2021-08-25"},{"lineNumber":57,"author":{"gitId":"YangShuogeng"},"content":"     * Print the list onto screen","lastModifiedDate":"2021-08-25"},{"lineNumber":58,"author":{"gitId":"YangShuogeng"},"content":"     *","lastModifiedDate":"2021-08-25"},{"lineNumber":59,"author":{"gitId":"YangShuogeng"},"content":"     * @param List The entire Task List","lastModifiedDate":"2021-08-25"},{"lineNumber":60,"author":{"gitId":"YangShuogeng"},"content":"     */","lastModifiedDate":"2021-08-25"},{"lineNumber":61,"author":{"gitId":"YangShuogeng"},"content":"    public static void Print_Out_List(Vector\u003cTask\u003e List){","lastModifiedDate":"2021-08-25"},{"lineNumber":62,"author":{"gitId":"YangShuogeng"},"content":"        System.out.println(\"     Here are the task(s) in your list:\");","lastModifiedDate":"2021-08-25"},{"lineNumber":63,"author":{"gitId":"YangShuogeng"},"content":"        for (int i \u003d 0; i \u003c List.size(); i++) {","lastModifiedDate":"2021-08-25"},{"lineNumber":64,"author":{"gitId":"YangShuogeng"},"content":"            int j \u003d i + 1;","lastModifiedDate":"2021-08-25"},{"lineNumber":65,"author":{"gitId":"YangShuogeng"},"content":"            System.out.println(\"     \" + j + \".\" +","lastModifiedDate":"2021-08-25"},{"lineNumber":66,"author":{"gitId":"YangShuogeng"},"content":"                    \"[\" + List.get(i).getType() + \"]\" +","lastModifiedDate":"2021-08-25"},{"lineNumber":67,"author":{"gitId":"YangShuogeng"},"content":"                    \"[\" + List.get(i).getStatusIcon() + \"] \" + List.get(i).getDescription());","lastModifiedDate":"2021-08-25"},{"lineNumber":68,"author":{"gitId":"YangShuogeng"},"content":"        }","lastModifiedDate":"2021-08-25"},{"lineNumber":69,"author":{"gitId":"YangShuogeng"},"content":"","lastModifiedDate":"2021-08-25"},{"lineNumber":70,"author":{"gitId":"YangShuogeng"},"content":"        Output_On_Screen.Separated_Line();","lastModifiedDate":"2021-08-25"},{"lineNumber":71,"author":{"gitId":"YangShuogeng"},"content":"    }","lastModifiedDate":"2021-08-25"},{"lineNumber":72,"author":{"gitId":"YangShuogeng"},"content":"","lastModifiedDate":"2021-08-25"},{"lineNumber":73,"author":{"gitId":"YangShuogeng"},"content":"","lastModifiedDate":"2021-08-25"},{"lineNumber":74,"author":{"gitId":"YangShuogeng"},"content":"    /**","lastModifiedDate":"2021-08-25"},{"lineNumber":75,"author":{"gitId":"YangShuogeng"},"content":"     * Output after add Todo task into the list","lastModifiedDate":"2021-08-25"},{"lineNumber":76,"author":{"gitId":"YangShuogeng"},"content":"     *","lastModifiedDate":"2021-08-25"},{"lineNumber":77,"author":{"gitId":"YangShuogeng"},"content":"     * @param newTask the new task detected from user input and needs to be added to List, type is Todo","lastModifiedDate":"2021-08-25"},{"lineNumber":78,"author":{"gitId":"YangShuogeng"},"content":"     * @param List_Qty the total quantity of task in the List after added current new task","lastModifiedDate":"2021-08-25"},{"lineNumber":79,"author":{"gitId":"YangShuogeng"},"content":"     */","lastModifiedDate":"2021-08-25"},{"lineNumber":80,"author":{"gitId":"YangShuogeng"},"content":"    public static void Output_TodoAdded(Todo newTask, int List_Qty){","lastModifiedDate":"2021-08-25"},{"lineNumber":81,"author":{"gitId":"YangShuogeng"},"content":"        System.out.println(\"     Got it. I\u0027ve added this task:\");","lastModifiedDate":"2021-08-25"},{"lineNumber":82,"author":{"gitId":"YangShuogeng"},"content":"        System.out.println(\"        [\" + newTask.getType() + \"][\" + newTask.getStatusIcon() + \"] \" + newTask.getDescription());","lastModifiedDate":"2021-08-25"},{"lineNumber":83,"author":{"gitId":"YangShuogeng"},"content":"        System.out.println(\"     Now you have \" + List_Qty + \" tasks in the list.\");","lastModifiedDate":"2021-08-25"},{"lineNumber":84,"author":{"gitId":"YangShuogeng"},"content":"        Separated_Line();","lastModifiedDate":"2021-08-25"},{"lineNumber":85,"author":{"gitId":"YangShuogeng"},"content":"    }","lastModifiedDate":"2021-08-25"},{"lineNumber":86,"author":{"gitId":"YangShuogeng"},"content":"","lastModifiedDate":"2021-08-25"},{"lineNumber":87,"author":{"gitId":"YangShuogeng"},"content":"    /**","lastModifiedDate":"2021-08-25"},{"lineNumber":88,"author":{"gitId":"YangShuogeng"},"content":"     * Output after add Deadline task into the list","lastModifiedDate":"2021-08-25"},{"lineNumber":89,"author":{"gitId":"YangShuogeng"},"content":"     *","lastModifiedDate":"2021-08-25"},{"lineNumber":90,"author":{"gitId":"YangShuogeng"},"content":"     * @param newTask the new task detected from user input and needs to be added to List, type is Deadline","lastModifiedDate":"2021-08-25"},{"lineNumber":91,"author":{"gitId":"YangShuogeng"},"content":"     * @param List_Qty the total quantity of task in the List after added current new task","lastModifiedDate":"2021-08-25"},{"lineNumber":92,"author":{"gitId":"YangShuogeng"},"content":"     */","lastModifiedDate":"2021-08-25"},{"lineNumber":93,"author":{"gitId":"YangShuogeng"},"content":"    public static void Output_DeadlineAdded(Deadline newTask, int List_Qty){","lastModifiedDate":"2021-08-25"},{"lineNumber":94,"author":{"gitId":"YangShuogeng"},"content":"        System.out.println(\"     Got it. I\u0027ve added this task:\");","lastModifiedDate":"2021-08-25"},{"lineNumber":95,"author":{"gitId":"YangShuogeng"},"content":"        System.out.print(\"        [\" + newTask.getType() + \"][\" + newTask.getStatusIcon() + \"] \" + newTask.getDescription());","lastModifiedDate":"2021-08-25"},{"lineNumber":96,"author":{"gitId":"YangShuogeng"},"content":"","lastModifiedDate":"2021-08-25"},{"lineNumber":97,"author":{"gitId":"YangShuogeng"},"content":"        System.out.println(\" (by: \" + newTask.getBy() + \")\");","lastModifiedDate":"2021-08-25"},{"lineNumber":98,"author":{"gitId":"YangShuogeng"},"content":"        System.out.println(\"     Now you have \" + List_Qty + \" tasks in the list.\");","lastModifiedDate":"2021-08-25"},{"lineNumber":99,"author":{"gitId":"YangShuogeng"},"content":"        Separated_Line();","lastModifiedDate":"2021-08-25"},{"lineNumber":100,"author":{"gitId":"YangShuogeng"},"content":"    }","lastModifiedDate":"2021-08-25"},{"lineNumber":101,"author":{"gitId":"YangShuogeng"},"content":"","lastModifiedDate":"2021-08-25"},{"lineNumber":102,"author":{"gitId":"YangShuogeng"},"content":"    /**","lastModifiedDate":"2021-08-25"},{"lineNumber":103,"author":{"gitId":"YangShuogeng"},"content":"     * Output after add Event task into the list","lastModifiedDate":"2021-08-25"},{"lineNumber":104,"author":{"gitId":"YangShuogeng"},"content":"     *","lastModifiedDate":"2021-08-25"},{"lineNumber":105,"author":{"gitId":"YangShuogeng"},"content":"     * @param newTask the new task detected from user input and needs to be added to List, type is Event","lastModifiedDate":"2021-08-25"},{"lineNumber":106,"author":{"gitId":"YangShuogeng"},"content":"     * @param List_Qty the total quantity of task in the List after added current new task","lastModifiedDate":"2021-08-25"},{"lineNumber":107,"author":{"gitId":"YangShuogeng"},"content":"     */","lastModifiedDate":"2021-08-25"},{"lineNumber":108,"author":{"gitId":"YangShuogeng"},"content":"    public static void Output_EventAdded (Event newTask, int List_Qty){","lastModifiedDate":"2021-08-25"},{"lineNumber":109,"author":{"gitId":"YangShuogeng"},"content":"        System.out.println(\"     Got it. I\u0027ve added this task:\");","lastModifiedDate":"2021-08-25"},{"lineNumber":110,"author":{"gitId":"YangShuogeng"},"content":"        System.out.print(\"        [\" + newTask.getType() + \"][\" + newTask.getStatusIcon() + \"] \" + newTask.getDescription());","lastModifiedDate":"2021-08-25"},{"lineNumber":111,"author":{"gitId":"YangShuogeng"},"content":"","lastModifiedDate":"2021-08-25"},{"lineNumber":112,"author":{"gitId":"YangShuogeng"},"content":"        System.out.println(\" (by: \" + newTask.getAt() + \")\");","lastModifiedDate":"2021-08-25"},{"lineNumber":113,"author":{"gitId":"YangShuogeng"},"content":"        System.out.println(\"     Now you have \" + List_Qty + \" tasks in the list.\");","lastModifiedDate":"2021-08-25"},{"lineNumber":114,"author":{"gitId":"YangShuogeng"},"content":"        Separated_Line();","lastModifiedDate":"2021-08-24"},{"lineNumber":115,"author":{"gitId":"YangShuogeng"},"content":"    }","lastModifiedDate":"2021-08-24"},{"lineNumber":116,"author":{"gitId":"YangShuogeng"},"content":"}","lastModifiedDate":"2021-08-24"}],"authorContributionMap":{"YangShuogeng":116}},{"path":"src/main/java/Task_Classes/Deadline.java","fileType":"java","lines":[{"lineNumber":1,"author":{"gitId":"YangShuogeng"},"content":"package Task_Classes;","lastModifiedDate":"2021-08-25"},{"lineNumber":2,"author":{"gitId":"YangShuogeng"},"content":"","lastModifiedDate":"2021-08-25"},{"lineNumber":3,"author":{"gitId":"YangShuogeng"},"content":"public class Deadline extends Task {","lastModifiedDate":"2021-08-25"},{"lineNumber":4,"author":{"gitId":"YangShuogeng"},"content":"","lastModifiedDate":"2021-08-25"},{"lineNumber":5,"author":{"gitId":"YangShuogeng"},"content":"    protected String by;","lastModifiedDate":"2021-08-25"},{"lineNumber":6,"author":{"gitId":"YangShuogeng"},"content":"","lastModifiedDate":"2021-08-25"},{"lineNumber":7,"author":{"gitId":"YangShuogeng"},"content":"    public Deadline (String description, String by){","lastModifiedDate":"2021-08-25"},{"lineNumber":8,"author":{"gitId":"YangShuogeng"},"content":"        super(description);","lastModifiedDate":"2021-08-25"},{"lineNumber":9,"author":{"gitId":"YangShuogeng"},"content":"        super.type \u003d \"D\";","lastModifiedDate":"2021-08-25"},{"lineNumber":10,"author":{"gitId":"YangShuogeng"},"content":"        this.by \u003d by;","lastModifiedDate":"2021-08-25"},{"lineNumber":11,"author":{"gitId":"YangShuogeng"},"content":"    }","lastModifiedDate":"2021-08-25"},{"lineNumber":12,"author":{"gitId":"YangShuogeng"},"content":"","lastModifiedDate":"2021-08-25"},{"lineNumber":13,"author":{"gitId":"YangShuogeng"},"content":"    /**","lastModifiedDate":"2021-08-25"},{"lineNumber":14,"author":{"gitId":"YangShuogeng"},"content":"     * To get the /by time of the Deadline task","lastModifiedDate":"2021-08-25"},{"lineNumber":15,"author":{"gitId":"YangShuogeng"},"content":"     *","lastModifiedDate":"2021-08-25"},{"lineNumber":16,"author":{"gitId":"YangShuogeng"},"content":"     * @return the time/date of the Deadline task","lastModifiedDate":"2021-08-25"},{"lineNumber":17,"author":{"gitId":"YangShuogeng"},"content":"     */","lastModifiedDate":"2021-08-25"},{"lineNumber":18,"author":{"gitId":"YangShuogeng"},"content":"    public String getBy(){","lastModifiedDate":"2021-08-25"},{"lineNumber":19,"author":{"gitId":"YangShuogeng"},"content":"        return this.by;","lastModifiedDate":"2021-08-25"},{"lineNumber":20,"author":{"gitId":"YangShuogeng"},"content":"    }","lastModifiedDate":"2021-08-25"},{"lineNumber":21,"author":{"gitId":"YangShuogeng"},"content":"}","lastModifiedDate":"2021-08-25"}],"authorContributionMap":{"YangShuogeng":21}},{"path":"src/main/java/Task_Classes/Event.java","fileType":"java","lines":[{"lineNumber":1,"author":{"gitId":"YangShuogeng"},"content":"package Task_Classes;","lastModifiedDate":"2021-08-25"},{"lineNumber":2,"author":{"gitId":"YangShuogeng"},"content":"","lastModifiedDate":"2021-08-25"},{"lineNumber":3,"author":{"gitId":"YangShuogeng"},"content":"public class Event extends Task {","lastModifiedDate":"2021-08-25"},{"lineNumber":4,"author":{"gitId":"YangShuogeng"},"content":"","lastModifiedDate":"2021-08-25"},{"lineNumber":5,"author":{"gitId":"YangShuogeng"},"content":"    protected String at;","lastModifiedDate":"2021-08-25"},{"lineNumber":6,"author":{"gitId":"YangShuogeng"},"content":"","lastModifiedDate":"2021-08-25"},{"lineNumber":7,"author":{"gitId":"YangShuogeng"},"content":"    public Event (String description, String at){","lastModifiedDate":"2021-08-25"},{"lineNumber":8,"author":{"gitId":"YangShuogeng"},"content":"        super(description);","lastModifiedDate":"2021-08-25"},{"lineNumber":9,"author":{"gitId":"YangShuogeng"},"content":"        super.type \u003d \"E\";","lastModifiedDate":"2021-08-25"},{"lineNumber":10,"author":{"gitId":"YangShuogeng"},"content":"        this.at \u003d at;","lastModifiedDate":"2021-08-25"},{"lineNumber":11,"author":{"gitId":"YangShuogeng"},"content":"    }","lastModifiedDate":"2021-08-25"},{"lineNumber":12,"author":{"gitId":"YangShuogeng"},"content":"","lastModifiedDate":"2021-08-25"},{"lineNumber":13,"author":{"gitId":"YangShuogeng"},"content":"    /**","lastModifiedDate":"2021-08-25"},{"lineNumber":14,"author":{"gitId":"YangShuogeng"},"content":"     * The method to get /at time of the Event task","lastModifiedDate":"2021-08-25"},{"lineNumber":15,"author":{"gitId":"YangShuogeng"},"content":"     *","lastModifiedDate":"2021-08-25"},{"lineNumber":16,"author":{"gitId":"YangShuogeng"},"content":"     * @return time/date of the Event task","lastModifiedDate":"2021-08-25"},{"lineNumber":17,"author":{"gitId":"YangShuogeng"},"content":"     */","lastModifiedDate":"2021-08-25"},{"lineNumber":18,"author":{"gitId":"YangShuogeng"},"content":"    public String getAt(){","lastModifiedDate":"2021-08-25"},{"lineNumber":19,"author":{"gitId":"YangShuogeng"},"content":"        return this.at;","lastModifiedDate":"2021-08-25"},{"lineNumber":20,"author":{"gitId":"YangShuogeng"},"content":"    }","lastModifiedDate":"2021-08-25"},{"lineNumber":21,"author":{"gitId":"YangShuogeng"},"content":"}","lastModifiedDate":"2021-08-25"}],"authorContributionMap":{"YangShuogeng":21}},{"path":"src/main/java/Task_Classes/Task.java","fileType":"java","lines":[{"lineNumber":1,"author":{"gitId":"YangShuogeng"},"content":"package Task_Classes;","lastModifiedDate":"2021-08-24"},{"lineNumber":2,"author":{"gitId":"YangShuogeng"},"content":"","lastModifiedDate":"2021-08-24"},{"lineNumber":3,"author":{"gitId":"YangShuogeng"},"content":"public class Task {","lastModifiedDate":"2021-08-24"},{"lineNumber":4,"author":{"gitId":"YangShuogeng"},"content":"    protected String description;","lastModifiedDate":"2021-08-24"},{"lineNumber":5,"author":{"gitId":"YangShuogeng"},"content":"    protected boolean isDone;","lastModifiedDate":"2021-08-24"},{"lineNumber":6,"author":{"gitId":"YangShuogeng"},"content":"    protected String type;","lastModifiedDate":"2021-08-25"},{"lineNumber":7,"author":{"gitId":"YangShuogeng"},"content":"","lastModifiedDate":"2021-08-24"},{"lineNumber":8,"author":{"gitId":"YangShuogeng"},"content":"    public Task(String description){","lastModifiedDate":"2021-08-24"},{"lineNumber":9,"author":{"gitId":"YangShuogeng"},"content":"        this.description \u003d description;","lastModifiedDate":"2021-08-24"},{"lineNumber":10,"author":{"gitId":"YangShuogeng"},"content":"        this.isDone \u003d false;","lastModifiedDate":"2021-08-24"},{"lineNumber":11,"author":{"gitId":"YangShuogeng"},"content":"    }","lastModifiedDate":"2021-08-24"},{"lineNumber":12,"author":{"gitId":"YangShuogeng"},"content":"","lastModifiedDate":"2021-08-24"},{"lineNumber":13,"author":{"gitId":"YangShuogeng"},"content":"    /**","lastModifiedDate":"2021-08-25"},{"lineNumber":14,"author":{"gitId":"YangShuogeng"},"content":"     * To get the status icon of the task","lastModifiedDate":"2021-08-25"},{"lineNumber":15,"author":{"gitId":"YangShuogeng"},"content":"     *","lastModifiedDate":"2021-08-25"},{"lineNumber":16,"author":{"gitId":"YangShuogeng"},"content":"     * @return status icon of the task","lastModifiedDate":"2021-08-25"},{"lineNumber":17,"author":{"gitId":"YangShuogeng"},"content":"     */","lastModifiedDate":"2021-08-25"},{"lineNumber":18,"author":{"gitId":"YangShuogeng"},"content":"    public String getStatusIcon(){","lastModifiedDate":"2021-08-24"},{"lineNumber":19,"author":{"gitId":"YangShuogeng"},"content":"        return (isDone ? \"X\" : \" \");","lastModifiedDate":"2021-08-24"},{"lineNumber":20,"author":{"gitId":"YangShuogeng"},"content":"    }","lastModifiedDate":"2021-08-24"},{"lineNumber":21,"author":{"gitId":"YangShuogeng"},"content":"","lastModifiedDate":"2021-08-24"},{"lineNumber":22,"author":{"gitId":"YangShuogeng"},"content":"    /**","lastModifiedDate":"2021-08-25"},{"lineNumber":23,"author":{"gitId":"YangShuogeng"},"content":"     * To get the description of the task","lastModifiedDate":"2021-08-25"},{"lineNumber":24,"author":{"gitId":"YangShuogeng"},"content":"     *","lastModifiedDate":"2021-08-25"},{"lineNumber":25,"author":{"gitId":"YangShuogeng"},"content":"     * @return the description of the task","lastModifiedDate":"2021-08-25"},{"lineNumber":26,"author":{"gitId":"YangShuogeng"},"content":"     */","lastModifiedDate":"2021-08-25"},{"lineNumber":27,"author":{"gitId":"YangShuogeng"},"content":"    public String getDescription(){","lastModifiedDate":"2021-08-24"},{"lineNumber":28,"author":{"gitId":"YangShuogeng"},"content":"        return this.description;","lastModifiedDate":"2021-08-24"},{"lineNumber":29,"author":{"gitId":"YangShuogeng"},"content":"    }","lastModifiedDate":"2021-08-24"},{"lineNumber":30,"author":{"gitId":"YangShuogeng"},"content":"","lastModifiedDate":"2021-08-24"},{"lineNumber":31,"author":{"gitId":"YangShuogeng"},"content":"    /**","lastModifiedDate":"2021-08-25"},{"lineNumber":32,"author":{"gitId":"YangShuogeng"},"content":"     * To get the status of the task","lastModifiedDate":"2021-08-25"},{"lineNumber":33,"author":{"gitId":"YangShuogeng"},"content":"     */","lastModifiedDate":"2021-08-25"},{"lineNumber":34,"author":{"gitId":"YangShuogeng"},"content":"    public void markAsDone(){","lastModifiedDate":"2021-08-24"},{"lineNumber":35,"author":{"gitId":"YangShuogeng"},"content":"        this.isDone \u003d true;","lastModifiedDate":"2021-08-24"},{"lineNumber":36,"author":{"gitId":"YangShuogeng"},"content":"    }","lastModifiedDate":"2021-08-24"},{"lineNumber":37,"author":{"gitId":"YangShuogeng"},"content":"","lastModifiedDate":"2021-08-25"},{"lineNumber":38,"author":{"gitId":"YangShuogeng"},"content":"    /**","lastModifiedDate":"2021-08-25"},{"lineNumber":39,"author":{"gitId":"YangShuogeng"},"content":"     * To get the type of the task","lastModifiedDate":"2021-08-25"},{"lineNumber":40,"author":{"gitId":"YangShuogeng"},"content":"     *","lastModifiedDate":"2021-08-25"},{"lineNumber":41,"author":{"gitId":"YangShuogeng"},"content":"     * @return the type of the task","lastModifiedDate":"2021-08-25"},{"lineNumber":42,"author":{"gitId":"YangShuogeng"},"content":"     */","lastModifiedDate":"2021-08-25"},{"lineNumber":43,"author":{"gitId":"YangShuogeng"},"content":"    public String getType(){","lastModifiedDate":"2021-08-25"},{"lineNumber":44,"author":{"gitId":"YangShuogeng"},"content":"        return this.type;","lastModifiedDate":"2021-08-25"},{"lineNumber":45,"author":{"gitId":"YangShuogeng"},"content":"    }","lastModifiedDate":"2021-08-25"},{"lineNumber":46,"author":{"gitId":"YangShuogeng"},"content":"}","lastModifiedDate":"2021-08-24"}],"authorContributionMap":{"YangShuogeng":46}},{"path":"src/main/java/Task_Classes/Todo.java","fileType":"java","lines":[{"lineNumber":1,"author":{"gitId":"YangShuogeng"},"content":"package Task_Classes;","lastModifiedDate":"2021-08-25"},{"lineNumber":2,"author":{"gitId":"YangShuogeng"},"content":"","lastModifiedDate":"2021-08-25"},{"lineNumber":3,"author":{"gitId":"YangShuogeng"},"content":"public class Todo extends Task {","lastModifiedDate":"2021-08-25"},{"lineNumber":4,"author":{"gitId":"YangShuogeng"},"content":"","lastModifiedDate":"2021-08-25"},{"lineNumber":5,"author":{"gitId":"YangShuogeng"},"content":"    public Todo (String description){","lastModifiedDate":"2021-08-25"},{"lineNumber":6,"author":{"gitId":"YangShuogeng"},"content":"        super(description);","lastModifiedDate":"2021-08-25"},{"lineNumber":7,"author":{"gitId":"YangShuogeng"},"content":"        super.type \u003d \"T\";","lastModifiedDate":"2021-08-25"},{"lineNumber":8,"author":{"gitId":"YangShuogeng"},"content":"    }","lastModifiedDate":"2021-08-25"},{"lineNumber":9,"author":{"gitId":"YangShuogeng"},"content":"}","lastModifiedDate":"2021-08-25"}],"authorContributionMap":{"YangShuogeng":9}},{"path":"src/main/java/Task_Manipulation/Add.java","fileType":"java","lines":[{"lineNumber":1,"author":{"gitId":"YangShuogeng"},"content":"package Task_Manipulation;","lastModifiedDate":"2021-08-24"},{"lineNumber":2,"author":{"gitId":"YangShuogeng"},"content":"","lastModifiedDate":"2021-08-24"},{"lineNumber":3,"author":{"gitId":"YangShuogeng"},"content":"","lastModifiedDate":"2021-08-24"},{"lineNumber":4,"author":{"gitId":"YangShuogeng"},"content":"import System_output.Output_On_Screen;","lastModifiedDate":"2021-08-24"},{"lineNumber":5,"author":{"gitId":"YangShuogeng"},"content":"import Task_Classes.*;","lastModifiedDate":"2021-08-25"},{"lineNumber":6,"author":{"gitId":"YangShuogeng"},"content":"import User_Input.Input_Parser;","lastModifiedDate":"2021-08-25"},{"lineNumber":7,"author":{"gitId":"YangShuogeng"},"content":"","lastModifiedDate":"2021-08-24"},{"lineNumber":8,"author":{"gitId":"YangShuogeng"},"content":"import java.util.Vector;","lastModifiedDate":"2021-08-25"},{"lineNumber":9,"author":{"gitId":"YangShuogeng"},"content":"","lastModifiedDate":"2021-08-24"},{"lineNumber":10,"author":{"gitId":"YangShuogeng"},"content":"public class Add {","lastModifiedDate":"2021-08-24"},{"lineNumber":11,"author":{"gitId":"YangShuogeng"},"content":"","lastModifiedDate":"2021-08-24"},{"lineNumber":12,"author":{"gitId":"YangShuogeng"},"content":"    /**","lastModifiedDate":"2021-08-25"},{"lineNumber":13,"author":{"gitId":"YangShuogeng"},"content":"     * To add Todo type task to the task list","lastModifiedDate":"2021-08-25"},{"lineNumber":14,"author":{"gitId":"YangShuogeng"},"content":"     * The ouput (message print onto screen) will be included in this method","lastModifiedDate":"2021-08-25"},{"lineNumber":15,"author":{"gitId":"YangShuogeng"},"content":"     *","lastModifiedDate":"2021-08-25"},{"lineNumber":16,"author":{"gitId":"YangShuogeng"},"content":"     * @param List the entire task list","lastModifiedDate":"2021-08-25"},{"lineNumber":17,"author":{"gitId":"YangShuogeng"},"content":"     * @param Input the description of the todo task","lastModifiedDate":"2021-08-25"},{"lineNumber":18,"author":{"gitId":"YangShuogeng"},"content":"     */","lastModifiedDate":"2021-08-25"},{"lineNumber":19,"author":{"gitId":"YangShuogeng"},"content":"    public static void addTask(Vector\u003cTask\u003e List, String Input){","lastModifiedDate":"2021-08-25"},{"lineNumber":20,"author":{"gitId":"YangShuogeng"},"content":"        Todo inputTask \u003d new Todo (Input);","lastModifiedDate":"2021-08-25"},{"lineNumber":21,"author":{"gitId":"YangShuogeng"},"content":"        List.add(inputTask);","lastModifiedDate":"2021-08-24"},{"lineNumber":22,"author":{"gitId":"YangShuogeng"},"content":"","lastModifiedDate":"2021-08-24"},{"lineNumber":23,"author":{"gitId":"YangShuogeng"},"content":"        Output_On_Screen.Output_TodoAdded(inputTask, List.size());","lastModifiedDate":"2021-08-25"},{"lineNumber":24,"author":{"gitId":"YangShuogeng"},"content":"    }","lastModifiedDate":"2021-08-25"},{"lineNumber":25,"author":{"gitId":"YangShuogeng"},"content":"","lastModifiedDate":"2021-08-25"},{"lineNumber":26,"author":{"gitId":"YangShuogeng"},"content":"    /**","lastModifiedDate":"2021-08-25"},{"lineNumber":27,"author":{"gitId":"YangShuogeng"},"content":"     * To add Deadline type task to the task list","lastModifiedDate":"2021-08-25"},{"lineNumber":28,"author":{"gitId":"YangShuogeng"},"content":"     * The ouput (message print onto screen) will be included in this method after task added","lastModifiedDate":"2021-08-25"},{"lineNumber":29,"author":{"gitId":"YangShuogeng"},"content":"     *","lastModifiedDate":"2021-08-25"},{"lineNumber":30,"author":{"gitId":"YangShuogeng"},"content":"     * @param List the entire task list","lastModifiedDate":"2021-08-25"},{"lineNumber":31,"author":{"gitId":"YangShuogeng"},"content":"     * @param Input_Words the string array of the user input","lastModifiedDate":"2021-08-25"},{"lineNumber":32,"author":{"gitId":"YangShuogeng"},"content":"     */","lastModifiedDate":"2021-08-25"},{"lineNumber":33,"author":{"gitId":"YangShuogeng"},"content":"    public static void addDeadlineTask (Vector\u003cTask\u003e List, String[] Input_Words){","lastModifiedDate":"2021-08-25"},{"lineNumber":34,"author":{"gitId":"YangShuogeng"},"content":"","lastModifiedDate":"2021-08-25"},{"lineNumber":35,"author":{"gitId":"YangShuogeng"},"content":"        String description \u003d Input_Parser.toGetDescription(Input_Words);","lastModifiedDate":"2021-08-25"},{"lineNumber":36,"author":{"gitId":"YangShuogeng"},"content":"        String date \u003d Input_Parser.toGetDate(Input_Words);","lastModifiedDate":"2021-08-25"},{"lineNumber":37,"author":{"gitId":"YangShuogeng"},"content":"","lastModifiedDate":"2021-08-25"},{"lineNumber":38,"author":{"gitId":"YangShuogeng"},"content":"        Deadline newTask \u003d new Deadline(description, date);","lastModifiedDate":"2021-08-25"},{"lineNumber":39,"author":{"gitId":"YangShuogeng"},"content":"","lastModifiedDate":"2021-08-25"},{"lineNumber":40,"author":{"gitId":"YangShuogeng"},"content":"        List.add(newTask);","lastModifiedDate":"2021-08-25"},{"lineNumber":41,"author":{"gitId":"YangShuogeng"},"content":"","lastModifiedDate":"2021-08-25"},{"lineNumber":42,"author":{"gitId":"YangShuogeng"},"content":"        Output_On_Screen.Output_DeadlineAdded(newTask, List.size());","lastModifiedDate":"2021-08-25"},{"lineNumber":43,"author":{"gitId":"YangShuogeng"},"content":"    }","lastModifiedDate":"2021-08-25"},{"lineNumber":44,"author":{"gitId":"YangShuogeng"},"content":"","lastModifiedDate":"2021-08-25"},{"lineNumber":45,"author":{"gitId":"YangShuogeng"},"content":"    /**","lastModifiedDate":"2021-08-25"},{"lineNumber":46,"author":{"gitId":"YangShuogeng"},"content":"     * To add Event type task to the task list","lastModifiedDate":"2021-08-25"},{"lineNumber":47,"author":{"gitId":"YangShuogeng"},"content":"     * The ouput (message print onto screen) will be included in this method after task added","lastModifiedDate":"2021-08-25"},{"lineNumber":48,"author":{"gitId":"YangShuogeng"},"content":"     *","lastModifiedDate":"2021-08-25"},{"lineNumber":49,"author":{"gitId":"YangShuogeng"},"content":"     * @param List the entire task list","lastModifiedDate":"2021-08-25"},{"lineNumber":50,"author":{"gitId":"YangShuogeng"},"content":"     * @param Input_Words the string array of the user input","lastModifiedDate":"2021-08-25"},{"lineNumber":51,"author":{"gitId":"YangShuogeng"},"content":"     */","lastModifiedDate":"2021-08-25"},{"lineNumber":52,"author":{"gitId":"YangShuogeng"},"content":"    public static void addEventTask (Vector\u003cTask\u003e List, String[] Input_Words){","lastModifiedDate":"2021-08-25"},{"lineNumber":53,"author":{"gitId":"YangShuogeng"},"content":"","lastModifiedDate":"2021-08-25"},{"lineNumber":54,"author":{"gitId":"YangShuogeng"},"content":"        String description \u003d Input_Parser.toGetDescription(Input_Words);","lastModifiedDate":"2021-08-25"},{"lineNumber":55,"author":{"gitId":"YangShuogeng"},"content":"        String date \u003d Input_Parser.toGetDate(Input_Words);","lastModifiedDate":"2021-08-25"},{"lineNumber":56,"author":{"gitId":"YangShuogeng"},"content":"","lastModifiedDate":"2021-08-25"},{"lineNumber":57,"author":{"gitId":"YangShuogeng"},"content":"        Event newTask \u003d new Event(description, date);","lastModifiedDate":"2021-08-25"},{"lineNumber":58,"author":{"gitId":"YangShuogeng"},"content":"","lastModifiedDate":"2021-08-25"},{"lineNumber":59,"author":{"gitId":"YangShuogeng"},"content":"        List.add(newTask);","lastModifiedDate":"2021-08-25"},{"lineNumber":60,"author":{"gitId":"YangShuogeng"},"content":"","lastModifiedDate":"2021-08-25"},{"lineNumber":61,"author":{"gitId":"YangShuogeng"},"content":"        Output_On_Screen.Output_EventAdded(newTask, List.size());","lastModifiedDate":"2021-08-25"},{"lineNumber":62,"author":{"gitId":"YangShuogeng"},"content":"    }","lastModifiedDate":"2021-08-24"},{"lineNumber":63,"author":{"gitId":"YangShuogeng"},"content":"}","lastModifiedDate":"2021-08-24"}],"authorContributionMap":{"YangShuogeng":63}},{"path":"src/main/java/Task_Manipulation/MarkAsDone.java","fileType":"java","lines":[{"lineNumber":1,"author":{"gitId":"YangShuogeng"},"content":"package Task_Manipulation;","lastModifiedDate":"2021-08-25"},{"lineNumber":2,"author":{"gitId":"YangShuogeng"},"content":"","lastModifiedDate":"2021-08-25"},{"lineNumber":3,"author":{"gitId":"YangShuogeng"},"content":"import System_output.Output_On_Screen;","lastModifiedDate":"2021-08-25"},{"lineNumber":4,"author":{"gitId":"YangShuogeng"},"content":"import Task_Classes.Task;","lastModifiedDate":"2021-08-25"},{"lineNumber":5,"author":{"gitId":"YangShuogeng"},"content":"","lastModifiedDate":"2021-08-25"},{"lineNumber":6,"author":{"gitId":"YangShuogeng"},"content":"import java.util.List;","lastModifiedDate":"2021-08-25"},{"lineNumber":7,"author":{"gitId":"YangShuogeng"},"content":"import java.util.Vector;","lastModifiedDate":"2021-08-25"},{"lineNumber":8,"author":{"gitId":"YangShuogeng"},"content":"","lastModifiedDate":"2021-08-25"},{"lineNumber":9,"author":{"gitId":"YangShuogeng"},"content":"public class MarkAsDone {","lastModifiedDate":"2021-08-25"},{"lineNumber":10,"author":{"gitId":"YangShuogeng"},"content":"","lastModifiedDate":"2021-08-25"},{"lineNumber":11,"author":{"gitId":"YangShuogeng"},"content":"    /**","lastModifiedDate":"2021-08-25"},{"lineNumber":12,"author":{"gitId":"YangShuogeng"},"content":"     * The method to mark the task status as done","lastModifiedDate":"2021-08-25"},{"lineNumber":13,"author":{"gitId":"YangShuogeng"},"content":"     * If the is not format \"done + Integer\", system will add the entire input as Todo type task into the entire task list","lastModifiedDate":"2021-08-25"},{"lineNumber":14,"author":{"gitId":"YangShuogeng"},"content":"     *","lastModifiedDate":"2021-08-25"},{"lineNumber":15,"author":{"gitId":"YangShuogeng"},"content":"     * @param List the entire task list","lastModifiedDate":"2021-08-25"},{"lineNumber":16,"author":{"gitId":"YangShuogeng"},"content":"     * @param Input_Words the string array of the user input","lastModifiedDate":"2021-08-25"},{"lineNumber":17,"author":{"gitId":"YangShuogeng"},"content":"     * @param Input","lastModifiedDate":"2021-08-25"},{"lineNumber":18,"author":{"gitId":"YangShuogeng"},"content":"     *","lastModifiedDate":"2021-08-25"},{"lineNumber":19,"author":{"gitId":"YangShuogeng"},"content":"     * @return to return true","lastModifiedDate":"2021-08-25"},{"lineNumber":20,"author":{"gitId":"YangShuogeng"},"content":"     */","lastModifiedDate":"2021-08-25"},{"lineNumber":21,"author":{"gitId":"YangShuogeng"},"content":"    public static boolean markAsDone(Vector\u003cTask\u003e List, String[] Input_Words, String Input){","lastModifiedDate":"2021-08-25"},{"lineNumber":22,"author":{"gitId":"YangShuogeng"},"content":"        switch(Input_Words.length){","lastModifiedDate":"2021-08-25"},{"lineNumber":23,"author":{"gitId":"YangShuogeng"},"content":"            case 2:","lastModifiedDate":"2021-08-25"},{"lineNumber":24,"author":{"gitId":"YangShuogeng"},"content":"                // check whether the second string is an integer","lastModifiedDate":"2021-08-25"},{"lineNumber":25,"author":{"gitId":"YangShuogeng"},"content":"                if(Input_Words[1].matches(\"\\\\d+\")){","lastModifiedDate":"2021-08-25"},{"lineNumber":26,"author":{"gitId":"YangShuogeng"},"content":"                    if(Integer.parseInt(Input_Words[1]) \u003e 0){","lastModifiedDate":"2021-08-25"},{"lineNumber":27,"author":{"gitId":"YangShuogeng"},"content":"                        List.get(Integer.parseInt(Input_Words[1]) - 1).markAsDone();","lastModifiedDate":"2021-08-25"},{"lineNumber":28,"author":{"gitId":"YangShuogeng"},"content":"                        Output_On_Screen.MarkAsDone_Output(List, Integer.parseInt(Input_Words[1]) - 1);","lastModifiedDate":"2021-08-25"},{"lineNumber":29,"author":{"gitId":"YangShuogeng"},"content":"                    }","lastModifiedDate":"2021-08-25"},{"lineNumber":30,"author":{"gitId":"YangShuogeng"},"content":"                    else{","lastModifiedDate":"2021-08-25"},{"lineNumber":31,"author":{"gitId":"YangShuogeng"},"content":"                        Add.addTask(List, Input);","lastModifiedDate":"2021-08-25"},{"lineNumber":32,"author":{"gitId":"YangShuogeng"},"content":"                    }","lastModifiedDate":"2021-08-25"},{"lineNumber":33,"author":{"gitId":"YangShuogeng"},"content":"                }","lastModifiedDate":"2021-08-25"},{"lineNumber":34,"author":{"gitId":"YangShuogeng"},"content":"                else{","lastModifiedDate":"2021-08-25"},{"lineNumber":35,"author":{"gitId":"YangShuogeng"},"content":"                    Add.addTask(List, Input);","lastModifiedDate":"2021-08-25"},{"lineNumber":36,"author":{"gitId":"YangShuogeng"},"content":"                }","lastModifiedDate":"2021-08-25"},{"lineNumber":37,"author":{"gitId":"YangShuogeng"},"content":"","lastModifiedDate":"2021-08-25"},{"lineNumber":38,"author":{"gitId":"YangShuogeng"},"content":"                return true;","lastModifiedDate":"2021-08-25"},{"lineNumber":39,"author":{"gitId":"YangShuogeng"},"content":"            default:","lastModifiedDate":"2021-08-25"},{"lineNumber":40,"author":{"gitId":"YangShuogeng"},"content":"                Add.addTask(List, Input);","lastModifiedDate":"2021-08-25"},{"lineNumber":41,"author":{"gitId":"YangShuogeng"},"content":"                return true;","lastModifiedDate":"2021-08-25"},{"lineNumber":42,"author":{"gitId":"YangShuogeng"},"content":"        }","lastModifiedDate":"2021-08-25"},{"lineNumber":43,"author":{"gitId":"YangShuogeng"},"content":"    }","lastModifiedDate":"2021-08-25"},{"lineNumber":44,"author":{"gitId":"YangShuogeng"},"content":"}","lastModifiedDate":"2021-08-25"}],"authorContributionMap":{"YangShuogeng":44}},{"path":"src/main/java/User_Input/Input_Parser.java","fileType":"java","lines":[{"lineNumber":1,"author":{"gitId":"YangShuogeng"},"content":"package User_Input;","lastModifiedDate":"2021-08-25"},{"lineNumber":2,"author":{"gitId":"YangShuogeng"},"content":"","lastModifiedDate":"2021-08-25"},{"lineNumber":3,"author":{"gitId":"YangShuogeng"},"content":"import java.lang.*;","lastModifiedDate":"2021-08-25"},{"lineNumber":4,"author":{"gitId":"YangShuogeng"},"content":"import java.util.ArrayList;","lastModifiedDate":"2021-08-25"},{"lineNumber":5,"author":{"gitId":"YangShuogeng"},"content":"","lastModifiedDate":"2021-08-25"},{"lineNumber":6,"author":{"gitId":"YangShuogeng"},"content":"public class Input_Parser {","lastModifiedDate":"2021-08-25"},{"lineNumber":7,"author":{"gitId":"YangShuogeng"},"content":"","lastModifiedDate":"2021-08-25"},{"lineNumber":8,"author":{"gitId":"YangShuogeng"},"content":"    /**","lastModifiedDate":"2021-08-25"},{"lineNumber":9,"author":{"gitId":"YangShuogeng"},"content":"     * To extract task description information from user input","lastModifiedDate":"2021-08-25"},{"lineNumber":10,"author":{"gitId":"YangShuogeng"},"content":"     *","lastModifiedDate":"2021-08-25"},{"lineNumber":11,"author":{"gitId":"YangShuogeng"},"content":"     * @param Input_Words all user input in String[] type","lastModifiedDate":"2021-08-25"},{"lineNumber":12,"author":{"gitId":"YangShuogeng"},"content":"     * @return the description in String type","lastModifiedDate":"2021-08-25"},{"lineNumber":13,"author":{"gitId":"YangShuogeng"},"content":"     */","lastModifiedDate":"2021-08-25"},{"lineNumber":14,"author":{"gitId":"YangShuogeng"},"content":"    public static String toGetDescription (String[] Input_Words) {","lastModifiedDate":"2021-08-25"},{"lineNumber":15,"author":{"gitId":"YangShuogeng"},"content":"        String Input_Description \u003d \"\";","lastModifiedDate":"2021-08-25"},{"lineNumber":16,"author":{"gitId":"YangShuogeng"},"content":"        ArrayList\u003cString\u003e buffer \u003d new ArrayList\u003cString\u003e();","lastModifiedDate":"2021-08-25"},{"lineNumber":17,"author":{"gitId":"YangShuogeng"},"content":"","lastModifiedDate":"2021-08-25"},{"lineNumber":18,"author":{"gitId":"YangShuogeng"},"content":"        int i \u003d 1;","lastModifiedDate":"2021-08-25"},{"lineNumber":19,"author":{"gitId":"YangShuogeng"},"content":"","lastModifiedDate":"2021-08-25"},{"lineNumber":20,"author":{"gitId":"YangShuogeng"},"content":"        if(Input_Words.length \u003d\u003d 2){","lastModifiedDate":"2021-08-25"},{"lineNumber":21,"author":{"gitId":"YangShuogeng"},"content":"            return Input_Words[1];","lastModifiedDate":"2021-08-25"},{"lineNumber":22,"author":{"gitId":"YangShuogeng"},"content":"        }","lastModifiedDate":"2021-08-25"},{"lineNumber":23,"author":{"gitId":"YangShuogeng"},"content":"","lastModifiedDate":"2021-08-25"},{"lineNumber":24,"author":{"gitId":"YangShuogeng"},"content":"        for(; i \u003c Input_Words.length; i++) {","lastModifiedDate":"2021-08-25"},{"lineNumber":25,"author":{"gitId":"YangShuogeng"},"content":"","lastModifiedDate":"2021-08-25"},{"lineNumber":26,"author":{"gitId":"YangShuogeng"},"content":"            if(Input_Words[i].equals(\"/by\") || Input_Words[i].equals(\"/at\")){","lastModifiedDate":"2021-08-25"},{"lineNumber":27,"author":{"gitId":"YangShuogeng"},"content":"","lastModifiedDate":"2021-08-25"},{"lineNumber":28,"author":{"gitId":"YangShuogeng"},"content":"                Input_Description \u003d convertStringArrayToString(buffer);","lastModifiedDate":"2021-08-25"},{"lineNumber":29,"author":{"gitId":"YangShuogeng"},"content":"","lastModifiedDate":"2021-08-25"},{"lineNumber":30,"author":{"gitId":"YangShuogeng"},"content":"                break;","lastModifiedDate":"2021-08-25"},{"lineNumber":31,"author":{"gitId":"YangShuogeng"},"content":"            }","lastModifiedDate":"2021-08-25"},{"lineNumber":32,"author":{"gitId":"YangShuogeng"},"content":"","lastModifiedDate":"2021-08-25"},{"lineNumber":33,"author":{"gitId":"YangShuogeng"},"content":"            buffer.add(Input_Words[i]);","lastModifiedDate":"2021-08-25"},{"lineNumber":34,"author":{"gitId":"YangShuogeng"},"content":"        }","lastModifiedDate":"2021-08-25"},{"lineNumber":35,"author":{"gitId":"YangShuogeng"},"content":"","lastModifiedDate":"2021-08-25"},{"lineNumber":36,"author":{"gitId":"YangShuogeng"},"content":"        return Input_Description;","lastModifiedDate":"2021-08-25"},{"lineNumber":37,"author":{"gitId":"YangShuogeng"},"content":"    }","lastModifiedDate":"2021-08-25"},{"lineNumber":38,"author":{"gitId":"YangShuogeng"},"content":"","lastModifiedDate":"2021-08-25"},{"lineNumber":39,"author":{"gitId":"YangShuogeng"},"content":"    /**","lastModifiedDate":"2021-08-25"},{"lineNumber":40,"author":{"gitId":"YangShuogeng"},"content":"     * To extract time/date information from user input","lastModifiedDate":"2021-08-25"},{"lineNumber":41,"author":{"gitId":"YangShuogeng"},"content":"     *","lastModifiedDate":"2021-08-25"},{"lineNumber":42,"author":{"gitId":"YangShuogeng"},"content":"     * @param Input_Words all user input in String[] type","lastModifiedDate":"2021-08-25"},{"lineNumber":43,"author":{"gitId":"YangShuogeng"},"content":"     * @return the time/date information in String type","lastModifiedDate":"2021-08-25"},{"lineNumber":44,"author":{"gitId":"YangShuogeng"},"content":"     */","lastModifiedDate":"2021-08-25"},{"lineNumber":45,"author":{"gitId":"YangShuogeng"},"content":"    public static String toGetDate (String[] Input_Words) {","lastModifiedDate":"2021-08-25"},{"lineNumber":46,"author":{"gitId":"YangShuogeng"},"content":"        String Input_Date \u003d \"\";","lastModifiedDate":"2021-08-25"},{"lineNumber":47,"author":{"gitId":"YangShuogeng"},"content":"        ArrayList\u003cString\u003e buffer \u003d new ArrayList\u003cString\u003e();","lastModifiedDate":"2021-08-25"},{"lineNumber":48,"author":{"gitId":"YangShuogeng"},"content":"","lastModifiedDate":"2021-08-25"},{"lineNumber":49,"author":{"gitId":"YangShuogeng"},"content":"        int i \u003d 1;","lastModifiedDate":"2021-08-25"},{"lineNumber":50,"author":{"gitId":"YangShuogeng"},"content":"","lastModifiedDate":"2021-08-25"},{"lineNumber":51,"author":{"gitId":"YangShuogeng"},"content":"        for(; i \u003c Input_Words.length; i++) {","lastModifiedDate":"2021-08-25"},{"lineNumber":52,"author":{"gitId":"YangShuogeng"},"content":"","lastModifiedDate":"2021-08-25"},{"lineNumber":53,"author":{"gitId":"YangShuogeng"},"content":"            if(Input_Words[i].equals(\"/by\") || Input_Words[i].equals(\"/at\")){","lastModifiedDate":"2021-08-25"},{"lineNumber":54,"author":{"gitId":"YangShuogeng"},"content":"","lastModifiedDate":"2021-08-25"},{"lineNumber":55,"author":{"gitId":"YangShuogeng"},"content":"                for(i++; i \u003c Input_Words.length; i++){","lastModifiedDate":"2021-08-25"},{"lineNumber":56,"author":{"gitId":"YangShuogeng"},"content":"                    buffer.add(Input_Words[i]);","lastModifiedDate":"2021-08-25"},{"lineNumber":57,"author":{"gitId":"YangShuogeng"},"content":"                }","lastModifiedDate":"2021-08-25"},{"lineNumber":58,"author":{"gitId":"YangShuogeng"},"content":"","lastModifiedDate":"2021-08-25"},{"lineNumber":59,"author":{"gitId":"YangShuogeng"},"content":"                break;","lastModifiedDate":"2021-08-25"},{"lineNumber":60,"author":{"gitId":"YangShuogeng"},"content":"            }","lastModifiedDate":"2021-08-25"},{"lineNumber":61,"author":{"gitId":"YangShuogeng"},"content":"        }","lastModifiedDate":"2021-08-25"},{"lineNumber":62,"author":{"gitId":"YangShuogeng"},"content":"","lastModifiedDate":"2021-08-25"},{"lineNumber":63,"author":{"gitId":"YangShuogeng"},"content":"        Input_Date \u003d convertStringArrayToString(buffer);","lastModifiedDate":"2021-08-25"},{"lineNumber":64,"author":{"gitId":"YangShuogeng"},"content":"","lastModifiedDate":"2021-08-25"},{"lineNumber":65,"author":{"gitId":"YangShuogeng"},"content":"        return Input_Date;","lastModifiedDate":"2021-08-25"},{"lineNumber":66,"author":{"gitId":"YangShuogeng"},"content":"    }","lastModifiedDate":"2021-08-25"},{"lineNumber":67,"author":{"gitId":"YangShuogeng"},"content":"","lastModifiedDate":"2021-08-25"},{"lineNumber":68,"author":{"gitId":"YangShuogeng"},"content":"    /**","lastModifiedDate":"2021-08-25"},{"lineNumber":69,"author":{"gitId":"YangShuogeng"},"content":"     * To convert String[] to String type","lastModifiedDate":"2021-08-25"},{"lineNumber":70,"author":{"gitId":"YangShuogeng"},"content":"     *","lastModifiedDate":"2021-08-25"},{"lineNumber":71,"author":{"gitId":"YangShuogeng"},"content":"     * @param strArr String[] information","lastModifiedDate":"2021-08-25"},{"lineNumber":72,"author":{"gitId":"YangShuogeng"},"content":"     * @return String[] information in String type","lastModifiedDate":"2021-08-25"},{"lineNumber":73,"author":{"gitId":"YangShuogeng"},"content":"     */","lastModifiedDate":"2021-08-25"},{"lineNumber":74,"author":{"gitId":"YangShuogeng"},"content":"    private static String convertStringArrayToString(ArrayList\u003cString\u003e strArr) {","lastModifiedDate":"2021-08-25"},{"lineNumber":75,"author":{"gitId":"YangShuogeng"},"content":"        StringBuilder sb \u003d new StringBuilder();","lastModifiedDate":"2021-08-25"},{"lineNumber":76,"author":{"gitId":"YangShuogeng"},"content":"        for (String str : strArr)","lastModifiedDate":"2021-08-25"},{"lineNumber":77,"author":{"gitId":"YangShuogeng"},"content":"            sb.append(str).append(\" \");","lastModifiedDate":"2021-08-25"},{"lineNumber":78,"author":{"gitId":"YangShuogeng"},"content":"        return sb.substring(0, sb.length() - 1);","lastModifiedDate":"2021-08-25"},{"lineNumber":79,"author":{"gitId":"YangShuogeng"},"content":"    }","lastModifiedDate":"2021-08-25"},{"lineNumber":80,"author":{"gitId":"YangShuogeng"},"content":"}","lastModifiedDate":"2021-08-25"}],"authorContributionMap":{"YangShuogeng":80}},{"path":"src/main/java/User_Input/Input_Scanner.java","fileType":"java","lines":[{"lineNumber":1,"author":{"gitId":"YangShuogeng"},"content":"package User_Input;","lastModifiedDate":"2021-08-24"},{"lineNumber":2,"author":{"gitId":"YangShuogeng"},"content":"","lastModifiedDate":"2021-08-24"},{"lineNumber":3,"author":{"gitId":"YangShuogeng"},"content":"import System_output.Output_On_Screen;","lastModifiedDate":"2021-08-24"},{"lineNumber":4,"author":{"gitId":"YangShuogeng"},"content":"import Task_Classes.*;","lastModifiedDate":"2021-08-25"},{"lineNumber":5,"author":{"gitId":"YangShuogeng"},"content":"import Task_Manipulation.Add;","lastModifiedDate":"2021-08-24"},{"lineNumber":6,"author":{"gitId":"YangShuogeng"},"content":"import Task_Manipulation.MarkAsDone;","lastModifiedDate":"2021-08-25"},{"lineNumber":7,"author":{"gitId":"YangShuogeng"},"content":"","lastModifiedDate":"2021-08-24"},{"lineNumber":8,"author":{"gitId":"YangShuogeng"},"content":"import java.util.Scanner;","lastModifiedDate":"2021-08-24"},{"lineNumber":9,"author":{"gitId":"YangShuogeng"},"content":"import java.util.Vector;","lastModifiedDate":"2021-08-24"},{"lineNumber":10,"author":{"gitId":"YangShuogeng"},"content":"","lastModifiedDate":"2021-08-24"},{"lineNumber":11,"author":{"gitId":"YangShuogeng"},"content":"public class Input_Scanner {","lastModifiedDate":"2021-08-24"},{"lineNumber":12,"author":{"gitId":"YangShuogeng"},"content":"","lastModifiedDate":"2021-08-25"},{"lineNumber":13,"author":{"gitId":"YangShuogeng"},"content":"    /**","lastModifiedDate":"2021-08-25"},{"lineNumber":14,"author":{"gitId":"YangShuogeng"},"content":"     * To parse the user input information type","lastModifiedDate":"2021-08-25"},{"lineNumber":15,"author":{"gitId":"YangShuogeng"},"content":"     *","lastModifiedDate":"2021-08-25"},{"lineNumber":16,"author":{"gitId":"YangShuogeng"},"content":"     * @param List entire task list","lastModifiedDate":"2021-08-25"},{"lineNumber":17,"author":{"gitId":"YangShuogeng"},"content":"     * @return true or false, only \"bye\" input will return false","lastModifiedDate":"2021-08-25"},{"lineNumber":18,"author":{"gitId":"YangShuogeng"},"content":"     */","lastModifiedDate":"2021-08-25"},{"lineNumber":19,"author":{"gitId":"YangShuogeng"},"content":"    public static boolean InputStart(Vector\u003cTask\u003e List){","lastModifiedDate":"2021-08-25"},{"lineNumber":20,"author":{"gitId":"YangShuogeng"},"content":"        String Ending \u003d \"bye\";","lastModifiedDate":"2021-08-24"},{"lineNumber":21,"author":{"gitId":"YangShuogeng"},"content":"        String Input;","lastModifiedDate":"2021-08-24"},{"lineNumber":22,"author":{"gitId":"YangShuogeng"},"content":"","lastModifiedDate":"2021-08-24"},{"lineNumber":23,"author":{"gitId":"YangShuogeng"},"content":"        Scanner in \u003d new Scanner(System.in);","lastModifiedDate":"2021-08-24"},{"lineNumber":24,"author":{"gitId":"YangShuogeng"},"content":"        Input \u003d in.nextLine();","lastModifiedDate":"2021-08-25"},{"lineNumber":25,"author":{"gitId":"YangShuogeng"},"content":"","lastModifiedDate":"2021-08-24"},{"lineNumber":26,"author":{"gitId":"YangShuogeng"},"content":"        String[] Input_Words \u003d Input.split(\" \");","lastModifiedDate":"2021-08-24"},{"lineNumber":27,"author":{"gitId":"YangShuogeng"},"content":"","lastModifiedDate":"2021-08-24"},{"lineNumber":28,"author":{"gitId":"YangShuogeng"},"content":"","lastModifiedDate":"2021-08-24"},{"lineNumber":29,"author":{"gitId":"YangShuogeng"},"content":"        Output_On_Screen.Separated_Line();","lastModifiedDate":"2021-08-24"},{"lineNumber":30,"author":{"gitId":"YangShuogeng"},"content":"","lastModifiedDate":"2021-08-24"},{"lineNumber":31,"author":{"gitId":"YangShuogeng"},"content":"        switch(Input_Words[0].toLowerCase()) {","lastModifiedDate":"2021-08-25"},{"lineNumber":32,"author":{"gitId":"YangShuogeng"},"content":"            case \"bye\":","lastModifiedDate":"2021-08-24"},{"lineNumber":33,"author":{"gitId":"YangShuogeng"},"content":"                Output_On_Screen.GoodBye();","lastModifiedDate":"2021-08-24"},{"lineNumber":34,"author":{"gitId":"YangShuogeng"},"content":"                Output_On_Screen.Separated_Line();","lastModifiedDate":"2021-08-24"},{"lineNumber":35,"author":{"gitId":"YangShuogeng"},"content":"","lastModifiedDate":"2021-08-25"},{"lineNumber":36,"author":{"gitId":"YangShuogeng"},"content":"                return false;","lastModifiedDate":"2021-08-24"},{"lineNumber":37,"author":{"gitId":"YangShuogeng"},"content":"            case \"list\":","lastModifiedDate":"2021-08-24"},{"lineNumber":38,"author":{"gitId":"YangShuogeng"},"content":"                Output_On_Screen.Print_Out_List(List);","lastModifiedDate":"2021-08-25"},{"lineNumber":39,"author":{"gitId":"YangShuogeng"},"content":"","lastModifiedDate":"2021-08-24"},{"lineNumber":40,"author":{"gitId":"YangShuogeng"},"content":"                return true;","lastModifiedDate":"2021-08-24"},{"lineNumber":41,"author":{"gitId":"YangShuogeng"},"content":"            case \"done\":","lastModifiedDate":"2021-08-24"},{"lineNumber":42,"author":{"gitId":"YangShuogeng"},"content":"","lastModifiedDate":"2021-08-24"},{"lineNumber":43,"author":{"gitId":"YangShuogeng"},"content":"                return MarkAsDone.markAsDone(List, Input_Words, Input);","lastModifiedDate":"2021-08-25"},{"lineNumber":44,"author":{"gitId":"YangShuogeng"},"content":"            case \"deadline\":","lastModifiedDate":"2021-08-25"},{"lineNumber":45,"author":{"gitId":"YangShuogeng"},"content":"                Add.addDeadlineTask(List, Input_Words);","lastModifiedDate":"2021-08-25"},{"lineNumber":46,"author":{"gitId":"YangShuogeng"},"content":"","lastModifiedDate":"2021-08-24"},{"lineNumber":47,"author":{"gitId":"YangShuogeng"},"content":"                return true;","lastModifiedDate":"2021-08-24"},{"lineNumber":48,"author":{"gitId":"YangShuogeng"},"content":"            case \"event\":","lastModifiedDate":"2021-08-25"},{"lineNumber":49,"author":{"gitId":"YangShuogeng"},"content":"                Add.addEventTask(List, Input_Words);","lastModifiedDate":"2021-08-25"},{"lineNumber":50,"author":{"gitId":"YangShuogeng"},"content":"","lastModifiedDate":"2021-08-24"},{"lineNumber":51,"author":{"gitId":"YangShuogeng"},"content":"                return true;","lastModifiedDate":"2021-08-24"},{"lineNumber":52,"author":{"gitId":"YangShuogeng"},"content":"            default:","lastModifiedDate":"2021-08-24"},{"lineNumber":53,"author":{"gitId":"YangShuogeng"},"content":"                Add.addTask(List, Input);","lastModifiedDate":"2021-08-24"},{"lineNumber":54,"author":{"gitId":"YangShuogeng"},"content":"","lastModifiedDate":"2021-08-24"},{"lineNumber":55,"author":{"gitId":"YangShuogeng"},"content":"                return true;","lastModifiedDate":"2021-08-24"},{"lineNumber":56,"author":{"gitId":"YangShuogeng"},"content":"        }","lastModifiedDate":"2021-08-24"},{"lineNumber":57,"author":{"gitId":"YangShuogeng"},"content":"    }","lastModifiedDate":"2021-08-24"},{"lineNumber":58,"author":{"gitId":"YangShuogeng"},"content":"}","lastModifiedDate":"2021-08-24"}],"authorContributionMap":{"YangShuogeng":58}}]
