[{"path":"src/main/java/Duke.java","fileType":"java","lines":[{"lineNumber":1,"author":{"gitId":"YangShuogeng"},"content":"import java.util.Vector;","lastModifiedDate":"2021-08-24"},{"lineNumber":2,"author":{"gitId":"YangShuogeng"},"content":"","lastModifiedDate":"2021-08-24"},{"lineNumber":3,"author":{"gitId":"YangShuogeng"},"content":"import System_output.Greeting;","lastModifiedDate":"2021-08-24"},{"lineNumber":4,"author":{"gitId":"YangShuogeng"},"content":"import User_Input.Input_Scanner;","lastModifiedDate":"2021-08-24"},{"lineNumber":5,"author":{"gitId":"YangShuogeng"},"content":"","lastModifiedDate":"2021-08-24"},{"lineNumber":6,"author":{"gitId":"-"},"content":"public class Duke {","lastModifiedDate":"2019-07-29"},{"lineNumber":7,"author":{"gitId":"-"},"content":"    public static void main(String[] args) {","lastModifiedDate":"2019-07-29"},{"lineNumber":8,"author":{"gitId":"-"},"content":"        String logo \u003d \" ____        _        \\n\"","lastModifiedDate":"2019-07-29"},{"lineNumber":9,"author":{"gitId":"-"},"content":"                + \"|  _ \\\\ _   _| | _____ \\n\"","lastModifiedDate":"2019-07-29"},{"lineNumber":10,"author":{"gitId":"-"},"content":"                + \"| | | | | | | |/ / _ \\\\\\n\"","lastModifiedDate":"2019-07-29"},{"lineNumber":11,"author":{"gitId":"-"},"content":"                + \"| |_| | |_| |   \u003c  __/\\n\"","lastModifiedDate":"2019-07-29"},{"lineNumber":12,"author":{"gitId":"-"},"content":"                + \"|____/ \\\\__,_|_|\\\\_\\\\___|\\n\";","lastModifiedDate":"2019-07-29"},{"lineNumber":13,"author":{"gitId":"-"},"content":"        System.out.println(\"Hello from\\n\" + logo);","lastModifiedDate":"2019-07-29"},{"lineNumber":14,"author":{"gitId":"YangShuogeng"},"content":"","lastModifiedDate":"2021-08-24"},{"lineNumber":15,"author":{"gitId":"YangShuogeng"},"content":"        Greeting.Separated_Line();","lastModifiedDate":"2021-08-24"},{"lineNumber":16,"author":{"gitId":"YangShuogeng"},"content":"        Greeting.Greeting_Output();","lastModifiedDate":"2021-08-24"},{"lineNumber":17,"author":{"gitId":"YangShuogeng"},"content":"        Greeting.Separated_Line();","lastModifiedDate":"2021-08-24"},{"lineNumber":18,"author":{"gitId":"YangShuogeng"},"content":"        System.out.println(\"\");","lastModifiedDate":"2021-08-24"},{"lineNumber":19,"author":{"gitId":"YangShuogeng"},"content":"","lastModifiedDate":"2021-08-24"},{"lineNumber":20,"author":{"gitId":"YangShuogeng"},"content":"        Vector\u003cString\u003e List \u003d new Vector\u003cString\u003e();","lastModifiedDate":"2021-08-24"},{"lineNumber":21,"author":{"gitId":"YangShuogeng"},"content":"","lastModifiedDate":"2021-08-24"},{"lineNumber":22,"author":{"gitId":"YangShuogeng"},"content":"        boolean n \u003d true;","lastModifiedDate":"2021-08-24"},{"lineNumber":23,"author":{"gitId":"YangShuogeng"},"content":"        while(n){","lastModifiedDate":"2021-08-24"},{"lineNumber":24,"author":{"gitId":"YangShuogeng"},"content":"            n \u003d Input_Scanner.input_start(List);","lastModifiedDate":"2021-08-24"},{"lineNumber":25,"author":{"gitId":"YangShuogeng"},"content":"            System.out.println(\"\");","lastModifiedDate":"2021-08-24"},{"lineNumber":26,"author":{"gitId":"YangShuogeng"},"content":"        }","lastModifiedDate":"2021-08-24"},{"lineNumber":27,"author":{"gitId":"-"},"content":"    }","lastModifiedDate":"2019-07-29"},{"lineNumber":28,"author":{"gitId":"-"},"content":"}","lastModifiedDate":"2019-07-29"}],"authorContributionMap":{"-":10,"YangShuogeng":18}},{"path":"src/main/java/System_output/Greeting.java","fileType":"java","lines":[{"lineNumber":1,"author":{"gitId":"YangShuogeng"},"content":"package System_output;","lastModifiedDate":"2021-08-24"},{"lineNumber":2,"author":{"gitId":"YangShuogeng"},"content":"","lastModifiedDate":"2021-08-24"},{"lineNumber":3,"author":{"gitId":"YangShuogeng"},"content":"","lastModifiedDate":"2021-08-24"},{"lineNumber":4,"author":{"gitId":"YangShuogeng"},"content":"public class Greeting {","lastModifiedDate":"2021-08-24"},{"lineNumber":5,"author":{"gitId":"YangShuogeng"},"content":"","lastModifiedDate":"2021-08-24"},{"lineNumber":6,"author":{"gitId":"YangShuogeng"},"content":"    /**","lastModifiedDate":"2021-08-24"},{"lineNumber":7,"author":{"gitId":"YangShuogeng"},"content":"     * The greeting with some instruction","lastModifiedDate":"2021-08-24"},{"lineNumber":8,"author":{"gitId":"YangShuogeng"},"content":"     */","lastModifiedDate":"2021-08-24"},{"lineNumber":9,"author":{"gitId":"YangShuogeng"},"content":"    public static void Greeting_Output() {","lastModifiedDate":"2021-08-24"},{"lineNumber":10,"author":{"gitId":"YangShuogeng"},"content":"        System.out.println(\"     Hello! I\u0027m Duke\");","lastModifiedDate":"2021-08-24"},{"lineNumber":11,"author":{"gitId":"YangShuogeng"},"content":"        System.out.println(\"     What can I do for you?\");","lastModifiedDate":"2021-08-24"},{"lineNumber":12,"author":{"gitId":"YangShuogeng"},"content":"        //System.out.println(\"     **Date and time input format: /by(at): **\");","lastModifiedDate":"2021-08-24"},{"lineNumber":13,"author":{"gitId":"YangShuogeng"},"content":"        //System.out.println(\"     **1. Deadline: YYYY-MM-DD Hour(0-23):Minute(0-59)**\");","lastModifiedDate":"2021-08-24"},{"lineNumber":14,"author":{"gitId":"YangShuogeng"},"content":"        //System.out.println(\"     **2. YYYY-MM-DD Hour(0-23):Minute(0-59) -\u003e Hour(0-23):Minutes(0-59)**\");","lastModifiedDate":"2021-08-24"},{"lineNumber":15,"author":{"gitId":"YangShuogeng"},"content":"        //System.out.println(\"     **3. YYYY-MM-DD Hour(0-23):Minute(0-59) -\u003e YYYY-MM-DD Hour(0-23):Minute(0-59)**\");","lastModifiedDate":"2021-08-24"},{"lineNumber":16,"author":{"gitId":"YangShuogeng"},"content":"    }","lastModifiedDate":"2021-08-24"},{"lineNumber":17,"author":{"gitId":"YangShuogeng"},"content":"","lastModifiedDate":"2021-08-24"},{"lineNumber":18,"author":{"gitId":"YangShuogeng"},"content":"    /**","lastModifiedDate":"2021-08-24"},{"lineNumber":19,"author":{"gitId":"YangShuogeng"},"content":"     * Sperated_Line","lastModifiedDate":"2021-08-24"},{"lineNumber":20,"author":{"gitId":"YangShuogeng"},"content":"     */","lastModifiedDate":"2021-08-24"},{"lineNumber":21,"author":{"gitId":"YangShuogeng"},"content":"    public static void Separated_Line(){","lastModifiedDate":"2021-08-24"},{"lineNumber":22,"author":{"gitId":"YangShuogeng"},"content":"        System.out.print(\"    \");","lastModifiedDate":"2021-08-24"},{"lineNumber":23,"author":{"gitId":"YangShuogeng"},"content":"        for(int i\u003d0; i\u003c100; i++){","lastModifiedDate":"2021-08-24"},{"lineNumber":24,"author":{"gitId":"YangShuogeng"},"content":"            System.out.print(\"_\");","lastModifiedDate":"2021-08-24"},{"lineNumber":25,"author":{"gitId":"YangShuogeng"},"content":"        }","lastModifiedDate":"2021-08-24"},{"lineNumber":26,"author":{"gitId":"YangShuogeng"},"content":"        System.out.println(\"\");","lastModifiedDate":"2021-08-24"},{"lineNumber":27,"author":{"gitId":"YangShuogeng"},"content":"    }","lastModifiedDate":"2021-08-24"},{"lineNumber":28,"author":{"gitId":"YangShuogeng"},"content":"","lastModifiedDate":"2021-08-24"},{"lineNumber":29,"author":{"gitId":"YangShuogeng"},"content":"    /**","lastModifiedDate":"2021-08-24"},{"lineNumber":30,"author":{"gitId":"YangShuogeng"},"content":"     * Goodbye Output","lastModifiedDate":"2021-08-24"},{"lineNumber":31,"author":{"gitId":"YangShuogeng"},"content":"     */","lastModifiedDate":"2021-08-24"},{"lineNumber":32,"author":{"gitId":"YangShuogeng"},"content":"    public static void GoodBye(){","lastModifiedDate":"2021-08-24"},{"lineNumber":33,"author":{"gitId":"YangShuogeng"},"content":"        System.out.println(\"     Bye. Hope to see you again soon!\");","lastModifiedDate":"2021-08-24"},{"lineNumber":34,"author":{"gitId":"YangShuogeng"},"content":"    }","lastModifiedDate":"2021-08-24"},{"lineNumber":35,"author":{"gitId":"YangShuogeng"},"content":"}","lastModifiedDate":"2021-08-24"}],"authorContributionMap":{"YangShuogeng":35}},{"path":"src/main/java/Task_Manipulation/Add.java","fileType":"java","lines":[{"lineNumber":1,"author":{"gitId":"YangShuogeng"},"content":"package Task_Manipulation;","lastModifiedDate":"2021-08-24"},{"lineNumber":2,"author":{"gitId":"YangShuogeng"},"content":"","lastModifiedDate":"2021-08-24"},{"lineNumber":3,"author":{"gitId":"YangShuogeng"},"content":"","lastModifiedDate":"2021-08-24"},{"lineNumber":4,"author":{"gitId":"YangShuogeng"},"content":"public class Add {","lastModifiedDate":"2021-08-24"},{"lineNumber":5,"author":{"gitId":"YangShuogeng"},"content":"","lastModifiedDate":"2021-08-24"},{"lineNumber":6,"author":{"gitId":"YangShuogeng"},"content":"}","lastModifiedDate":"2021-08-24"}],"authorContributionMap":{"YangShuogeng":6}},{"path":"src/main/java/User_Input/Input_Scanner.java","fileType":"java","lines":[{"lineNumber":1,"author":{"gitId":"YangShuogeng"},"content":"package User_Input;","lastModifiedDate":"2021-08-24"},{"lineNumber":2,"author":{"gitId":"YangShuogeng"},"content":"","lastModifiedDate":"2021-08-24"},{"lineNumber":3,"author":{"gitId":"YangShuogeng"},"content":"import System_output.Greeting;","lastModifiedDate":"2021-08-24"},{"lineNumber":4,"author":{"gitId":"YangShuogeng"},"content":"","lastModifiedDate":"2021-08-24"},{"lineNumber":5,"author":{"gitId":"YangShuogeng"},"content":"import java.util.Scanner;","lastModifiedDate":"2021-08-24"},{"lineNumber":6,"author":{"gitId":"YangShuogeng"},"content":"import java.util.Vector;","lastModifiedDate":"2021-08-24"},{"lineNumber":7,"author":{"gitId":"YangShuogeng"},"content":"","lastModifiedDate":"2021-08-24"},{"lineNumber":8,"author":{"gitId":"YangShuogeng"},"content":"public class Input_Scanner {","lastModifiedDate":"2021-08-24"},{"lineNumber":9,"author":{"gitId":"YangShuogeng"},"content":"    public static boolean input_start(Vector\u003cString\u003e List){","lastModifiedDate":"2021-08-24"},{"lineNumber":10,"author":{"gitId":"YangShuogeng"},"content":"        String Ending \u003d \"bye\";","lastModifiedDate":"2021-08-24"},{"lineNumber":11,"author":{"gitId":"YangShuogeng"},"content":"        String Input;","lastModifiedDate":"2021-08-24"},{"lineNumber":12,"author":{"gitId":"YangShuogeng"},"content":"","lastModifiedDate":"2021-08-24"},{"lineNumber":13,"author":{"gitId":"YangShuogeng"},"content":"        Scanner in \u003d new Scanner(System.in);","lastModifiedDate":"2021-08-24"},{"lineNumber":14,"author":{"gitId":"YangShuogeng"},"content":"        Input \u003d in.nextLine().toLowerCase();","lastModifiedDate":"2021-08-24"},{"lineNumber":15,"author":{"gitId":"YangShuogeng"},"content":"","lastModifiedDate":"2021-08-24"},{"lineNumber":16,"author":{"gitId":"YangShuogeng"},"content":"        Greeting.Separated_Line();","lastModifiedDate":"2021-08-24"},{"lineNumber":17,"author":{"gitId":"YangShuogeng"},"content":"","lastModifiedDate":"2021-08-24"},{"lineNumber":18,"author":{"gitId":"YangShuogeng"},"content":"        switch(Input){","lastModifiedDate":"2021-08-24"},{"lineNumber":19,"author":{"gitId":"YangShuogeng"},"content":"            case \"bye\":","lastModifiedDate":"2021-08-24"},{"lineNumber":20,"author":{"gitId":"YangShuogeng"},"content":"                Greeting.GoodBye();","lastModifiedDate":"2021-08-24"},{"lineNumber":21,"author":{"gitId":"YangShuogeng"},"content":"                Greeting.Separated_Line();","lastModifiedDate":"2021-08-24"},{"lineNumber":22,"author":{"gitId":"YangShuogeng"},"content":"                return false;","lastModifiedDate":"2021-08-24"},{"lineNumber":23,"author":{"gitId":"YangShuogeng"},"content":"            case\"list\":","lastModifiedDate":"2021-08-24"},{"lineNumber":24,"author":{"gitId":"YangShuogeng"},"content":"                for(int i \u003d 0; i\u003cList.size(); i++){","lastModifiedDate":"2021-08-24"},{"lineNumber":25,"author":{"gitId":"YangShuogeng"},"content":"                    int j \u003d i + 1;","lastModifiedDate":"2021-08-24"},{"lineNumber":26,"author":{"gitId":"YangShuogeng"},"content":"                    System.out.println(\"     \" + j + \".\" + List.get(i));","lastModifiedDate":"2021-08-24"},{"lineNumber":27,"author":{"gitId":"YangShuogeng"},"content":"                }","lastModifiedDate":"2021-08-24"},{"lineNumber":28,"author":{"gitId":"YangShuogeng"},"content":"","lastModifiedDate":"2021-08-24"},{"lineNumber":29,"author":{"gitId":"YangShuogeng"},"content":"                Greeting.Separated_Line();","lastModifiedDate":"2021-08-24"},{"lineNumber":30,"author":{"gitId":"YangShuogeng"},"content":"","lastModifiedDate":"2021-08-24"},{"lineNumber":31,"author":{"gitId":"YangShuogeng"},"content":"                return true;","lastModifiedDate":"2021-08-24"},{"lineNumber":32,"author":{"gitId":"YangShuogeng"},"content":"            default:","lastModifiedDate":"2021-08-24"},{"lineNumber":33,"author":{"gitId":"YangShuogeng"},"content":"                List.add(Input);","lastModifiedDate":"2021-08-24"},{"lineNumber":34,"author":{"gitId":"YangShuogeng"},"content":"","lastModifiedDate":"2021-08-24"},{"lineNumber":35,"author":{"gitId":"YangShuogeng"},"content":"                System.out.println(\"     added:\" + Input);","lastModifiedDate":"2021-08-24"},{"lineNumber":36,"author":{"gitId":"YangShuogeng"},"content":"                Greeting.Separated_Line();","lastModifiedDate":"2021-08-24"},{"lineNumber":37,"author":{"gitId":"YangShuogeng"},"content":"","lastModifiedDate":"2021-08-24"},{"lineNumber":38,"author":{"gitId":"YangShuogeng"},"content":"                return true;","lastModifiedDate":"2021-08-24"},{"lineNumber":39,"author":{"gitId":"YangShuogeng"},"content":"        }","lastModifiedDate":"2021-08-24"},{"lineNumber":40,"author":{"gitId":"YangShuogeng"},"content":"    }","lastModifiedDate":"2021-08-24"},{"lineNumber":41,"author":{"gitId":"YangShuogeng"},"content":"}","lastModifiedDate":"2021-08-24"}],"authorContributionMap":{"YangShuogeng":41}}]
