{"authorDailyContributionsMap":{"YangShuogeng":[{"date":"2021-08-24","commitResults":[{"hash":"75da337a031e92d93dd253903614348adc476ed6","messageTitle":"Duke Level-0: Greeting","messageBody":"","fileTypesAndContributionMap":{"java":{"insertions":38,"deletions":0}}},{"hash":"fe519e5c6d5cb6ebc35c43e802ed47ced088e06d","messageTitle":"Level-0","messageBody":"","tags":["Level-0"],"fileTypesAndContributionMap":{"java":{"insertions":1,"deletions":1}}},{"hash":"19d59eb2548c183f10120be9d4fd5d0bd5bfa044","messageTitle":"Level-1","messageBody":"","tags":["Level-1"],"fileTypesAndContributionMap":{"java":{"insertions":42,"deletions":6}}},{"hash":"c08afa8f6f44e5cd5d7cc64c5b66998cfee624d5","messageTitle":"Level-2","messageBody":"","tags":["Level-2"],"fileTypesAndContributionMap":{"java":{"insertions":58,"deletions":32}}},{"hash":"3e215c8fa4051948aec9acb0a457186c0e5537d9","messageTitle":"Level-3","messageBody":"","tags":["Level-3"],"fileTypesAndContributionMap":{"java":{"insertions":96,"deletions":20}}}]},{"date":"2021-08-25","commitResults":[{"hash":"98fca4dc6244db7da07c8316d084284c3fd2a2db","messageTitle":"Level-4","messageBody":"","tags":["Level-4","A-Inheritance"],"fileTypesAndContributionMap":{"java":{"insertions":239,"deletions":37}}},{"hash":"ad62cb8f96f51d2dce0bcaca5193ab61340eb720","messageTitle":"A-CodingStandard","messageBody":"","fileTypesAndContributionMap":{"java":{"insertions":103,"deletions":4}}},{"hash":"7062c3d9c0f9bf3f7a8337986a9a217dcdc9c262","messageTitle":"Changes some method name","messageBody":"","tags":["A-CodingStandard"],"fileTypesAndContributionMap":{"java":{"insertions":2,"deletions":2}}}]},{"date":"2021-08-26","commitResults":[{"hash":"310000838d2b99eba638e038c30d7fda885a27c6","messageTitle":"Try A-TextUiTesting","messageBody":"","tags":["A-TextUiTesting"],"fileTypesAndContributionMap":{"txt":{"insertions":1,"deletions":0},"bat":{"insertions":3,"deletions":1}}}]},{"date":"2021-08-28","commitResults":[{"hash":"e8e34cf7944320df3742f5908c393fb3db3e7568","messageTitle":"Update some codes to follow coding standard","messageBody":"","tags":["branch-A-CodeQuality"],"fileTypesAndContributionMap":{"java":{"insertions":231,"deletions":230}}}]},{"date":"2021-08-29","commitResults":[{"hash":"3deae1302654ea8a200aeb09aefbabc47b7a1666","messageTitle":"Updated current error handles and added new error handled","messageBody":"","tags":["branch-Level-5"],"fileTypesAndContributionMap":{"java":{"insertions":317,"deletions":96}}},{"hash":"38d846cab72bdbc5fea63801716d8d60a82c0af5","messageTitle":"Testing","messageBody":"","fileTypesAndContributionMap":{"txt":{"insertions":13,"deletions":0}}},{"hash":"3f34963cf7dd9a9c99d1933ce41740ae39c3f58f","messageTitle":"Removed un-use txt file","messageBody":"","tags":["Level-5","A-Exceptions"],"fileTypesAndContributionMap":{"txt":{"insertions":0,"deletions":13}}}]},{"date":"2021-08-30","commitResults":[{"hash":"b72f6bde9b537c79653a70fe016da410fe10b594","messageTitle":"Change the Task class and methods in the class to abstract","messageBody":"","fileTypesAndContributionMap":{"java":{"insertions":5,"deletions":13}}},{"hash":"34a213041df439c4f89b8e7d0609551002e694ad","messageTitle":"Add these abstract methods to each type of task class; Update Variables type in Task class;","messageBody":"","fileTypesAndContributionMap":{"java":{"insertions":107,"deletions":4}}},{"hash":"06eb39938622516756399d128e1bc26d01bdf8c9","messageTitle":"Remove two System Println code","messageBody":"","fileTypesAndContributionMap":{"java":{"insertions":0,"deletions":4}}},{"hash":"a60b3d4f623466c68aa07d9dc81c066bb5dbb256","messageTitle":"Update screen output information and code quality.","messageBody":"","fileTypesAndContributionMap":{"java":{"insertions":11,"deletions":27}}}]},{"date":"2021-08-31","commitResults":[{"hash":"0692dbcae7d4686a29adf6ac9089b3747e1f9a9c","messageTitle":"Updated package name","messageBody":"","fileTypesAndContributionMap":{"java":{"insertions":6,"deletions":7}}},{"hash":"328ede58b65903734d395a430fdbca554ed30d1a","messageTitle":"Updated package name when coding","messageBody":"","fileTypesAndContributionMap":{"java":{"insertions":1,"deletions":1}}}]},{"date":"2021-09-07","commitResults":[{"hash":"641ac27cb1966aec5a538a04c1733a69a68fd6c7","messageTitle":"Task able to be delete, but still have some error handlers for some situation.","messageBody":"","fileTypesAndContributionMap":{"java":{"insertions":56,"deletions":0}}},{"hash":"e6e8075003cc32b4ee4013679ad9961a5a97f885","messageTitle":"Delete extra separateLine command","messageBody":"","fileTypesAndContributionMap":{"java":{"insertions":0,"deletions":6}}},{"hash":"247a12aaa9bdfbb6cba4fc8f803434d141a203a0","messageTitle":"Added output on screen after the particular task deleted","messageBody":"","fileTypesAndContributionMap":{"java":{"insertions":56,"deletions":2}}},{"hash":"6196e7fb720fdeda733afbc2c2544a3df5ae54d5","messageTitle":"Added new error handle and modified one error handle. Finished delete output","messageBody":"","fileTypesAndContributionMap":{"java":{"insertions":13,"deletions":6}}},{"hash":"93916aac0fd3719626ae99ce1e28e47da69543dc","messageTitle":"Updated error handlers; Updated screen output;","messageBody":"","fileTypesAndContributionMap":{"java":{"insertions":91,"deletions":19}}},{"hash":"58389645dd8368ccb05e5c9b5bac0bfaa11a5f15","messageTitle":"Change to all Vector and ArrayList","messageBody":"","tags":["A-Collections"],"fileTypesAndContributionMap":{"java":{"insertions":33,"deletions":30}}},{"hash":"b3933828021b8706acb243376797055bf59622e3","messageTitle":"11","messageBody":"","fileTypesAndContributionMap":{"java":{"insertions":14,"deletions":0}}},{"hash":"e398cfddfa4a8192a35dc63064f73ed70a9296b4","messageTitle":"Changed some syntax.","messageBody":"","fileTypesAndContributionMap":{"java":{"insertions":4,"deletions":5}}}]},{"date":"2021-09-08","commitResults":[{"hash":"1e02e0d32dd309da7e2592fd568b8b84152c3e5d","messageTitle":"Updated coding arrangement","messageBody":"","fileTypesAndContributionMap":{"java":{"insertions":2,"deletions":0}}},{"hash":"a754ab8cc028544863a112a664763f3aec4fb37f","messageTitle":"Updated printDeletedDeadline java Doc","messageBody":"","fileTypesAndContributionMap":{"java":{"insertions":7,"deletions":1}}},{"hash":"52c93132c79d5078bdd065b79cea4bc6891ead14","messageTitle":"Create storage package and added come useful method in StorageInLocal class","messageBody":"","fileTypesAndContributionMap":{"java":{"insertions":71,"deletions":0}}},{"hash":"9d6f2675cb0d4968d704905940a02263dc64d121","messageTitle":"Convert task in the task list to all in String type and saved to Vector\u003cString\u003e","messageBody":"","fileTypesAndContributionMap":{"java":{"insertions":25,"deletions":17}}}]},{"date":"2021-09-09","commitResults":[{"hash":"d68e831809ec8428a2ce461bf1c55e35aea8fb85","messageTitle":"Added save function, the software will save all the task into txt file in local, address: data/duke.txt after user enter \u0027bye\u0027","messageBody":"","tags":["Level-7"],"fileTypesAndContributionMap":{"java":{"insertions":78,"deletions":18}}}]},{"date":"2021-09-10","commitResults":[{"hash":"9938c6a0848b83cfde11d9255e6b160de3b568bd","messageTitle":"Updated JavaDoc for DukeTaskInputException class and Output_On_Screen class","messageBody":"","fileTypesAndContributionMap":{"java":{"insertions":54,"deletions":1}}},{"hash":"f9866ec9fcc89c60f1b942564b4a067efe76dfde","messageTitle":"Updated JavaDoc for Delete class","messageBody":"","fileTypesAndContributionMap":{"java":{"insertions":7,"deletions":0}}},{"hash":"6f8a54caf25257e93023b9f0ba0140b4015af08f","messageTitle":"Updated JavaDoc for Input_Parser class","messageBody":"","tags":["A-JavaDoc"],"fileTypesAndContributionMap":{"java":{"insertions":8,"deletions":0}}},{"hash":"9cf5ee8dcfacdfe438a4dbcbe3a99abae3260609","messageTitle":"Add method to check whether storage path exist, if not exist , then create new","messageBody":"","tags":["A-Jar"],"fileTypesAndContributionMap":{"java":{"insertions":20,"deletions":3}}}]},{"date":"2021-09-13","commitResults":[{"hash":"82ec3780ab67d81c736ffc779268731f70db57cf","messageTitle":"Added two new class in storage package and also added a new class in exceptions package","messageBody":"","fileTypesAndContributionMap":{"java":{"insertions":154,"deletions":60}}},{"hash":"a0507034b156ef5144a07d6b82225cac1209eec2","messageTitle":"Fixed storage bugs","messageBody":"","fileTypesAndContributionMap":{"java":{"insertions":53,"deletions":15}}},{"hash":"73c0c2c3eee5ed4eea1e7b1bbaad7bf27fa45711","messageTitle":"Added extract info from txt method to Duke and fixed few bugs","messageBody":"","fileTypesAndContributionMap":{"java":{"insertions":25,"deletions":18}}}]},{"date":"2021-09-15","commitResults":[{"hash":"872e4118a0c81d6abcf12398ab05c4d971ca08ad","messageTitle":"split to more oop","messageBody":"","fileTypesAndContributionMap":{"java":{"insertions":72,"deletions":47}}}]},{"date":"2021-09-17","commitResults":[{"hash":"36fa3ac8dc462a7ba30856a7022b6b3af0167510","messageTitle":"Updated current classes and add more class","messageBody":"","fileTypesAndContributionMap":{"java":{"insertions":646,"deletions":342}}},{"hash":"21d462a6593b22243ff6f205c46069811bb7b37b","messageTitle":"Fixed bug in delete and mark as done class","messageBody":"","tags":["A-MoreOOP"],"fileTypesAndContributionMap":{"java":{"insertions":146,"deletions":138}}},{"hash":"0b873b6d0d8b887520292fd25b70d7ff181e02db","messageTitle":"Added find function","messageBody":"","fileTypesAndContributionMap":{"java":{"insertions":158,"deletions":144}}},{"hash":"1db735921c036070bd598d84fd558f10486d6d6d","messageTitle":"Added few classes for date time","messageBody":"","fileTypesAndContributionMap":{"java":{"insertions":70,"deletions":95}}}]},{"date":"2021-09-18","commitResults":[{"hash":"b1fe0d9aaa99efc517bb53eec5e749c91a7c8fbe","messageTitle":"Updated date time format convert function, add command","messageBody":"","fileTypesAndContributionMap":{"java":{"insertions":249,"deletions":199}}},{"hash":"add297063770f773002ac2f04d8386246a899087","messageTitle":"Fix date time dynamic bug during encode and decode","messageBody":"","fileTypesAndContributionMap":{"java":{"insertions":75,"deletions":131}}},{"hash":"0979c2d9db262b147d63bf98843f23c2870e15de","messageTitle":"Fix event task starting datetime string extraction error during addCommand period.","messageBody":"","fileTypesAndContributionMap":{"java":{"insertions":1,"deletions":1}}},{"hash":"262afa59bbddb96d424c6113617ace066c938e9b","messageTitle":"Updated event printing output during listCommand","messageBody":"","fileTypesAndContributionMap":{"java":{"insertions":3,"deletions":2}}},{"hash":"bb84342f1be7143a14d0938da6572bf5720c25dc","messageTitle":"Add Junit Testing","messageBody":"","fileTypesAndContributionMap":{"java":{"insertions":79,"deletions":4}}},{"hash":"0d0f18bf3552e1b679d7aee47b1dc9ef30c115b7","messageTitle":"Added two new test method","messageBody":"","fileTypesAndContributionMap":{"java":{"insertions":41,"deletions":4}}},{"hash":"6c47fee64f0145a92fe4156617dfe53cb7cf1fa8","messageTitle":"Remove one import class which is unused","messageBody":"","fileTypesAndContributionMap":{"java":{"insertions":0,"deletions":1}}},{"hash":"c92909cead802970d239f9c2b10b72b3c143ec25","messageTitle":"Delete user_input package","messageBody":"","fileTypesAndContributionMap":{"java":{"insertions":0,"deletions":106}}},{"hash":"150656d6d202f87bebcfac2c9e00c3481f99a4cd","messageTitle":"Change storage Path","messageBody":"","fileTypesAndContributionMap":{"java":{"insertions":2,"deletions":2}}},{"hash":"ddac3a0a10ce5f9a275f17e8be17adc367712553","messageTitle":"for merge","messageBody":"","fileTypesAndContributionMap":{"java":{"insertions":2,"deletions":49}}},{"hash":"a5cccd312327703bacd5c6c24cfc1e3f05c2f873","messageTitle":"Revert \"Branch level 8\"","messageBody":"","fileTypesAndContributionMap":{"java":{"insertions":210,"deletions":293}}},{"hash":"ce1cdfe745d071d28087346865f4ac2baa38b9bb","messageTitle":"Revert \"Branch a j unit\"","messageBody":"","fileTypesAndContributionMap":{"java":{"insertions":3,"deletions":117}}}]},{"date":"2021-09-19","commitResults":[{"hash":"0d7d185f176f7f3688397851a7e38a36d653c9f4","messageTitle":"Fix bugs","messageBody":"","fileTypesAndContributionMap":{"java":{"insertions":5,"deletions":11}}},{"hash":"8e63f1499e74992b1a462c0f2b5f4164de6f42b4","messageTitle":"Fix bugs","messageBody":"","fileTypesAndContributionMap":{"java":{"insertions":244,"deletions":140}}},{"hash":"6d3fa702c8feaf65e16fb43a2688ef7a1f90bd11","messageTitle":"Updated JavaDoc","messageBody":"","fileTypesAndContributionMap":{"java":{"insertions":391,"deletions":90}}}]}]},"authorFileTypeContributionMap":{"YangShuogeng":{"java":2137,"md":0,"fxml":0,"sh":0,"bat":3,"gradle":0,"txt":1}},"authorContributionVariance":{"YangShuogeng":143522.78},"authorDisplayNameMap":{"YangShuogeng":"TIC4001-F18-2 YANG..GENG"}}
