{"authorDailyContributionsMap":{"YangShuogeng":[{"date":"2021-08-24","commitResults":[{"hash":"75da337a031e92d93dd253903614348adc476ed6","messageTitle":"Duke Level-0: Greeting","messageBody":"","fileTypesAndContributionMap":{"java":{"insertions":38,"deletions":0}}},{"hash":"fe519e5c6d5cb6ebc35c43e802ed47ced088e06d","messageTitle":"Level-0","messageBody":"","tags":["Level-0"],"fileTypesAndContributionMap":{"java":{"insertions":1,"deletions":1}}},{"hash":"19d59eb2548c183f10120be9d4fd5d0bd5bfa044","messageTitle":"Level-1","messageBody":"","tags":["Level-1"],"fileTypesAndContributionMap":{"java":{"insertions":42,"deletions":6}}},{"hash":"c08afa8f6f44e5cd5d7cc64c5b66998cfee624d5","messageTitle":"Level-2","messageBody":"","tags":["Level-2"],"fileTypesAndContributionMap":{"java":{"insertions":58,"deletions":32}}},{"hash":"3e215c8fa4051948aec9acb0a457186c0e5537d9","messageTitle":"Level-3","messageBody":"","tags":["Level-3"],"fileTypesAndContributionMap":{"java":{"insertions":96,"deletions":20}}}]},{"date":"2021-08-25","commitResults":[{"hash":"98fca4dc6244db7da07c8316d084284c3fd2a2db","messageTitle":"Level-4","messageBody":"","tags":["Level-4","A-Inheritance"],"fileTypesAndContributionMap":{"java":{"insertions":239,"deletions":37}}},{"hash":"ad62cb8f96f51d2dce0bcaca5193ab61340eb720","messageTitle":"A-CodingStandard","messageBody":"","fileTypesAndContributionMap":{"java":{"insertions":103,"deletions":4}}},{"hash":"7062c3d9c0f9bf3f7a8337986a9a217dcdc9c262","messageTitle":"Changes some method name","messageBody":"","tags":["A-CodingStandard"],"fileTypesAndContributionMap":{"java":{"insertions":2,"deletions":2}}}]},{"date":"2021-08-26","commitResults":[{"hash":"310000838d2b99eba638e038c30d7fda885a27c6","messageTitle":"Try A-TextUiTesting","messageBody":"","tags":["A-TextUiTesting"],"fileTypesAndContributionMap":{"txt":{"insertions":1,"deletions":0},"bat":{"insertions":3,"deletions":1}}}]},{"date":"2021-08-28","commitResults":[{"hash":"e8e34cf7944320df3742f5908c393fb3db3e7568","messageTitle":"Update some codes to follow coding standard","messageBody":"","tags":["branch-A-CodeQuality"],"fileTypesAndContributionMap":{"java":{"insertions":231,"deletions":230}}}]},{"date":"2021-08-29","commitResults":[{"hash":"3deae1302654ea8a200aeb09aefbabc47b7a1666","messageTitle":"Updated current error handles and added new error handled","messageBody":"","tags":["branch-Level-5"],"fileTypesAndContributionMap":{"java":{"insertions":317,"deletions":96}}},{"hash":"38d846cab72bdbc5fea63801716d8d60a82c0af5","messageTitle":"Testing","messageBody":"","fileTypesAndContributionMap":{"txt":{"insertions":13,"deletions":0}}},{"hash":"3f34963cf7dd9a9c99d1933ce41740ae39c3f58f","messageTitle":"Removed un-use txt file","messageBody":"","tags":["Level-5","A-Exceptions"],"fileTypesAndContributionMap":{"txt":{"insertions":0,"deletions":13}}}]},{"date":"2021-08-30","commitResults":[{"hash":"b72f6bde9b537c79653a70fe016da410fe10b594","messageTitle":"Change the Task class and methods in the class to abstract","messageBody":"","fileTypesAndContributionMap":{"java":{"insertions":5,"deletions":13}}},{"hash":"34a213041df439c4f89b8e7d0609551002e694ad","messageTitle":"Add these abstract methods to each type of task class; Update Variables type in Task class;","messageBody":"","fileTypesAndContributionMap":{"java":{"insertions":107,"deletions":4}}},{"hash":"06eb39938622516756399d128e1bc26d01bdf8c9","messageTitle":"Remove two System Println code","messageBody":"","fileTypesAndContributionMap":{"java":{"insertions":0,"deletions":4}}},{"hash":"a60b3d4f623466c68aa07d9dc81c066bb5dbb256","messageTitle":"Update screen output information and code quality.","messageBody":"","fileTypesAndContributionMap":{"java":{"insertions":11,"deletions":27}}}]},{"date":"2021-08-31","commitResults":[{"hash":"0692dbcae7d4686a29adf6ac9089b3747e1f9a9c","messageTitle":"Updated package name","messageBody":"","fileTypesAndContributionMap":{"java":{"insertions":6,"deletions":7}}},{"hash":"328ede58b65903734d395a430fdbca554ed30d1a","messageTitle":"Updated package name when coding","messageBody":"","fileTypesAndContributionMap":{"java":{"insertions":1,"deletions":1}}}]}]},"authorFileTypeContributionMap":{"YangShuogeng":{"java":773,"md":0,"fxml":0,"sh":0,"bat":3,"gradle":0,"txt":1}},"authorContributionVariance":{"YangShuogeng":23235.52},"authorDisplayNameMap":{"YangShuogeng":"TIC4001-F18-2 YANG..GENG"}}
