{"authorDailyContributionsMap":{"YangShuogeng":[{"date":"2021-08-24","commitResults":[{"hash":"75da337a031e92d93dd253903614348adc476ed6","messageTitle":"Duke Level-0: Greeting","messageBody":"","fileTypesAndContributionMap":{"java":{"insertions":38,"deletions":0}}},{"hash":"fe519e5c6d5cb6ebc35c43e802ed47ced088e06d","messageTitle":"Level-0","messageBody":"","fileTypesAndContributionMap":{"java":{"insertions":1,"deletions":1}}},{"hash":"19d59eb2548c183f10120be9d4fd5d0bd5bfa044","messageTitle":"Level-1","messageBody":"","fileTypesAndContributionMap":{"java":{"insertions":42,"deletions":6}}},{"hash":"c08afa8f6f44e5cd5d7cc64c5b66998cfee624d5","messageTitle":"Level-2","messageBody":"","fileTypesAndContributionMap":{"java":{"insertions":58,"deletions":32}}},{"hash":"3e215c8fa4051948aec9acb0a457186c0e5537d9","messageTitle":"Level-3","messageBody":"","fileTypesAndContributionMap":{"java":{"insertions":96,"deletions":20}}}]}]},"authorFileTypeContributionMap":{"YangShuogeng":{"java":176,"md":0,"fxml":0,"sh":0,"bat":0,"gradle":0,"txt":0}},"authorContributionVariance":{"YangShuogeng":5064.6094},"authorDisplayNameMap":{"YangShuogeng":"YANG..GENG"}}
