{"authorDailyContributionsMap":{"YangShuogeng":[{"date":"2021-08-24","commitResults":[{"hash":"75da337a031e92d93dd253903614348adc476ed6","messageTitle":"Duke Level-0: Greeting","messageBody":"","fileTypesAndContributionMap":{"java":{"insertions":38,"deletions":0}}},{"hash":"fe519e5c6d5cb6ebc35c43e802ed47ced088e06d","messageTitle":"Level-0","messageBody":"","tags":["Level-0"],"fileTypesAndContributionMap":{"java":{"insertions":1,"deletions":1}}},{"hash":"19d59eb2548c183f10120be9d4fd5d0bd5bfa044","messageTitle":"Level-1","messageBody":"","tags":["Level-1"],"fileTypesAndContributionMap":{"java":{"insertions":42,"deletions":6}}},{"hash":"c08afa8f6f44e5cd5d7cc64c5b66998cfee624d5","messageTitle":"Level-2","messageBody":"","tags":["Level-2"],"fileTypesAndContributionMap":{"java":{"insertions":58,"deletions":32}}},{"hash":"3e215c8fa4051948aec9acb0a457186c0e5537d9","messageTitle":"Level-3","messageBody":"","tags":["Level-3"],"fileTypesAndContributionMap":{"java":{"insertions":96,"deletions":20}}}]},{"date":"2021-08-25","commitResults":[{"hash":"98fca4dc6244db7da07c8316d084284c3fd2a2db","messageTitle":"Level-4","messageBody":"","tags":["Level-4"],"fileTypesAndContributionMap":{"java":{"insertions":239,"deletions":37}}},{"hash":"ad62cb8f96f51d2dce0bcaca5193ab61340eb720","messageTitle":"A-CodingStandard","messageBody":"","fileTypesAndContributionMap":{"java":{"insertions":103,"deletions":4}}},{"hash":"7062c3d9c0f9bf3f7a8337986a9a217dcdc9c262","messageTitle":"Changes some method name","messageBody":"","tags":["A-CodingStandard"],"fileTypesAndContributionMap":{"java":{"insertions":2,"deletions":2}}}]},{"date":"2021-08-26","commitResults":[{"hash":"310000838d2b99eba638e038c30d7fda885a27c6","messageTitle":"Try A-TextUiTesting","messageBody":"","tags":["A-TextUiTesting"],"fileTypesAndContributionMap":{"txt":{"insertions":1,"deletions":0},"bat":{"insertions":3,"deletions":1}}}]}]},"authorFileTypeContributionMap":{"YangShuogeng":{"java":477,"md":0,"fxml":0,"sh":0,"bat":3,"gradle":0,"txt":1}},"authorContributionVariance":{"YangShuogeng":11671.433},"authorDisplayNameMap":{"YangShuogeng":"TIC4001-F18-2 YANG..GENG"}}
