{"authorDailyContributionsMap":{"ivanhlb":[{"date":"2021-08-14","commitResults":[{"hash":"6ebd3df243eaa5dd221912e2d1fe0b81676cfc96","messageTitle":"Basic Update with reference to https://github.com/ivanhlb/duke","messageBody":"","tags":["Level-3","Level-2","Level-1","Level-0"],"fileTypesAndContributionMap":{"java":{"insertions":855,"deletions":6}}},{"hash":"be4627508892e7186f2225fcade68e9efadb7d7e","messageTitle":"Minor editing to increase readability.","messageBody":"","fileTypesAndContributionMap":{"java":{"insertions":3,"deletions":5}}}]}]},"authorFileTypeContributionMap":{"ivanhlb":{"java":853,"md":0,"fxml":0,"sh":0,"bat":0,"gradle":0,"txt":0}},"authorContributionVariance":{"ivanhlb":104883.48},"authorDisplayNameMap":{"ivanhlb":"TIC4001-F18-3 IVAN..BOON"}}
