{"authorDailyContributionsMap":{"ivanhlb":[{"date":"2021-08-14","commitResults":[{"hash":"6ebd3df243eaa5dd221912e2d1fe0b81676cfc96","messageTitle":"Basic Update with reference to https://github.com/ivanhlb/duke","messageBody":"","tags":["Level-3","Level-2","Level-1","Level-0","A-Inheritance","A-Classes"],"fileTypesAndContributionMap":{"java":{"insertions":855,"deletions":6}}},{"hash":"be4627508892e7186f2225fcade68e9efadb7d7e","messageTitle":"Minor editing to increase readability.","messageBody":"","fileTypesAndContributionMap":{"java":{"insertions":3,"deletions":5}}}]},{"date":"2021-09-02","commitResults":[{"hash":"3ba9ce1e600eeb74f12bf53f502f9ba20a65e8f9","messageTitle":"Level already implemented as of TIC2002. fixed string description for MissingParamException that was newly added.","messageBody":"","fileTypesAndContributionMap":{"java":{"insertions":1,"deletions":1}}},{"hash":"d3947135c734213489a46678053473427eb2522d","messageTitle":"Task already marked abstract. WIP for Deadline and CheckCommand to be more flexible with dates (accept string values)","messageBody":"","fileTypesAndContributionMap":{"java":{"insertions":32,"deletions":7}}}]},{"date":"2021-09-23","commitResults":[{"hash":"8ebb36a1412167e68875328043a993a4bbc52726","messageTitle":"For Level-4: Fixed Event and Deadline so that it can take plain strings (which are not dateTime format).","messageBody":"","tags":["Level-4"],"fileTypesAndContributionMap":{"java":{"insertions":52,"deletions":20}}},{"hash":"61b1178801c7906084a2b9f1e3ab5b4b4c54a9aa","messageTitle":"Fixes: - Changed comment in TaskList to standard string as javac was complaining about it.","messageBody":"Changes:\n- Readded ECHO OFF for textTesting. (Previously Removed for checking output for testing)\n- WIP for A-TextUiTesting\n- Added some fixes for Unicode support for A-TextUiTesting\n","fileTypesAndContributionMap":{"txt":{"insertions":2,"deletions":0},"java":{"insertions":3,"deletions":5},"bat":{"insertions":4,"deletions":1}}}]}]},"authorFileTypeContributionMap":{"ivanhlb":{"java":908,"md":0,"fxml":0,"sh":0,"bat":4,"gradle":0,"txt":2}},"authorContributionVariance":{"ivanhlb":16147.865},"authorDisplayNameMap":{"ivanhlb":"TIC4001-F18-3 IVAN..BOON"}}
