{"authorDailyContributionsMap":{"ivanhlb":[{"date":"2021-08-14","commitResults":[{"hash":"6ebd3df243eaa5dd221912e2d1fe0b81676cfc96","messageTitle":"Basic Update with reference to https://github.com/ivanhlb/duke","messageBody":"","tags":["Level-3","Level-2","Level-1","Level-0","A-Inheritance","A-Collections","A-Classes"],"fileTypesAndContributionMap":{"java":{"insertions":855,"deletions":6}}},{"hash":"be4627508892e7186f2225fcade68e9efadb7d7e","messageTitle":"Minor editing to increase readability.","messageBody":"","fileTypesAndContributionMap":{"java":{"insertions":3,"deletions":5}}}]},{"date":"2021-09-02","commitResults":[{"hash":"3ba9ce1e600eeb74f12bf53f502f9ba20a65e8f9","messageTitle":"Level already implemented as of TIC2002. fixed string description for MissingParamException that was newly added.","messageBody":"","fileTypesAndContributionMap":{"java":{"insertions":1,"deletions":1}}},{"hash":"d3947135c734213489a46678053473427eb2522d","messageTitle":"Task already marked abstract. WIP for Deadline and CheckCommand to be more flexible with dates (accept string values)","messageBody":"","fileTypesAndContributionMap":{"java":{"insertions":32,"deletions":7}}}]},{"date":"2021-09-23","commitResults":[{"hash":"8ebb36a1412167e68875328043a993a4bbc52726","messageTitle":"For Level-4: Fixed Event and Deadline so that it can take plain strings (which are not dateTime format).","messageBody":"","tags":["Level-4"],"fileTypesAndContributionMap":{"java":{"insertions":52,"deletions":20}}},{"hash":"61b1178801c7906084a2b9f1e3ab5b4b4c54a9aa","messageTitle":"Fixes: - Changed comment in TaskList to standard string as javac was complaining about it.","messageBody":"Changes:\n- Readded ECHO OFF for textTesting. (Previously Removed for checking output for testing)\n- WIP for A-TextUiTesting\n- Added some fixes for Unicode support for A-TextUiTesting\n","fileTypesAndContributionMap":{"txt":{"insertions":2,"deletions":0},"java":{"insertions":3,"deletions":5},"bat":{"insertions":4,"deletions":1}}}]},{"date":"2021-09-27","commitResults":[{"hash":"378173a196747a5c7fcba3dda535e3365c62172b","messageTitle":"Fixed Storage.java for Level 7 (saving to .txt file)","messageBody":"","fileTypesAndContributionMap":{"java":{"insertions":11,"deletions":2}}},{"hash":"87e970b558b8647e953651978b5b13bdf1a3181a","messageTitle":"Added some JavaDocs.","messageBody":"","fileTypesAndContributionMap":{"java":{"insertions":48,"deletions":4}}},{"hash":"761d6f38a44d08d697565b02dc5650ab0360fe5d","messageTitle":"GFMD","messageBody":"","fileTypesAndContributionMap":{"java":{"insertions":5,"deletions":3},"md":{"insertions":67,"deletions":24}}},{"hash":"8b820d9cc3977380010f3d7dd98ad7cdb924e772","messageTitle":"shifted all the separate packages under duke.*.","messageBody":"","tags":["A-Packages"],"fileTypesAndContributionMap":{"java":{"insertions":65,"deletions":60}}},{"hash":"268fd229056959ca99aa69c48bdd5bc59c7ad20f","messageTitle":"Delete already inplemented. Added Javadoc to class to register.","messageBody":"","fileTypesAndContributionMap":{"java":{"insertions":4,"deletions":0}}},{"hash":"095b035762e9cc99516f11c675d3e6c47363b319","messageTitle":"More OOP. Already implemented in TIC2002, added Javadoc to earmark key files for it.","messageBody":"","tags":["v0.1","A-MoreOOP"],"fileTypesAndContributionMap":{"java":{"insertions":10,"deletions":2}}},{"hash":"7a592bc979a2c189f572bcb0d4045d97db9ef6ab","messageTitle":"Implemented some JUnit test for Task.","messageBody":"","fileTypesAndContributionMap":{"java":{"insertions":36,"deletions":0}}},{"hash":"46ad9aee144a55452f129f1aca6a1764ebce3067","messageTitle":"Level 9 already implemented in TIC2002","messageBody":"","fileTypesAndContributionMap":{"java":{"insertions":4,"deletions":0}}},{"hash":"e5ed38949ed93f71785a69d591eed148f40ae86d","messageTitle":"Added Javadoc to Deadline and Event, Level-8 already implemented.","messageBody":"","fileTypesAndContributionMap":{"java":{"insertions":6,"deletions":2}}},{"hash":"b229cf46631275a117a1d8ed5eebe00c8a8dc8ea","messageTitle":"Added preliminary user guide.","messageBody":"","tags":["A-UserGuide"],"fileTypesAndContributionMap":{"md":{"insertions":49,"deletions":9}}},{"hash":"cc998e55e63e059b35b939f78701cf086ef0cd1b","messageTitle":"Imported classes should always be listed explicitly.","messageBody":"","tags":["v0.2.1","v0.2","A-Jar","A-CodingStandard"],"fileTypesAndContributionMap":{"java":{"insertions":17,"deletions":4}}}]}]},"authorFileTypeContributionMap":{"ivanhlb":{"java":1037,"md":103,"fxml":0,"sh":0,"bat":4,"gradle":0,"txt":2}},"authorContributionVariance":{"ivanhlb":18203.879},"authorDisplayNameMap":{"ivanhlb":"TIC4001-F18-3 IVAN..BOON"}}
