[{"path":"src/main/java/Duke.java","fileType":"java","lines":[{"lineNumber":1,"author":{"gitId":"Elxyng"},"content":"import exceptions.*;","lastModifiedDate":"2021-09-01"},{"lineNumber":2,"author":{"gitId":"Elxyng"},"content":"import tasklist.Deadline;","lastModifiedDate":"2021-08-27"},{"lineNumber":3,"author":{"gitId":"Elxyng"},"content":"import tasklist.Event;","lastModifiedDate":"2021-08-27"},{"lineNumber":4,"author":{"gitId":"Elxyng"},"content":"import tasklist.Task;","lastModifiedDate":"2021-08-20"},{"lineNumber":5,"author":{"gitId":"Elxyng"},"content":"import tasklist.ToDo;","lastModifiedDate":"2021-08-27"},{"lineNumber":6,"author":{"gitId":"Elxyng"},"content":"","lastModifiedDate":"2021-08-20"},{"lineNumber":7,"author":{"gitId":"Elxyng"},"content":"import java.io.FileNotFoundException;","lastModifiedDate":"2021-09-10"},{"lineNumber":8,"author":{"gitId":"Elxyng"},"content":"import java.io.IOException;","lastModifiedDate":"2021-09-10"},{"lineNumber":9,"author":{"gitId":"Elxyng"},"content":"import java.text.ParseException;","lastModifiedDate":"2021-08-27"},{"lineNumber":10,"author":{"gitId":"Elxyng"},"content":"import java.text.SimpleDateFormat;","lastModifiedDate":"2021-08-27"},{"lineNumber":11,"author":{"gitId":"Elxyng"},"content":"import java.util.ArrayList;","lastModifiedDate":"2021-08-19"},{"lineNumber":12,"author":{"gitId":"Elxyng"},"content":"import java.util.Date;","lastModifiedDate":"2021-08-27"},{"lineNumber":13,"author":{"gitId":"Elxyng"},"content":"import java.util.Scanner;","lastModifiedDate":"2021-08-19"},{"lineNumber":14,"author":{"gitId":"Elxyng"},"content":"","lastModifiedDate":"2021-08-19"},{"lineNumber":15,"author":{"gitId":"-"},"content":"public class Duke {","lastModifiedDate":"2019-07-29"},{"lineNumber":16,"author":{"gitId":"Elxyng"},"content":"    public static ArrayList\u003cTask\u003e taskList \u003d new ArrayList\u003c\u003e(100);","lastModifiedDate":"2021-08-20"},{"lineNumber":17,"author":{"gitId":"Elxyng"},"content":"","lastModifiedDate":"2021-08-19"},{"lineNumber":18,"author":{"gitId":"Elxyng"},"content":"    /****","lastModifiedDate":"2021-09-10"},{"lineNumber":19,"author":{"gitId":"Elxyng"},"content":"     *","lastModifiedDate":"2021-09-10"},{"lineNumber":20,"author":{"gitId":"Elxyng"},"content":"     * @throws IOException if file does not exist","lastModifiedDate":"2021-09-10"},{"lineNumber":21,"author":{"gitId":"Elxyng"},"content":"     */","lastModifiedDate":"2021-09-10"},{"lineNumber":22,"author":{"gitId":"Elxyng"},"content":"    public static void main(String[] args) throws IOException {","lastModifiedDate":"2021-09-10"},{"lineNumber":23,"author":{"gitId":"Elxyng"},"content":"        Storage.loadFile();","lastModifiedDate":"2021-09-10"},{"lineNumber":24,"author":{"gitId":"Elxyng"},"content":"        UI.printDuke();","lastModifiedDate":"2021-08-18"},{"lineNumber":25,"author":{"gitId":"Elxyng"},"content":"        String line;","lastModifiedDate":"2021-08-19"},{"lineNumber":26,"author":{"gitId":"Elxyng"},"content":"        Scanner in \u003d new Scanner(System.in);","lastModifiedDate":"2021-08-19"},{"lineNumber":27,"author":{"gitId":"Elxyng"},"content":"","lastModifiedDate":"2021-08-19"},{"lineNumber":28,"author":{"gitId":"Elxyng"},"content":"        while (true) {","lastModifiedDate":"2021-08-19"},{"lineNumber":29,"author":{"gitId":"Elxyng"},"content":"            line \u003d in.nextLine();","lastModifiedDate":"2021-08-19"},{"lineNumber":30,"author":{"gitId":"Elxyng"},"content":"            if (line.equals(\"bye\")) {","lastModifiedDate":"2021-08-19"},{"lineNumber":31,"author":{"gitId":"Elxyng"},"content":"                UI.bye();","lastModifiedDate":"2021-08-18"},{"lineNumber":32,"author":{"gitId":"Elxyng"},"content":"                break;","lastModifiedDate":"2021-08-19"},{"lineNumber":33,"author":{"gitId":"Elxyng"},"content":"            } else if (line.equals(\"list\")) {","lastModifiedDate":"2021-08-19"},{"lineNumber":34,"author":{"gitId":"Elxyng"},"content":"                list();","lastModifiedDate":"2021-08-19"},{"lineNumber":35,"author":{"gitId":"Elxyng"},"content":"","lastModifiedDate":"2021-08-27"},{"lineNumber":36,"author":{"gitId":"Elxyng"},"content":"            } else if (line.equals(\"save\")) {","lastModifiedDate":"2021-09-10"},{"lineNumber":37,"author":{"gitId":"Elxyng"},"content":"                save();","lastModifiedDate":"2021-09-10"},{"lineNumber":38,"author":{"gitId":"Elxyng"},"content":"","lastModifiedDate":"2021-09-10"},{"lineNumber":39,"author":{"gitId":"Elxyng"},"content":"            } else if (line.startsWith(\"done\")) {","lastModifiedDate":"2021-09-09"},{"lineNumber":40,"author":{"gitId":"Elxyng"},"content":"                markedAsDone(line);","lastModifiedDate":"2021-09-09"},{"lineNumber":41,"author":{"gitId":"Elxyng"},"content":"","lastModifiedDate":"2021-08-27"},{"lineNumber":42,"author":{"gitId":"Elxyng"},"content":"            } else if (line.startsWith(\"delete\")) {","lastModifiedDate":"2021-09-09"},{"lineNumber":43,"author":{"gitId":"Elxyng"},"content":"                deleteTask(line);","lastModifiedDate":"2021-09-09"},{"lineNumber":44,"author":{"gitId":"Elxyng"},"content":"            }","lastModifiedDate":"2021-09-09"},{"lineNumber":45,"author":{"gitId":"Elxyng"},"content":"            else if (line.startsWith(\"event\")) {","lastModifiedDate":"2021-09-09"},{"lineNumber":46,"author":{"gitId":"Elxyng"},"content":"                event(line);","lastModifiedDate":"2021-08-27"},{"lineNumber":47,"author":{"gitId":"Elxyng"},"content":"","lastModifiedDate":"2021-08-27"},{"lineNumber":48,"author":{"gitId":"Elxyng"},"content":"            } else if (line.startsWith(\"deadline\")) {","lastModifiedDate":"2021-09-09"},{"lineNumber":49,"author":{"gitId":"Elxyng"},"content":"                deadline(line);","lastModifiedDate":"2021-08-27"},{"lineNumber":50,"author":{"gitId":"Elxyng"},"content":"","lastModifiedDate":"2021-08-27"},{"lineNumber":51,"author":{"gitId":"Elxyng"},"content":"            } else if (line.startsWith(\"todo\")) {","lastModifiedDate":"2021-09-09"},{"lineNumber":52,"author":{"gitId":"Elxyng"},"content":"                todo(line);","lastModifiedDate":"2021-08-27"},{"lineNumber":53,"author":{"gitId":"Elxyng"},"content":"            } else {","lastModifiedDate":"2021-09-01"},{"lineNumber":54,"author":{"gitId":"Elxyng"},"content":"                processInvalidTask(line);","lastModifiedDate":"2021-09-09"},{"lineNumber":55,"author":{"gitId":"Elxyng"},"content":"            }","lastModifiedDate":"2021-08-27"},{"lineNumber":56,"author":{"gitId":"Elxyng"},"content":"        }","lastModifiedDate":"2021-08-27"},{"lineNumber":57,"author":{"gitId":"Elxyng"},"content":"    }","lastModifiedDate":"2021-08-27"},{"lineNumber":58,"author":{"gitId":"Elxyng"},"content":"","lastModifiedDate":"2021-08-27"},{"lineNumber":59,"author":{"gitId":"Elxyng"},"content":"    /****","lastModifiedDate":"2021-09-10"},{"lineNumber":60,"author":{"gitId":"Elxyng"},"content":"     * Adds new tasks","lastModifiedDate":"2021-09-10"},{"lineNumber":61,"author":{"gitId":"Elxyng"},"content":"     *","lastModifiedDate":"2021-09-10"},{"lineNumber":62,"author":{"gitId":"Elxyng"},"content":"     * @param line the command that user input","lastModifiedDate":"2021-09-10"},{"lineNumber":63,"author":{"gitId":"Elxyng"},"content":"     */","lastModifiedDate":"2021-09-10"},{"lineNumber":64,"author":{"gitId":"Elxyng"},"content":"    static void todo(String line) {","lastModifiedDate":"2021-08-27"},{"lineNumber":65,"author":{"gitId":"Elxyng"},"content":"        try {","lastModifiedDate":"2021-09-01"},{"lineNumber":66,"author":{"gitId":"Elxyng"},"content":"            checkEmptyToDoDescription(line.trim());","lastModifiedDate":"2021-09-01"},{"lineNumber":67,"author":{"gitId":"Elxyng"},"content":"            String taskDescription \u003d line.substring(5);","lastModifiedDate":"2021-08-27"},{"lineNumber":68,"author":{"gitId":"Elxyng"},"content":"            Task t \u003d new ToDo(taskDescription);","lastModifiedDate":"2021-08-27"},{"lineNumber":69,"author":{"gitId":"Elxyng"},"content":"            taskList.add(t);","lastModifiedDate":"2021-08-27"},{"lineNumber":70,"author":{"gitId":"Elxyng"},"content":"            UI.printTask(taskList);","lastModifiedDate":"2021-08-27"},{"lineNumber":71,"author":{"gitId":"Elxyng"},"content":"        } catch (EmptyToDoDescriptionException e){","lastModifiedDate":"2021-09-01"},{"lineNumber":72,"author":{"gitId":"Elxyng"},"content":"            UI.printEmptyToDoDescriptionException();","lastModifiedDate":"2021-09-01"},{"lineNumber":73,"author":{"gitId":"Elxyng"},"content":"        }","lastModifiedDate":"2021-09-01"},{"lineNumber":74,"author":{"gitId":"Elxyng"},"content":"    }","lastModifiedDate":"2021-08-27"},{"lineNumber":75,"author":{"gitId":"Elxyng"},"content":"","lastModifiedDate":"2021-08-27"},{"lineNumber":76,"author":{"gitId":"Elxyng"},"content":"    /****","lastModifiedDate":"2021-09-10"},{"lineNumber":77,"author":{"gitId":"Elxyng"},"content":"     * Adds new event tasks","lastModifiedDate":"2021-09-10"},{"lineNumber":78,"author":{"gitId":"Elxyng"},"content":"     *","lastModifiedDate":"2021-09-10"},{"lineNumber":79,"author":{"gitId":"Elxyng"},"content":"     * @param line the command that user input","lastModifiedDate":"2021-09-10"},{"lineNumber":80,"author":{"gitId":"Elxyng"},"content":"     */","lastModifiedDate":"2021-09-10"},{"lineNumber":81,"author":{"gitId":"Elxyng"},"content":"    static void event(String line) {","lastModifiedDate":"2021-08-27"},{"lineNumber":82,"author":{"gitId":"Elxyng"},"content":"        try {","lastModifiedDate":"2021-09-01"},{"lineNumber":83,"author":{"gitId":"Elxyng"},"content":"            checkEmptyEventDescription(line.trim());","lastModifiedDate":"2021-09-01"},{"lineNumber":84,"author":{"gitId":"Elxyng"},"content":"            //e.g event dinner /at 12 oct 2019","lastModifiedDate":"2021-08-27"},{"lineNumber":85,"author":{"gitId":"Elxyng"},"content":"            if (line.contains(\"/at\")) {","lastModifiedDate":"2021-08-27"},{"lineNumber":86,"author":{"gitId":"Elxyng"},"content":"                //str[1] to get date - 12 oct 2019","lastModifiedDate":"2021-08-27"},{"lineNumber":87,"author":{"gitId":"Elxyng"},"content":"                String[] str \u003d line.split(\" /at \", 2);","lastModifiedDate":"2021-08-27"},{"lineNumber":88,"author":{"gitId":"Elxyng"},"content":"                //description[1] to get description - dinner","lastModifiedDate":"2021-08-27"},{"lineNumber":89,"author":{"gitId":"Elxyng"},"content":"                String[] taskDescription \u003d str[0].split(\" \", 2);","lastModifiedDate":"2021-08-27"},{"lineNumber":90,"author":{"gitId":"Elxyng"},"content":"                SimpleDateFormat dateFormat \u003d new SimpleDateFormat(\"dd MMM yyyy\");","lastModifiedDate":"2021-08-27"},{"lineNumber":91,"author":{"gitId":"Elxyng"},"content":"                //Format date 12 Oct 2019, to string \"12 Oct 2019\"","lastModifiedDate":"2021-08-27"},{"lineNumber":92,"author":{"gitId":"Elxyng"},"content":"                Date date \u003d dateFormat.parse(str[1]);","lastModifiedDate":"2021-08-27"},{"lineNumber":93,"author":{"gitId":"Elxyng"},"content":"                String strDate \u003d dateFormat.format(date);","lastModifiedDate":"2021-08-27"},{"lineNumber":94,"author":{"gitId":"Elxyng"},"content":"                Task t \u003d new Event(taskDescription[1], strDate);","lastModifiedDate":"2021-08-27"},{"lineNumber":95,"author":{"gitId":"Elxyng"},"content":"                taskList.add(t);","lastModifiedDate":"2021-08-27"},{"lineNumber":96,"author":{"gitId":"Elxyng"},"content":"            } else {","lastModifiedDate":"2021-08-19"},{"lineNumber":97,"author":{"gitId":"Elxyng"},"content":"                //e.g event dinner","lastModifiedDate":"2021-08-27"},{"lineNumber":98,"author":{"gitId":"Elxyng"},"content":"                String taskDescription \u003d line.substring(6);","lastModifiedDate":"2021-08-27"},{"lineNumber":99,"author":{"gitId":"Elxyng"},"content":"                Task t \u003d new Event(taskDescription, \"Date not specified\");","lastModifiedDate":"2021-08-27"},{"lineNumber":100,"author":{"gitId":"Elxyng"},"content":"                taskList.add(t);","lastModifiedDate":"2021-08-27"},{"lineNumber":101,"author":{"gitId":"Elxyng"},"content":"            }","lastModifiedDate":"2021-08-19"},{"lineNumber":102,"author":{"gitId":"Elxyng"},"content":"            UI.printTask(taskList);","lastModifiedDate":"2021-08-27"},{"lineNumber":103,"author":{"gitId":"Elxyng"},"content":"        } catch (EmptyEventDescriptionException e) {","lastModifiedDate":"2021-09-01"},{"lineNumber":104,"author":{"gitId":"Elxyng"},"content":"            UI.printEmptyEventDescriptionException();","lastModifiedDate":"2021-09-01"},{"lineNumber":105,"author":{"gitId":"Elxyng"},"content":"        } catch (ParseException e) {","lastModifiedDate":"2021-09-01"},{"lineNumber":106,"author":{"gitId":"Elxyng"},"content":"            UI.printParseException();","lastModifiedDate":"2021-09-01"},{"lineNumber":107,"author":{"gitId":"Elxyng"},"content":"        }","lastModifiedDate":"2021-09-01"},{"lineNumber":108,"author":{"gitId":"Elxyng"},"content":"    }","lastModifiedDate":"2021-08-19"},{"lineNumber":109,"author":{"gitId":"Elxyng"},"content":"","lastModifiedDate":"2021-08-27"},{"lineNumber":110,"author":{"gitId":"Elxyng"},"content":"    /****","lastModifiedDate":"2021-09-10"},{"lineNumber":111,"author":{"gitId":"Elxyng"},"content":"     * Adds new deadline tasks","lastModifiedDate":"2021-09-10"},{"lineNumber":112,"author":{"gitId":"Elxyng"},"content":"     *","lastModifiedDate":"2021-09-10"},{"lineNumber":113,"author":{"gitId":"Elxyng"},"content":"     * @param line the command that user input","lastModifiedDate":"2021-09-10"},{"lineNumber":114,"author":{"gitId":"Elxyng"},"content":"     */","lastModifiedDate":"2021-09-10"},{"lineNumber":115,"author":{"gitId":"Elxyng"},"content":"    static void deadline(String line) {","lastModifiedDate":"2021-08-27"},{"lineNumber":116,"author":{"gitId":"Elxyng"},"content":"        try {","lastModifiedDate":"2021-09-01"},{"lineNumber":117,"author":{"gitId":"Elxyng"},"content":"            checkEmptyDeadlineDescription(line.trim());","lastModifiedDate":"2021-09-01"},{"lineNumber":118,"author":{"gitId":"Elxyng"},"content":"            if (line.contains(\"/by\")) {","lastModifiedDate":"2021-08-27"},{"lineNumber":119,"author":{"gitId":"Elxyng"},"content":"                //str[1] to get date - 12 oct 2019","lastModifiedDate":"2021-08-27"},{"lineNumber":120,"author":{"gitId":"Elxyng"},"content":"                String[] str \u003d line.split(\" /by \", 2);","lastModifiedDate":"2021-08-27"},{"lineNumber":121,"author":{"gitId":"Elxyng"},"content":"                //description[1] to get description - duke","lastModifiedDate":"2021-08-27"},{"lineNumber":122,"author":{"gitId":"Elxyng"},"content":"                String[] taskDescription \u003d str[0].split(\" \", 2);","lastModifiedDate":"2021-08-27"},{"lineNumber":123,"author":{"gitId":"Elxyng"},"content":"                SimpleDateFormat dateFormat \u003d new SimpleDateFormat(\"dd MMM yyyy\");","lastModifiedDate":"2021-08-27"},{"lineNumber":124,"author":{"gitId":"Elxyng"},"content":"                //Format date 12 Oct 2019, to string \"12 Oct 2019\"","lastModifiedDate":"2021-08-27"},{"lineNumber":125,"author":{"gitId":"Elxyng"},"content":"                Date date \u003d dateFormat.parse(str[1]);","lastModifiedDate":"2021-08-27"},{"lineNumber":126,"author":{"gitId":"Elxyng"},"content":"                String strDate \u003d dateFormat.format(date);","lastModifiedDate":"2021-08-27"},{"lineNumber":127,"author":{"gitId":"Elxyng"},"content":"                Task t \u003d new Deadline(taskDescription[1], strDate);","lastModifiedDate":"2021-08-27"},{"lineNumber":128,"author":{"gitId":"Elxyng"},"content":"                taskList.add(t);","lastModifiedDate":"2021-08-27"},{"lineNumber":129,"author":{"gitId":"Elxyng"},"content":"            } else {","lastModifiedDate":"2021-08-27"},{"lineNumber":130,"author":{"gitId":"Elxyng"},"content":"                //e.g deadline duke","lastModifiedDate":"2021-08-27"},{"lineNumber":131,"author":{"gitId":"Elxyng"},"content":"                String taskDescription \u003d line.substring(9);","lastModifiedDate":"2021-08-27"},{"lineNumber":132,"author":{"gitId":"Elxyng"},"content":"                Task t \u003d new Deadline(taskDescription, \"Date not specified\");","lastModifiedDate":"2021-08-27"},{"lineNumber":133,"author":{"gitId":"Elxyng"},"content":"                taskList.add(t);","lastModifiedDate":"2021-08-20"},{"lineNumber":134,"author":{"gitId":"Elxyng"},"content":"            }","lastModifiedDate":"2021-08-27"},{"lineNumber":135,"author":{"gitId":"Elxyng"},"content":"            UI.printTask(taskList);","lastModifiedDate":"2021-08-19"},{"lineNumber":136,"author":{"gitId":"Elxyng"},"content":"        } catch (EmptyDeadlineDescriptionException e) {","lastModifiedDate":"2021-09-01"},{"lineNumber":137,"author":{"gitId":"Elxyng"},"content":"            UI.printEmptyDeadlineDescriptionException();","lastModifiedDate":"2021-09-01"},{"lineNumber":138,"author":{"gitId":"Elxyng"},"content":"        } catch (ParseException e) {","lastModifiedDate":"2021-09-01"},{"lineNumber":139,"author":{"gitId":"Elxyng"},"content":"            e.printStackTrace();","lastModifiedDate":"2021-09-01"},{"lineNumber":140,"author":{"gitId":"Elxyng"},"content":"        }","lastModifiedDate":"2021-09-01"},{"lineNumber":141,"author":{"gitId":"Elxyng"},"content":"    }","lastModifiedDate":"2021-08-19"},{"lineNumber":142,"author":{"gitId":"Elxyng"},"content":"","lastModifiedDate":"2021-08-19"},{"lineNumber":143,"author":{"gitId":"Elxyng"},"content":"    /****","lastModifiedDate":"2021-09-10"},{"lineNumber":144,"author":{"gitId":"Elxyng"},"content":"     * Formats and save tasks to file","lastModifiedDate":"2021-09-10"},{"lineNumber":145,"author":{"gitId":"Elxyng"},"content":"     *","lastModifiedDate":"2021-09-10"},{"lineNumber":146,"author":{"gitId":"Elxyng"},"content":"     * @throws FileNotFoundException if file can\u0027t be found","lastModifiedDate":"2021-09-10"},{"lineNumber":147,"author":{"gitId":"Elxyng"},"content":"     */","lastModifiedDate":"2021-09-10"},{"lineNumber":148,"author":{"gitId":"Elxyng"},"content":"    static void save() throws FileNotFoundException {","lastModifiedDate":"2021-09-10"},{"lineNumber":149,"author":{"gitId":"Elxyng"},"content":"        String list \u003d \"\";","lastModifiedDate":"2021-09-10"},{"lineNumber":150,"author":{"gitId":"Elxyng"},"content":"        try {","lastModifiedDate":"2021-09-10"},{"lineNumber":151,"author":{"gitId":"Elxyng"},"content":"            checkListEmpty(taskList);","lastModifiedDate":"2021-09-10"},{"lineNumber":152,"author":{"gitId":"Elxyng"},"content":"            for (int i \u003d 0; i \u003c taskList.size(); i++) {","lastModifiedDate":"2021-09-10"},{"lineNumber":153,"author":{"gitId":"Elxyng"},"content":"                list +\u003d taskList.get(i).saveFormat() + \"\\n\";","lastModifiedDate":"2021-09-10"},{"lineNumber":154,"author":{"gitId":"Elxyng"},"content":"            }","lastModifiedDate":"2021-09-10"},{"lineNumber":155,"author":{"gitId":"Elxyng"},"content":"            Storage.writeToFile(list);","lastModifiedDate":"2021-09-10"},{"lineNumber":156,"author":{"gitId":"Elxyng"},"content":"            UI.printTaskSaved();","lastModifiedDate":"2021-09-10"},{"lineNumber":157,"author":{"gitId":"Elxyng"},"content":"        }catch  (ListEmptyException e) {","lastModifiedDate":"2021-09-10"},{"lineNumber":158,"author":{"gitId":"Elxyng"},"content":"            UI.printListEmpty();","lastModifiedDate":"2021-09-10"},{"lineNumber":159,"author":{"gitId":"Elxyng"},"content":"        }","lastModifiedDate":"2021-09-10"},{"lineNumber":160,"author":{"gitId":"Elxyng"},"content":"    }","lastModifiedDate":"2021-09-10"},{"lineNumber":161,"author":{"gitId":"Elxyng"},"content":"","lastModifiedDate":"2021-09-10"},{"lineNumber":162,"author":{"gitId":"Elxyng"},"content":"    /**","lastModifiedDate":"2021-09-10"},{"lineNumber":163,"author":{"gitId":"Elxyng"},"content":"     * Outputs all the tasks","lastModifiedDate":"2021-09-10"},{"lineNumber":164,"author":{"gitId":"Elxyng"},"content":"     */","lastModifiedDate":"2021-09-10"},{"lineNumber":165,"author":{"gitId":"Elxyng"},"content":"    static void list() {","lastModifiedDate":"2021-08-19"},{"lineNumber":166,"author":{"gitId":"Elxyng"},"content":"        try {","lastModifiedDate":"2021-09-01"},{"lineNumber":167,"author":{"gitId":"Elxyng"},"content":"            checkListEmpty(taskList);","lastModifiedDate":"2021-09-09"},{"lineNumber":168,"author":{"gitId":"Elxyng"},"content":"            UI.printOutput((taskList));","lastModifiedDate":"2021-09-01"},{"lineNumber":169,"author":{"gitId":"Elxyng"},"content":"        } catch (ListEmptyException e) {","lastModifiedDate":"2021-09-01"},{"lineNumber":170,"author":{"gitId":"Elxyng"},"content":"            UI.printListEmpty();","lastModifiedDate":"2021-08-19"},{"lineNumber":171,"author":{"gitId":"Elxyng"},"content":"        }","lastModifiedDate":"2021-08-19"},{"lineNumber":172,"author":{"gitId":"-"},"content":"    }","lastModifiedDate":"2019-07-29"},{"lineNumber":173,"author":{"gitId":"Elxyng"},"content":"","lastModifiedDate":"2021-08-20"},{"lineNumber":174,"author":{"gitId":"Elxyng"},"content":"    /****","lastModifiedDate":"2021-09-10"},{"lineNumber":175,"author":{"gitId":"Elxyng"},"content":"     * Marks multiple tasks as done","lastModifiedDate":"2021-09-10"},{"lineNumber":176,"author":{"gitId":"Elxyng"},"content":"     *","lastModifiedDate":"2021-09-10"},{"lineNumber":177,"author":{"gitId":"Elxyng"},"content":"     * @param line the command that user input","lastModifiedDate":"2021-09-10"},{"lineNumber":178,"author":{"gitId":"Elxyng"},"content":"     */","lastModifiedDate":"2021-09-10"},{"lineNumber":179,"author":{"gitId":"Elxyng"},"content":"    static void markedAsDone(String line) {","lastModifiedDate":"2021-09-09"},{"lineNumber":180,"author":{"gitId":"Elxyng"},"content":"        try {","lastModifiedDate":"2021-09-01"},{"lineNumber":181,"author":{"gitId":"Elxyng"},"content":"            checkListEmpty(taskList);","lastModifiedDate":"2021-09-09"},{"lineNumber":182,"author":{"gitId":"Elxyng"},"content":"            String theStrIndex \u003d line.substring(5);","lastModifiedDate":"2021-09-09"},{"lineNumber":183,"author":{"gitId":"Elxyng"},"content":"            String[] theStrIndexArr \u003d theStrIndex.split(\",\");","lastModifiedDate":"2021-09-09"},{"lineNumber":184,"author":{"gitId":"Elxyng"},"content":"            int[] intArr \u003d new int[theStrIndexArr.length];","lastModifiedDate":"2021-09-09"},{"lineNumber":185,"author":{"gitId":"Elxyng"},"content":"            for (int i \u003d 0; i \u003c theStrIndexArr.length; i++) {","lastModifiedDate":"2021-09-09"},{"lineNumber":186,"author":{"gitId":"Elxyng"},"content":"                String num \u003d theStrIndexArr[i];","lastModifiedDate":"2021-09-09"},{"lineNumber":187,"author":{"gitId":"Elxyng"},"content":"                intArr[i] \u003d Integer.parseInt(num);","lastModifiedDate":"2021-08-20"},{"lineNumber":188,"author":{"gitId":"Elxyng"},"content":"                checkIndexOutOfRange(taskList.size(), intArr[i]);","lastModifiedDate":"2021-09-09"},{"lineNumber":189,"author":{"gitId":"Elxyng"},"content":"            }","lastModifiedDate":"2021-08-20"},{"lineNumber":190,"author":{"gitId":"Elxyng"},"content":"","lastModifiedDate":"2021-08-20"},{"lineNumber":191,"author":{"gitId":"Elxyng"},"content":"            UI.printLine();","lastModifiedDate":"2021-09-09"},{"lineNumber":192,"author":{"gitId":"Elxyng"},"content":"            UI.printMarkedAsDone();","lastModifiedDate":"2021-09-09"},{"lineNumber":193,"author":{"gitId":"Elxyng"},"content":"","lastModifiedDate":"2021-09-09"},{"lineNumber":194,"author":{"gitId":"Elxyng"},"content":"            for (int i \u003d 0; i \u003c intArr.length; i++) {","lastModifiedDate":"2021-08-20"},{"lineNumber":195,"author":{"gitId":"Elxyng"},"content":"                Task t \u003d taskList.get(intArr[i] - 1);","lastModifiedDate":"2021-08-20"},{"lineNumber":196,"author":{"gitId":"Elxyng"},"content":"                t.markAsDone();","lastModifiedDate":"2021-08-20"},{"lineNumber":197,"author":{"gitId":"Elxyng"},"content":"                UI.addSpaces(\"%s\" + t.toString(),6);","lastModifiedDate":"2021-09-09"},{"lineNumber":198,"author":{"gitId":"Elxyng"},"content":"            }","lastModifiedDate":"2021-08-20"},{"lineNumber":199,"author":{"gitId":"Elxyng"},"content":"","lastModifiedDate":"2021-09-09"},{"lineNumber":200,"author":{"gitId":"Elxyng"},"content":"            UI.printLine();","lastModifiedDate":"2021-09-09"},{"lineNumber":201,"author":{"gitId":"Elxyng"},"content":"","lastModifiedDate":"2021-09-09"},{"lineNumber":202,"author":{"gitId":"Elxyng"},"content":"        } catch (NumberFormatException e) {","lastModifiedDate":"2021-09-01"},{"lineNumber":203,"author":{"gitId":"Elxyng"},"content":"            UI.printNumberFormatException();","lastModifiedDate":"2021-09-01"},{"lineNumber":204,"author":{"gitId":"Elxyng"},"content":"        }","lastModifiedDate":"2021-08-20"},{"lineNumber":205,"author":{"gitId":"Elxyng"},"content":"        catch (IndexOutOfRangeException e) {","lastModifiedDate":"2021-09-01"},{"lineNumber":206,"author":{"gitId":"Elxyng"},"content":"            UI.printIndexOutOfRangeException();","lastModifiedDate":"2021-09-01"},{"lineNumber":207,"author":{"gitId":"Elxyng"},"content":"        }","lastModifiedDate":"2021-09-01"},{"lineNumber":208,"author":{"gitId":"Elxyng"},"content":"        catch  (ListEmptyException e) {","lastModifiedDate":"2021-09-01"},{"lineNumber":209,"author":{"gitId":"Elxyng"},"content":"            UI.printListEmpty();","lastModifiedDate":"2021-08-20"},{"lineNumber":210,"author":{"gitId":"Elxyng"},"content":"        }","lastModifiedDate":"2021-08-20"},{"lineNumber":211,"author":{"gitId":"Elxyng"},"content":"    }","lastModifiedDate":"2021-08-20"},{"lineNumber":212,"author":{"gitId":"Elxyng"},"content":"","lastModifiedDate":"2021-09-01"},{"lineNumber":213,"author":{"gitId":"Elxyng"},"content":"    /****","lastModifiedDate":"2021-09-10"},{"lineNumber":214,"author":{"gitId":"Elxyng"},"content":"     * Deletes tasks","lastModifiedDate":"2021-09-10"},{"lineNumber":215,"author":{"gitId":"Elxyng"},"content":"     *","lastModifiedDate":"2021-09-10"},{"lineNumber":216,"author":{"gitId":"Elxyng"},"content":"     * @param line the command that user input","lastModifiedDate":"2021-09-10"},{"lineNumber":217,"author":{"gitId":"Elxyng"},"content":"     */","lastModifiedDate":"2021-09-10"},{"lineNumber":218,"author":{"gitId":"Elxyng"},"content":"    static void deleteTask(String line) {","lastModifiedDate":"2021-09-09"},{"lineNumber":219,"author":{"gitId":"Elxyng"},"content":"        try {","lastModifiedDate":"2021-09-09"},{"lineNumber":220,"author":{"gitId":"Elxyng"},"content":"            checkListEmpty(taskList);","lastModifiedDate":"2021-09-09"},{"lineNumber":221,"author":{"gitId":"Elxyng"},"content":"            String theStrIndex \u003d line.substring(7);","lastModifiedDate":"2021-09-09"},{"lineNumber":222,"author":{"gitId":"Elxyng"},"content":"            String[] theStrIndexArr \u003d theStrIndex.split(\",\");","lastModifiedDate":"2021-09-09"},{"lineNumber":223,"author":{"gitId":"Elxyng"},"content":"            int[] intArr \u003d new int[theStrIndexArr.length];","lastModifiedDate":"2021-09-09"},{"lineNumber":224,"author":{"gitId":"Elxyng"},"content":"","lastModifiedDate":"2021-09-09"},{"lineNumber":225,"author":{"gitId":"Elxyng"},"content":"            for (int i \u003d 0; i \u003c theStrIndexArr.length; i++) {","lastModifiedDate":"2021-09-09"},{"lineNumber":226,"author":{"gitId":"Elxyng"},"content":"                String num \u003d theStrIndexArr[i];","lastModifiedDate":"2021-09-09"},{"lineNumber":227,"author":{"gitId":"Elxyng"},"content":"                intArr[i] \u003d Integer.parseInt(num);","lastModifiedDate":"2021-09-09"},{"lineNumber":228,"author":{"gitId":"Elxyng"},"content":"                checkIndexOutOfRange(taskList.size(), intArr[i]);","lastModifiedDate":"2021-09-09"},{"lineNumber":229,"author":{"gitId":"Elxyng"},"content":"            }","lastModifiedDate":"2021-09-09"},{"lineNumber":230,"author":{"gitId":"Elxyng"},"content":"","lastModifiedDate":"2021-09-09"},{"lineNumber":231,"author":{"gitId":"Elxyng"},"content":"            UI.printLine();","lastModifiedDate":"2021-09-09"},{"lineNumber":232,"author":{"gitId":"Elxyng"},"content":"            UI.printRemoveTask();","lastModifiedDate":"2021-09-09"},{"lineNumber":233,"author":{"gitId":"Elxyng"},"content":"","lastModifiedDate":"2021-09-09"},{"lineNumber":234,"author":{"gitId":"Elxyng"},"content":"            for (int i \u003d 0; i \u003c intArr.length; i++) {","lastModifiedDate":"2021-09-09"},{"lineNumber":235,"author":{"gitId":"Elxyng"},"content":"                Task t \u003d taskList.get(intArr[i]-(i+1));","lastModifiedDate":"2021-09-09"},{"lineNumber":236,"author":{"gitId":"Elxyng"},"content":"                UI.addSpaces(\"%s\" + t.toString(),6);","lastModifiedDate":"2021-09-09"},{"lineNumber":237,"author":{"gitId":"Elxyng"},"content":"                taskList.remove(intArr[i]-(i+1));","lastModifiedDate":"2021-09-09"},{"lineNumber":238,"author":{"gitId":"Elxyng"},"content":"            }","lastModifiedDate":"2021-09-09"},{"lineNumber":239,"author":{"gitId":"Elxyng"},"content":"","lastModifiedDate":"2021-09-09"},{"lineNumber":240,"author":{"gitId":"Elxyng"},"content":"            UI.printNumberOfTasks(taskList);","lastModifiedDate":"2021-09-09"},{"lineNumber":241,"author":{"gitId":"Elxyng"},"content":"            UI.printLine();","lastModifiedDate":"2021-09-09"},{"lineNumber":242,"author":{"gitId":"Elxyng"},"content":"","lastModifiedDate":"2021-09-09"},{"lineNumber":243,"author":{"gitId":"Elxyng"},"content":"        } catch (NumberFormatException e) {","lastModifiedDate":"2021-09-09"},{"lineNumber":244,"author":{"gitId":"Elxyng"},"content":"            UI.printNumberFormatException();","lastModifiedDate":"2021-09-09"},{"lineNumber":245,"author":{"gitId":"Elxyng"},"content":"        } catch (IndexOutOfRangeException e) {","lastModifiedDate":"2021-09-09"},{"lineNumber":246,"author":{"gitId":"Elxyng"},"content":"            UI.printIndexOutOfRangeException();","lastModifiedDate":"2021-09-09"},{"lineNumber":247,"author":{"gitId":"Elxyng"},"content":"        } catch  (ListEmptyException e) {","lastModifiedDate":"2021-09-09"},{"lineNumber":248,"author":{"gitId":"Elxyng"},"content":"            UI.printListEmpty();","lastModifiedDate":"2021-09-09"},{"lineNumber":249,"author":{"gitId":"Elxyng"},"content":"        }","lastModifiedDate":"2021-09-09"},{"lineNumber":250,"author":{"gitId":"Elxyng"},"content":"    }","lastModifiedDate":"2021-09-09"},{"lineNumber":251,"author":{"gitId":"Elxyng"},"content":"","lastModifiedDate":"2021-09-09"},{"lineNumber":252,"author":{"gitId":"Elxyng"},"content":"    /****","lastModifiedDate":"2021-09-10"},{"lineNumber":253,"author":{"gitId":"Elxyng"},"content":"     * Users input invalid command","lastModifiedDate":"2021-09-10"},{"lineNumber":254,"author":{"gitId":"Elxyng"},"content":"     *","lastModifiedDate":"2021-09-10"},{"lineNumber":255,"author":{"gitId":"Elxyng"},"content":"     * @param line the command that user input","lastModifiedDate":"2021-09-10"},{"lineNumber":256,"author":{"gitId":"Elxyng"},"content":"     */","lastModifiedDate":"2021-09-10"},{"lineNumber":257,"author":{"gitId":"Elxyng"},"content":"    static void processInvalidTask(String line) {","lastModifiedDate":"2021-09-09"},{"lineNumber":258,"author":{"gitId":"Elxyng"},"content":"        try {","lastModifiedDate":"2021-09-01"},{"lineNumber":259,"author":{"gitId":"Elxyng"},"content":"            checkEmpty(line);","lastModifiedDate":"2021-09-01"},{"lineNumber":260,"author":{"gitId":"Elxyng"},"content":"            checkInvalidWord(line);","lastModifiedDate":"2021-09-01"},{"lineNumber":261,"author":{"gitId":"Elxyng"},"content":"        } catch (EmptyException e) {","lastModifiedDate":"2021-09-01"},{"lineNumber":262,"author":{"gitId":"Elxyng"},"content":"            UI.printEmptyException();","lastModifiedDate":"2021-09-01"},{"lineNumber":263,"author":{"gitId":"Elxyng"},"content":"        } catch (StringFormatException e){","lastModifiedDate":"2021-09-01"},{"lineNumber":264,"author":{"gitId":"Elxyng"},"content":"            UI.printStringFormatException();","lastModifiedDate":"2021-09-01"},{"lineNumber":265,"author":{"gitId":"Elxyng"},"content":"        }","lastModifiedDate":"2021-09-01"},{"lineNumber":266,"author":{"gitId":"Elxyng"},"content":"    }","lastModifiedDate":"2021-09-01"},{"lineNumber":267,"author":{"gitId":"Elxyng"},"content":"","lastModifiedDate":"2021-09-01"},{"lineNumber":268,"author":{"gitId":"Elxyng"},"content":"    /****","lastModifiedDate":"2021-09-10"},{"lineNumber":269,"author":{"gitId":"Elxyng"},"content":"     * Checks user input is empty","lastModifiedDate":"2021-09-10"},{"lineNumber":270,"author":{"gitId":"Elxyng"},"content":"     *","lastModifiedDate":"2021-09-10"},{"lineNumber":271,"author":{"gitId":"Elxyng"},"content":"     * @param description the command that user input","lastModifiedDate":"2021-09-10"},{"lineNumber":272,"author":{"gitId":"Elxyng"},"content":"     * @throws EmptyException if user did not input anything","lastModifiedDate":"2021-09-10"},{"lineNumber":273,"author":{"gitId":"Elxyng"},"content":"     */","lastModifiedDate":"2021-09-10"},{"lineNumber":274,"author":{"gitId":"Elxyng"},"content":"    static void checkEmpty(String description) throws EmptyException {","lastModifiedDate":"2021-09-01"},{"lineNumber":275,"author":{"gitId":"Elxyng"},"content":"        if (description.isEmpty()){","lastModifiedDate":"2021-09-01"},{"lineNumber":276,"author":{"gitId":"Elxyng"},"content":"            throw new EmptyException ();","lastModifiedDate":"2021-09-01"},{"lineNumber":277,"author":{"gitId":"Elxyng"},"content":"        }","lastModifiedDate":"2021-09-01"},{"lineNumber":278,"author":{"gitId":"Elxyng"},"content":"    }","lastModifiedDate":"2021-09-01"},{"lineNumber":279,"author":{"gitId":"Elxyng"},"content":"","lastModifiedDate":"2021-09-01"},{"lineNumber":280,"author":{"gitId":"Elxyng"},"content":"    /****","lastModifiedDate":"2021-09-10"},{"lineNumber":281,"author":{"gitId":"Elxyng"},"content":"     * Checks user input invalid word","lastModifiedDate":"2021-09-10"},{"lineNumber":282,"author":{"gitId":"Elxyng"},"content":"     *","lastModifiedDate":"2021-09-10"},{"lineNumber":283,"author":{"gitId":"Elxyng"},"content":"     * @param description the command that user input","lastModifiedDate":"2021-09-10"},{"lineNumber":284,"author":{"gitId":"Elxyng"},"content":"     * @throws StringFormatException if description does not hit the if conditions","lastModifiedDate":"2021-09-10"},{"lineNumber":285,"author":{"gitId":"Elxyng"},"content":"     */","lastModifiedDate":"2021-09-10"},{"lineNumber":286,"author":{"gitId":"Elxyng"},"content":"    static void checkInvalidWord(String description) throws StringFormatException {","lastModifiedDate":"2021-09-01"},{"lineNumber":287,"author":{"gitId":"Elxyng"},"content":"        if ( !( description.equals(\"bye\") || description.equals(\"list\")","lastModifiedDate":"2021-09-03"},{"lineNumber":288,"author":{"gitId":"Elxyng"},"content":"                || description.equals(\"todo\") || description.equals(\"event\")","lastModifiedDate":"2021-09-03"},{"lineNumber":289,"author":{"gitId":"Elxyng"},"content":"                || description.equals(\"deadline\"))) {","lastModifiedDate":"2021-09-03"},{"lineNumber":290,"author":{"gitId":"Elxyng"},"content":"            throw new StringFormatException ();","lastModifiedDate":"2021-09-01"},{"lineNumber":291,"author":{"gitId":"Elxyng"},"content":"        }","lastModifiedDate":"2021-09-01"},{"lineNumber":292,"author":{"gitId":"Elxyng"},"content":"    }","lastModifiedDate":"2021-09-01"},{"lineNumber":293,"author":{"gitId":"Elxyng"},"content":"","lastModifiedDate":"2021-09-01"},{"lineNumber":294,"author":{"gitId":"Elxyng"},"content":"    /****","lastModifiedDate":"2021-09-10"},{"lineNumber":295,"author":{"gitId":"Elxyng"},"content":"     * Checks user input empty task description","lastModifiedDate":"2021-09-10"},{"lineNumber":296,"author":{"gitId":"Elxyng"},"content":"     *","lastModifiedDate":"2021-09-10"},{"lineNumber":297,"author":{"gitId":"Elxyng"},"content":"     * @param description the command that user input","lastModifiedDate":"2021-09-10"},{"lineNumber":298,"author":{"gitId":"Elxyng"},"content":"     * @throws EmptyToDoDescriptionException if description does not hit the if condition","lastModifiedDate":"2021-09-10"},{"lineNumber":299,"author":{"gitId":"Elxyng"},"content":"     */","lastModifiedDate":"2021-09-10"},{"lineNumber":300,"author":{"gitId":"Elxyng"},"content":"    static void checkEmptyToDoDescription (String description) throws EmptyToDoDescriptionException {","lastModifiedDate":"2021-09-01"},{"lineNumber":301,"author":{"gitId":"Elxyng"},"content":"        if (description.equals(\"todo\")) {","lastModifiedDate":"2021-09-01"},{"lineNumber":302,"author":{"gitId":"Elxyng"},"content":"            throw new EmptyToDoDescriptionException();","lastModifiedDate":"2021-09-01"},{"lineNumber":303,"author":{"gitId":"Elxyng"},"content":"        }","lastModifiedDate":"2021-09-01"},{"lineNumber":304,"author":{"gitId":"Elxyng"},"content":"    }","lastModifiedDate":"2021-09-01"},{"lineNumber":305,"author":{"gitId":"Elxyng"},"content":"","lastModifiedDate":"2021-09-01"},{"lineNumber":306,"author":{"gitId":"Elxyng"},"content":"    /****","lastModifiedDate":"2021-09-10"},{"lineNumber":307,"author":{"gitId":"Elxyng"},"content":"     * Checks user input empty event task description","lastModifiedDate":"2021-09-10"},{"lineNumber":308,"author":{"gitId":"Elxyng"},"content":"     *","lastModifiedDate":"2021-09-10"},{"lineNumber":309,"author":{"gitId":"Elxyng"},"content":"     * @param description the command that user input","lastModifiedDate":"2021-09-10"},{"lineNumber":310,"author":{"gitId":"Elxyng"},"content":"     * @throws EmptyEventDescriptionException if description does not hit the if condition","lastModifiedDate":"2021-09-10"},{"lineNumber":311,"author":{"gitId":"Elxyng"},"content":"     */","lastModifiedDate":"2021-09-10"},{"lineNumber":312,"author":{"gitId":"Elxyng"},"content":"    static void checkEmptyEventDescription (String description) throws EmptyEventDescriptionException {","lastModifiedDate":"2021-09-01"},{"lineNumber":313,"author":{"gitId":"Elxyng"},"content":"        if (description.equals(\"event\")) {","lastModifiedDate":"2021-09-01"},{"lineNumber":314,"author":{"gitId":"Elxyng"},"content":"            throw new EmptyEventDescriptionException();","lastModifiedDate":"2021-09-01"},{"lineNumber":315,"author":{"gitId":"Elxyng"},"content":"        }","lastModifiedDate":"2021-09-01"},{"lineNumber":316,"author":{"gitId":"Elxyng"},"content":"    }","lastModifiedDate":"2021-09-01"},{"lineNumber":317,"author":{"gitId":"Elxyng"},"content":"","lastModifiedDate":"2021-09-01"},{"lineNumber":318,"author":{"gitId":"Elxyng"},"content":"    /****","lastModifiedDate":"2021-09-10"},{"lineNumber":319,"author":{"gitId":"Elxyng"},"content":"     * Checks user input empty deadline description","lastModifiedDate":"2021-09-10"},{"lineNumber":320,"author":{"gitId":"Elxyng"},"content":"     *","lastModifiedDate":"2021-09-10"},{"lineNumber":321,"author":{"gitId":"Elxyng"},"content":"     * @param description the command that user input","lastModifiedDate":"2021-09-10"},{"lineNumber":322,"author":{"gitId":"Elxyng"},"content":"     * @throws EmptyDeadlineDescriptionException if description does not hit the if condition","lastModifiedDate":"2021-09-10"},{"lineNumber":323,"author":{"gitId":"Elxyng"},"content":"     */","lastModifiedDate":"2021-09-10"},{"lineNumber":324,"author":{"gitId":"Elxyng"},"content":"    static void checkEmptyDeadlineDescription (String description) throws EmptyDeadlineDescriptionException {","lastModifiedDate":"2021-09-01"},{"lineNumber":325,"author":{"gitId":"Elxyng"},"content":"        if (description.equals(\"deadline\")) {","lastModifiedDate":"2021-09-01"},{"lineNumber":326,"author":{"gitId":"Elxyng"},"content":"            throw new EmptyDeadlineDescriptionException();","lastModifiedDate":"2021-09-01"},{"lineNumber":327,"author":{"gitId":"Elxyng"},"content":"        }","lastModifiedDate":"2021-09-01"},{"lineNumber":328,"author":{"gitId":"Elxyng"},"content":"    }","lastModifiedDate":"2021-09-01"},{"lineNumber":329,"author":{"gitId":"Elxyng"},"content":"","lastModifiedDate":"2021-09-01"},{"lineNumber":330,"author":{"gitId":"Elxyng"},"content":"    /****","lastModifiedDate":"2021-09-10"},{"lineNumber":331,"author":{"gitId":"Elxyng"},"content":"     * Checks user input out of range","lastModifiedDate":"2021-09-10"},{"lineNumber":332,"author":{"gitId":"Elxyng"},"content":"     *","lastModifiedDate":"2021-09-10"},{"lineNumber":333,"author":{"gitId":"Elxyng"},"content":"     * @param size the size of the taskList","lastModifiedDate":"2021-09-10"},{"lineNumber":334,"author":{"gitId":"Elxyng"},"content":"     * @param number the task number that the user input","lastModifiedDate":"2021-09-10"},{"lineNumber":335,"author":{"gitId":"Elxyng"},"content":"     * @throws IndexOutOfRangeException if the number is greater than the size of the taskList","lastModifiedDate":"2021-09-10"},{"lineNumber":336,"author":{"gitId":"Elxyng"},"content":"     */","lastModifiedDate":"2021-09-10"},{"lineNumber":337,"author":{"gitId":"Elxyng"},"content":"    static void checkIndexOutOfRange(int size,  int number) throws IndexOutOfRangeException {","lastModifiedDate":"2021-09-09"},{"lineNumber":338,"author":{"gitId":"Elxyng"},"content":"        if (number \u003e size || number \u003c 0) {","lastModifiedDate":"2021-09-01"},{"lineNumber":339,"author":{"gitId":"Elxyng"},"content":"            throw new IndexOutOfRangeException();","lastModifiedDate":"2021-09-01"},{"lineNumber":340,"author":{"gitId":"Elxyng"},"content":"        }","lastModifiedDate":"2021-09-01"},{"lineNumber":341,"author":{"gitId":"Elxyng"},"content":"    }","lastModifiedDate":"2021-09-01"},{"lineNumber":342,"author":{"gitId":"Elxyng"},"content":"","lastModifiedDate":"2021-09-01"},{"lineNumber":343,"author":{"gitId":"Elxyng"},"content":"    /****","lastModifiedDate":"2021-09-10"},{"lineNumber":344,"author":{"gitId":"Elxyng"},"content":"     * Checks list is empty","lastModifiedDate":"2021-09-10"},{"lineNumber":345,"author":{"gitId":"Elxyng"},"content":"     *","lastModifiedDate":"2021-09-10"},{"lineNumber":346,"author":{"gitId":"Elxyng"},"content":"     * @param taskList taskList arr that stores all tasks","lastModifiedDate":"2021-09-10"},{"lineNumber":347,"author":{"gitId":"Elxyng"},"content":"     * @throws ListEmptyException if list is empty","lastModifiedDate":"2021-09-10"},{"lineNumber":348,"author":{"gitId":"Elxyng"},"content":"     */","lastModifiedDate":"2021-09-10"},{"lineNumber":349,"author":{"gitId":"Elxyng"},"content":"    static void checkListEmpty( ArrayList\u003cTask\u003e taskList) throws ListEmptyException {","lastModifiedDate":"2021-09-09"},{"lineNumber":350,"author":{"gitId":"Elxyng"},"content":"        if (taskList.isEmpty()) {","lastModifiedDate":"2021-09-01"},{"lineNumber":351,"author":{"gitId":"Elxyng"},"content":"            throw new ListEmptyException ();","lastModifiedDate":"2021-09-01"},{"lineNumber":352,"author":{"gitId":"Elxyng"},"content":"        }","lastModifiedDate":"2021-09-01"},{"lineNumber":353,"author":{"gitId":"Elxyng"},"content":"    }","lastModifiedDate":"2021-09-01"},{"lineNumber":354,"author":{"gitId":"-"},"content":"}","lastModifiedDate":"2019-07-29"}],"authorContributionMap":{"Elxyng":351,"-":3}},{"path":"src/main/java/Storage.java","fileType":"java","lines":[{"lineNumber":1,"author":{"gitId":"Elxyng"},"content":"import tasklist.Deadline;","lastModifiedDate":"2021-09-10"},{"lineNumber":2,"author":{"gitId":"Elxyng"},"content":"import tasklist.Event;","lastModifiedDate":"2021-09-10"},{"lineNumber":3,"author":{"gitId":"Elxyng"},"content":"import tasklist.Task;","lastModifiedDate":"2021-09-10"},{"lineNumber":4,"author":{"gitId":"Elxyng"},"content":"import tasklist.ToDo;","lastModifiedDate":"2021-09-10"},{"lineNumber":5,"author":{"gitId":"Elxyng"},"content":"","lastModifiedDate":"2021-09-10"},{"lineNumber":6,"author":{"gitId":"Elxyng"},"content":"import java.io.File;","lastModifiedDate":"2021-09-10"},{"lineNumber":7,"author":{"gitId":"Elxyng"},"content":"import java.io.FileNotFoundException;","lastModifiedDate":"2021-09-10"},{"lineNumber":8,"author":{"gitId":"Elxyng"},"content":"import java.io.IOException;","lastModifiedDate":"2021-09-10"},{"lineNumber":9,"author":{"gitId":"Elxyng"},"content":"import java.io.PrintWriter;","lastModifiedDate":"2021-09-10"},{"lineNumber":10,"author":{"gitId":"Elxyng"},"content":"import java.util.Scanner;","lastModifiedDate":"2021-09-10"},{"lineNumber":11,"author":{"gitId":"Elxyng"},"content":"","lastModifiedDate":"2021-09-10"},{"lineNumber":12,"author":{"gitId":"Elxyng"},"content":"public class Storage {","lastModifiedDate":"2021-09-10"},{"lineNumber":13,"author":{"gitId":"Elxyng"},"content":"","lastModifiedDate":"2021-09-10"},{"lineNumber":14,"author":{"gitId":"Elxyng"},"content":"    /****","lastModifiedDate":"2021-09-10"},{"lineNumber":15,"author":{"gitId":"Elxyng"},"content":"     * Writes tasks to file","lastModifiedDate":"2021-09-10"},{"lineNumber":16,"author":{"gitId":"Elxyng"},"content":"     *","lastModifiedDate":"2021-09-10"},{"lineNumber":17,"author":{"gitId":"Elxyng"},"content":"     * @param fileContent the tasks stored in the file","lastModifiedDate":"2021-09-10"},{"lineNumber":18,"author":{"gitId":"Elxyng"},"content":"     * @throws FileNotFoundException if file can\u0027t be found","lastModifiedDate":"2021-09-10"},{"lineNumber":19,"author":{"gitId":"Elxyng"},"content":"     */","lastModifiedDate":"2021-09-10"},{"lineNumber":20,"author":{"gitId":"Elxyng"},"content":"    static void writeToFile(String fileContent) throws FileNotFoundException {","lastModifiedDate":"2021-09-10"},{"lineNumber":21,"author":{"gitId":"Elxyng"},"content":"        File f \u003d new File(\"/TIC4001 IP/data/duke.txt\");","lastModifiedDate":"2021-09-10"},{"lineNumber":22,"author":{"gitId":"Elxyng"},"content":"","lastModifiedDate":"2021-09-10"},{"lineNumber":23,"author":{"gitId":"Elxyng"},"content":"        PrintWriter pw \u003d new PrintWriter(f);","lastModifiedDate":"2021-09-10"},{"lineNumber":24,"author":{"gitId":"Elxyng"},"content":"        pw.println(fileContent);","lastModifiedDate":"2021-09-10"},{"lineNumber":25,"author":{"gitId":"Elxyng"},"content":"        pw.close();","lastModifiedDate":"2021-09-10"},{"lineNumber":26,"author":{"gitId":"Elxyng"},"content":"    }","lastModifiedDate":"2021-09-10"},{"lineNumber":27,"author":{"gitId":"Elxyng"},"content":"","lastModifiedDate":"2021-09-10"},{"lineNumber":28,"author":{"gitId":"Elxyng"},"content":"    /****","lastModifiedDate":"2021-09-10"},{"lineNumber":29,"author":{"gitId":"Elxyng"},"content":"     * Loads tasks from file","lastModifiedDate":"2021-09-10"},{"lineNumber":30,"author":{"gitId":"Elxyng"},"content":"     *","lastModifiedDate":"2021-09-10"},{"lineNumber":31,"author":{"gitId":"Elxyng"},"content":"     * @throws IOException if file can\u0027t be found","lastModifiedDate":"2021-09-10"},{"lineNumber":32,"author":{"gitId":"Elxyng"},"content":"     */","lastModifiedDate":"2021-09-10"},{"lineNumber":33,"author":{"gitId":"Elxyng"},"content":"    static void loadFile() throws IOException {","lastModifiedDate":"2021-09-10"},{"lineNumber":34,"author":{"gitId":"Elxyng"},"content":"        File directory \u003d new File(\"/TIC4001 IP/data\");","lastModifiedDate":"2021-09-10"},{"lineNumber":35,"author":{"gitId":"Elxyng"},"content":"        File f \u003d new File(directory + \"/duke.txt\");","lastModifiedDate":"2021-09-10"},{"lineNumber":36,"author":{"gitId":"Elxyng"},"content":"        if (! directory.exists()){","lastModifiedDate":"2021-09-10"},{"lineNumber":37,"author":{"gitId":"Elxyng"},"content":"            directory.mkdirs();","lastModifiedDate":"2021-09-15"},{"lineNumber":38,"author":{"gitId":"Elxyng"},"content":"            f.createNewFile();","lastModifiedDate":"2021-09-10"},{"lineNumber":39,"author":{"gitId":"Elxyng"},"content":"        }","lastModifiedDate":"2021-09-10"},{"lineNumber":40,"author":{"gitId":"Elxyng"},"content":"","lastModifiedDate":"2021-09-10"},{"lineNumber":41,"author":{"gitId":"Elxyng"},"content":"        Scanner sc \u003d new Scanner(f);","lastModifiedDate":"2021-09-10"},{"lineNumber":42,"author":{"gitId":"Elxyng"},"content":"        while (sc.hasNextLine()) {","lastModifiedDate":"2021-09-10"},{"lineNumber":43,"author":{"gitId":"Elxyng"},"content":"            loadFormat(sc.nextLine());","lastModifiedDate":"2021-09-10"},{"lineNumber":44,"author":{"gitId":"Elxyng"},"content":"        }","lastModifiedDate":"2021-09-10"},{"lineNumber":45,"author":{"gitId":"Elxyng"},"content":"    }","lastModifiedDate":"2021-09-10"},{"lineNumber":46,"author":{"gitId":"Elxyng"},"content":"","lastModifiedDate":"2021-09-10"},{"lineNumber":47,"author":{"gitId":"Elxyng"},"content":"    /****","lastModifiedDate":"2021-09-10"},{"lineNumber":48,"author":{"gitId":"Elxyng"},"content":"     * Adds tasks to taskList from file","lastModifiedDate":"2021-09-10"},{"lineNumber":49,"author":{"gitId":"Elxyng"},"content":"     *","lastModifiedDate":"2021-09-10"},{"lineNumber":50,"author":{"gitId":"Elxyng"},"content":"     * @param fileContent the tasks stored in the file","lastModifiedDate":"2021-09-10"},{"lineNumber":51,"author":{"gitId":"Elxyng"},"content":"     */","lastModifiedDate":"2021-09-10"},{"lineNumber":52,"author":{"gitId":"Elxyng"},"content":"    static void loadFormat(String fileContent) {","lastModifiedDate":"2021-09-10"},{"lineNumber":53,"author":{"gitId":"Elxyng"},"content":"        System.out.println(fileContent);","lastModifiedDate":"2021-09-10"},{"lineNumber":54,"author":{"gitId":"Elxyng"},"content":"        String[] storeArray \u003d fileContent.split(\" \\\\| \");","lastModifiedDate":"2021-09-10"},{"lineNumber":55,"author":{"gitId":"Elxyng"},"content":"        try {","lastModifiedDate":"2021-09-10"},{"lineNumber":56,"author":{"gitId":"Elxyng"},"content":"            if (storeArray[0].equals(\"T\")){","lastModifiedDate":"2021-09-10"},{"lineNumber":57,"author":{"gitId":"Elxyng"},"content":"                Task t\u003d new ToDo(storeArray[2], isDone(Integer.parseInt(storeArray[1])));","lastModifiedDate":"2021-09-10"},{"lineNumber":58,"author":{"gitId":"Elxyng"},"content":"                Duke.taskList.add(t);","lastModifiedDate":"2021-09-10"},{"lineNumber":59,"author":{"gitId":"Elxyng"},"content":"            }","lastModifiedDate":"2021-09-10"},{"lineNumber":60,"author":{"gitId":"Elxyng"},"content":"            else if (storeArray[0].equals(\"D\")){","lastModifiedDate":"2021-09-10"},{"lineNumber":61,"author":{"gitId":"Elxyng"},"content":"                try{","lastModifiedDate":"2021-09-10"},{"lineNumber":62,"author":{"gitId":"Elxyng"},"content":"                    Task t\u003d new Deadline(storeArray[2], isDone(Integer.parseInt(storeArray[1])),storeArray[3]);","lastModifiedDate":"2021-09-10"},{"lineNumber":63,"author":{"gitId":"Elxyng"},"content":"                    Duke.taskList.add(t);","lastModifiedDate":"2021-09-10"},{"lineNumber":64,"author":{"gitId":"Elxyng"},"content":"                }catch (ArrayIndexOutOfBoundsException e){","lastModifiedDate":"2021-09-10"},{"lineNumber":65,"author":{"gitId":"Elxyng"},"content":"                    Task t\u003d new Deadline(storeArray[2], isDone(Integer.parseInt(storeArray[1])));","lastModifiedDate":"2021-09-10"},{"lineNumber":66,"author":{"gitId":"Elxyng"},"content":"                    Duke.taskList.add(t);","lastModifiedDate":"2021-09-10"},{"lineNumber":67,"author":{"gitId":"Elxyng"},"content":"                }","lastModifiedDate":"2021-09-10"},{"lineNumber":68,"author":{"gitId":"Elxyng"},"content":"            }","lastModifiedDate":"2021-09-10"},{"lineNumber":69,"author":{"gitId":"Elxyng"},"content":"            else if (storeArray[0].equals(\"E\")){","lastModifiedDate":"2021-09-10"},{"lineNumber":70,"author":{"gitId":"Elxyng"},"content":"                try{","lastModifiedDate":"2021-09-10"},{"lineNumber":71,"author":{"gitId":"Elxyng"},"content":"                    Task t\u003d new Event(storeArray[2], isDone(Integer.parseInt(storeArray[1])),storeArray[3]);","lastModifiedDate":"2021-09-10"},{"lineNumber":72,"author":{"gitId":"Elxyng"},"content":"                    Duke.taskList.add(t);","lastModifiedDate":"2021-09-10"},{"lineNumber":73,"author":{"gitId":"Elxyng"},"content":"                }catch (ArrayIndexOutOfBoundsException e){","lastModifiedDate":"2021-09-10"},{"lineNumber":74,"author":{"gitId":"Elxyng"},"content":"                    Task t\u003d new Event(storeArray[2], isDone(Integer.parseInt(storeArray[1])));","lastModifiedDate":"2021-09-10"},{"lineNumber":75,"author":{"gitId":"Elxyng"},"content":"                    Duke.taskList.add(t);","lastModifiedDate":"2021-09-10"},{"lineNumber":76,"author":{"gitId":"Elxyng"},"content":"                }","lastModifiedDate":"2021-09-10"},{"lineNumber":77,"author":{"gitId":"Elxyng"},"content":"            }","lastModifiedDate":"2021-09-10"},{"lineNumber":78,"author":{"gitId":"Elxyng"},"content":"        }","lastModifiedDate":"2021-09-10"},{"lineNumber":79,"author":{"gitId":"Elxyng"},"content":"        catch (Exception e) {","lastModifiedDate":"2021-09-10"},{"lineNumber":80,"author":{"gitId":"Elxyng"},"content":"            e.printStackTrace();","lastModifiedDate":"2021-09-10"},{"lineNumber":81,"author":{"gitId":"Elxyng"},"content":"        }","lastModifiedDate":"2021-09-10"},{"lineNumber":82,"author":{"gitId":"Elxyng"},"content":"    }","lastModifiedDate":"2021-09-10"},{"lineNumber":83,"author":{"gitId":"Elxyng"},"content":"","lastModifiedDate":"2021-09-10"},{"lineNumber":84,"author":{"gitId":"Elxyng"},"content":"    /****","lastModifiedDate":"2021-09-10"},{"lineNumber":85,"author":{"gitId":"Elxyng"},"content":"     * Returns","lastModifiedDate":"2021-09-10"},{"lineNumber":86,"author":{"gitId":"Elxyng"},"content":"     *","lastModifiedDate":"2021-09-10"},{"lineNumber":87,"author":{"gitId":"Elxyng"},"content":"     * @param value the status of task stored in the file","lastModifiedDate":"2021-09-10"},{"lineNumber":88,"author":{"gitId":"Elxyng"},"content":"     * @return boolean status of task","lastModifiedDate":"2021-09-10"},{"lineNumber":89,"author":{"gitId":"Elxyng"},"content":"     */","lastModifiedDate":"2021-09-10"},{"lineNumber":90,"author":{"gitId":"Elxyng"},"content":"    static Boolean isDone (Integer value) {","lastModifiedDate":"2021-09-10"},{"lineNumber":91,"author":{"gitId":"Elxyng"},"content":"        return value \u003d\u003d 1;","lastModifiedDate":"2021-09-10"},{"lineNumber":92,"author":{"gitId":"Elxyng"},"content":"    }","lastModifiedDate":"2021-09-10"},{"lineNumber":93,"author":{"gitId":"Elxyng"},"content":"}","lastModifiedDate":"2021-09-10"}],"authorContributionMap":{"Elxyng":93}},{"path":"src/main/java/UI.java","fileType":"java","lines":[{"lineNumber":1,"author":{"gitId":"Elxyng"},"content":"import tasklist.Task;","lastModifiedDate":"2021-08-20"},{"lineNumber":2,"author":{"gitId":"Elxyng"},"content":"import java.util.ArrayList;","lastModifiedDate":"2021-08-19"},{"lineNumber":3,"author":{"gitId":"Elxyng"},"content":"","lastModifiedDate":"2021-08-19"},{"lineNumber":4,"author":{"gitId":"Elxyng"},"content":"public class UI {","lastModifiedDate":"2021-08-18"},{"lineNumber":5,"author":{"gitId":"Elxyng"},"content":"    public static void printDuke() {","lastModifiedDate":"2021-08-18"},{"lineNumber":6,"author":{"gitId":"Elxyng"},"content":"        String logo \u003d \" ____        _        \\n\"","lastModifiedDate":"2021-08-18"},{"lineNumber":7,"author":{"gitId":"Elxyng"},"content":"                + \"|  _ \\\\ _   _| | _____ \\n\"","lastModifiedDate":"2021-08-18"},{"lineNumber":8,"author":{"gitId":"Elxyng"},"content":"                + \"| | | | | | | |/ / _ \\\\\\n\"","lastModifiedDate":"2021-08-18"},{"lineNumber":9,"author":{"gitId":"Elxyng"},"content":"                + \"| |_| | |_| |   \u003c  __/\\n\"","lastModifiedDate":"2021-08-18"},{"lineNumber":10,"author":{"gitId":"Elxyng"},"content":"                + \"|____/ \\\\__,_|_|\\\\_\\\\___|\\n\";","lastModifiedDate":"2021-08-18"},{"lineNumber":11,"author":{"gitId":"Elxyng"},"content":"        System.out.println(\"Hello from\\n\" + logo);","lastModifiedDate":"2021-08-18"},{"lineNumber":12,"author":{"gitId":"Elxyng"},"content":"        System.out.print(\"Hello! I\u0027m Duke\\n\" + \"What can I do for you?\\n\");","lastModifiedDate":"2021-08-18"},{"lineNumber":13,"author":{"gitId":"Elxyng"},"content":"    }","lastModifiedDate":"2021-08-18"},{"lineNumber":14,"author":{"gitId":"Elxyng"},"content":"","lastModifiedDate":"2021-08-18"},{"lineNumber":15,"author":{"gitId":"Elxyng"},"content":"    public static void bye() {","lastModifiedDate":"2021-08-18"},{"lineNumber":16,"author":{"gitId":"Elxyng"},"content":"        UI.printLine();","lastModifiedDate":"2021-08-19"},{"lineNumber":17,"author":{"gitId":"Elxyng"},"content":"        UI.addSpaces(\"%sBye. Hope to see you again soon!\",5);","lastModifiedDate":"2021-08-19"},{"lineNumber":18,"author":{"gitId":"Elxyng"},"content":"        UI.printLine();","lastModifiedDate":"2021-08-19"},{"lineNumber":19,"author":{"gitId":"Elxyng"},"content":"    }","lastModifiedDate":"2021-08-18"},{"lineNumber":20,"author":{"gitId":"Elxyng"},"content":"","lastModifiedDate":"2021-08-18"},{"lineNumber":21,"author":{"gitId":"Elxyng"},"content":"    public static void printLine() {","lastModifiedDate":"2021-08-18"},{"lineNumber":22,"author":{"gitId":"Elxyng"},"content":"        UI.addSpaces(\"%s____________________________________________________________\",4);","lastModifiedDate":"2021-08-19"},{"lineNumber":23,"author":{"gitId":"Elxyng"},"content":"    }","lastModifiedDate":"2021-08-19"},{"lineNumber":24,"author":{"gitId":"Elxyng"},"content":"","lastModifiedDate":"2021-08-19"},{"lineNumber":25,"author":{"gitId":"Elxyng"},"content":"    public static void printAddedTask(ArrayList\u003cTask\u003e taskList) {","lastModifiedDate":"2021-09-10"},{"lineNumber":26,"author":{"gitId":"Elxyng"},"content":"        UI.addSpaces(\"%s\" + taskList.get(taskList.size() - 1).toString(),6);","lastModifiedDate":"2021-09-10"},{"lineNumber":27,"author":{"gitId":"Elxyng"},"content":"    }","lastModifiedDate":"2021-09-10"},{"lineNumber":28,"author":{"gitId":"Elxyng"},"content":"","lastModifiedDate":"2021-09-10"},{"lineNumber":29,"author":{"gitId":"Elxyng"},"content":"    public static void printTask(ArrayList\u003cTask\u003e taskList) {","lastModifiedDate":"2021-08-20"},{"lineNumber":30,"author":{"gitId":"Elxyng"},"content":"        UI.printLine();","lastModifiedDate":"2021-08-19"},{"lineNumber":31,"author":{"gitId":"Elxyng"},"content":"        UI.addSpaces(\"%sGot it. I\u0027ve added this task:\",5);","lastModifiedDate":"2021-08-27"},{"lineNumber":32,"author":{"gitId":"Elxyng"},"content":"        printAddedTask(taskList);","lastModifiedDate":"2021-09-10"},{"lineNumber":33,"author":{"gitId":"Elxyng"},"content":"        printNumberOfTasks(taskList);","lastModifiedDate":"2021-09-10"},{"lineNumber":34,"author":{"gitId":"Elxyng"},"content":"        UI.printLine();","lastModifiedDate":"2021-08-19"},{"lineNumber":35,"author":{"gitId":"Elxyng"},"content":"    }","lastModifiedDate":"2021-08-19"},{"lineNumber":36,"author":{"gitId":"Elxyng"},"content":"","lastModifiedDate":"2021-08-19"},{"lineNumber":37,"author":{"gitId":"Elxyng"},"content":"    public static void printOutput(ArrayList\u003cTask\u003e taskList) {","lastModifiedDate":"2021-08-20"},{"lineNumber":38,"author":{"gitId":"Elxyng"},"content":"        UI.printLine();","lastModifiedDate":"2021-08-19"},{"lineNumber":39,"author":{"gitId":"Elxyng"},"content":"        UI.addSpaces(\"%sHere are the tasks in your list:\",5);","lastModifiedDate":"2021-08-20"},{"lineNumber":40,"author":{"gitId":"Elxyng"},"content":"        for (int i \u003d 0; i \u003c taskList.size(); i++) {","lastModifiedDate":"2021-08-19"},{"lineNumber":41,"author":{"gitId":"Elxyng"},"content":"            UI.addSpaces(\"%s\" + (i + 1) + \". \" + taskList.get(i).toString(),5);","lastModifiedDate":"2021-08-20"},{"lineNumber":42,"author":{"gitId":"Elxyng"},"content":"        }","lastModifiedDate":"2021-08-19"},{"lineNumber":43,"author":{"gitId":"Elxyng"},"content":"        UI.printLine();","lastModifiedDate":"2021-08-19"},{"lineNumber":44,"author":{"gitId":"Elxyng"},"content":"    }","lastModifiedDate":"2021-08-19"},{"lineNumber":45,"author":{"gitId":"Elxyng"},"content":"","lastModifiedDate":"2021-08-19"},{"lineNumber":46,"author":{"gitId":"Elxyng"},"content":"    public static void printListEmpty() {","lastModifiedDate":"2021-08-19"},{"lineNumber":47,"author":{"gitId":"Elxyng"},"content":"        UI.printLine();","lastModifiedDate":"2021-08-19"},{"lineNumber":48,"author":{"gitId":"Elxyng"},"content":"        UI.addSpaces(\"%sList is empty!\",5);","lastModifiedDate":"2021-08-19"},{"lineNumber":49,"author":{"gitId":"Elxyng"},"content":"        UI.printLine();","lastModifiedDate":"2021-08-19"},{"lineNumber":50,"author":{"gitId":"Elxyng"},"content":"    }","lastModifiedDate":"2021-08-19"},{"lineNumber":51,"author":{"gitId":"Elxyng"},"content":"","lastModifiedDate":"2021-08-19"},{"lineNumber":52,"author":{"gitId":"Elxyng"},"content":"    public static void printNumberOfTasks( ArrayList\u003cTask\u003e taskList) {","lastModifiedDate":"2021-09-10"},{"lineNumber":53,"author":{"gitId":"Elxyng"},"content":"        UI.addSpaces(\"%sNow you have \" + (taskList.size()) + \" tasks in the list.\",5);","lastModifiedDate":"2021-09-10"},{"lineNumber":54,"author":{"gitId":"Elxyng"},"content":"    }","lastModifiedDate":"2021-09-10"},{"lineNumber":55,"author":{"gitId":"Elxyng"},"content":"","lastModifiedDate":"2021-09-10"},{"lineNumber":56,"author":{"gitId":"Elxyng"},"content":"    public static void printMarkedAsDone() {","lastModifiedDate":"2021-09-10"},{"lineNumber":57,"author":{"gitId":"Elxyng"},"content":"        UI.addSpaces( \"%sNice! I\u0027ve marked this task(s) as done:\",5);","lastModifiedDate":"2021-08-20"},{"lineNumber":58,"author":{"gitId":"Elxyng"},"content":"    }","lastModifiedDate":"2021-09-10"},{"lineNumber":59,"author":{"gitId":"Elxyng"},"content":"","lastModifiedDate":"2021-09-10"},{"lineNumber":60,"author":{"gitId":"Elxyng"},"content":"    public static void printRemoveTask() {","lastModifiedDate":"2021-09-10"},{"lineNumber":61,"author":{"gitId":"Elxyng"},"content":"        UI.addSpaces( \"%sNoted. I\u0027ve removed this task:\",5);","lastModifiedDate":"2021-09-10"},{"lineNumber":62,"author":{"gitId":"Elxyng"},"content":"    }","lastModifiedDate":"2021-08-20"},{"lineNumber":63,"author":{"gitId":"Elxyng"},"content":"","lastModifiedDate":"2021-08-20"},{"lineNumber":64,"author":{"gitId":"Elxyng"},"content":"    public static void printTaskSaved() {","lastModifiedDate":"2021-09-10"},{"lineNumber":65,"author":{"gitId":"Elxyng"},"content":"        UI.printLine();","lastModifiedDate":"2021-09-10"},{"lineNumber":66,"author":{"gitId":"Elxyng"},"content":"        UI.addSpaces(\"%sTasks saved!\",5);","lastModifiedDate":"2021-09-10"},{"lineNumber":67,"author":{"gitId":"Elxyng"},"content":"        UI.printLine();","lastModifiedDate":"2021-09-10"},{"lineNumber":68,"author":{"gitId":"Elxyng"},"content":"    }","lastModifiedDate":"2021-09-10"},{"lineNumber":69,"author":{"gitId":"Elxyng"},"content":"","lastModifiedDate":"2021-09-10"},{"lineNumber":70,"author":{"gitId":"Elxyng"},"content":"    public static void addSpaces(String text, Integer value) {","lastModifiedDate":"2021-08-19"},{"lineNumber":71,"author":{"gitId":"Elxyng"},"content":"        System.out.printf((text) + \"%n\", \" \".repeat(value));","lastModifiedDate":"2021-08-19"},{"lineNumber":72,"author":{"gitId":"Elxyng"},"content":"    }","lastModifiedDate":"2021-08-18"},{"lineNumber":73,"author":{"gitId":"Elxyng"},"content":"","lastModifiedDate":"2021-08-27"},{"lineNumber":74,"author":{"gitId":"Elxyng"},"content":"    public static void printParseException() {","lastModifiedDate":"2021-08-27"},{"lineNumber":75,"author":{"gitId":"Elxyng"},"content":"        UI.printLine();","lastModifiedDate":"2021-09-01"},{"lineNumber":76,"author":{"gitId":"Elxyng"},"content":"        UI.addSpaces(\"%s☹ OOPS!!! Please enter DD MMM YYYY date format.\",5);","lastModifiedDate":"2021-09-01"},{"lineNumber":77,"author":{"gitId":"Elxyng"},"content":"        UI.printLine();","lastModifiedDate":"2021-09-01"},{"lineNumber":78,"author":{"gitId":"Elxyng"},"content":"    }","lastModifiedDate":"2021-09-01"},{"lineNumber":79,"author":{"gitId":"Elxyng"},"content":"","lastModifiedDate":"2021-09-01"},{"lineNumber":80,"author":{"gitId":"Elxyng"},"content":"    public static void printEmptyException() {","lastModifiedDate":"2021-09-01"},{"lineNumber":81,"author":{"gitId":"Elxyng"},"content":"        UI.printLine();","lastModifiedDate":"2021-09-01"},{"lineNumber":82,"author":{"gitId":"Elxyng"},"content":"        UI.addSpaces(\"%s☹ OOPS!!! The description cannot be empty.\",5);","lastModifiedDate":"2021-09-01"},{"lineNumber":83,"author":{"gitId":"Elxyng"},"content":"        UI.printLine();","lastModifiedDate":"2021-09-01"},{"lineNumber":84,"author":{"gitId":"Elxyng"},"content":"    }","lastModifiedDate":"2021-09-01"},{"lineNumber":85,"author":{"gitId":"Elxyng"},"content":"","lastModifiedDate":"2021-09-01"},{"lineNumber":86,"author":{"gitId":"Elxyng"},"content":"    public static void printStringFormatException() {","lastModifiedDate":"2021-09-01"},{"lineNumber":87,"author":{"gitId":"Elxyng"},"content":"        UI.printLine();","lastModifiedDate":"2021-09-01"},{"lineNumber":88,"author":{"gitId":"Elxyng"},"content":"        UI.addSpaces(\"%s☹ OOPS!!! I\u0027m sorry, but I don\u0027t know what that means :-(\",5);","lastModifiedDate":"2021-09-01"},{"lineNumber":89,"author":{"gitId":"Elxyng"},"content":"        UI.printLine();","lastModifiedDate":"2021-09-01"},{"lineNumber":90,"author":{"gitId":"Elxyng"},"content":"    }","lastModifiedDate":"2021-09-01"},{"lineNumber":91,"author":{"gitId":"Elxyng"},"content":"","lastModifiedDate":"2021-09-01"},{"lineNumber":92,"author":{"gitId":"Elxyng"},"content":"    public static void printEmptyToDoDescriptionException() {","lastModifiedDate":"2021-09-01"},{"lineNumber":93,"author":{"gitId":"Elxyng"},"content":"        UI.printLine();","lastModifiedDate":"2021-09-01"},{"lineNumber":94,"author":{"gitId":"Elxyng"},"content":"        UI.addSpaces(\"%s☹ OOPS!!! The description of a todo cannot be empty.\",5);","lastModifiedDate":"2021-09-01"},{"lineNumber":95,"author":{"gitId":"Elxyng"},"content":"        UI.printLine();","lastModifiedDate":"2021-09-01"},{"lineNumber":96,"author":{"gitId":"Elxyng"},"content":"    }","lastModifiedDate":"2021-09-01"},{"lineNumber":97,"author":{"gitId":"Elxyng"},"content":"","lastModifiedDate":"2021-09-01"},{"lineNumber":98,"author":{"gitId":"Elxyng"},"content":"    public static void printEmptyEventDescriptionException() {","lastModifiedDate":"2021-09-01"},{"lineNumber":99,"author":{"gitId":"Elxyng"},"content":"        UI.printLine();","lastModifiedDate":"2021-09-01"},{"lineNumber":100,"author":{"gitId":"Elxyng"},"content":"        UI.addSpaces(\"%s☹ OOPS!!! The description of a event cannot be empty.\",5);","lastModifiedDate":"2021-09-01"},{"lineNumber":101,"author":{"gitId":"Elxyng"},"content":"        UI.printLine();","lastModifiedDate":"2021-09-01"},{"lineNumber":102,"author":{"gitId":"Elxyng"},"content":"    }","lastModifiedDate":"2021-09-01"},{"lineNumber":103,"author":{"gitId":"Elxyng"},"content":"","lastModifiedDate":"2021-09-01"},{"lineNumber":104,"author":{"gitId":"Elxyng"},"content":"    public static void printEmptyDeadlineDescriptionException() {","lastModifiedDate":"2021-09-01"},{"lineNumber":105,"author":{"gitId":"Elxyng"},"content":"        UI.printLine();","lastModifiedDate":"2021-09-01"},{"lineNumber":106,"author":{"gitId":"Elxyng"},"content":"        UI.addSpaces(\"%s☹ OOPS!!! The description of a deadline cannot be empty.\",5);","lastModifiedDate":"2021-09-01"},{"lineNumber":107,"author":{"gitId":"Elxyng"},"content":"        UI.printLine();","lastModifiedDate":"2021-09-01"},{"lineNumber":108,"author":{"gitId":"Elxyng"},"content":"    }","lastModifiedDate":"2021-09-01"},{"lineNumber":109,"author":{"gitId":"Elxyng"},"content":"","lastModifiedDate":"2021-09-01"},{"lineNumber":110,"author":{"gitId":"Elxyng"},"content":"    public static void printNumberFormatException() {","lastModifiedDate":"2021-09-01"},{"lineNumber":111,"author":{"gitId":"Elxyng"},"content":"        UI.printLine();","lastModifiedDate":"2021-09-01"},{"lineNumber":112,"author":{"gitId":"Elxyng"},"content":"        UI.addSpaces(\"%s☹ OOPS!!! I\u0027m sorry, but I don\u0027t know what that means :-(\",5);","lastModifiedDate":"2021-09-01"},{"lineNumber":113,"author":{"gitId":"Elxyng"},"content":"        UI.printLine();","lastModifiedDate":"2021-09-01"},{"lineNumber":114,"author":{"gitId":"Elxyng"},"content":"    }","lastModifiedDate":"2021-09-01"},{"lineNumber":115,"author":{"gitId":"Elxyng"},"content":"","lastModifiedDate":"2021-09-01"},{"lineNumber":116,"author":{"gitId":"Elxyng"},"content":"    public static void printIndexOutOfRangeException() {","lastModifiedDate":"2021-09-01"},{"lineNumber":117,"author":{"gitId":"Elxyng"},"content":"        UI.printLine();","lastModifiedDate":"2021-09-01"},{"lineNumber":118,"author":{"gitId":"Elxyng"},"content":"        UI.addSpaces(\"%s☹ OOPS!!! Out of Range!\",5);","lastModifiedDate":"2021-09-01"},{"lineNumber":119,"author":{"gitId":"Elxyng"},"content":"        UI.printLine();","lastModifiedDate":"2021-09-01"},{"lineNumber":120,"author":{"gitId":"Elxyng"},"content":"    }","lastModifiedDate":"2021-08-27"},{"lineNumber":121,"author":{"gitId":"Elxyng"},"content":"","lastModifiedDate":"2021-09-01"},{"lineNumber":122,"author":{"gitId":"Elxyng"},"content":"}","lastModifiedDate":"2021-08-18"}],"authorContributionMap":{"Elxyng":122}},{"path":"src/main/java/exceptions/DukeException.java","fileType":"java","lines":[{"lineNumber":1,"author":{"gitId":"Elxyng"},"content":"package exceptions;","lastModifiedDate":"2021-09-01"},{"lineNumber":2,"author":{"gitId":"Elxyng"},"content":"","lastModifiedDate":"2021-09-01"},{"lineNumber":3,"author":{"gitId":"Elxyng"},"content":"public class DukeException extends Exception {","lastModifiedDate":"2021-09-01"},{"lineNumber":4,"author":{"gitId":"Elxyng"},"content":"}","lastModifiedDate":"2021-09-01"}],"authorContributionMap":{"Elxyng":4}},{"path":"src/main/java/exceptions/EmptyDeadlineDescriptionException.java","fileType":"java","lines":[{"lineNumber":1,"author":{"gitId":"Elxyng"},"content":"package exceptions;","lastModifiedDate":"2021-09-01"},{"lineNumber":2,"author":{"gitId":"Elxyng"},"content":"","lastModifiedDate":"2021-09-01"},{"lineNumber":3,"author":{"gitId":"Elxyng"},"content":"public class EmptyDeadlineDescriptionException extends DukeException {","lastModifiedDate":"2021-09-01"},{"lineNumber":4,"author":{"gitId":"Elxyng"},"content":"}","lastModifiedDate":"2021-09-01"}],"authorContributionMap":{"Elxyng":4}},{"path":"src/main/java/exceptions/EmptyEventDescriptionException.java","fileType":"java","lines":[{"lineNumber":1,"author":{"gitId":"Elxyng"},"content":"package exceptions;","lastModifiedDate":"2021-09-01"},{"lineNumber":2,"author":{"gitId":"Elxyng"},"content":"","lastModifiedDate":"2021-09-01"},{"lineNumber":3,"author":{"gitId":"Elxyng"},"content":"public class EmptyEventDescriptionException extends DukeException {","lastModifiedDate":"2021-09-01"},{"lineNumber":4,"author":{"gitId":"Elxyng"},"content":"}","lastModifiedDate":"2021-09-01"}],"authorContributionMap":{"Elxyng":4}},{"path":"src/main/java/exceptions/EmptyException.java","fileType":"java","lines":[{"lineNumber":1,"author":{"gitId":"Elxyng"},"content":"package exceptions;","lastModifiedDate":"2021-09-01"},{"lineNumber":2,"author":{"gitId":"Elxyng"},"content":"","lastModifiedDate":"2021-09-01"},{"lineNumber":3,"author":{"gitId":"Elxyng"},"content":"public class EmptyException extends DukeException {","lastModifiedDate":"2021-09-01"},{"lineNumber":4,"author":{"gitId":"Elxyng"},"content":"}","lastModifiedDate":"2021-09-01"}],"authorContributionMap":{"Elxyng":4}},{"path":"src/main/java/exceptions/EmptyToDoDescriptionException.java","fileType":"java","lines":[{"lineNumber":1,"author":{"gitId":"Elxyng"},"content":"package exceptions;","lastModifiedDate":"2021-09-01"},{"lineNumber":2,"author":{"gitId":"Elxyng"},"content":"","lastModifiedDate":"2021-09-01"},{"lineNumber":3,"author":{"gitId":"Elxyng"},"content":"public class EmptyToDoDescriptionException extends DukeException{","lastModifiedDate":"2021-09-01"},{"lineNumber":4,"author":{"gitId":"Elxyng"},"content":"}","lastModifiedDate":"2021-09-01"}],"authorContributionMap":{"Elxyng":4}},{"path":"src/main/java/exceptions/IndexOutOfRangeException.java","fileType":"java","lines":[{"lineNumber":1,"author":{"gitId":"Elxyng"},"content":"package exceptions;","lastModifiedDate":"2021-09-01"},{"lineNumber":2,"author":{"gitId":"Elxyng"},"content":"","lastModifiedDate":"2021-09-01"},{"lineNumber":3,"author":{"gitId":"Elxyng"},"content":"public class IndexOutOfRangeException extends DukeException {","lastModifiedDate":"2021-09-01"},{"lineNumber":4,"author":{"gitId":"Elxyng"},"content":"}","lastModifiedDate":"2021-09-01"}],"authorContributionMap":{"Elxyng":4}},{"path":"src/main/java/exceptions/ListEmptyException.java","fileType":"java","lines":[{"lineNumber":1,"author":{"gitId":"Elxyng"},"content":"package exceptions;","lastModifiedDate":"2021-09-01"},{"lineNumber":2,"author":{"gitId":"Elxyng"},"content":"","lastModifiedDate":"2021-09-01"},{"lineNumber":3,"author":{"gitId":"Elxyng"},"content":"public class ListEmptyException extends DukeException {","lastModifiedDate":"2021-09-01"},{"lineNumber":4,"author":{"gitId":"Elxyng"},"content":"}","lastModifiedDate":"2021-09-01"}],"authorContributionMap":{"Elxyng":4}},{"path":"src/main/java/exceptions/StringFormatException.java","fileType":"java","lines":[{"lineNumber":1,"author":{"gitId":"Elxyng"},"content":"package exceptions;","lastModifiedDate":"2021-09-01"},{"lineNumber":2,"author":{"gitId":"Elxyng"},"content":"","lastModifiedDate":"2021-09-01"},{"lineNumber":3,"author":{"gitId":"Elxyng"},"content":"public class StringFormatException extends DukeException {","lastModifiedDate":"2021-09-01"},{"lineNumber":4,"author":{"gitId":"Elxyng"},"content":"}","lastModifiedDate":"2021-09-01"}],"authorContributionMap":{"Elxyng":4}},{"path":"src/main/java/tasklist/Deadline.java","fileType":"java","lines":[{"lineNumber":1,"author":{"gitId":"Elxyng"},"content":"package tasklist;","lastModifiedDate":"2021-08-27"},{"lineNumber":2,"author":{"gitId":"Elxyng"},"content":"","lastModifiedDate":"2021-08-27"},{"lineNumber":3,"author":{"gitId":"Elxyng"},"content":"public class Deadline extends Task {","lastModifiedDate":"2021-08-27"},{"lineNumber":4,"author":{"gitId":"Elxyng"},"content":"","lastModifiedDate":"2021-08-27"},{"lineNumber":5,"author":{"gitId":"Elxyng"},"content":"    protected String time;","lastModifiedDate":"2021-08-27"},{"lineNumber":6,"author":{"gitId":"Elxyng"},"content":"","lastModifiedDate":"2021-08-27"},{"lineNumber":7,"author":{"gitId":"Elxyng"},"content":"    /****","lastModifiedDate":"2021-09-10"},{"lineNumber":8,"author":{"gitId":"Elxyng"},"content":"     *","lastModifiedDate":"2021-09-10"},{"lineNumber":9,"author":{"gitId":"Elxyng"},"content":"     * @param description the task description that the user input","lastModifiedDate":"2021-09-10"},{"lineNumber":10,"author":{"gitId":"Elxyng"},"content":"     * @param time the task time that the user input","lastModifiedDate":"2021-09-10"},{"lineNumber":11,"author":{"gitId":"Elxyng"},"content":"     */","lastModifiedDate":"2021-09-10"},{"lineNumber":12,"author":{"gitId":"Elxyng"},"content":"    public Deadline(String description, String time) {","lastModifiedDate":"2021-08-27"},{"lineNumber":13,"author":{"gitId":"Elxyng"},"content":"        super(description);","lastModifiedDate":"2021-08-27"},{"lineNumber":14,"author":{"gitId":"Elxyng"},"content":"        this.time \u003d time;","lastModifiedDate":"2021-08-27"},{"lineNumber":15,"author":{"gitId":"Elxyng"},"content":"    }","lastModifiedDate":"2021-08-27"},{"lineNumber":16,"author":{"gitId":"Elxyng"},"content":"","lastModifiedDate":"2021-08-27"},{"lineNumber":17,"author":{"gitId":"Elxyng"},"content":"    /****","lastModifiedDate":"2021-09-10"},{"lineNumber":18,"author":{"gitId":"Elxyng"},"content":"     *","lastModifiedDate":"2021-09-10"},{"lineNumber":19,"author":{"gitId":"Elxyng"},"content":"     * @param description the task description that the user input","lastModifiedDate":"2021-09-10"},{"lineNumber":20,"author":{"gitId":"Elxyng"},"content":"     * @param status check if the task has already marked as done","lastModifiedDate":"2021-09-10"},{"lineNumber":21,"author":{"gitId":"Elxyng"},"content":"     */","lastModifiedDate":"2021-09-10"},{"lineNumber":22,"author":{"gitId":"Elxyng"},"content":"    public Deadline(String description, Boolean status) {","lastModifiedDate":"2021-09-10"},{"lineNumber":23,"author":{"gitId":"Elxyng"},"content":"        super(description, status);","lastModifiedDate":"2021-09-10"},{"lineNumber":24,"author":{"gitId":"Elxyng"},"content":"    }","lastModifiedDate":"2021-09-10"},{"lineNumber":25,"author":{"gitId":"Elxyng"},"content":"","lastModifiedDate":"2021-09-10"},{"lineNumber":26,"author":{"gitId":"Elxyng"},"content":"    /****","lastModifiedDate":"2021-09-10"},{"lineNumber":27,"author":{"gitId":"Elxyng"},"content":"     *","lastModifiedDate":"2021-09-10"},{"lineNumber":28,"author":{"gitId":"Elxyng"},"content":"     * @param description the task description that the user input","lastModifiedDate":"2021-09-10"},{"lineNumber":29,"author":{"gitId":"Elxyng"},"content":"     * @param status check if the task has already marked as done","lastModifiedDate":"2021-09-10"},{"lineNumber":30,"author":{"gitId":"Elxyng"},"content":"     * @param time the task time that the user input","lastModifiedDate":"2021-09-10"},{"lineNumber":31,"author":{"gitId":"Elxyng"},"content":"     */","lastModifiedDate":"2021-09-10"},{"lineNumber":32,"author":{"gitId":"Elxyng"},"content":"    public Deadline(String description, Boolean status, String time) {","lastModifiedDate":"2021-09-10"},{"lineNumber":33,"author":{"gitId":"Elxyng"},"content":"        super(description, status);","lastModifiedDate":"2021-09-10"},{"lineNumber":34,"author":{"gitId":"Elxyng"},"content":"        this.time \u003d time;","lastModifiedDate":"2021-09-10"},{"lineNumber":35,"author":{"gitId":"Elxyng"},"content":"    }","lastModifiedDate":"2021-09-10"},{"lineNumber":36,"author":{"gitId":"Elxyng"},"content":"","lastModifiedDate":"2021-09-10"},{"lineNumber":37,"author":{"gitId":"Elxyng"},"content":"    @Override","lastModifiedDate":"2021-08-27"},{"lineNumber":38,"author":{"gitId":"Elxyng"},"content":"    public String toString() {","lastModifiedDate":"2021-08-27"},{"lineNumber":39,"author":{"gitId":"Elxyng"},"content":"        return(\"[D]\" + super.toString() + \" (by: \" + this.time + \")\");","lastModifiedDate":"2021-08-27"},{"lineNumber":40,"author":{"gitId":"Elxyng"},"content":"    }","lastModifiedDate":"2021-08-27"},{"lineNumber":41,"author":{"gitId":"Elxyng"},"content":"","lastModifiedDate":"2021-09-10"},{"lineNumber":42,"author":{"gitId":"Elxyng"},"content":"    @Override","lastModifiedDate":"2021-09-10"},{"lineNumber":43,"author":{"gitId":"Elxyng"},"content":"    public String saveFormat() {","lastModifiedDate":"2021-09-10"},{"lineNumber":44,"author":{"gitId":"Elxyng"},"content":"        return (\"D \" + super.saveFormat() + \" | \" + this.time);","lastModifiedDate":"2021-09-10"},{"lineNumber":45,"author":{"gitId":"Elxyng"},"content":"    }","lastModifiedDate":"2021-09-10"},{"lineNumber":46,"author":{"gitId":"Elxyng"},"content":"}","lastModifiedDate":"2021-08-27"}],"authorContributionMap":{"Elxyng":46}},{"path":"src/main/java/tasklist/Event.java","fileType":"java","lines":[{"lineNumber":1,"author":{"gitId":"Elxyng"},"content":"package tasklist;","lastModifiedDate":"2021-08-27"},{"lineNumber":2,"author":{"gitId":"Elxyng"},"content":"","lastModifiedDate":"2021-08-27"},{"lineNumber":3,"author":{"gitId":"Elxyng"},"content":"public class Event extends Task {","lastModifiedDate":"2021-08-27"},{"lineNumber":4,"author":{"gitId":"Elxyng"},"content":"","lastModifiedDate":"2021-08-27"},{"lineNumber":5,"author":{"gitId":"Elxyng"},"content":"    protected String time;","lastModifiedDate":"2021-08-27"},{"lineNumber":6,"author":{"gitId":"Elxyng"},"content":"","lastModifiedDate":"2021-08-27"},{"lineNumber":7,"author":{"gitId":"Elxyng"},"content":"    /****","lastModifiedDate":"2021-09-10"},{"lineNumber":8,"author":{"gitId":"Elxyng"},"content":"     *","lastModifiedDate":"2021-09-10"},{"lineNumber":9,"author":{"gitId":"Elxyng"},"content":"     * @param description the task description that the user input","lastModifiedDate":"2021-09-10"},{"lineNumber":10,"author":{"gitId":"Elxyng"},"content":"     * @param time the task time that the user input","lastModifiedDate":"2021-09-10"},{"lineNumber":11,"author":{"gitId":"Elxyng"},"content":"     */","lastModifiedDate":"2021-09-10"},{"lineNumber":12,"author":{"gitId":"Elxyng"},"content":"    public Event(String description, String time) {","lastModifiedDate":"2021-08-27"},{"lineNumber":13,"author":{"gitId":"Elxyng"},"content":"        super(description);","lastModifiedDate":"2021-08-27"},{"lineNumber":14,"author":{"gitId":"Elxyng"},"content":"        this.time \u003d time;","lastModifiedDate":"2021-08-27"},{"lineNumber":15,"author":{"gitId":"Elxyng"},"content":"    }","lastModifiedDate":"2021-08-27"},{"lineNumber":16,"author":{"gitId":"Elxyng"},"content":"","lastModifiedDate":"2021-08-27"},{"lineNumber":17,"author":{"gitId":"Elxyng"},"content":"    /****","lastModifiedDate":"2021-09-10"},{"lineNumber":18,"author":{"gitId":"Elxyng"},"content":"     *","lastModifiedDate":"2021-09-10"},{"lineNumber":19,"author":{"gitId":"Elxyng"},"content":"     * @param description the task description that the user input","lastModifiedDate":"2021-09-10"},{"lineNumber":20,"author":{"gitId":"Elxyng"},"content":"     * @param status check if the task has already marked as done","lastModifiedDate":"2021-09-10"},{"lineNumber":21,"author":{"gitId":"Elxyng"},"content":"     */","lastModifiedDate":"2021-09-10"},{"lineNumber":22,"author":{"gitId":"Elxyng"},"content":"    public Event(String description, Boolean status) {","lastModifiedDate":"2021-09-10"},{"lineNumber":23,"author":{"gitId":"Elxyng"},"content":"        super(description,status);","lastModifiedDate":"2021-09-10"},{"lineNumber":24,"author":{"gitId":"Elxyng"},"content":"    }","lastModifiedDate":"2021-09-10"},{"lineNumber":25,"author":{"gitId":"Elxyng"},"content":"","lastModifiedDate":"2021-09-10"},{"lineNumber":26,"author":{"gitId":"Elxyng"},"content":"    /****","lastModifiedDate":"2021-09-10"},{"lineNumber":27,"author":{"gitId":"Elxyng"},"content":"     *","lastModifiedDate":"2021-09-10"},{"lineNumber":28,"author":{"gitId":"Elxyng"},"content":"     * @param description the task description that the user input","lastModifiedDate":"2021-09-10"},{"lineNumber":29,"author":{"gitId":"Elxyng"},"content":"     * @param status check if the task has already marked as done","lastModifiedDate":"2021-09-10"},{"lineNumber":30,"author":{"gitId":"Elxyng"},"content":"     * @param time the task time that the user input","lastModifiedDate":"2021-09-10"},{"lineNumber":31,"author":{"gitId":"Elxyng"},"content":"     */","lastModifiedDate":"2021-09-10"},{"lineNumber":32,"author":{"gitId":"Elxyng"},"content":"    public Event(String description,Boolean status, String time) {","lastModifiedDate":"2021-09-10"},{"lineNumber":33,"author":{"gitId":"Elxyng"},"content":"        super(description,status);","lastModifiedDate":"2021-09-10"},{"lineNumber":34,"author":{"gitId":"Elxyng"},"content":"        this.time \u003d time;","lastModifiedDate":"2021-09-10"},{"lineNumber":35,"author":{"gitId":"Elxyng"},"content":"    }","lastModifiedDate":"2021-09-10"},{"lineNumber":36,"author":{"gitId":"Elxyng"},"content":"","lastModifiedDate":"2021-09-10"},{"lineNumber":37,"author":{"gitId":"Elxyng"},"content":"    @Override","lastModifiedDate":"2021-08-27"},{"lineNumber":38,"author":{"gitId":"Elxyng"},"content":"    public String toString() {","lastModifiedDate":"2021-08-27"},{"lineNumber":39,"author":{"gitId":"Elxyng"},"content":"        return(\"[E]\" + super.toString() + \" (at: \" + this.time + \")\");","lastModifiedDate":"2021-08-27"},{"lineNumber":40,"author":{"gitId":"Elxyng"},"content":"    }","lastModifiedDate":"2021-08-27"},{"lineNumber":41,"author":{"gitId":"Elxyng"},"content":"","lastModifiedDate":"2021-09-10"},{"lineNumber":42,"author":{"gitId":"Elxyng"},"content":"    @Override","lastModifiedDate":"2021-09-10"},{"lineNumber":43,"author":{"gitId":"Elxyng"},"content":"    public String saveFormat() {","lastModifiedDate":"2021-09-10"},{"lineNumber":44,"author":{"gitId":"Elxyng"},"content":"        return (\"E \" + super.saveFormat() + \" | \" + this.time);","lastModifiedDate":"2021-09-10"},{"lineNumber":45,"author":{"gitId":"Elxyng"},"content":"    }","lastModifiedDate":"2021-09-10"},{"lineNumber":46,"author":{"gitId":"Elxyng"},"content":"}","lastModifiedDate":"2021-08-27"}],"authorContributionMap":{"Elxyng":46}},{"path":"src/main/java/tasklist/Task.java","fileType":"java","lines":[{"lineNumber":1,"author":{"gitId":"Elxyng"},"content":"package tasklist;","lastModifiedDate":"2021-08-20"},{"lineNumber":2,"author":{"gitId":"Elxyng"},"content":"","lastModifiedDate":"2021-08-20"},{"lineNumber":3,"author":{"gitId":"Elxyng"},"content":"public abstract class Task {","lastModifiedDate":"2021-09-01"},{"lineNumber":4,"author":{"gitId":"Elxyng"},"content":"","lastModifiedDate":"2021-09-01"},{"lineNumber":5,"author":{"gitId":"Elxyng"},"content":"    protected String description;","lastModifiedDate":"2021-08-20"},{"lineNumber":6,"author":{"gitId":"Elxyng"},"content":"    protected boolean isDone;","lastModifiedDate":"2021-08-20"},{"lineNumber":7,"author":{"gitId":"Elxyng"},"content":"","lastModifiedDate":"2021-08-20"},{"lineNumber":8,"author":{"gitId":"Elxyng"},"content":"    /****","lastModifiedDate":"2021-09-10"},{"lineNumber":9,"author":{"gitId":"Elxyng"},"content":"     *","lastModifiedDate":"2021-09-10"},{"lineNumber":10,"author":{"gitId":"Elxyng"},"content":"     * @param description the task description that the user input","lastModifiedDate":"2021-09-10"},{"lineNumber":11,"author":{"gitId":"Elxyng"},"content":"     */","lastModifiedDate":"2021-09-10"},{"lineNumber":12,"author":{"gitId":"Elxyng"},"content":"    public Task(String description) {","lastModifiedDate":"2021-08-20"},{"lineNumber":13,"author":{"gitId":"Elxyng"},"content":"        this.description \u003d description;","lastModifiedDate":"2021-08-20"},{"lineNumber":14,"author":{"gitId":"Elxyng"},"content":"        this.isDone \u003d false;","lastModifiedDate":"2021-08-20"},{"lineNumber":15,"author":{"gitId":"Elxyng"},"content":"    }","lastModifiedDate":"2021-08-20"},{"lineNumber":16,"author":{"gitId":"Elxyng"},"content":"","lastModifiedDate":"2021-08-20"},{"lineNumber":17,"author":{"gitId":"Elxyng"},"content":"    /****","lastModifiedDate":"2021-09-10"},{"lineNumber":18,"author":{"gitId":"Elxyng"},"content":"     *","lastModifiedDate":"2021-09-10"},{"lineNumber":19,"author":{"gitId":"Elxyng"},"content":"     * @param description the task description that the user input","lastModifiedDate":"2021-09-10"},{"lineNumber":20,"author":{"gitId":"Elxyng"},"content":"     * @param status check if the task has already marked as done","lastModifiedDate":"2021-09-10"},{"lineNumber":21,"author":{"gitId":"Elxyng"},"content":"     */","lastModifiedDate":"2021-09-10"},{"lineNumber":22,"author":{"gitId":"Elxyng"},"content":"    public Task(String description, boolean status) {","lastModifiedDate":"2021-09-10"},{"lineNumber":23,"author":{"gitId":"Elxyng"},"content":"        this.description \u003d description;","lastModifiedDate":"2021-09-10"},{"lineNumber":24,"author":{"gitId":"Elxyng"},"content":"        this.isDone \u003d status;","lastModifiedDate":"2021-09-10"},{"lineNumber":25,"author":{"gitId":"Elxyng"},"content":"    }","lastModifiedDate":"2021-09-10"},{"lineNumber":26,"author":{"gitId":"Elxyng"},"content":"","lastModifiedDate":"2021-09-10"},{"lineNumber":27,"author":{"gitId":"Elxyng"},"content":"    public String getStatusIcon() {","lastModifiedDate":"2021-08-20"},{"lineNumber":28,"author":{"gitId":"Elxyng"},"content":"        return (isDone ? \"X\" : \" \"); // mark done task with X","lastModifiedDate":"2021-08-20"},{"lineNumber":29,"author":{"gitId":"Elxyng"},"content":"    }","lastModifiedDate":"2021-08-20"},{"lineNumber":30,"author":{"gitId":"Elxyng"},"content":"","lastModifiedDate":"2021-08-20"},{"lineNumber":31,"author":{"gitId":"Elxyng"},"content":"    public void markAsDone(){","lastModifiedDate":"2021-08-20"},{"lineNumber":32,"author":{"gitId":"Elxyng"},"content":"        isDone \u003d true;","lastModifiedDate":"2021-08-20"},{"lineNumber":33,"author":{"gitId":"Elxyng"},"content":"        getStatusIcon();","lastModifiedDate":"2021-08-20"},{"lineNumber":34,"author":{"gitId":"Elxyng"},"content":"    }","lastModifiedDate":"2021-08-20"},{"lineNumber":35,"author":{"gitId":"Elxyng"},"content":"","lastModifiedDate":"2021-08-20"},{"lineNumber":36,"author":{"gitId":"Elxyng"},"content":"    public String toString() {","lastModifiedDate":"2021-08-20"},{"lineNumber":37,"author":{"gitId":"Elxyng"},"content":"        return(\"[\" + this.getStatusIcon() + \"] \" + description);","lastModifiedDate":"2021-08-20"},{"lineNumber":38,"author":{"gitId":"Elxyng"},"content":"    }","lastModifiedDate":"2021-08-20"},{"lineNumber":39,"author":{"gitId":"Elxyng"},"content":"","lastModifiedDate":"2021-09-10"},{"lineNumber":40,"author":{"gitId":"Elxyng"},"content":"    public String saveFormat(){","lastModifiedDate":"2021-09-10"},{"lineNumber":41,"author":{"gitId":"Elxyng"},"content":"        if (this.isDone){","lastModifiedDate":"2021-09-10"},{"lineNumber":42,"author":{"gitId":"Elxyng"},"content":"            return (\"| 1 | \" + this.description);","lastModifiedDate":"2021-09-10"},{"lineNumber":43,"author":{"gitId":"Elxyng"},"content":"        }","lastModifiedDate":"2021-09-10"},{"lineNumber":44,"author":{"gitId":"Elxyng"},"content":"        else {","lastModifiedDate":"2021-09-10"},{"lineNumber":45,"author":{"gitId":"Elxyng"},"content":"            return (\"| 0 | \" + this.description);","lastModifiedDate":"2021-09-10"},{"lineNumber":46,"author":{"gitId":"Elxyng"},"content":"        }","lastModifiedDate":"2021-09-10"},{"lineNumber":47,"author":{"gitId":"Elxyng"},"content":"    }","lastModifiedDate":"2021-09-10"},{"lineNumber":48,"author":{"gitId":"Elxyng"},"content":"}","lastModifiedDate":"2021-08-20"}],"authorContributionMap":{"Elxyng":48}},{"path":"src/main/java/tasklist/ToDo.java","fileType":"java","lines":[{"lineNumber":1,"author":{"gitId":"Elxyng"},"content":"package tasklist;","lastModifiedDate":"2021-08-27"},{"lineNumber":2,"author":{"gitId":"Elxyng"},"content":"","lastModifiedDate":"2021-08-27"},{"lineNumber":3,"author":{"gitId":"Elxyng"},"content":"public class ToDo extends Task {","lastModifiedDate":"2021-08-27"},{"lineNumber":4,"author":{"gitId":"Elxyng"},"content":"","lastModifiedDate":"2021-08-27"},{"lineNumber":5,"author":{"gitId":"Elxyng"},"content":"    /****","lastModifiedDate":"2021-09-10"},{"lineNumber":6,"author":{"gitId":"Elxyng"},"content":"     *","lastModifiedDate":"2021-09-10"},{"lineNumber":7,"author":{"gitId":"Elxyng"},"content":"     * @param description the task description that the user input","lastModifiedDate":"2021-09-10"},{"lineNumber":8,"author":{"gitId":"Elxyng"},"content":"     */","lastModifiedDate":"2021-09-10"},{"lineNumber":9,"author":{"gitId":"Elxyng"},"content":"    public ToDo(String description) {","lastModifiedDate":"2021-08-27"},{"lineNumber":10,"author":{"gitId":"Elxyng"},"content":"        super(description);","lastModifiedDate":"2021-08-27"},{"lineNumber":11,"author":{"gitId":"Elxyng"},"content":"    }","lastModifiedDate":"2021-08-27"},{"lineNumber":12,"author":{"gitId":"Elxyng"},"content":"","lastModifiedDate":"2021-08-27"},{"lineNumber":13,"author":{"gitId":"Elxyng"},"content":"    /****","lastModifiedDate":"2021-09-10"},{"lineNumber":14,"author":{"gitId":"Elxyng"},"content":"     *","lastModifiedDate":"2021-09-10"},{"lineNumber":15,"author":{"gitId":"Elxyng"},"content":"     * @param description the task description that the user input","lastModifiedDate":"2021-09-10"},{"lineNumber":16,"author":{"gitId":"Elxyng"},"content":"     * @param status check if the task has already marked as done","lastModifiedDate":"2021-09-10"},{"lineNumber":17,"author":{"gitId":"Elxyng"},"content":"     */","lastModifiedDate":"2021-09-10"},{"lineNumber":18,"author":{"gitId":"Elxyng"},"content":"    public ToDo(String description, Boolean status) {","lastModifiedDate":"2021-09-10"},{"lineNumber":19,"author":{"gitId":"Elxyng"},"content":"        super(description, status);","lastModifiedDate":"2021-09-10"},{"lineNumber":20,"author":{"gitId":"Elxyng"},"content":"    }","lastModifiedDate":"2021-09-10"},{"lineNumber":21,"author":{"gitId":"Elxyng"},"content":"","lastModifiedDate":"2021-09-10"},{"lineNumber":22,"author":{"gitId":"Elxyng"},"content":"    @Override","lastModifiedDate":"2021-08-27"},{"lineNumber":23,"author":{"gitId":"Elxyng"},"content":"    public String toString() {","lastModifiedDate":"2021-08-27"},{"lineNumber":24,"author":{"gitId":"Elxyng"},"content":"        return(\"[T]\" + super.toString());","lastModifiedDate":"2021-08-27"},{"lineNumber":25,"author":{"gitId":"Elxyng"},"content":"    }","lastModifiedDate":"2021-08-27"},{"lineNumber":26,"author":{"gitId":"Elxyng"},"content":"","lastModifiedDate":"2021-08-27"},{"lineNumber":27,"author":{"gitId":"Elxyng"},"content":"    @Override","lastModifiedDate":"2021-09-10"},{"lineNumber":28,"author":{"gitId":"Elxyng"},"content":"    public String saveFormat(){","lastModifiedDate":"2021-09-10"},{"lineNumber":29,"author":{"gitId":"Elxyng"},"content":"        return(\"T \" + super.saveFormat());","lastModifiedDate":"2021-09-10"},{"lineNumber":30,"author":{"gitId":"Elxyng"},"content":"    }","lastModifiedDate":"2021-09-10"},{"lineNumber":31,"author":{"gitId":"Elxyng"},"content":"}","lastModifiedDate":"2021-09-10"}],"authorContributionMap":{"Elxyng":31}}]
