[{"path":"src/main/java/Duke.java","fileType":"java","lines":[{"lineNumber":1,"author":{"gitId":"-"},"content":"public class Duke {","lastModifiedDate":"2019-07-29"},{"lineNumber":2,"author":{"gitId":"-"},"content":"    public static void main(String[] args) {","lastModifiedDate":"2019-07-29"},{"lineNumber":3,"author":{"gitId":"Elxyng"},"content":"        UI.printDuke();","lastModifiedDate":"2021-08-18"},{"lineNumber":4,"author":{"gitId":"Elxyng"},"content":"        UI.printLine();","lastModifiedDate":"2021-08-18"},{"lineNumber":5,"author":{"gitId":"Elxyng"},"content":"        UI.bye();","lastModifiedDate":"2021-08-18"},{"lineNumber":6,"author":{"gitId":"-"},"content":"    }","lastModifiedDate":"2019-07-29"},{"lineNumber":7,"author":{"gitId":"-"},"content":"}","lastModifiedDate":"2019-07-29"}],"authorContributionMap":{"Elxyng":3,"-":4}},{"path":"src/main/java/UI.java","fileType":"java","lines":[{"lineNumber":1,"author":{"gitId":"Elxyng"},"content":"public class UI {","lastModifiedDate":"2021-08-18"},{"lineNumber":2,"author":{"gitId":"Elxyng"},"content":"    public static void printDuke() {","lastModifiedDate":"2021-08-18"},{"lineNumber":3,"author":{"gitId":"Elxyng"},"content":"        String logo \u003d \" ____        _        \\n\"","lastModifiedDate":"2021-08-18"},{"lineNumber":4,"author":{"gitId":"Elxyng"},"content":"                + \"|  _ \\\\ _   _| | _____ \\n\"","lastModifiedDate":"2021-08-18"},{"lineNumber":5,"author":{"gitId":"Elxyng"},"content":"                + \"| | | | | | | |/ / _ \\\\\\n\"","lastModifiedDate":"2021-08-18"},{"lineNumber":6,"author":{"gitId":"Elxyng"},"content":"                + \"| |_| | |_| |   \u003c  __/\\n\"","lastModifiedDate":"2021-08-18"},{"lineNumber":7,"author":{"gitId":"Elxyng"},"content":"                + \"|____/ \\\\__,_|_|\\\\_\\\\___|\\n\";","lastModifiedDate":"2021-08-18"},{"lineNumber":8,"author":{"gitId":"Elxyng"},"content":"        System.out.println(\"Hello from\\n\" + logo);","lastModifiedDate":"2021-08-18"},{"lineNumber":9,"author":{"gitId":"Elxyng"},"content":"        System.out.print(\"Hello! I\u0027m Duke\\n\" + \"What can I do for you?\\n\");","lastModifiedDate":"2021-08-18"},{"lineNumber":10,"author":{"gitId":"Elxyng"},"content":"    }","lastModifiedDate":"2021-08-18"},{"lineNumber":11,"author":{"gitId":"Elxyng"},"content":"","lastModifiedDate":"2021-08-18"},{"lineNumber":12,"author":{"gitId":"Elxyng"},"content":"    public static void bye() {","lastModifiedDate":"2021-08-18"},{"lineNumber":13,"author":{"gitId":"Elxyng"},"content":"        System.out.println(\"Bye. Hope to see you again soon!\");","lastModifiedDate":"2021-08-18"},{"lineNumber":14,"author":{"gitId":"Elxyng"},"content":"    }","lastModifiedDate":"2021-08-18"},{"lineNumber":15,"author":{"gitId":"Elxyng"},"content":"","lastModifiedDate":"2021-08-18"},{"lineNumber":16,"author":{"gitId":"Elxyng"},"content":"    public static void printLine() {","lastModifiedDate":"2021-08-18"},{"lineNumber":17,"author":{"gitId":"Elxyng"},"content":"        System.out.println(\"____________________________________________________________\");","lastModifiedDate":"2021-08-18"},{"lineNumber":18,"author":{"gitId":"Elxyng"},"content":"    }","lastModifiedDate":"2021-08-18"},{"lineNumber":19,"author":{"gitId":"Elxyng"},"content":"}","lastModifiedDate":"2021-08-18"}],"authorContributionMap":{"Elxyng":19}}]
