{"authorDailyContributionsMap":{"Elxyng":[{"date":"2021-08-18","commitResults":[{"hash":"ce070c3fc6072325c0f4f7c371ae604207695bc4","messageTitle":"Duke greets the user and exits.","messageBody":"","tags":["Level-0"],"fileTypesAndContributionMap":{"java":{"insertions":23,"deletions":7}}}]},{"date":"2021-08-19","commitResults":[{"hash":"bfced56434180336c06ac57cd53dd8bb21e1880b","messageTitle":"Duke echos commands entered by the user, and exits when the user types bye.","messageBody":"","tags":["Level-1"],"fileTypesAndContributionMap":{"java":{"insertions":27,"deletions":4}}},{"hash":"92802053bc10885e7131261ac5a39f35b4587af8","messageTitle":"Add the ability to store whatever text entered by the user and display them back to the user when requested.","messageBody":"","tags":["Level-2"],"fileTypesAndContributionMap":{"java":{"insertions":45,"deletions":10}}}]},{"date":"2021-08-20","commitResults":[{"hash":"2443b83d64aac27b6b9c8cf58106ec9da92bc0e9","messageTitle":"Add the ability to mark tasks as done.","messageBody":"","tags":["Level-3"],"fileTypesAndContributionMap":{"java":{"insertions":67,"deletions":6}}}]},{"date":"2021-08-27","commitResults":[{"hash":"30df8b5286ed50260171c1743e4fb46c9c99667d","messageTitle":"Add ToDo, Event, Deadline and follow standard coding.","messageBody":"","tags":["Level-4","A-CodingStandard"],"fileTypesAndContributionMap":{"java":{"insertions":128,"deletions":7}}}]},{"date":"2021-09-01","commitResults":[{"hash":"2143104f109549d6bd122e3bf26c7afcac0e6d42","messageTitle":"Teach Duke to deal with errors such as incorrect inputs entered by the user.","messageBody":"","tags":["Level-5","A-Packages","A-Exceptions","A-CodeQuality"],"fileTypesAndContributionMap":{"java":{"insertions":200,"deletions":53}}},{"hash":"28bd3c33ca68f757c80ecab0a93864068ef800a3","messageTitle":"Make the Task class an abstract class.","messageBody":"","tags":["A-AbstractClasses"],"fileTypesAndContributionMap":{"java":{"insertions":2,"deletions":1}}}]},{"date":"2021-09-03","commitResults":[{"hash":"502ebc597e60cdf2811f94d9f498f62dc1af5376","messageTitle":"Improvised code quality.","messageBody":"","fileTypesAndContributionMap":{"java":{"insertions":3,"deletions":1}}}]},{"date":"2021-09-10","commitResults":[{"hash":"67c391d2cd7b3d7ccc4e074827cdcc6ce62e7cb8","messageTitle":"Implemented delete task and improvised code.","messageBody":"","tags":["Level-6"],"fileTypesAndContributionMap":{"java":{"insertions":78,"deletions":26}}},{"hash":"7de6be5f40f586def985e1a2f9cbc1021c2c1444","messageTitle":"Add JavaDoc comments.","messageBody":"","tags":["A-JavaDoc"],"fileTypesAndContributionMap":{"java":{"insertions":306,"deletions":2}}}]},{"date":"2021-09-15","commitResults":[{"hash":"ee65081769d9cd6c0a0e46ddc079ff6817ca0e8f","messageTitle":"Update file directory.","messageBody":"","fileTypesAndContributionMap":{"java":{"insertions":1,"deletions":1}}}]},{"date":"2021-09-16","commitResults":[{"hash":"9eede3ee6d362e8461c0656d7af2df6683ac3490","messageTitle":"Teach Duke how to understand and search for dates.","messageBody":"","tags":["Level-9","Level-8"],"fileTypesAndContributionMap":{"java":{"insertions":337,"deletions":2}}}]},{"date":"2021-09-19","commitResults":[{"hash":"68928f26606785b0bd9f5699054609fdf3d30816","messageTitle":"Refactor the code to extract out closely related code as classes.","messageBody":"","tags":["A-MoreOOP"],"fileTypesAndContributionMap":{"java":{"insertions":822,"deletions":556}}},{"hash":"eb11f94eac33a7162a70c62b557d6756c97b678d","messageTitle":"Add JUnit tests to test the behavior of the code.","messageBody":"","tags":["A-JUnit"],"fileTypesAndContributionMap":{"java":{"insertions":240,"deletions":0}}}]},{"date":"2021-09-25","commitResults":[{"hash":"5f7809d1aeac751e12f376bc3249d40986f88bed","messageTitle":"Edit tasks type","messageBody":"","fileTypesAndContributionMap":{"java":{"insertions":16,"deletions":16}}},{"hash":"c8f430c207f85df0df2abc69a43562c6af96557e","messageTitle":"User Guide","messageBody":"","tags":["A-UserGuide","A-Release"],"fileTypesAndContributionMap":{"md":{"insertions":266,"deletions":9}}},{"hash":"a5d7744685b7d3529b0eb8408e297058091a4f41","messageTitle":"Add duke.txt and change file path","messageBody":"","fileTypesAndContributionMap":{"txt":{"insertions":7,"deletions":0},"java":{"insertions":8,"deletions":8}}}]}]},"authorFileTypeContributionMap":{"Elxyng":{"java":1609,"md":266,"fxml":0,"sh":0,"bat":0,"gradle":0,"txt":7}},"authorContributionVariance":{"Elxyng":60084.957},"authorDisplayNameMap":{"Elxyng":"TIC4001-F18-1 NG X..N YI"}}
