{"authorDailyContributionsMap":{"Elxyng":[{"date":"2021-08-18","commitResults":[{"hash":"ce070c3fc6072325c0f4f7c371ae604207695bc4","messageTitle":"Duke greets the user and exits.","messageBody":"","tags":["Level-0"],"fileTypesAndContributionMap":{"java":{"insertions":23,"deletions":7}}}]},{"date":"2021-08-19","commitResults":[{"hash":"bfced56434180336c06ac57cd53dd8bb21e1880b","messageTitle":"Duke echos commands entered by the user, and exits when the user types bye.","messageBody":"","tags":["Level-1"],"fileTypesAndContributionMap":{"java":{"insertions":27,"deletions":4}}},{"hash":"92802053bc10885e7131261ac5a39f35b4587af8","messageTitle":"Add the ability to store whatever text entered by the user and display them back to the user when requested.","messageBody":"","tags":["Level-2"],"fileTypesAndContributionMap":{"java":{"insertions":45,"deletions":10}}}]},{"date":"2021-08-20","commitResults":[{"hash":"2443b83d64aac27b6b9c8cf58106ec9da92bc0e9","messageTitle":"Add the ability to mark tasks as done.","messageBody":"","tags":["Level-3"],"fileTypesAndContributionMap":{"java":{"insertions":67,"deletions":6}}}]},{"date":"2021-08-27","commitResults":[{"hash":"30df8b5286ed50260171c1743e4fb46c9c99667d","messageTitle":"Add ToDo, Event, Deadline and follow standard coding.","messageBody":"","tags":["Level-4","A-CodingStandard"],"fileTypesAndContributionMap":{"java":{"insertions":128,"deletions":7}}}]},{"date":"2021-09-01","commitResults":[{"hash":"2143104f109549d6bd122e3bf26c7afcac0e6d42","messageTitle":"Teach Duke to deal with errors such as incorrect inputs entered by the user.","messageBody":"","tags":["Level-5","A-Packages","A-Exceptions","A-CodeQuality"],"fileTypesAndContributionMap":{"java":{"insertions":200,"deletions":53}}},{"hash":"28bd3c33ca68f757c80ecab0a93864068ef800a3","messageTitle":"Make the Task class an abstract class.","messageBody":"","tags":["A-AbstractClasses"],"fileTypesAndContributionMap":{"java":{"insertions":2,"deletions":1}}}]},{"date":"2021-09-03","commitResults":[{"hash":"502ebc597e60cdf2811f94d9f498f62dc1af5376","messageTitle":"Improvised code quality.","messageBody":"","fileTypesAndContributionMap":{"java":{"insertions":3,"deletions":1}}}]},{"date":"2021-09-10","commitResults":[{"hash":"67c391d2cd7b3d7ccc4e074827cdcc6ce62e7cb8","messageTitle":"Implemented delete task and improvised code.","messageBody":"","tags":["Level-6"],"fileTypesAndContributionMap":{"java":{"insertions":78,"deletions":26}}},{"hash":"7de6be5f40f586def985e1a2f9cbc1021c2c1444","messageTitle":"Add JavaDoc comments.","messageBody":"","tags":["A-JavaDoc"],"fileTypesAndContributionMap":{"java":{"insertions":306,"deletions":2}}}]},{"date":"2021-09-15","commitResults":[{"hash":"ee65081769d9cd6c0a0e46ddc079ff6817ca0e8f","messageTitle":"Update file directory.","messageBody":"","fileTypesAndContributionMap":{"java":{"insertions":1,"deletions":1}}}]}]},"authorFileTypeContributionMap":{"Elxyng":{"java":769,"md":0,"fxml":0,"sh":0,"bat":0,"gradle":0,"txt":0}},"authorContributionVariance":{"Elxyng":6340.5093},"authorDisplayNameMap":{"Elxyng":"TIC4001-F18-1 NG X..N YI"}}
