{"authorDailyContributionsMap":{"Elxyng":[{"date":"2021-08-18","commitResults":[{"hash":"ce070c3fc6072325c0f4f7c371ae604207695bc4","messageTitle":"Duke greets the user and exits.","messageBody":"","tags":["Level-0"],"fileTypesAndContributionMap":{"java":{"insertions":23,"deletions":7}}}]},{"date":"2021-08-19","commitResults":[{"hash":"bfced56434180336c06ac57cd53dd8bb21e1880b","messageTitle":"Duke echos commands entered by the user, and exits when the user types bye.","messageBody":"","tags":["Level-1"],"fileTypesAndContributionMap":{"java":{"insertions":27,"deletions":4}}},{"hash":"92802053bc10885e7131261ac5a39f35b4587af8","messageTitle":"Add the ability to store whatever text entered by the user and display them back to the user when requested.","messageBody":"","tags":["Level-2"],"fileTypesAndContributionMap":{"java":{"insertions":45,"deletions":10}}}]},{"date":"2021-08-20","commitResults":[{"hash":"2443b83d64aac27b6b9c8cf58106ec9da92bc0e9","messageTitle":"Add the ability to mark tasks as done.","messageBody":"","tags":["Level-3"],"fileTypesAndContributionMap":{"java":{"insertions":67,"deletions":6}}}]}]},"authorFileTypeContributionMap":{"Elxyng":{"java":141,"md":0,"fxml":0,"sh":0,"bat":0,"gradle":0,"txt":0}},"authorContributionVariance":{"Elxyng":887.3542},"authorDisplayNameMap":{"Elxyng":"TIC4001-F18-1 NG X..N YI"}}
