[{"path":"src/main/java/ip/duke/Deadline.java","fileType":"java","lines":[{"lineNumber":1,"author":{"gitId":"gweeyc"},"content":"package ip.duke;","lastModifiedDate":"2021-08-25"},{"lineNumber":2,"author":{"gitId":"gweeyc"},"content":"","lastModifiedDate":"2021-08-25"},{"lineNumber":3,"author":{"gitId":"gweeyc"},"content":"public class Deadline extends Todo {","lastModifiedDate":"2021-08-25"},{"lineNumber":4,"author":{"gitId":"gweeyc"},"content":"    private final String by;","lastModifiedDate":"2021-08-25"},{"lineNumber":5,"author":{"gitId":"gweeyc"},"content":"","lastModifiedDate":"2021-09-01"},{"lineNumber":6,"author":{"gitId":"gweeyc"},"content":"    protected Deadline(String description, String by) {","lastModifiedDate":"2021-08-25"},{"lineNumber":7,"author":{"gitId":"gweeyc"},"content":"        super(description);","lastModifiedDate":"2021-08-25"},{"lineNumber":8,"author":{"gitId":"gweeyc"},"content":"        setId();","lastModifiedDate":"2021-09-01"},{"lineNumber":9,"author":{"gitId":"gweeyc"},"content":"        this.by \u003d by;","lastModifiedDate":"2021-08-25"},{"lineNumber":10,"author":{"gitId":"gweeyc"},"content":"    }","lastModifiedDate":"2021-08-25"},{"lineNumber":11,"author":{"gitId":"gweeyc"},"content":"","lastModifiedDate":"2021-08-25"},{"lineNumber":12,"author":{"gitId":"gweeyc"},"content":"    public String getBy() {","lastModifiedDate":"2021-08-25"},{"lineNumber":13,"author":{"gitId":"gweeyc"},"content":"        return by;","lastModifiedDate":"2021-08-25"},{"lineNumber":14,"author":{"gitId":"gweeyc"},"content":"    }","lastModifiedDate":"2021-08-25"},{"lineNumber":15,"author":{"gitId":"gweeyc"},"content":"","lastModifiedDate":"2021-08-25"},{"lineNumber":16,"author":{"gitId":"gweeyc"},"content":"    @Override","lastModifiedDate":"2021-09-01"},{"lineNumber":17,"author":{"gitId":"gweeyc"},"content":"    protected void setId(){","lastModifiedDate":"2021-09-01"},{"lineNumber":18,"author":{"gitId":"gweeyc"},"content":"        this.id \u003d \"D\";","lastModifiedDate":"2021-09-01"},{"lineNumber":19,"author":{"gitId":"gweeyc"},"content":"    }","lastModifiedDate":"2021-09-01"},{"lineNumber":20,"author":{"gitId":"gweeyc"},"content":"","lastModifiedDate":"2021-09-01"},{"lineNumber":21,"author":{"gitId":"gweeyc"},"content":"    @Override","lastModifiedDate":"2021-08-25"},{"lineNumber":22,"author":{"gitId":"gweeyc"},"content":"    public String toString() {","lastModifiedDate":"2021-08-25"},{"lineNumber":23,"author":{"gitId":"gweeyc"},"content":"        return String.format(\"%s (by: %s)\", super.toString(), by);","lastModifiedDate":"2021-08-25"},{"lineNumber":24,"author":{"gitId":"gweeyc"},"content":"    }","lastModifiedDate":"2021-08-25"},{"lineNumber":25,"author":{"gitId":"gweeyc"},"content":"}","lastModifiedDate":"2021-08-25"}],"authorContributionMap":{"gweeyc":25}},{"path":"src/main/java/ip/duke/Duke.java","fileType":"java","lines":[{"lineNumber":1,"author":{"gitId":"gweeyc"},"content":"package ip.duke;","lastModifiedDate":"2021-08-25"},{"lineNumber":2,"author":{"gitId":"gweeyc"},"content":"","lastModifiedDate":"2021-08-25"},{"lineNumber":3,"author":{"gitId":"gweeyc"},"content":"import ip.duke.exceptions.DukeException;","lastModifiedDate":"2021-09-01"},{"lineNumber":4,"author":{"gitId":"gweeyc"},"content":"import ip.duke.task.Task;","lastModifiedDate":"2021-09-01"},{"lineNumber":5,"author":{"gitId":"gweeyc"},"content":"","lastModifiedDate":"2021-09-01"},{"lineNumber":6,"author":{"gitId":"gweeyc"},"content":"import java.lang.String;","lastModifiedDate":"2021-08-25"},{"lineNumber":7,"author":{"gitId":"gweeyc"},"content":"import java.util.Scanner;","lastModifiedDate":"2021-08-25"},{"lineNumber":8,"author":{"gitId":"gweeyc"},"content":"import java.util.stream.Stream;","lastModifiedDate":"2021-08-25"},{"lineNumber":9,"author":{"gitId":"gweeyc"},"content":"","lastModifiedDate":"2021-08-25"},{"lineNumber":10,"author":{"gitId":"gweeyc"},"content":"/**","lastModifiedDate":"2021-08-25"},{"lineNumber":11,"author":{"gitId":"gweeyc"},"content":" * LisGenie Chat Bot App - tasks management assistant.","lastModifiedDate":"2021-08-26"},{"lineNumber":12,"author":{"gitId":"gweeyc"},"content":" *","lastModifiedDate":"2021-08-25"},{"lineNumber":13,"author":{"gitId":"gweeyc"},"content":" * \u003c/P\u003eDeals with user tasks registry, chat service and administration.","lastModifiedDate":"2021-08-25"},{"lineNumber":14,"author":{"gitId":"gweeyc"},"content":" *","lastModifiedDate":"2021-08-25"},{"lineNumber":15,"author":{"gitId":"gweeyc"},"content":" * \u003cP\u003eNote that tasks are stored as Task objects in a Task[] array (max size: 100).","lastModifiedDate":"2021-08-25"},{"lineNumber":16,"author":{"gitId":"gweeyc"},"content":" *","lastModifiedDate":"2021-08-25"},{"lineNumber":17,"author":{"gitId":"gweeyc"},"content":" * @author Gwee Yeu Chai","lastModifiedDate":"2021-08-25"},{"lineNumber":18,"author":{"gitId":"gweeyc"},"content":" * @version 1.0","lastModifiedDate":"2021-08-25"},{"lineNumber":19,"author":{"gitId":"gweeyc"},"content":" */","lastModifiedDate":"2021-08-25"},{"lineNumber":20,"author":{"gitId":"gweeyc"},"content":"public class Duke {","lastModifiedDate":"2021-08-25"},{"lineNumber":21,"author":{"gitId":"gweeyc"},"content":"    // TASKS array to store Task objects","lastModifiedDate":"2021-08-26"},{"lineNumber":22,"author":{"gitId":"gweeyc"},"content":"    private static final Task[] TASKS \u003d new Task[100];","lastModifiedDate":"2021-08-25"},{"lineNumber":23,"author":{"gitId":"gweeyc"},"content":"    // index variable to track each Task stored in array","lastModifiedDate":"2021-08-26"},{"lineNumber":24,"author":{"gitId":"gweeyc"},"content":"    private static int index;","lastModifiedDate":"2021-08-25"},{"lineNumber":25,"author":{"gitId":"gweeyc"},"content":"","lastModifiedDate":"2021-08-25"},{"lineNumber":26,"author":{"gitId":"gweeyc"},"content":"    static void greet() {","lastModifiedDate":"2021-08-25"},{"lineNumber":27,"author":{"gitId":"gweeyc"},"content":"        System.out.print(\"Hello! I\u0027m LisGenie\");","lastModifiedDate":"2021-09-01"},{"lineNumber":28,"author":{"gitId":"gweeyc"},"content":"        System.out.println(\"What can I do for you?\");","lastModifiedDate":"2021-08-25"},{"lineNumber":29,"author":{"gitId":"gweeyc"},"content":"    }","lastModifiedDate":"2021-08-25"},{"lineNumber":30,"author":{"gitId":"gweeyc"},"content":"    // Exit message","lastModifiedDate":"2021-08-26"},{"lineNumber":31,"author":{"gitId":"gweeyc"},"content":"    static void bye() {","lastModifiedDate":"2021-08-25"},{"lineNumber":32,"author":{"gitId":"gweeyc"},"content":"        System.out.print(\"LisGenie : \");","lastModifiedDate":"2021-09-01"},{"lineNumber":33,"author":{"gitId":"gweeyc"},"content":"        System.out.printf(\"Bye. Hope to see you again soon!%n\");","lastModifiedDate":"2021-08-25"},{"lineNumber":34,"author":{"gitId":"gweeyc"},"content":"    }","lastModifiedDate":"2021-08-25"},{"lineNumber":35,"author":{"gitId":"gweeyc"},"content":"","lastModifiedDate":"2021-08-25"},{"lineNumber":36,"author":{"gitId":"gweeyc"},"content":"    // This method draws a horizontal line","lastModifiedDate":"2021-08-26"},{"lineNumber":37,"author":{"gitId":"gweeyc"},"content":"    static void drawALine() {","lastModifiedDate":"2021-09-01"},{"lineNumber":38,"author":{"gitId":"gweeyc"},"content":"        System.out.print(\"          \");","lastModifiedDate":"2021-08-25"},{"lineNumber":39,"author":{"gitId":"gweeyc"},"content":"        Stream.generate(() -\u003e \"_\").limit(65).forEach(System.out::print);","lastModifiedDate":"2021-08-25"},{"lineNumber":40,"author":{"gitId":"gweeyc"},"content":"        System.out.println();","lastModifiedDate":"2021-08-25"},{"lineNumber":41,"author":{"gitId":"gweeyc"},"content":"    }","lastModifiedDate":"2021-08-25"},{"lineNumber":42,"author":{"gitId":"gweeyc"},"content":"","lastModifiedDate":"2021-08-25"},{"lineNumber":43,"author":{"gitId":"gweeyc"},"content":"    public static void main(String[] args) {","lastModifiedDate":"2021-08-25"},{"lineNumber":44,"author":{"gitId":"gweeyc"},"content":"        // Greeting screen display","lastModifiedDate":"2021-08-26"},{"lineNumber":45,"author":{"gitId":"gweeyc"},"content":"        String logo \u003d \" ____        _        \\n\"","lastModifiedDate":"2021-08-25"},{"lineNumber":46,"author":{"gitId":"gweeyc"},"content":"                + \"|  _ \\\\ _   _| | _____ \\n\"","lastModifiedDate":"2021-08-25"},{"lineNumber":47,"author":{"gitId":"gweeyc"},"content":"                + \"| | | | | | | |/ / _ \\\\\\n\"","lastModifiedDate":"2021-08-25"},{"lineNumber":48,"author":{"gitId":"gweeyc"},"content":"                + \"| |_| | |_| |   \u003c  __/\\n\"","lastModifiedDate":"2021-08-25"},{"lineNumber":49,"author":{"gitId":"gweeyc"},"content":"                + \"|____/ \\\\__,_|_|\\\\_\\\\___|\\n\";","lastModifiedDate":"2021-08-25"},{"lineNumber":50,"author":{"gitId":"gweeyc"},"content":"        System.out.println(\"Hello from\\n\" + logo);","lastModifiedDate":"2021-08-25"},{"lineNumber":51,"author":{"gitId":"gweeyc"},"content":"        // Greet user","lastModifiedDate":"2021-09-01"},{"lineNumber":52,"author":{"gitId":"gweeyc"},"content":"        greet();","lastModifiedDate":"2021-08-25"},{"lineNumber":53,"author":{"gitId":"gweeyc"},"content":"        // Get user input","lastModifiedDate":"2021-08-26"},{"lineNumber":54,"author":{"gitId":"gweeyc"},"content":"            Scanner in \u003d new Scanner(System.in);","lastModifiedDate":"2021-09-01"},{"lineNumber":55,"author":{"gitId":"gweeyc"},"content":"            String input;","lastModifiedDate":"2021-08-25"},{"lineNumber":56,"author":{"gitId":"gweeyc"},"content":"            boolean isBye \u003d false;","lastModifiedDate":"2021-09-01"},{"lineNumber":57,"author":{"gitId":"gweeyc"},"content":"            // conversions loop","lastModifiedDate":"2021-08-25"},{"lineNumber":58,"author":{"gitId":"gweeyc"},"content":"            do {","lastModifiedDate":"2021-08-25"},{"lineNumber":59,"author":{"gitId":"gweeyc"},"content":"                System.out.printf(\"%nMasterOm : \");","lastModifiedDate":"2021-08-25"},{"lineNumber":60,"author":{"gitId":"gweeyc"},"content":"                input \u003d in.nextLine().trim();","lastModifiedDate":"2021-09-01"},{"lineNumber":61,"author":{"gitId":"gweeyc"},"content":"                drawALine();","lastModifiedDate":"2021-09-01"},{"lineNumber":62,"author":{"gitId":"gweeyc"},"content":"","lastModifiedDate":"2021-09-01"},{"lineNumber":63,"author":{"gitId":"gweeyc"},"content":"                if (input.isEmpty()) {","lastModifiedDate":"2021-08-25"},{"lineNumber":64,"author":{"gitId":"gweeyc"},"content":"                    // flush buffer","lastModifiedDate":"2021-09-01"},{"lineNumber":65,"author":{"gitId":"gweeyc"},"content":"                    in.nextLine();","lastModifiedDate":"2021-09-01"},{"lineNumber":66,"author":{"gitId":"gweeyc"},"content":"                    echoEmptyInput();","lastModifiedDate":"2021-08-25"},{"lineNumber":67,"author":{"gitId":"gweeyc"},"content":"                }","lastModifiedDate":"2021-08-25"},{"lineNumber":68,"author":{"gitId":"gweeyc"},"content":"","lastModifiedDate":"2021-09-01"},{"lineNumber":69,"author":{"gitId":"gweeyc"},"content":"                try {","lastModifiedDate":"2021-09-01"},{"lineNumber":70,"author":{"gitId":"gweeyc"},"content":"                    isBye \u003d echoBye(input);","lastModifiedDate":"2021-09-01"},{"lineNumber":71,"author":{"gitId":"gweeyc"},"content":"                } catch (DukeException e) {","lastModifiedDate":"2021-09-01"},{"lineNumber":72,"author":{"gitId":"gweeyc"},"content":"                    System.out.println(e.getMessage());","lastModifiedDate":"2021-09-01"},{"lineNumber":73,"author":{"gitId":"gweeyc"},"content":"                }finally {","lastModifiedDate":"2021-09-01"},{"lineNumber":74,"author":{"gitId":"gweeyc"},"content":"                    drawALine();","lastModifiedDate":"2021-09-01"},{"lineNumber":75,"author":{"gitId":"gweeyc"},"content":"                }","lastModifiedDate":"2021-08-25"},{"lineNumber":76,"author":{"gitId":"gweeyc"},"content":"            } while (!isBye);","lastModifiedDate":"2021-09-01"},{"lineNumber":77,"author":{"gitId":"gweeyc"},"content":"","lastModifiedDate":"2021-09-01"},{"lineNumber":78,"author":{"gitId":"gweeyc"},"content":"            in.close();","lastModifiedDate":"2021-09-01"},{"lineNumber":79,"author":{"gitId":"gweeyc"},"content":"    }","lastModifiedDate":"2021-08-25"},{"lineNumber":80,"author":{"gitId":"gweeyc"},"content":"    // This method processes tasks and generates dialogues","lastModifiedDate":"2021-08-26"},{"lineNumber":81,"author":{"gitId":"gweeyc"},"content":"    private static boolean echoBye(String command) throws DukeException {","lastModifiedDate":"2021-09-01"},{"lineNumber":82,"author":{"gitId":"gweeyc"},"content":"        // Exit the program","lastModifiedDate":"2021-09-01"},{"lineNumber":83,"author":{"gitId":"gweeyc"},"content":"        if (command.equals(\"bye\")) {","lastModifiedDate":"2021-09-01"},{"lineNumber":84,"author":{"gitId":"gweeyc"},"content":"            bye();","lastModifiedDate":"2021-08-25"},{"lineNumber":85,"author":{"gitId":"gweeyc"},"content":"            return true;","lastModifiedDate":"2021-08-25"},{"lineNumber":86,"author":{"gitId":"gweeyc"},"content":"        } else {","lastModifiedDate":"2021-08-25"},{"lineNumber":87,"author":{"gitId":"gweeyc"},"content":"            // Parse user inputs and output the corresponding desired tasks","lastModifiedDate":"2021-09-01"},{"lineNumber":88,"author":{"gitId":"gweeyc"},"content":"            String[] words \u003d null;","lastModifiedDate":"2021-08-25"},{"lineNumber":89,"author":{"gitId":"gweeyc"},"content":"            // Check multiple words presence in input before splitting into a string array","lastModifiedDate":"2021-08-26"},{"lineNumber":90,"author":{"gitId":"gweeyc"},"content":"            if(command.indexOf(\" \") \u003e 0){","lastModifiedDate":"2021-09-01"},{"lineNumber":91,"author":{"gitId":"gweeyc"},"content":"                words \u003d command.split(\" \", 2);","lastModifiedDate":"2021-09-01"},{"lineNumber":92,"author":{"gitId":"gweeyc"},"content":"                command \u003d words[0].trim();","lastModifiedDate":"2021-09-01"},{"lineNumber":93,"author":{"gitId":"gweeyc"},"content":"            }","lastModifiedDate":"2021-08-25"},{"lineNumber":94,"author":{"gitId":"gweeyc"},"content":"","lastModifiedDate":"2021-09-01"},{"lineNumber":95,"author":{"gitId":"gweeyc"},"content":"            switch (command) {","lastModifiedDate":"2021-09-01"},{"lineNumber":96,"author":{"gitId":"gweeyc"},"content":"            case \"done\":","lastModifiedDate":"2021-08-25"},{"lineNumber":97,"author":{"gitId":"gweeyc"},"content":"                try {","lastModifiedDate":"2021-08-25"},{"lineNumber":98,"author":{"gitId":"gweeyc"},"content":"                    int itemIndex \u003d Integer.parseInt(words[1].trim()) - 1;","lastModifiedDate":"2021-09-01"},{"lineNumber":99,"author":{"gitId":"gweeyc"},"content":"","lastModifiedDate":"2021-09-01"},{"lineNumber":100,"author":{"gitId":"gweeyc"},"content":"                    if (itemIndex \u003c 0 || itemIndex \u003e 99) {","lastModifiedDate":"2021-09-01"},{"lineNumber":101,"author":{"gitId":"gweeyc"},"content":"                        echoOffList(itemIndex);","lastModifiedDate":"2021-09-01"},{"lineNumber":102,"author":{"gitId":"gweeyc"},"content":"                    } else {","lastModifiedDate":"2021-08-25"},{"lineNumber":103,"author":{"gitId":"gweeyc"},"content":"                        updateDoneStatus(itemIndex);","lastModifiedDate":"2021-09-01"},{"lineNumber":104,"author":{"gitId":"gweeyc"},"content":"                    }","lastModifiedDate":"2021-08-25"},{"lineNumber":105,"author":{"gitId":"gweeyc"},"content":"                } catch (NumberFormatException ex) {","lastModifiedDate":"2021-08-25"},{"lineNumber":106,"author":{"gitId":"gweeyc"},"content":"                    throw new DukeException(echoNotNum(\"done\"), ex);","lastModifiedDate":"2021-09-01"},{"lineNumber":107,"author":{"gitId":"gweeyc"},"content":"                } catch (NullPointerException | ArrayIndexOutOfBoundsException err){","lastModifiedDate":"2021-08-25"},{"lineNumber":108,"author":{"gitId":"gweeyc"},"content":"                    throw new DukeException(echoNoTaskNum(\"done\"), err);","lastModifiedDate":"2021-09-01"},{"lineNumber":109,"author":{"gitId":"gweeyc"},"content":"                }","lastModifiedDate":"2021-08-25"},{"lineNumber":110,"author":{"gitId":"gweeyc"},"content":"                break;","lastModifiedDate":"2021-08-25"},{"lineNumber":111,"author":{"gitId":"gweeyc"},"content":"            case \"list\":","lastModifiedDate":"2021-08-25"},{"lineNumber":112,"author":{"gitId":"gweeyc"},"content":"                echoList();","lastModifiedDate":"2021-08-25"},{"lineNumber":113,"author":{"gitId":"gweeyc"},"content":"                break;","lastModifiedDate":"2021-08-25"},{"lineNumber":114,"author":{"gitId":"gweeyc"},"content":"            case \"todo\":","lastModifiedDate":"2021-08-25"},{"lineNumber":115,"author":{"gitId":"gweeyc"},"content":"                try {","lastModifiedDate":"2021-08-25"},{"lineNumber":116,"author":{"gitId":"gweeyc"},"content":"                    addTodo(words[1].trim());","lastModifiedDate":"2021-08-25"},{"lineNumber":117,"author":{"gitId":"gweeyc"},"content":"                } catch (NullPointerException | ArrayIndexOutOfBoundsException err){","lastModifiedDate":"2021-08-25"},{"lineNumber":118,"author":{"gitId":"gweeyc"},"content":"                    throw new DukeException(echoNoDesc(\"todo\"), err);","lastModifiedDate":"2021-09-01"},{"lineNumber":119,"author":{"gitId":"gweeyc"},"content":"                }","lastModifiedDate":"2021-08-25"},{"lineNumber":120,"author":{"gitId":"gweeyc"},"content":"                break;","lastModifiedDate":"2021-08-25"},{"lineNumber":121,"author":{"gitId":"gweeyc"},"content":"            case \"deadline\":","lastModifiedDate":"2021-08-25"},{"lineNumber":122,"author":{"gitId":"gweeyc"},"content":"                try {","lastModifiedDate":"2021-08-25"},{"lineNumber":123,"author":{"gitId":"gweeyc"},"content":"                    addDeadline(words[1].trim());","lastModifiedDate":"2021-08-25"},{"lineNumber":124,"author":{"gitId":"gweeyc"},"content":"                } catch (NullPointerException | ArrayIndexOutOfBoundsException err){","lastModifiedDate":"2021-08-25"},{"lineNumber":125,"author":{"gitId":"gweeyc"},"content":"                    throw new DukeException(echoNoBy(\"deadline\"), err);","lastModifiedDate":"2021-09-01"},{"lineNumber":126,"author":{"gitId":"gweeyc"},"content":"                }","lastModifiedDate":"2021-08-25"},{"lineNumber":127,"author":{"gitId":"gweeyc"},"content":"                break;","lastModifiedDate":"2021-08-25"},{"lineNumber":128,"author":{"gitId":"gweeyc"},"content":"            case \"event\":","lastModifiedDate":"2021-08-25"},{"lineNumber":129,"author":{"gitId":"gweeyc"},"content":"                try {","lastModifiedDate":"2021-08-25"},{"lineNumber":130,"author":{"gitId":"gweeyc"},"content":"                    addEvent(words[1].trim());","lastModifiedDate":"2021-08-25"},{"lineNumber":131,"author":{"gitId":"gweeyc"},"content":"                } catch (NullPointerException | ArrayIndexOutOfBoundsException err){","lastModifiedDate":"2021-08-25"},{"lineNumber":132,"author":{"gitId":"gweeyc"},"content":"                    throw new DukeException(echoNoAt(\"event\"), err);","lastModifiedDate":"2021-09-01"},{"lineNumber":133,"author":{"gitId":"gweeyc"},"content":"                }","lastModifiedDate":"2021-08-25"},{"lineNumber":134,"author":{"gitId":"gweeyc"},"content":"                break;","lastModifiedDate":"2021-08-25"},{"lineNumber":135,"author":{"gitId":"gweeyc"},"content":"            case \"\":","lastModifiedDate":"2021-08-25"},{"lineNumber":136,"author":{"gitId":"gweeyc"},"content":"                break;","lastModifiedDate":"2021-08-25"},{"lineNumber":137,"author":{"gitId":"gweeyc"},"content":"            default:","lastModifiedDate":"2021-08-25"},{"lineNumber":138,"author":{"gitId":"gweeyc"},"content":"                echoNonInput();","lastModifiedDate":"2021-09-01"},{"lineNumber":139,"author":{"gitId":"gweeyc"},"content":"                break;","lastModifiedDate":"2021-08-25"},{"lineNumber":140,"author":{"gitId":"gweeyc"},"content":"            }","lastModifiedDate":"2021-08-25"},{"lineNumber":141,"author":{"gitId":"gweeyc"},"content":"        }","lastModifiedDate":"2021-08-25"},{"lineNumber":142,"author":{"gitId":"gweeyc"},"content":"        return false;","lastModifiedDate":"2021-08-25"},{"lineNumber":143,"author":{"gitId":"gweeyc"},"content":"    }","lastModifiedDate":"2021-08-25"},{"lineNumber":144,"author":{"gitId":"gweeyc"},"content":"","lastModifiedDate":"2021-08-25"},{"lineNumber":145,"author":{"gitId":"gweeyc"},"content":"    private static void addDeadline(String input) {","lastModifiedDate":"2021-08-25"},{"lineNumber":146,"author":{"gitId":"gweeyc"},"content":"        String[] parts \u003d input.split(\" /by \", 2);","lastModifiedDate":"2021-08-25"},{"lineNumber":147,"author":{"gitId":"gweeyc"},"content":"        TASKS[index] \u003d new Deadline(parts[0].trim(), parts[1].trim());","lastModifiedDate":"2021-08-25"},{"lineNumber":148,"author":{"gitId":"gweeyc"},"content":"        echoAdded(TASKS[index]);","lastModifiedDate":"2021-08-25"},{"lineNumber":149,"author":{"gitId":"gweeyc"},"content":"        ++index;","lastModifiedDate":"2021-08-25"},{"lineNumber":150,"author":{"gitId":"gweeyc"},"content":"    }","lastModifiedDate":"2021-08-25"},{"lineNumber":151,"author":{"gitId":"gweeyc"},"content":"    private static void addEvent(String input) {","lastModifiedDate":"2021-08-25"},{"lineNumber":152,"author":{"gitId":"gweeyc"},"content":"        String[] parts \u003d input.split(\" /at \", 2);","lastModifiedDate":"2021-08-25"},{"lineNumber":153,"author":{"gitId":"gweeyc"},"content":"        TASKS[index] \u003d new Event(parts[0].trim(), parts[1].trim());","lastModifiedDate":"2021-08-25"},{"lineNumber":154,"author":{"gitId":"gweeyc"},"content":"        echoAdded(TASKS[index]);","lastModifiedDate":"2021-08-25"},{"lineNumber":155,"author":{"gitId":"gweeyc"},"content":"        ++index;","lastModifiedDate":"2021-08-25"},{"lineNumber":156,"author":{"gitId":"gweeyc"},"content":"    }","lastModifiedDate":"2021-08-25"},{"lineNumber":157,"author":{"gitId":"gweeyc"},"content":"","lastModifiedDate":"2021-08-25"},{"lineNumber":158,"author":{"gitId":"gweeyc"},"content":"    private static void addTodo(String input) {","lastModifiedDate":"2021-08-25"},{"lineNumber":159,"author":{"gitId":"gweeyc"},"content":"        TASKS[index] \u003d new Todo(input);","lastModifiedDate":"2021-08-25"},{"lineNumber":160,"author":{"gitId":"gweeyc"},"content":"        echoAdded(TASKS[index]);","lastModifiedDate":"2021-08-25"},{"lineNumber":161,"author":{"gitId":"gweeyc"},"content":"        ++index;","lastModifiedDate":"2021-08-25"},{"lineNumber":162,"author":{"gitId":"gweeyc"},"content":"    }","lastModifiedDate":"2021-08-25"},{"lineNumber":163,"author":{"gitId":"gweeyc"},"content":"","lastModifiedDate":"2021-08-25"},{"lineNumber":164,"author":{"gitId":"gweeyc"},"content":"    private static void updateDoneStatus(int idx){","lastModifiedDate":"2021-08-26"},{"lineNumber":165,"author":{"gitId":"gweeyc"},"content":"        Task item \u003d TASKS[idx];","lastModifiedDate":"2021-08-25"},{"lineNumber":166,"author":{"gitId":"gweeyc"},"content":"","lastModifiedDate":"2021-09-01"},{"lineNumber":167,"author":{"gitId":"gweeyc"},"content":"        if(item !\u003d null) {","lastModifiedDate":"2021-08-25"},{"lineNumber":168,"author":{"gitId":"gweeyc"},"content":"            item.setDone();","lastModifiedDate":"2021-08-25"},{"lineNumber":169,"author":{"gitId":"gweeyc"},"content":"            echoDone(item);","lastModifiedDate":"2021-08-25"},{"lineNumber":170,"author":{"gitId":"gweeyc"},"content":"        }else{","lastModifiedDate":"2021-08-25"},{"lineNumber":171,"author":{"gitId":"gweeyc"},"content":"            echoNoEntries();","lastModifiedDate":"2021-08-25"},{"lineNumber":172,"author":{"gitId":"gweeyc"},"content":"        }","lastModifiedDate":"2021-08-25"},{"lineNumber":173,"author":{"gitId":"gweeyc"},"content":"    }","lastModifiedDate":"2021-08-25"},{"lineNumber":174,"author":{"gitId":"gweeyc"},"content":"","lastModifiedDate":"2021-08-25"},{"lineNumber":175,"author":{"gitId":"gweeyc"},"content":"    private static void echoAdded(Task input) {","lastModifiedDate":"2021-08-25"},{"lineNumber":176,"author":{"gitId":"gweeyc"},"content":"        System.out.print(\"LisGenie : \");","lastModifiedDate":"2021-08-26"},{"lineNumber":177,"author":{"gitId":"gweeyc"},"content":"        System.out.println(\"Got it. I\u0027ve added this task:\");","lastModifiedDate":"2021-08-25"},{"lineNumber":178,"author":{"gitId":"gweeyc"},"content":"        System.out.printf(\"%13s\", \" \");","lastModifiedDate":"2021-08-25"},{"lineNumber":179,"author":{"gitId":"gweeyc"},"content":"        System.out.printf(\"[%s][%s] %s%n\", input.getId(), input.getStatusIcon(), input);","lastModifiedDate":"2021-08-25"},{"lineNumber":180,"author":{"gitId":"gweeyc"},"content":"","lastModifiedDate":"2021-09-01"},{"lineNumber":181,"author":{"gitId":"gweeyc"},"content":"        int count \u003d index + 1;","lastModifiedDate":"2021-09-01"},{"lineNumber":182,"author":{"gitId":"gweeyc"},"content":"        System.out.printf(\"%11s\", \" \");","lastModifiedDate":"2021-08-25"},{"lineNumber":183,"author":{"gitId":"gweeyc"},"content":"        System.out.printf(\"Now you have %d %s in the list.%n\", count, count \u003d\u003d 1 ? \"task\" : \"tasks\");","lastModifiedDate":"2021-08-25"},{"lineNumber":184,"author":{"gitId":"gweeyc"},"content":"    }","lastModifiedDate":"2021-08-25"},{"lineNumber":185,"author":{"gitId":"gweeyc"},"content":"","lastModifiedDate":"2021-08-25"},{"lineNumber":186,"author":{"gitId":"gweeyc"},"content":"    private static void echoDone(Task item) {","lastModifiedDate":"2021-08-25"},{"lineNumber":187,"author":{"gitId":"gweeyc"},"content":"        System.out.print(\"LisGenie : \");","lastModifiedDate":"2021-08-26"},{"lineNumber":188,"author":{"gitId":"gweeyc"},"content":"        System.out.println(\"Nice! I\u0027ve marked this task as done:\");","lastModifiedDate":"2021-08-25"},{"lineNumber":189,"author":{"gitId":"gweeyc"},"content":"        System.out.printf(\"%13s\", \" \");","lastModifiedDate":"2021-08-25"},{"lineNumber":190,"author":{"gitId":"gweeyc"},"content":"        System.out.printf(\"[%s] %s%n\", item.getStatusIcon(), item);","lastModifiedDate":"2021-08-25"},{"lineNumber":191,"author":{"gitId":"gweeyc"},"content":"    }","lastModifiedDate":"2021-08-25"},{"lineNumber":192,"author":{"gitId":"gweeyc"},"content":"","lastModifiedDate":"2021-08-25"},{"lineNumber":193,"author":{"gitId":"gweeyc"},"content":"    private static void echoEmptyInput() {","lastModifiedDate":"2021-08-25"},{"lineNumber":194,"author":{"gitId":"gweeyc"},"content":"        System.out.print(\"LisGenie : \");","lastModifiedDate":"2021-08-26"},{"lineNumber":195,"author":{"gitId":"gweeyc"},"content":"        System.out.println(\"eh...Om! Empty string to skip here, O Master! Retry again?\");","lastModifiedDate":"2021-08-25"},{"lineNumber":196,"author":{"gitId":"gweeyc"},"content":"    }","lastModifiedDate":"2021-08-25"},{"lineNumber":197,"author":{"gitId":"gweeyc"},"content":"","lastModifiedDate":"2021-08-25"},{"lineNumber":198,"author":{"gitId":"gweeyc"},"content":"    private static void echoList() {","lastModifiedDate":"2021-08-25"},{"lineNumber":199,"author":{"gitId":"gweeyc"},"content":"        System.out.print(\"LisGenie : \");","lastModifiedDate":"2021-08-26"},{"lineNumber":200,"author":{"gitId":"gweeyc"},"content":"        System.out.printf(\"Here are the tasks in your list:%n\");","lastModifiedDate":"2021-08-25"},{"lineNumber":201,"author":{"gitId":"gweeyc"},"content":"","lastModifiedDate":"2021-08-25"},{"lineNumber":202,"author":{"gitId":"gweeyc"},"content":"        int i \u003d 1;","lastModifiedDate":"2021-08-25"},{"lineNumber":203,"author":{"gitId":"gweeyc"},"content":"        for (Task s : TASKS) {","lastModifiedDate":"2021-08-25"},{"lineNumber":204,"author":{"gitId":"gweeyc"},"content":"            if (s !\u003d null)","lastModifiedDate":"2021-08-25"},{"lineNumber":205,"author":{"gitId":"gweeyc"},"content":"                System.out.printf(\"%12d.[%s][%s] %s%n\", i++,s.getId(), s.getStatusIcon(), s);","lastModifiedDate":"2021-08-25"},{"lineNumber":206,"author":{"gitId":"gweeyc"},"content":"        }","lastModifiedDate":"2021-08-25"},{"lineNumber":207,"author":{"gitId":"gweeyc"},"content":"    }","lastModifiedDate":"2021-08-25"},{"lineNumber":208,"author":{"gitId":"gweeyc"},"content":"","lastModifiedDate":"2021-08-25"},{"lineNumber":209,"author":{"gitId":"gweeyc"},"content":"    private static String echoNoAt(String task) {","lastModifiedDate":"2021-09-01"},{"lineNumber":210,"author":{"gitId":"gweeyc"},"content":"        return String.format(\"LisGenie : OOPS!!! O %s use: \\\"event \u003cspecify event\u003e /at \u003cdatetime\u003e\\\"\", task);","lastModifiedDate":"2021-09-01"},{"lineNumber":211,"author":{"gitId":"gweeyc"},"content":"    }","lastModifiedDate":"2021-08-25"},{"lineNumber":212,"author":{"gitId":"gweeyc"},"content":"","lastModifiedDate":"2021-08-25"},{"lineNumber":213,"author":{"gitId":"gweeyc"},"content":"    private static String echoNoBy(String task) {","lastModifiedDate":"2021-09-01"},{"lineNumber":214,"author":{"gitId":"gweeyc"},"content":"        return String.format(\"LisGenie : OOPS!!! O %s use: \\\"deadline \u003cspecify task\u003e /by \u003cdatetime\u003e\\\"\", task);","lastModifiedDate":"2021-09-01"},{"lineNumber":215,"author":{"gitId":"gweeyc"},"content":"    }","lastModifiedDate":"2021-08-25"},{"lineNumber":216,"author":{"gitId":"gweeyc"},"content":"    // This method informs user that no task description is entered","lastModifiedDate":"2021-09-01"},{"lineNumber":217,"author":{"gitId":"gweeyc"},"content":"    private static String echoNoDesc(String task) {","lastModifiedDate":"2021-09-01"},{"lineNumber":218,"author":{"gitId":"gweeyc"},"content":"        return String.format(\"LisGenie : OOPS!!! The description of a %s cannot be empty, Master?\", task);","lastModifiedDate":"2021-09-01"},{"lineNumber":219,"author":{"gitId":"gweeyc"},"content":"    }","lastModifiedDate":"2021-08-25"},{"lineNumber":220,"author":{"gitId":"gweeyc"},"content":"","lastModifiedDate":"2021-08-25"},{"lineNumber":221,"author":{"gitId":"gweeyc"},"content":"    private static void echoNoEntries() {","lastModifiedDate":"2021-08-25"},{"lineNumber":222,"author":{"gitId":"gweeyc"},"content":"        System.out.print(\"LisGenie : \");","lastModifiedDate":"2021-08-26"},{"lineNumber":223,"author":{"gitId":"gweeyc"},"content":"        System.out.println(\"O! Task not in list, Master? Add a task? Retry?\");","lastModifiedDate":"2021-08-25"},{"lineNumber":224,"author":{"gitId":"gweeyc"},"content":"    }","lastModifiedDate":"2021-08-25"},{"lineNumber":225,"author":{"gitId":"gweeyc"},"content":"","lastModifiedDate":"2021-08-25"},{"lineNumber":226,"author":{"gitId":"gweeyc"},"content":"    private static String echoNoTaskNum(String task) {","lastModifiedDate":"2021-09-01"},{"lineNumber":227,"author":{"gitId":"gweeyc"},"content":"        return String.format(\"LisGenie : O? Master, forgot to enter the Task number after \u0027%s\u0027?\", task);","lastModifiedDate":"2021-09-01"},{"lineNumber":228,"author":{"gitId":"gweeyc"},"content":"    }","lastModifiedDate":"2021-08-25"},{"lineNumber":229,"author":{"gitId":"gweeyc"},"content":"","lastModifiedDate":"2021-08-25"},{"lineNumber":230,"author":{"gitId":"gweeyc"},"content":"    private static String echoNotNum(String task) {","lastModifiedDate":"2021-09-01"},{"lineNumber":231,"author":{"gitId":"gweeyc"},"content":"        return String.format(\"LisGenie : O Master, use digit(s) only for Task number after \u0027%s\u0027! Om!\", task);","lastModifiedDate":"2021-09-01"},{"lineNumber":232,"author":{"gitId":"gweeyc"},"content":"    }","lastModifiedDate":"2021-08-25"},{"lineNumber":233,"author":{"gitId":"gweeyc"},"content":"","lastModifiedDate":"2021-08-25"},{"lineNumber":234,"author":{"gitId":"gweeyc"},"content":"    private static void echoOffList(int idx) {","lastModifiedDate":"2021-08-25"},{"lineNumber":235,"author":{"gitId":"gweeyc"},"content":"        System.out.print(\"LisGenie : \");","lastModifiedDate":"2021-08-26"},{"lineNumber":236,"author":{"gitId":"gweeyc"},"content":"        System.out.println(\"Item position outside of list (1 - 100): \" + (idx+1) + \" Omm??\");","lastModifiedDate":"2021-08-25"},{"lineNumber":237,"author":{"gitId":"gweeyc"},"content":"    }","lastModifiedDate":"2021-08-25"},{"lineNumber":238,"author":{"gitId":"gweeyc"},"content":"    // This method informs the user an unknown input is entered","lastModifiedDate":"2021-09-01"},{"lineNumber":239,"author":{"gitId":"gweeyc"},"content":"    private static void echoNonInput(){","lastModifiedDate":"2021-09-01"},{"lineNumber":240,"author":{"gitId":"gweeyc"},"content":"        System.out.print(\"LisGenie : \");","lastModifiedDate":"2021-09-01"},{"lineNumber":241,"author":{"gitId":"gweeyc"},"content":"        System.out.println(\"OOPS!!! I\u0027m sorry, but I don\u0027t know what that means :-(| Master?\");","lastModifiedDate":"2021-09-01"},{"lineNumber":242,"author":{"gitId":"gweeyc"},"content":"    }","lastModifiedDate":"2021-09-01"},{"lineNumber":243,"author":{"gitId":"gweeyc"},"content":"}","lastModifiedDate":"2021-08-25"}],"authorContributionMap":{"gweeyc":243}},{"path":"src/main/java/ip/duke/Event.java","fileType":"java","lines":[{"lineNumber":1,"author":{"gitId":"gweeyc"},"content":"package ip.duke;","lastModifiedDate":"2021-08-25"},{"lineNumber":2,"author":{"gitId":"gweeyc"},"content":"","lastModifiedDate":"2021-08-25"},{"lineNumber":3,"author":{"gitId":"gweeyc"},"content":"    public class Event extends Deadline {","lastModifiedDate":"2021-08-25"},{"lineNumber":4,"author":{"gitId":"gweeyc"},"content":"    protected Event(String description, String at) {","lastModifiedDate":"2021-08-25"},{"lineNumber":5,"author":{"gitId":"gweeyc"},"content":"        super(description, at);","lastModifiedDate":"2021-08-25"},{"lineNumber":6,"author":{"gitId":"gweeyc"},"content":"        setId();","lastModifiedDate":"2021-09-01"},{"lineNumber":7,"author":{"gitId":"gweeyc"},"content":"    }","lastModifiedDate":"2021-09-01"},{"lineNumber":8,"author":{"gitId":"gweeyc"},"content":"","lastModifiedDate":"2021-09-01"},{"lineNumber":9,"author":{"gitId":"gweeyc"},"content":"    @Override","lastModifiedDate":"2021-09-01"},{"lineNumber":10,"author":{"gitId":"gweeyc"},"content":"    protected void setId() {","lastModifiedDate":"2021-09-01"},{"lineNumber":11,"author":{"gitId":"gweeyc"},"content":"        this.id \u003d \"E\";","lastModifiedDate":"2021-09-01"},{"lineNumber":12,"author":{"gitId":"gweeyc"},"content":"    }","lastModifiedDate":"2021-08-25"},{"lineNumber":13,"author":{"gitId":"gweeyc"},"content":"","lastModifiedDate":"2021-08-25"},{"lineNumber":14,"author":{"gitId":"gweeyc"},"content":"    @Override","lastModifiedDate":"2021-08-25"},{"lineNumber":15,"author":{"gitId":"gweeyc"},"content":"    public String toString() {","lastModifiedDate":"2021-08-25"},{"lineNumber":16,"author":{"gitId":"gweeyc"},"content":"        return String.format(\"%s (at: %s)\", getDescription(), getBy());","lastModifiedDate":"2021-08-25"},{"lineNumber":17,"author":{"gitId":"gweeyc"},"content":"    }","lastModifiedDate":"2021-08-25"},{"lineNumber":18,"author":{"gitId":"gweeyc"},"content":"}","lastModifiedDate":"2021-08-25"}],"authorContributionMap":{"gweeyc":18}},{"path":"src/main/java/ip/duke/Todo.java","fileType":"java","lines":[{"lineNumber":1,"author":{"gitId":"gweeyc"},"content":"package ip.duke;","lastModifiedDate":"2021-08-25"},{"lineNumber":2,"author":{"gitId":"gweeyc"},"content":"","lastModifiedDate":"2021-08-25"},{"lineNumber":3,"author":{"gitId":"gweeyc"},"content":"import ip.duke.task.Task;","lastModifiedDate":"2021-09-01"},{"lineNumber":4,"author":{"gitId":"gweeyc"},"content":"","lastModifiedDate":"2021-09-01"},{"lineNumber":5,"author":{"gitId":"gweeyc"},"content":"public class Todo extends Task {","lastModifiedDate":"2021-08-25"},{"lineNumber":6,"author":{"gitId":"gweeyc"},"content":"    protected Todo(String description) {","lastModifiedDate":"2021-08-25"},{"lineNumber":7,"author":{"gitId":"gweeyc"},"content":"        super(description);","lastModifiedDate":"2021-08-25"},{"lineNumber":8,"author":{"gitId":"gweeyc"},"content":"        setId();","lastModifiedDate":"2021-09-01"},{"lineNumber":9,"author":{"gitId":"gweeyc"},"content":"    }","lastModifiedDate":"2021-09-01"},{"lineNumber":10,"author":{"gitId":"gweeyc"},"content":"","lastModifiedDate":"2021-09-01"},{"lineNumber":11,"author":{"gitId":"gweeyc"},"content":"    @Override","lastModifiedDate":"2021-09-01"},{"lineNumber":12,"author":{"gitId":"gweeyc"},"content":"    public String getDescription() {","lastModifiedDate":"2021-09-01"},{"lineNumber":13,"author":{"gitId":"gweeyc"},"content":"        return description;","lastModifiedDate":"2021-09-01"},{"lineNumber":14,"author":{"gitId":"gweeyc"},"content":"    }","lastModifiedDate":"2021-09-01"},{"lineNumber":15,"author":{"gitId":"gweeyc"},"content":"","lastModifiedDate":"2021-09-01"},{"lineNumber":16,"author":{"gitId":"gweeyc"},"content":"    @Override","lastModifiedDate":"2021-09-01"},{"lineNumber":17,"author":{"gitId":"gweeyc"},"content":"    protected void setId() {","lastModifiedDate":"2021-09-01"},{"lineNumber":18,"author":{"gitId":"gweeyc"},"content":"        this.id \u003d \"T\";","lastModifiedDate":"2021-09-01"},{"lineNumber":19,"author":{"gitId":"gweeyc"},"content":"    }","lastModifiedDate":"2021-08-25"},{"lineNumber":20,"author":{"gitId":"gweeyc"},"content":"}","lastModifiedDate":"2021-08-25"}],"authorContributionMap":{"gweeyc":20}},{"path":"src/main/java/ip/duke/exceptions/DukeException.java","fileType":"java","lines":[{"lineNumber":1,"author":{"gitId":"gweeyc"},"content":"package ip.duke.exceptions;","lastModifiedDate":"2021-09-01"},{"lineNumber":2,"author":{"gitId":"gweeyc"},"content":"","lastModifiedDate":"2021-09-01"},{"lineNumber":3,"author":{"gitId":"gweeyc"},"content":"public class DukeException extends Exception {","lastModifiedDate":"2021-09-01"},{"lineNumber":4,"author":{"gitId":"gweeyc"},"content":"    public DukeException(String message, Throwable ex) {","lastModifiedDate":"2021-09-01"},{"lineNumber":5,"author":{"gitId":"gweeyc"},"content":"        super(message);","lastModifiedDate":"2021-09-01"},{"lineNumber":6,"author":{"gitId":"gweeyc"},"content":"    }","lastModifiedDate":"2021-09-01"},{"lineNumber":7,"author":{"gitId":"gweeyc"},"content":"}","lastModifiedDate":"2021-09-01"}],"authorContributionMap":{"gweeyc":7}},{"path":"src/main/java/ip/duke/task/Task.java","fileType":"java","lines":[{"lineNumber":1,"author":{"gitId":"gweeyc"},"content":"package ip.duke.task;","lastModifiedDate":"2021-09-01"},{"lineNumber":2,"author":{"gitId":"gweeyc"},"content":"","lastModifiedDate":"2021-08-25"},{"lineNumber":3,"author":{"gitId":"gweeyc"},"content":"public abstract class Task {","lastModifiedDate":"2021-09-01"},{"lineNumber":4,"author":{"gitId":"gweeyc"},"content":"    protected String description;","lastModifiedDate":"2021-08-25"},{"lineNumber":5,"author":{"gitId":"gweeyc"},"content":"    protected boolean isDone;","lastModifiedDate":"2021-08-25"},{"lineNumber":6,"author":{"gitId":"gweeyc"},"content":"    protected String id;","lastModifiedDate":"2021-08-25"},{"lineNumber":7,"author":{"gitId":"gweeyc"},"content":"","lastModifiedDate":"2021-08-25"},{"lineNumber":8,"author":{"gitId":"gweeyc"},"content":"    protected Task(String description) {","lastModifiedDate":"2021-09-01"},{"lineNumber":9,"author":{"gitId":"gweeyc"},"content":"        this.description \u003d description;","lastModifiedDate":"2021-08-25"},{"lineNumber":10,"author":{"gitId":"gweeyc"},"content":"    }","lastModifiedDate":"2021-08-25"},{"lineNumber":11,"author":{"gitId":"gweeyc"},"content":"","lastModifiedDate":"2021-08-25"},{"lineNumber":12,"author":{"gitId":"gweeyc"},"content":"    public abstract String getDescription();","lastModifiedDate":"2021-09-01"},{"lineNumber":13,"author":{"gitId":"gweeyc"},"content":"","lastModifiedDate":"2021-09-01"},{"lineNumber":14,"author":{"gitId":"gweeyc"},"content":"","lastModifiedDate":"2021-08-25"},{"lineNumber":15,"author":{"gitId":"gweeyc"},"content":"    public String getId(){","lastModifiedDate":"2021-08-25"},{"lineNumber":16,"author":{"gitId":"gweeyc"},"content":"        return id;","lastModifiedDate":"2021-08-25"},{"lineNumber":17,"author":{"gitId":"gweeyc"},"content":"    }","lastModifiedDate":"2021-08-25"},{"lineNumber":18,"author":{"gitId":"gweeyc"},"content":"","lastModifiedDate":"2021-08-25"},{"lineNumber":19,"author":{"gitId":"gweeyc"},"content":"    public String getStatusIcon() {","lastModifiedDate":"2021-08-25"},{"lineNumber":20,"author":{"gitId":"gweeyc"},"content":"        return (isDone ? \"X\" : \" \"); // mark done task with X","lastModifiedDate":"2021-08-25"},{"lineNumber":21,"author":{"gitId":"gweeyc"},"content":"    }","lastModifiedDate":"2021-08-25"},{"lineNumber":22,"author":{"gitId":"gweeyc"},"content":"","lastModifiedDate":"2021-08-25"},{"lineNumber":23,"author":{"gitId":"gweeyc"},"content":"    public void setDone() {","lastModifiedDate":"2021-09-01"},{"lineNumber":24,"author":{"gitId":"gweeyc"},"content":"        this.isDone \u003d true;","lastModifiedDate":"2021-08-25"},{"lineNumber":25,"author":{"gitId":"gweeyc"},"content":"    }","lastModifiedDate":"2021-08-25"},{"lineNumber":26,"author":{"gitId":"gweeyc"},"content":"","lastModifiedDate":"2021-08-25"},{"lineNumber":27,"author":{"gitId":"gweeyc"},"content":"    protected abstract void setId();","lastModifiedDate":"2021-09-01"},{"lineNumber":28,"author":{"gitId":"gweeyc"},"content":"","lastModifiedDate":"2021-08-25"},{"lineNumber":29,"author":{"gitId":"gweeyc"},"content":"    @Override","lastModifiedDate":"2021-08-25"},{"lineNumber":30,"author":{"gitId":"gweeyc"},"content":"    public String toString() {","lastModifiedDate":"2021-08-25"},{"lineNumber":31,"author":{"gitId":"gweeyc"},"content":"        return description;","lastModifiedDate":"2021-08-25"},{"lineNumber":32,"author":{"gitId":"gweeyc"},"content":"    }   // description to print to console output","lastModifiedDate":"2021-08-25"},{"lineNumber":33,"author":{"gitId":"gweeyc"},"content":"}","lastModifiedDate":"2021-08-25"}],"authorContributionMap":{"gweeyc":33}},{"path":"text-ui-test/input.txt","fileType":"txt","lines":[{"lineNumber":1,"author":{"gitId":"gweeyc"},"content":"todo borrow book","lastModifiedDate":"2021-08-26"},{"lineNumber":2,"author":{"gitId":"gweeyc"},"content":"list","lastModifiedDate":"2021-08-26"},{"lineNumber":3,"author":{"gitId":"gweeyc"},"content":"deadline return book /by Friday","lastModifiedDate":"2021-08-26"},{"lineNumber":4,"author":{"gitId":"gweeyc"},"content":"list","lastModifiedDate":"2021-08-26"},{"lineNumber":5,"author":{"gitId":"gweeyc"},"content":"done 2","lastModifiedDate":"2021-08-26"},{"lineNumber":6,"author":{"gitId":"gweeyc"},"content":"list","lastModifiedDate":"2021-08-26"},{"lineNumber":7,"author":{"gitId":"gweeyc"},"content":"event attend church meeting /at 2.30pm - 5pm","lastModifiedDate":"2021-08-26"},{"lineNumber":8,"author":{"gitId":"gweeyc"},"content":"done 1","lastModifiedDate":"2021-08-26"},{"lineNumber":9,"author":{"gitId":"gweeyc"},"content":"list","lastModifiedDate":"2021-08-26"},{"lineNumber":10,"author":{"gitId":"gweeyc"},"content":"sdfsdf","lastModifiedDate":"2021-08-26"},{"lineNumber":11,"author":{"gitId":"gweeyc"},"content":"bye","lastModifiedDate":"2021-08-26"}],"authorContributionMap":{"gweeyc":11}},{"path":"text-ui-test/runtest.bat","fileType":"bat","lines":[{"lineNumber":1,"author":{"gitId":"-"},"content":"@ECHO OFF","lastModifiedDate":"2020-05-25"},{"lineNumber":2,"author":{"gitId":"-"},"content":"","lastModifiedDate":"2020-05-25"},{"lineNumber":3,"author":{"gitId":"-"},"content":"REM create bin directory if it doesn\u0027t exist","lastModifiedDate":"2020-05-25"},{"lineNumber":4,"author":{"gitId":"-"},"content":"if not exist ..\\bin mkdir ..\\bin","lastModifiedDate":"2020-05-25"},{"lineNumber":5,"author":{"gitId":"-"},"content":"","lastModifiedDate":"2020-05-25"},{"lineNumber":6,"author":{"gitId":"-"},"content":"REM delete output from previous run","lastModifiedDate":"2020-05-25"},{"lineNumber":7,"author":{"gitId":"-"},"content":"if exist ACTUAL.TXT del ACTUAL.TXT","lastModifiedDate":"2020-08-25"},{"lineNumber":8,"author":{"gitId":"-"},"content":"","lastModifiedDate":"2020-05-25"},{"lineNumber":9,"author":{"gitId":"-"},"content":"REM compile the code into the bin folder","lastModifiedDate":"2020-05-25"},{"lineNumber":10,"author":{"gitId":"gweeyc"},"content":"javac -cp ..\\src\\main\\java\\ip\\duke -Xlint:none -d ..\\bin ..\\src\\main\\java\\ip\\duke\\*.java","lastModifiedDate":"2021-08-26"},{"lineNumber":11,"author":{"gitId":"-"},"content":"IF ERRORLEVEL 1 (","lastModifiedDate":"2020-05-25"},{"lineNumber":12,"author":{"gitId":"-"},"content":"    echo ********** BUILD FAILURE **********","lastModifiedDate":"2020-05-25"},{"lineNumber":13,"author":{"gitId":"-"},"content":"    exit /b 1","lastModifiedDate":"2020-05-25"},{"lineNumber":14,"author":{"gitId":"-"},"content":")","lastModifiedDate":"2020-05-25"},{"lineNumber":15,"author":{"gitId":"-"},"content":"REM no error here, errorlevel \u003d\u003d 0","lastModifiedDate":"2020-05-25"},{"lineNumber":16,"author":{"gitId":"-"},"content":"","lastModifiedDate":"2020-05-25"},{"lineNumber":17,"author":{"gitId":"-"},"content":"REM run the program, feed commands from input.txt file and redirect the output to the ACTUAL.TXT","lastModifiedDate":"2020-05-25"},{"lineNumber":18,"author":{"gitId":"gweeyc"},"content":"java -cp ..\\bin ip.duke.Duke \u003c input.txt \u003e ACTUAL.TXT","lastModifiedDate":"2021-08-26"},{"lineNumber":19,"author":{"gitId":"-"},"content":"","lastModifiedDate":"2020-05-25"},{"lineNumber":20,"author":{"gitId":"-"},"content":"REM compare the output to the expected output","lastModifiedDate":"2020-05-25"},{"lineNumber":21,"author":{"gitId":"-"},"content":"FC ACTUAL.TXT EXPECTED.TXT","lastModifiedDate":"2020-05-25"},{"lineNumber":22,"author":{"gitId":"gweeyc"},"content":"pause","lastModifiedDate":"2021-08-26"}],"authorContributionMap":{"gweeyc":3,"-":19}}]
