[{"path":"src/main/java/Duke.java","fileType":"java","lines":[{"lineNumber":1,"author":{"gitId":"gweeyc"},"content":"import java.util.LinkedHashSet;","lastModifiedDate":"2021-08-19"},{"lineNumber":2,"author":{"gitId":"gweeyc"},"content":"import java.util.Scanner;","lastModifiedDate":"2021-08-18"},{"lineNumber":3,"author":{"gitId":"gweeyc"},"content":"import java.util.stream.Stream;","lastModifiedDate":"2021-08-18"},{"lineNumber":4,"author":{"gitId":"gweeyc"},"content":"","lastModifiedDate":"2021-08-17"},{"lineNumber":5,"author":{"gitId":"-"},"content":"public class Duke {","lastModifiedDate":"2021-08-18"},{"lineNumber":6,"author":{"gitId":"gweeyc"},"content":"    static LinkedHashSet\u003cString\u003e table \u003d new LinkedHashSet\u003c\u003e(100);","lastModifiedDate":"2021-08-19"},{"lineNumber":7,"author":{"gitId":"gweeyc"},"content":"","lastModifiedDate":"2021-08-19"},{"lineNumber":8,"author":{"gitId":"gweeyc"},"content":"    static void greet(){","lastModifiedDate":"2021-08-17"},{"lineNumber":9,"author":{"gitId":"gweeyc"},"content":"        System.out.println(\"Hello! I\u0027m LisGenie\");","lastModifiedDate":"2021-08-18"},{"lineNumber":10,"author":{"gitId":"gweeyc"},"content":"        System.out.println(\"What can I do for you?\");","lastModifiedDate":"2021-08-17"},{"lineNumber":11,"author":{"gitId":"gweeyc"},"content":"    }","lastModifiedDate":"2021-08-18"},{"lineNumber":12,"author":{"gitId":"gweeyc"},"content":"","lastModifiedDate":"2021-08-18"},{"lineNumber":13,"author":{"gitId":"gweeyc"},"content":"    static void bye(){","lastModifiedDate":"2021-08-18"},{"lineNumber":14,"author":{"gitId":"gweeyc"},"content":"        System.out.printf(\"Bye. Hope to see you again soon!%n\");","lastModifiedDate":"2021-08-18"},{"lineNumber":15,"author":{"gitId":"gweeyc"},"content":"    }","lastModifiedDate":"2021-08-18"},{"lineNumber":16,"author":{"gitId":"gweeyc"},"content":"","lastModifiedDate":"2021-08-18"},{"lineNumber":17,"author":{"gitId":"-"},"content":"    public static void main(String[] args) {","lastModifiedDate":"2019-07-29"},{"lineNumber":18,"author":{"gitId":"-"},"content":"        String logo \u003d \" ____        _        \\n\"","lastModifiedDate":"2019-07-29"},{"lineNumber":19,"author":{"gitId":"-"},"content":"                + \"|  _ \\\\ _   _| | _____ \\n\"","lastModifiedDate":"2019-07-29"},{"lineNumber":20,"author":{"gitId":"-"},"content":"                + \"| | | | | | | |/ / _ \\\\\\n\"","lastModifiedDate":"2019-07-29"},{"lineNumber":21,"author":{"gitId":"-"},"content":"                + \"| |_| | |_| |   \u003c  __/\\n\"","lastModifiedDate":"2019-07-29"},{"lineNumber":22,"author":{"gitId":"-"},"content":"                + \"|____/ \\\\__,_|_|\\\\_\\\\___|\\n\";","lastModifiedDate":"2019-07-29"},{"lineNumber":23,"author":{"gitId":"-"},"content":"        System.out.println(\"Hello from\\n\" + logo);","lastModifiedDate":"2019-07-29"},{"lineNumber":24,"author":{"gitId":"gweeyc"},"content":"        greet();","lastModifiedDate":"2021-08-17"},{"lineNumber":25,"author":{"gitId":"gweeyc"},"content":"","lastModifiedDate":"2021-08-18"},{"lineNumber":26,"author":{"gitId":"gweeyc"},"content":"        Scanner sc \u003d new Scanner(System.in);","lastModifiedDate":"2021-08-18"},{"lineNumber":27,"author":{"gitId":"gweeyc"},"content":"        String input;","lastModifiedDate":"2021-08-19"},{"lineNumber":28,"author":{"gitId":"gweeyc"},"content":"        do {","lastModifiedDate":"2021-08-19"},{"lineNumber":29,"author":{"gitId":"gweeyc"},"content":"            System.out.println();","lastModifiedDate":"2021-08-18"},{"lineNumber":30,"author":{"gitId":"gweeyc"},"content":"            System.out.print(\"MasterOm : \");","lastModifiedDate":"2021-08-18"},{"lineNumber":31,"author":{"gitId":"gweeyc"},"content":"            input \u003d sc.nextLine();","lastModifiedDate":"2021-08-18"},{"lineNumber":32,"author":{"gitId":"gweeyc"},"content":"            lineDraw();","lastModifiedDate":"2021-08-18"},{"lineNumber":33,"author":{"gitId":"gweeyc"},"content":"        } while (!echoBye(input));","lastModifiedDate":"2021-08-19"},{"lineNumber":34,"author":{"gitId":"gweeyc"},"content":"","lastModifiedDate":"2021-08-19"},{"lineNumber":35,"author":{"gitId":"gweeyc"},"content":"        sc.close();","lastModifiedDate":"2021-08-19"},{"lineNumber":36,"author":{"gitId":"gweeyc"},"content":"    }","lastModifiedDate":"2021-08-19"},{"lineNumber":37,"author":{"gitId":"gweeyc"},"content":"","lastModifiedDate":"2021-08-18"},{"lineNumber":38,"author":{"gitId":"gweeyc"},"content":"    static void lineDraw(){","lastModifiedDate":"2021-08-19"},{"lineNumber":39,"author":{"gitId":"gweeyc"},"content":"        System.out.print(\"          \");","lastModifiedDate":"2021-08-19"},{"lineNumber":40,"author":{"gitId":"gweeyc"},"content":"        Stream.generate(() -\u003e \"_\").limit(65).forEach(System.out::print);","lastModifiedDate":"2021-08-19"},{"lineNumber":41,"author":{"gitId":"gweeyc"},"content":"        System.out.println();","lastModifiedDate":"2021-08-19"},{"lineNumber":42,"author":{"gitId":"gweeyc"},"content":"    }","lastModifiedDate":"2021-08-19"},{"lineNumber":43,"author":{"gitId":"gweeyc"},"content":"","lastModifiedDate":"2021-08-19"},{"lineNumber":44,"author":{"gitId":"gweeyc"},"content":"    private static boolean echoBye(String input) {","lastModifiedDate":"2021-08-19"},{"lineNumber":45,"author":{"gitId":"gweeyc"},"content":"        if (input.equals(\"bye\")) {","lastModifiedDate":"2021-08-18"},{"lineNumber":46,"author":{"gitId":"gweeyc"},"content":"            System.out.print(\"LisGenie : \");","lastModifiedDate":"2021-08-18"},{"lineNumber":47,"author":{"gitId":"gweeyc"},"content":"            bye();","lastModifiedDate":"2021-08-18"},{"lineNumber":48,"author":{"gitId":"gweeyc"},"content":"            lineDraw();","lastModifiedDate":"2021-08-18"},{"lineNumber":49,"author":{"gitId":"gweeyc"},"content":"            return true;","lastModifiedDate":"2021-08-19"},{"lineNumber":50,"author":{"gitId":"gweeyc"},"content":"        } else {","lastModifiedDate":"2021-08-18"},{"lineNumber":51,"author":{"gitId":"gweeyc"},"content":"            switch (input.split(\" \")[0]) {","lastModifiedDate":"2021-08-19"},{"lineNumber":52,"author":{"gitId":"gweeyc"},"content":"                case \"list\":","lastModifiedDate":"2021-08-19"},{"lineNumber":53,"author":{"gitId":"gweeyc"},"content":"                    int i \u003d 1;","lastModifiedDate":"2021-08-19"},{"lineNumber":54,"author":{"gitId":"gweeyc"},"content":"                    for (String s : table) {","lastModifiedDate":"2021-08-19"},{"lineNumber":55,"author":{"gitId":"gweeyc"},"content":"                        System.out.printf(\"%12d. %s%n\", i++, s);","lastModifiedDate":"2021-08-19"},{"lineNumber":56,"author":{"gitId":"gweeyc"},"content":"                    }","lastModifiedDate":"2021-08-18"},{"lineNumber":57,"author":{"gitId":"gweeyc"},"content":"                    break;","lastModifiedDate":"2021-08-19"},{"lineNumber":58,"author":{"gitId":"gweeyc"},"content":"                default:","lastModifiedDate":"2021-08-19"},{"lineNumber":59,"author":{"gitId":"gweeyc"},"content":"                    table.add(input);","lastModifiedDate":"2021-08-19"},{"lineNumber":60,"author":{"gitId":"gweeyc"},"content":"                    System.out.println(\"LisGenie : added: \" + input);","lastModifiedDate":"2021-08-19"},{"lineNumber":61,"author":{"gitId":"gweeyc"},"content":"                    break;","lastModifiedDate":"2021-08-19"},{"lineNumber":62,"author":{"gitId":"gweeyc"},"content":"            }","lastModifiedDate":"2021-08-18"},{"lineNumber":63,"author":{"gitId":"gweeyc"},"content":"","lastModifiedDate":"2021-08-18"},{"lineNumber":64,"author":{"gitId":"gweeyc"},"content":"            lineDraw();","lastModifiedDate":"2021-08-19"},{"lineNumber":65,"author":{"gitId":"gweeyc"},"content":"        }","lastModifiedDate":"2021-08-19"},{"lineNumber":66,"author":{"gitId":"gweeyc"},"content":"","lastModifiedDate":"2021-08-19"},{"lineNumber":67,"author":{"gitId":"gweeyc"},"content":"        return false;","lastModifiedDate":"2021-08-19"},{"lineNumber":68,"author":{"gitId":"-"},"content":"    }","lastModifiedDate":"2019-07-29"},{"lineNumber":69,"author":{"gitId":"-"},"content":"}","lastModifiedDate":"2019-07-29"}],"authorContributionMap":{"gweeyc":59,"-":10}}]
