[{"path":"src/main/java/Duke.java","fileType":"java","lines":[{"lineNumber":1,"author":{"gitId":"gweeyc"},"content":"import java.util.Scanner;","lastModifiedDate":"2021-08-18"},{"lineNumber":2,"author":{"gitId":"gweeyc"},"content":"import java.util.stream.Stream;","lastModifiedDate":"2021-08-18"},{"lineNumber":3,"author":{"gitId":"gweeyc"},"content":"","lastModifiedDate":"2021-08-17"},{"lineNumber":4,"author":{"gitId":"-"},"content":"public class Duke {","lastModifiedDate":"2021-08-18"},{"lineNumber":5,"author":{"gitId":"gweeyc"},"content":"    private static final Task[] table \u003d new Task[100];","lastModifiedDate":"2021-08-20"},{"lineNumber":6,"author":{"gitId":"gweeyc"},"content":"    private static int index;","lastModifiedDate":"2021-08-20"},{"lineNumber":7,"author":{"gitId":"gweeyc"},"content":"","lastModifiedDate":"2021-08-19"},{"lineNumber":8,"author":{"gitId":"gweeyc"},"content":"    static void greet(){","lastModifiedDate":"2021-08-17"},{"lineNumber":9,"author":{"gitId":"gweeyc"},"content":"        System.out.println(\"Hello! I\u0027m LisGenie\");","lastModifiedDate":"2021-08-18"},{"lineNumber":10,"author":{"gitId":"gweeyc"},"content":"        System.out.println(\"What can I do for you?\");","lastModifiedDate":"2021-08-17"},{"lineNumber":11,"author":{"gitId":"gweeyc"},"content":"    }","lastModifiedDate":"2021-08-18"},{"lineNumber":12,"author":{"gitId":"gweeyc"},"content":"","lastModifiedDate":"2021-08-18"},{"lineNumber":13,"author":{"gitId":"gweeyc"},"content":"    static void bye(){","lastModifiedDate":"2021-08-18"},{"lineNumber":14,"author":{"gitId":"gweeyc"},"content":"        System.out.printf(\"Bye. Hope to see you again soon!%n\");","lastModifiedDate":"2021-08-18"},{"lineNumber":15,"author":{"gitId":"gweeyc"},"content":"    }","lastModifiedDate":"2021-08-18"},{"lineNumber":16,"author":{"gitId":"gweeyc"},"content":"","lastModifiedDate":"2021-08-18"},{"lineNumber":17,"author":{"gitId":"-"},"content":"    public static void main(String[] args) {","lastModifiedDate":"2019-07-29"},{"lineNumber":18,"author":{"gitId":"-"},"content":"        String logo \u003d \" ____        _        \\n\"","lastModifiedDate":"2019-07-29"},{"lineNumber":19,"author":{"gitId":"-"},"content":"                + \"|  _ \\\\ _   _| | _____ \\n\"","lastModifiedDate":"2019-07-29"},{"lineNumber":20,"author":{"gitId":"-"},"content":"                + \"| | | | | | | |/ / _ \\\\\\n\"","lastModifiedDate":"2019-07-29"},{"lineNumber":21,"author":{"gitId":"-"},"content":"                + \"| |_| | |_| |   \u003c  __/\\n\"","lastModifiedDate":"2019-07-29"},{"lineNumber":22,"author":{"gitId":"-"},"content":"                + \"|____/ \\\\__,_|_|\\\\_\\\\___|\\n\";","lastModifiedDate":"2019-07-29"},{"lineNumber":23,"author":{"gitId":"-"},"content":"        System.out.println(\"Hello from\\n\" + logo);","lastModifiedDate":"2019-07-29"},{"lineNumber":24,"author":{"gitId":"gweeyc"},"content":"        greet();","lastModifiedDate":"2021-08-17"},{"lineNumber":25,"author":{"gitId":"gweeyc"},"content":"","lastModifiedDate":"2021-08-18"},{"lineNumber":26,"author":{"gitId":"gweeyc"},"content":"        Scanner sc \u003d new Scanner(System.in);","lastModifiedDate":"2021-08-18"},{"lineNumber":27,"author":{"gitId":"gweeyc"},"content":"        String input;","lastModifiedDate":"2021-08-19"},{"lineNumber":28,"author":{"gitId":"gweeyc"},"content":"        do {","lastModifiedDate":"2021-08-19"},{"lineNumber":29,"author":{"gitId":"gweeyc"},"content":"            System.out.println();","lastModifiedDate":"2021-08-18"},{"lineNumber":30,"author":{"gitId":"gweeyc"},"content":"            System.out.print(\"MasterOm : \");","lastModifiedDate":"2021-08-18"},{"lineNumber":31,"author":{"gitId":"gweeyc"},"content":"","lastModifiedDate":"2021-08-20"},{"lineNumber":32,"author":{"gitId":"gweeyc"},"content":"            input \u003d sc.nextLine().trim();","lastModifiedDate":"2021-08-20"},{"lineNumber":33,"author":{"gitId":"gweeyc"},"content":"            if (input.isEmpty())","lastModifiedDate":"2021-08-20"},{"lineNumber":34,"author":{"gitId":"gweeyc"},"content":"                System.out.println(\"eh...empty string...not usable...here! Retry again, O Master?\");","lastModifiedDate":"2021-08-20"},{"lineNumber":35,"author":{"gitId":"gweeyc"},"content":"","lastModifiedDate":"2021-08-20"},{"lineNumber":36,"author":{"gitId":"gweeyc"},"content":"            lineDraw();","lastModifiedDate":"2021-08-18"},{"lineNumber":37,"author":{"gitId":"gweeyc"},"content":"        } while (!echoBye(input));","lastModifiedDate":"2021-08-19"},{"lineNumber":38,"author":{"gitId":"gweeyc"},"content":"","lastModifiedDate":"2021-08-19"},{"lineNumber":39,"author":{"gitId":"gweeyc"},"content":"        sc.close();","lastModifiedDate":"2021-08-19"},{"lineNumber":40,"author":{"gitId":"gweeyc"},"content":"    }","lastModifiedDate":"2021-08-19"},{"lineNumber":41,"author":{"gitId":"gweeyc"},"content":"","lastModifiedDate":"2021-08-18"},{"lineNumber":42,"author":{"gitId":"gweeyc"},"content":"    static void lineDraw(){","lastModifiedDate":"2021-08-19"},{"lineNumber":43,"author":{"gitId":"gweeyc"},"content":"        System.out.print(\"          \");","lastModifiedDate":"2021-08-19"},{"lineNumber":44,"author":{"gitId":"gweeyc"},"content":"        Stream.generate(() -\u003e \"_\").limit(65).forEach(System.out::print);","lastModifiedDate":"2021-08-19"},{"lineNumber":45,"author":{"gitId":"gweeyc"},"content":"        System.out.println();","lastModifiedDate":"2021-08-19"},{"lineNumber":46,"author":{"gitId":"gweeyc"},"content":"    }","lastModifiedDate":"2021-08-19"},{"lineNumber":47,"author":{"gitId":"gweeyc"},"content":"","lastModifiedDate":"2021-08-19"},{"lineNumber":48,"author":{"gitId":"gweeyc"},"content":"    private static boolean echoBye(String input) {","lastModifiedDate":"2021-08-19"},{"lineNumber":49,"author":{"gitId":"gweeyc"},"content":"        if (input.equals(\"bye\") || input.equals(\"exit\")) {","lastModifiedDate":"2021-08-20"},{"lineNumber":50,"author":{"gitId":"gweeyc"},"content":"            System.out.print(\"LisGenie : \");","lastModifiedDate":"2021-08-18"},{"lineNumber":51,"author":{"gitId":"gweeyc"},"content":"            bye();","lastModifiedDate":"2021-08-18"},{"lineNumber":52,"author":{"gitId":"gweeyc"},"content":"            lineDraw();","lastModifiedDate":"2021-08-18"},{"lineNumber":53,"author":{"gitId":"gweeyc"},"content":"            return true;","lastModifiedDate":"2021-08-19"},{"lineNumber":54,"author":{"gitId":"gweeyc"},"content":"        } else {","lastModifiedDate":"2021-08-18"},{"lineNumber":55,"author":{"gitId":"gweeyc"},"content":"            String[] words \u003d input.split(\" \");","lastModifiedDate":"2021-08-20"},{"lineNumber":56,"author":{"gitId":"gweeyc"},"content":"","lastModifiedDate":"2021-08-20"},{"lineNumber":57,"author":{"gitId":"gweeyc"},"content":"            switch (words[0]) {","lastModifiedDate":"2021-08-20"},{"lineNumber":58,"author":{"gitId":"gweeyc"},"content":"                case \"done\":","lastModifiedDate":"2021-08-20"},{"lineNumber":59,"author":{"gitId":"gweeyc"},"content":"                    try {","lastModifiedDate":"2021-08-20"},{"lineNumber":60,"author":{"gitId":"gweeyc"},"content":"                        int idx \u003d Integer.parseInt(words[1]) - 1;","lastModifiedDate":"2021-08-20"},{"lineNumber":61,"author":{"gitId":"gweeyc"},"content":"","lastModifiedDate":"2021-08-20"},{"lineNumber":62,"author":{"gitId":"gweeyc"},"content":"                        if (idx \u003e\u003d 0 \u0026\u0026 idx \u003c\u003d 99) {","lastModifiedDate":"2021-08-20"},{"lineNumber":63,"author":{"gitId":"gweeyc"},"content":"                            Task item \u003d table[idx];","lastModifiedDate":"2021-08-20"},{"lineNumber":64,"author":{"gitId":"gweeyc"},"content":"                            item.setDone(true);","lastModifiedDate":"2021-08-20"},{"lineNumber":65,"author":{"gitId":"gweeyc"},"content":"","lastModifiedDate":"2021-08-20"},{"lineNumber":66,"author":{"gitId":"gweeyc"},"content":"                            System.out.printf(\"%11s\", \" \");","lastModifiedDate":"2021-08-20"},{"lineNumber":67,"author":{"gitId":"gweeyc"},"content":"                            System.out.println(\"Nice! I\u0027ve marked this task as done:\");","lastModifiedDate":"2021-08-20"},{"lineNumber":68,"author":{"gitId":"gweeyc"},"content":"                            System.out.printf(\"%13s\", \" \");","lastModifiedDate":"2021-08-20"},{"lineNumber":69,"author":{"gitId":"gweeyc"},"content":"                            System.out.printf(\"[%s] %s%n\", item.getStatusIcon(), item);","lastModifiedDate":"2021-08-20"},{"lineNumber":70,"author":{"gitId":"gweeyc"},"content":"                        } else {","lastModifiedDate":"2021-08-20"},{"lineNumber":71,"author":{"gitId":"gweeyc"},"content":"                            System.out.println(\"item position outside of list: \" + idx);","lastModifiedDate":"2021-08-20"},{"lineNumber":72,"author":{"gitId":"gweeyc"},"content":"                        }","lastModifiedDate":"2021-08-20"},{"lineNumber":73,"author":{"gitId":"gweeyc"},"content":"                    }catch(NumberFormatException ex){","lastModifiedDate":"2021-08-20"},{"lineNumber":74,"author":{"gitId":"gweeyc"},"content":"                        ex.printStackTrace();","lastModifiedDate":"2021-08-20"},{"lineNumber":75,"author":{"gitId":"gweeyc"},"content":"                    }","lastModifiedDate":"2021-08-20"},{"lineNumber":76,"author":{"gitId":"gweeyc"},"content":"                    break;","lastModifiedDate":"2021-08-20"},{"lineNumber":77,"author":{"gitId":"gweeyc"},"content":"","lastModifiedDate":"2021-08-20"},{"lineNumber":78,"author":{"gitId":"gweeyc"},"content":"                case \"list\":","lastModifiedDate":"2021-08-19"},{"lineNumber":79,"author":{"gitId":"gweeyc"},"content":"                    System.out.printf(\"%11s\", \" \");","lastModifiedDate":"2021-08-20"},{"lineNumber":80,"author":{"gitId":"gweeyc"},"content":"                    System.out.printf(\"Here are the tasks in your list:%n\");","lastModifiedDate":"2021-08-20"},{"lineNumber":81,"author":{"gitId":"gweeyc"},"content":"","lastModifiedDate":"2021-08-20"},{"lineNumber":82,"author":{"gitId":"gweeyc"},"content":"                    int i \u003d 1;","lastModifiedDate":"2021-08-19"},{"lineNumber":83,"author":{"gitId":"gweeyc"},"content":"                    for(Task s : table){","lastModifiedDate":"2021-08-20"},{"lineNumber":84,"author":{"gitId":"gweeyc"},"content":"                        if(s !\u003d null)","lastModifiedDate":"2021-08-20"},{"lineNumber":85,"author":{"gitId":"gweeyc"},"content":"                            System.out.printf(\"%12d.[%s] %s%n\", i++, s.getStatusIcon(), s);","lastModifiedDate":"2021-08-20"},{"lineNumber":86,"author":{"gitId":"gweeyc"},"content":"                    }","lastModifiedDate":"2021-08-18"},{"lineNumber":87,"author":{"gitId":"gweeyc"},"content":"                    break;","lastModifiedDate":"2021-08-19"},{"lineNumber":88,"author":{"gitId":"gweeyc"},"content":"","lastModifiedDate":"2021-08-20"},{"lineNumber":89,"author":{"gitId":"gweeyc"},"content":"                case \"\":","lastModifiedDate":"2021-08-20"},{"lineNumber":90,"author":{"gitId":"gweeyc"},"content":"                    break;","lastModifiedDate":"2021-08-20"},{"lineNumber":91,"author":{"gitId":"gweeyc"},"content":"","lastModifiedDate":"2021-08-20"},{"lineNumber":92,"author":{"gitId":"gweeyc"},"content":"                default:","lastModifiedDate":"2021-08-19"},{"lineNumber":93,"author":{"gitId":"gweeyc"},"content":"                    table[index++] \u003d new Task(input);","lastModifiedDate":"2021-08-20"},{"lineNumber":94,"author":{"gitId":"gweeyc"},"content":"                    System.out.println(\"LisGenie : added: \" + input);","lastModifiedDate":"2021-08-19"},{"lineNumber":95,"author":{"gitId":"gweeyc"},"content":"                    break;","lastModifiedDate":"2021-08-19"},{"lineNumber":96,"author":{"gitId":"gweeyc"},"content":"            }","lastModifiedDate":"2021-08-18"},{"lineNumber":97,"author":{"gitId":"gweeyc"},"content":"","lastModifiedDate":"2021-08-18"},{"lineNumber":98,"author":{"gitId":"gweeyc"},"content":"            lineDraw();","lastModifiedDate":"2021-08-19"},{"lineNumber":99,"author":{"gitId":"gweeyc"},"content":"        }","lastModifiedDate":"2021-08-19"},{"lineNumber":100,"author":{"gitId":"gweeyc"},"content":"","lastModifiedDate":"2021-08-19"},{"lineNumber":101,"author":{"gitId":"gweeyc"},"content":"        return false;","lastModifiedDate":"2021-08-19"},{"lineNumber":102,"author":{"gitId":"-"},"content":"    }","lastModifiedDate":"2019-07-29"},{"lineNumber":103,"author":{"gitId":"-"},"content":"}","lastModifiedDate":"2019-07-29"}],"authorContributionMap":{"gweeyc":93,"-":10}},{"path":"src/main/java/Task.java","fileType":"java","lines":[{"lineNumber":1,"author":{"gitId":"gweeyc"},"content":"public class Task {","lastModifiedDate":"2021-08-20"},{"lineNumber":2,"author":{"gitId":"gweeyc"},"content":"","lastModifiedDate":"2021-08-20"},{"lineNumber":3,"author":{"gitId":"gweeyc"},"content":"        protected String description;","lastModifiedDate":"2021-08-20"},{"lineNumber":4,"author":{"gitId":"gweeyc"},"content":"        protected boolean isDone;","lastModifiedDate":"2021-08-20"},{"lineNumber":5,"author":{"gitId":"gweeyc"},"content":"","lastModifiedDate":"2021-08-20"},{"lineNumber":6,"author":{"gitId":"gweeyc"},"content":"        public Task(String description) {","lastModifiedDate":"2021-08-20"},{"lineNumber":7,"author":{"gitId":"gweeyc"},"content":"            this.description \u003d description;","lastModifiedDate":"2021-08-20"},{"lineNumber":8,"author":{"gitId":"gweeyc"},"content":"        }","lastModifiedDate":"2021-08-20"},{"lineNumber":9,"author":{"gitId":"gweeyc"},"content":"","lastModifiedDate":"2021-08-20"},{"lineNumber":10,"author":{"gitId":"gweeyc"},"content":"        public String getStatusIcon() {","lastModifiedDate":"2021-08-20"},{"lineNumber":11,"author":{"gitId":"gweeyc"},"content":"            return (isDone ? \"X\" : \" \"); // mark done task with X","lastModifiedDate":"2021-08-20"},{"lineNumber":12,"author":{"gitId":"gweeyc"},"content":"        }","lastModifiedDate":"2021-08-20"},{"lineNumber":13,"author":{"gitId":"gweeyc"},"content":"","lastModifiedDate":"2021-08-20"},{"lineNumber":14,"author":{"gitId":"gweeyc"},"content":"        protected void setDone(boolean status) {","lastModifiedDate":"2021-08-20"},{"lineNumber":15,"author":{"gitId":"gweeyc"},"content":"            isDone \u003d status;","lastModifiedDate":"2021-08-20"},{"lineNumber":16,"author":{"gitId":"gweeyc"},"content":"        }","lastModifiedDate":"2021-08-20"},{"lineNumber":17,"author":{"gitId":"gweeyc"},"content":"","lastModifiedDate":"2021-08-20"},{"lineNumber":18,"author":{"gitId":"gweeyc"},"content":"        protected String getDesc(){","lastModifiedDate":"2021-08-20"},{"lineNumber":19,"author":{"gitId":"gweeyc"},"content":"            return description;","lastModifiedDate":"2021-08-20"},{"lineNumber":20,"author":{"gitId":"gweeyc"},"content":"        }","lastModifiedDate":"2021-08-20"},{"lineNumber":21,"author":{"gitId":"gweeyc"},"content":"","lastModifiedDate":"2021-08-20"},{"lineNumber":22,"author":{"gitId":"gweeyc"},"content":"        @Override","lastModifiedDate":"2021-08-20"},{"lineNumber":23,"author":{"gitId":"gweeyc"},"content":"        public String toString() {","lastModifiedDate":"2021-08-20"},{"lineNumber":24,"author":{"gitId":"gweeyc"},"content":"            return description;","lastModifiedDate":"2021-08-20"},{"lineNumber":25,"author":{"gitId":"gweeyc"},"content":"        }   // description to print to console output","lastModifiedDate":"2021-08-20"},{"lineNumber":26,"author":{"gitId":"gweeyc"},"content":"}","lastModifiedDate":"2021-08-20"}],"authorContributionMap":{"gweeyc":26}}]
