[{"path":"src/main/java/Duke.java","fileType":"java","lines":[{"lineNumber":1,"author":{"gitId":"gweeyc"},"content":"import java.sql.SQLOutput;","lastModifiedDate":"2021-08-18"},{"lineNumber":2,"author":{"gitId":"gweeyc"},"content":"import java.util.Scanner;","lastModifiedDate":"2021-08-18"},{"lineNumber":3,"author":{"gitId":"gweeyc"},"content":"import java.util.stream.Stream;","lastModifiedDate":"2021-08-18"},{"lineNumber":4,"author":{"gitId":"gweeyc"},"content":"","lastModifiedDate":"2021-08-17"},{"lineNumber":5,"author":{"gitId":"-"},"content":"public class Duke {","lastModifiedDate":"2021-08-18"},{"lineNumber":6,"author":{"gitId":"gweeyc"},"content":"    static void greet(){","lastModifiedDate":"2021-08-17"},{"lineNumber":7,"author":{"gitId":"gweeyc"},"content":"        System.out.println(\"Hello! I\u0027m LisGenie\");","lastModifiedDate":"2021-08-18"},{"lineNumber":8,"author":{"gitId":"gweeyc"},"content":"        System.out.println(\"What can I do for you?\");","lastModifiedDate":"2021-08-17"},{"lineNumber":9,"author":{"gitId":"gweeyc"},"content":"    }","lastModifiedDate":"2021-08-18"},{"lineNumber":10,"author":{"gitId":"gweeyc"},"content":"","lastModifiedDate":"2021-08-18"},{"lineNumber":11,"author":{"gitId":"gweeyc"},"content":"    static void bye(){","lastModifiedDate":"2021-08-18"},{"lineNumber":12,"author":{"gitId":"gweeyc"},"content":"        System.out.printf(\"Bye. Hope to see you again soon!%n\");","lastModifiedDate":"2021-08-18"},{"lineNumber":13,"author":{"gitId":"gweeyc"},"content":"    }","lastModifiedDate":"2021-08-18"},{"lineNumber":14,"author":{"gitId":"gweeyc"},"content":"","lastModifiedDate":"2021-08-18"},{"lineNumber":15,"author":{"gitId":"gweeyc"},"content":"    static void lineDraw(){","lastModifiedDate":"2021-08-18"},{"lineNumber":16,"author":{"gitId":"gweeyc"},"content":"        System.out.print(\"          \");","lastModifiedDate":"2021-08-18"},{"lineNumber":17,"author":{"gitId":"gweeyc"},"content":"        Stream.generate(() -\u003e \"_\").limit(65).forEach(System.out::print);","lastModifiedDate":"2021-08-18"},{"lineNumber":18,"author":{"gitId":"gweeyc"},"content":"        System.out.println();","lastModifiedDate":"2021-08-18"},{"lineNumber":19,"author":{"gitId":"gweeyc"},"content":"    }","lastModifiedDate":"2021-08-17"},{"lineNumber":20,"author":{"gitId":"gweeyc"},"content":"","lastModifiedDate":"2021-08-17"},{"lineNumber":21,"author":{"gitId":"-"},"content":"    public static void main(String[] args) {","lastModifiedDate":"2019-07-29"},{"lineNumber":22,"author":{"gitId":"-"},"content":"        String logo \u003d \" ____        _        \\n\"","lastModifiedDate":"2019-07-29"},{"lineNumber":23,"author":{"gitId":"-"},"content":"                + \"|  _ \\\\ _   _| | _____ \\n\"","lastModifiedDate":"2019-07-29"},{"lineNumber":24,"author":{"gitId":"-"},"content":"                + \"| | | | | | | |/ / _ \\\\\\n\"","lastModifiedDate":"2019-07-29"},{"lineNumber":25,"author":{"gitId":"-"},"content":"                + \"| |_| | |_| |   \u003c  __/\\n\"","lastModifiedDate":"2019-07-29"},{"lineNumber":26,"author":{"gitId":"-"},"content":"                + \"|____/ \\\\__,_|_|\\\\_\\\\___|\\n\";","lastModifiedDate":"2019-07-29"},{"lineNumber":27,"author":{"gitId":"-"},"content":"        System.out.println(\"Hello from\\n\" + logo);","lastModifiedDate":"2019-07-29"},{"lineNumber":28,"author":{"gitId":"gweeyc"},"content":"        greet();","lastModifiedDate":"2021-08-17"},{"lineNumber":29,"author":{"gitId":"gweeyc"},"content":"","lastModifiedDate":"2021-08-18"},{"lineNumber":30,"author":{"gitId":"gweeyc"},"content":"        Scanner sc \u003d new Scanner(System.in);","lastModifiedDate":"2021-08-18"},{"lineNumber":31,"author":{"gitId":"gweeyc"},"content":"        String input \u003d \"\";","lastModifiedDate":"2021-08-18"},{"lineNumber":32,"author":{"gitId":"gweeyc"},"content":"","lastModifiedDate":"2021-08-18"},{"lineNumber":33,"author":{"gitId":"gweeyc"},"content":"        while(true) {","lastModifiedDate":"2021-08-18"},{"lineNumber":34,"author":{"gitId":"gweeyc"},"content":"            System.out.println();","lastModifiedDate":"2021-08-18"},{"lineNumber":35,"author":{"gitId":"gweeyc"},"content":"            System.out.print(\"MasterOm : \");","lastModifiedDate":"2021-08-18"},{"lineNumber":36,"author":{"gitId":"gweeyc"},"content":"            input \u003d sc.nextLine();","lastModifiedDate":"2021-08-18"},{"lineNumber":37,"author":{"gitId":"gweeyc"},"content":"            lineDraw();","lastModifiedDate":"2021-08-18"},{"lineNumber":38,"author":{"gitId":"gweeyc"},"content":"","lastModifiedDate":"2021-08-18"},{"lineNumber":39,"author":{"gitId":"gweeyc"},"content":"            if (input.equals(\"bye\")) {","lastModifiedDate":"2021-08-18"},{"lineNumber":40,"author":{"gitId":"gweeyc"},"content":"                System.out.print(\"LisGenie : \");","lastModifiedDate":"2021-08-18"},{"lineNumber":41,"author":{"gitId":"gweeyc"},"content":"                bye();","lastModifiedDate":"2021-08-18"},{"lineNumber":42,"author":{"gitId":"gweeyc"},"content":"                lineDraw();","lastModifiedDate":"2021-08-18"},{"lineNumber":43,"author":{"gitId":"gweeyc"},"content":"                break;","lastModifiedDate":"2021-08-18"},{"lineNumber":44,"author":{"gitId":"gweeyc"},"content":"            } else {","lastModifiedDate":"2021-08-18"},{"lineNumber":45,"author":{"gitId":"gweeyc"},"content":"                System.out.println(\"LisGenie : \" + input);","lastModifiedDate":"2021-08-18"},{"lineNumber":46,"author":{"gitId":"gweeyc"},"content":"                lineDraw();","lastModifiedDate":"2021-08-18"},{"lineNumber":47,"author":{"gitId":"gweeyc"},"content":"            }","lastModifiedDate":"2021-08-18"},{"lineNumber":48,"author":{"gitId":"gweeyc"},"content":"        }","lastModifiedDate":"2021-08-18"},{"lineNumber":49,"author":{"gitId":"gweeyc"},"content":"","lastModifiedDate":"2021-08-18"},{"lineNumber":50,"author":{"gitId":"gweeyc"},"content":"        sc.close();","lastModifiedDate":"2021-08-18"},{"lineNumber":51,"author":{"gitId":"-"},"content":"    }","lastModifiedDate":"2019-07-29"},{"lineNumber":52,"author":{"gitId":"-"},"content":"}","lastModifiedDate":"2019-07-29"}],"authorContributionMap":{"gweeyc":42,"-":10}}]
