[{"path":"data/tasks.txt","fileType":"txt","lines":[{"lineNumber":1,"author":{"gitId":"gweeyc"},"content":"E : 1 : exhibit : 2.30pm","lastModifiedDate":"2021-09-09"},{"lineNumber":2,"author":{"gitId":"gweeyc"},"content":"D : 1 : return book : June 6th","lastModifiedDate":"2021-09-10"},{"lineNumber":3,"author":{"gitId":"gweeyc"},"content":"D : 0 : attend exam : Fri noon","lastModifiedDate":"2021-09-10"},{"lineNumber":4,"author":{"gitId":"gweeyc"},"content":"E : 1 : attend a movie : 2.30pm HUB","lastModifiedDate":"2021-09-10"},{"lineNumber":5,"author":{"gitId":"gweeyc"},"content":"T : 0 : read a book","lastModifiedDate":"2021-09-10"},{"lineNumber":6,"author":{"gitId":"gweeyc"},"content":"T : 0 : return another book","lastModifiedDate":"2021-09-10"}],"authorContributionMap":{"gweeyc":6}},{"path":"src/main/java/ip/duke/Deadline.java","fileType":"java","lines":[{"lineNumber":1,"author":{"gitId":"gweeyc"},"content":"package ip.duke;","lastModifiedDate":"2021-08-25"},{"lineNumber":2,"author":{"gitId":"gweeyc"},"content":"/**","lastModifiedDate":"2021-09-09"},{"lineNumber":3,"author":{"gitId":"gweeyc"},"content":" * Deadline.java - a simple class for deadline objects.","lastModifiedDate":"2021-09-09"},{"lineNumber":4,"author":{"gitId":"gweeyc"},"content":" * A subclass of Todo","lastModifiedDate":"2021-09-09"},{"lineNumber":5,"author":{"gitId":"gweeyc"},"content":" * @author  Alvin Gwee","lastModifiedDate":"2021-09-09"},{"lineNumber":6,"author":{"gitId":"gweeyc"},"content":" * @version 1.0","lastModifiedDate":"2021-09-09"},{"lineNumber":7,"author":{"gitId":"gweeyc"},"content":" * @see Todo","lastModifiedDate":"2021-09-09"},{"lineNumber":8,"author":{"gitId":"gweeyc"},"content":" */","lastModifiedDate":"2021-09-09"},{"lineNumber":9,"author":{"gitId":"gweeyc"},"content":"public class Deadline extends Todo {","lastModifiedDate":"2021-08-25"},{"lineNumber":10,"author":{"gitId":"gweeyc"},"content":"    private final String by;","lastModifiedDate":"2021-08-25"},{"lineNumber":11,"author":{"gitId":"gweeyc"},"content":"","lastModifiedDate":"2021-09-01"},{"lineNumber":12,"author":{"gitId":"gweeyc"},"content":"    protected Deadline(String description, String by) {","lastModifiedDate":"2021-08-25"},{"lineNumber":13,"author":{"gitId":"gweeyc"},"content":"        super(description);","lastModifiedDate":"2021-08-25"},{"lineNumber":14,"author":{"gitId":"gweeyc"},"content":"        this.by \u003d by;","lastModifiedDate":"2021-08-25"},{"lineNumber":15,"author":{"gitId":"gweeyc"},"content":"    }","lastModifiedDate":"2021-08-25"},{"lineNumber":16,"author":{"gitId":"gweeyc"},"content":"    /**","lastModifiedDate":"2021-09-09"},{"lineNumber":17,"author":{"gitId":"gweeyc"},"content":"     * getter method for the private final field by.","lastModifiedDate":"2021-09-09"},{"lineNumber":18,"author":{"gitId":"gweeyc"},"content":"     * @return A String value.","lastModifiedDate":"2021-09-09"},{"lineNumber":19,"author":{"gitId":"gweeyc"},"content":"     */","lastModifiedDate":"2021-09-09"},{"lineNumber":20,"author":{"gitId":"gweeyc"},"content":"    public String getBy() {","lastModifiedDate":"2021-08-25"},{"lineNumber":21,"author":{"gitId":"gweeyc"},"content":"        return by;","lastModifiedDate":"2021-08-25"},{"lineNumber":22,"author":{"gitId":"gweeyc"},"content":"    }","lastModifiedDate":"2021-08-25"},{"lineNumber":23,"author":{"gitId":"gweeyc"},"content":"","lastModifiedDate":"2021-08-25"},{"lineNumber":24,"author":{"gitId":"gweeyc"},"content":"    @Override","lastModifiedDate":"2021-09-01"},{"lineNumber":25,"author":{"gitId":"gweeyc"},"content":"    public void setId() {","lastModifiedDate":"2021-09-08"},{"lineNumber":26,"author":{"gitId":"gweeyc"},"content":"        this.id \u003d \u0027D\u0027;","lastModifiedDate":"2021-09-08"},{"lineNumber":27,"author":{"gitId":"gweeyc"},"content":"    }","lastModifiedDate":"2021-09-01"},{"lineNumber":28,"author":{"gitId":"gweeyc"},"content":"    /**","lastModifiedDate":"2021-09-09"},{"lineNumber":29,"author":{"gitId":"gweeyc"},"content":"     * Method gives the string representation","lastModifiedDate":"2021-09-09"},{"lineNumber":30,"author":{"gitId":"gweeyc"},"content":"     * of the Deadline object.","lastModifiedDate":"2021-09-09"},{"lineNumber":31,"author":{"gitId":"gweeyc"},"content":"     * @return A String value.","lastModifiedDate":"2021-09-09"},{"lineNumber":32,"author":{"gitId":"gweeyc"},"content":"     */","lastModifiedDate":"2021-09-09"},{"lineNumber":33,"author":{"gitId":"gweeyc"},"content":"    @Override","lastModifiedDate":"2021-08-25"},{"lineNumber":34,"author":{"gitId":"gweeyc"},"content":"    public String toString() {","lastModifiedDate":"2021-08-25"},{"lineNumber":35,"author":{"gitId":"gweeyc"},"content":"        return String.format(\"%s (by: %s)\", getDescription(), by);","lastModifiedDate":"2021-09-08"},{"lineNumber":36,"author":{"gitId":"gweeyc"},"content":"    }","lastModifiedDate":"2021-09-08"},{"lineNumber":37,"author":{"gitId":"gweeyc"},"content":"","lastModifiedDate":"2021-09-08"},{"lineNumber":38,"author":{"gitId":"gweeyc"},"content":"    @Override","lastModifiedDate":"2021-09-08"},{"lineNumber":39,"author":{"gitId":"gweeyc"},"content":"    public String toFileString() {","lastModifiedDate":"2021-09-08"},{"lineNumber":40,"author":{"gitId":"gweeyc"},"content":"        return super.toFileString().replaceFirst(\"T\", \"D\") + \" : \" + by;","lastModifiedDate":"2021-09-08"},{"lineNumber":41,"author":{"gitId":"gweeyc"},"content":"    }","lastModifiedDate":"2021-08-25"},{"lineNumber":42,"author":{"gitId":"gweeyc"},"content":"}","lastModifiedDate":"2021-08-25"}],"authorContributionMap":{"gweeyc":42}},{"path":"src/main/java/ip/duke/Duke.java","fileType":"java","lines":[{"lineNumber":1,"author":{"gitId":"gweeyc"},"content":"package ip.duke;","lastModifiedDate":"2021-08-25"},{"lineNumber":2,"author":{"gitId":"gweeyc"},"content":"","lastModifiedDate":"2021-08-25"},{"lineNumber":3,"author":{"gitId":"gweeyc"},"content":"import ip.duke.exceptions.DukeException;","lastModifiedDate":"2021-09-01"},{"lineNumber":4,"author":{"gitId":"gweeyc"},"content":"import ip.duke.task.Task;","lastModifiedDate":"2021-09-01"},{"lineNumber":5,"author":{"gitId":"gweeyc"},"content":"","lastModifiedDate":"2021-09-01"},{"lineNumber":6,"author":{"gitId":"gweeyc"},"content":"import java.io.BufferedReader;","lastModifiedDate":"2021-09-09"},{"lineNumber":7,"author":{"gitId":"gweeyc"},"content":"import java.io.BufferedWriter;","lastModifiedDate":"2021-09-09"},{"lineNumber":8,"author":{"gitId":"gweeyc"},"content":"import java.io.Closeable;","lastModifiedDate":"2021-09-09"},{"lineNumber":9,"author":{"gitId":"gweeyc"},"content":"import java.io.FileReader;","lastModifiedDate":"2021-09-09"},{"lineNumber":10,"author":{"gitId":"gweeyc"},"content":"import java.io.FileWriter;","lastModifiedDate":"2021-09-09"},{"lineNumber":11,"author":{"gitId":"gweeyc"},"content":"import java.io.IOException;","lastModifiedDate":"2021-09-09"},{"lineNumber":12,"author":{"gitId":"gweeyc"},"content":"import java.util.LinkedHashSet;","lastModifiedDate":"2021-09-10"},{"lineNumber":13,"author":{"gitId":"gweeyc"},"content":"import java.util.Scanner;","lastModifiedDate":"2021-08-25"},{"lineNumber":14,"author":{"gitId":"gweeyc"},"content":"import java.util.stream.Stream;","lastModifiedDate":"2021-08-25"},{"lineNumber":15,"author":{"gitId":"gweeyc"},"content":"/**","lastModifiedDate":"2021-08-25"},{"lineNumber":16,"author":{"gitId":"gweeyc"},"content":" * LisGenie Chat Bot CLI App - a task management online assistant.","lastModifiedDate":"2021-09-09"},{"lineNumber":17,"author":{"gitId":"gweeyc"},"content":" *","lastModifiedDate":"2021-08-25"},{"lineNumber":18,"author":{"gitId":"gweeyc"},"content":" * \u003c/P\u003eDeals with user tasks register, chat service and administration.","lastModifiedDate":"2021-09-09"},{"lineNumber":19,"author":{"gitId":"gweeyc"},"content":" *","lastModifiedDate":"2021-08-25"},{"lineNumber":20,"author":{"gitId":"gweeyc"},"content":" * \u003cP\u003eNote that tasks are stored as Task objects in a Task[] array (Optimum max size : 100).","lastModifiedDate":"2021-09-09"},{"lineNumber":21,"author":{"gitId":"gweeyc"},"content":" *","lastModifiedDate":"2021-08-25"},{"lineNumber":22,"author":{"gitId":"gweeyc"},"content":" * @author Gwee Yeu Chai","lastModifiedDate":"2021-08-25"},{"lineNumber":23,"author":{"gitId":"gweeyc"},"content":" * @version 1.0","lastModifiedDate":"2021-08-25"},{"lineNumber":24,"author":{"gitId":"gweeyc"},"content":" * @since 2021-08-01","lastModifiedDate":"2021-09-09"},{"lineNumber":25,"author":{"gitId":"gweeyc"},"content":" */","lastModifiedDate":"2021-08-25"},{"lineNumber":26,"author":{"gitId":"gweeyc"},"content":"public class Duke {","lastModifiedDate":"2021-08-25"},{"lineNumber":27,"author":{"gitId":"gweeyc"},"content":"    // Collection preserves input sequence, yields constant time for update/delete ops","lastModifiedDate":"2021-09-09"},{"lineNumber":28,"author":{"gitId":"gweeyc"},"content":"    private static final LinkedHashSet\u003cTask\u003e TASKS \u003d new LinkedHashSet\u003c\u003e(125, (float) 0.8);","lastModifiedDate":"2021-09-10"},{"lineNumber":29,"author":{"gitId":"gweeyc"},"content":"    // Text file for saving all online records stored in TASKS database","lastModifiedDate":"2021-09-10"},{"lineNumber":30,"author":{"gitId":"gweeyc"},"content":"    private final static String FILE \u003d \"data/tasks.txt\";","lastModifiedDate":"2021-09-08"},{"lineNumber":31,"author":{"gitId":"gweeyc"},"content":"","lastModifiedDate":"2021-09-09"},{"lineNumber":32,"author":{"gitId":"gweeyc"},"content":"    // greet and prompt user for input","lastModifiedDate":"2021-09-09"},{"lineNumber":33,"author":{"gitId":"gweeyc"},"content":"    static void greet() {","lastModifiedDate":"2021-08-25"},{"lineNumber":34,"author":{"gitId":"gweeyc"},"content":"        System.out.print(\"Hello! I\u0027m LisGenie\");","lastModifiedDate":"2021-09-01"},{"lineNumber":35,"author":{"gitId":"gweeyc"},"content":"        System.out.println(\"What can I do for you?\");","lastModifiedDate":"2021-08-25"},{"lineNumber":36,"author":{"gitId":"gweeyc"},"content":"    }","lastModifiedDate":"2021-08-25"},{"lineNumber":37,"author":{"gitId":"gweeyc"},"content":"    // Bye / exit message","lastModifiedDate":"2021-09-09"},{"lineNumber":38,"author":{"gitId":"gweeyc"},"content":"    static void bye() {","lastModifiedDate":"2021-08-25"},{"lineNumber":39,"author":{"gitId":"gweeyc"},"content":"        System.out.print(\"LisGenie : \");","lastModifiedDate":"2021-09-01"},{"lineNumber":40,"author":{"gitId":"gweeyc"},"content":"        System.out.printf(\"Bye. Hope to see you again soon!%n\");","lastModifiedDate":"2021-08-25"},{"lineNumber":41,"author":{"gitId":"gweeyc"},"content":"    }","lastModifiedDate":"2021-08-25"},{"lineNumber":42,"author":{"gitId":"gweeyc"},"content":"","lastModifiedDate":"2021-08-25"},{"lineNumber":43,"author":{"gitId":"gweeyc"},"content":"    // This method draws a horizontal line","lastModifiedDate":"2021-08-26"},{"lineNumber":44,"author":{"gitId":"gweeyc"},"content":"    static void drawALine() {","lastModifiedDate":"2021-09-01"},{"lineNumber":45,"author":{"gitId":"gweeyc"},"content":"        System.out.print(\"          \");","lastModifiedDate":"2021-08-25"},{"lineNumber":46,"author":{"gitId":"gweeyc"},"content":"        Stream.generate(() -\u003e \"_\").limit(65).forEach(System.out::print);","lastModifiedDate":"2021-08-25"},{"lineNumber":47,"author":{"gitId":"gweeyc"},"content":"        System.out.println();","lastModifiedDate":"2021-08-25"},{"lineNumber":48,"author":{"gitId":"gweeyc"},"content":"    }","lastModifiedDate":"2021-08-25"},{"lineNumber":49,"author":{"gitId":"gweeyc"},"content":"","lastModifiedDate":"2021-08-25"},{"lineNumber":50,"author":{"gitId":"gweeyc"},"content":"    public static void main(String[] args) {","lastModifiedDate":"2021-08-25"},{"lineNumber":51,"author":{"gitId":"gweeyc"},"content":"        getTasksFromFile();","lastModifiedDate":"2021-09-09"},{"lineNumber":52,"author":{"gitId":"gweeyc"},"content":"        // Greeting screen display","lastModifiedDate":"2021-08-26"},{"lineNumber":53,"author":{"gitId":"gweeyc"},"content":"        String logo \u003d \" ____        _        \\n\"","lastModifiedDate":"2021-08-25"},{"lineNumber":54,"author":{"gitId":"gweeyc"},"content":"                + \"|  _ \\\\ _   _| | _____ \\n\"","lastModifiedDate":"2021-08-25"},{"lineNumber":55,"author":{"gitId":"gweeyc"},"content":"                + \"| | | | | | | |/ / _ \\\\\\n\"","lastModifiedDate":"2021-08-25"},{"lineNumber":56,"author":{"gitId":"gweeyc"},"content":"                + \"| |_| | |_| |   \u003c  __/\\n\"","lastModifiedDate":"2021-08-25"},{"lineNumber":57,"author":{"gitId":"gweeyc"},"content":"                + \"|____/ \\\\__,_|_|\\\\_\\\\___|\\n\";","lastModifiedDate":"2021-08-25"},{"lineNumber":58,"author":{"gitId":"gweeyc"},"content":"        System.out.println(\"Hello from\\n\" + logo);","lastModifiedDate":"2021-08-25"},{"lineNumber":59,"author":{"gitId":"gweeyc"},"content":"        // Greet user","lastModifiedDate":"2021-09-01"},{"lineNumber":60,"author":{"gitId":"gweeyc"},"content":"        greet();","lastModifiedDate":"2021-08-25"},{"lineNumber":61,"author":{"gitId":"gweeyc"},"content":"","lastModifiedDate":"2021-09-09"},{"lineNumber":62,"author":{"gitId":"gweeyc"},"content":"        if(TASKS.size() \u003d\u003d 100){","lastModifiedDate":"2021-09-10"},{"lineNumber":63,"author":{"gitId":"gweeyc"},"content":"            System.out.println();","lastModifiedDate":"2021-09-09"},{"lineNumber":64,"author":{"gitId":"gweeyc"},"content":"            System.out.print(\"           \");","lastModifiedDate":"2021-09-09"},{"lineNumber":65,"author":{"gitId":"gweeyc"},"content":"            System.out.println(\" *** VroOOm...oomMM! ALERT BEEP! BEEP! O Master!  ***\");","lastModifiedDate":"2021-09-09"},{"lineNumber":66,"author":{"gitId":"gweeyc"},"content":"            System.out.print(\"LisGenie : \");","lastModifiedDate":"2021-09-09"},{"lineNumber":67,"author":{"gitId":"gweeyc"},"content":"            System.out.println(\"[@|@[ \\\"Optimum size of database records: ]@|@] -\u003e 100 reached!\");","lastModifiedDate":"2021-09-09"},{"lineNumber":68,"author":{"gitId":"gweeyc"},"content":"            System.out.print(\"           \");","lastModifiedDate":"2021-09-09"},{"lineNumber":69,"author":{"gitId":"gweeyc"},"content":"            System.out.println(\"        Delete some unused old records before proceeding O Master!\\\"\");","lastModifiedDate":"2021-09-09"},{"lineNumber":70,"author":{"gitId":"gweeyc"},"content":"        }","lastModifiedDate":"2021-09-09"},{"lineNumber":71,"author":{"gitId":"gweeyc"},"content":"        // Get user input","lastModifiedDate":"2021-08-26"},{"lineNumber":72,"author":{"gitId":"gweeyc"},"content":"            Scanner in \u003d new Scanner(System.in);","lastModifiedDate":"2021-09-01"},{"lineNumber":73,"author":{"gitId":"gweeyc"},"content":"            String input;","lastModifiedDate":"2021-08-25"},{"lineNumber":74,"author":{"gitId":"gweeyc"},"content":"            boolean isBye \u003d false;","lastModifiedDate":"2021-09-01"},{"lineNumber":75,"author":{"gitId":"gweeyc"},"content":"            // conversions loop","lastModifiedDate":"2021-08-25"},{"lineNumber":76,"author":{"gitId":"gweeyc"},"content":"            do {","lastModifiedDate":"2021-08-25"},{"lineNumber":77,"author":{"gitId":"gweeyc"},"content":"                System.out.printf(\"%nMasterOm : \");","lastModifiedDate":"2021-08-25"},{"lineNumber":78,"author":{"gitId":"gweeyc"},"content":"                input \u003d in.nextLine().trim();","lastModifiedDate":"2021-09-01"},{"lineNumber":79,"author":{"gitId":"gweeyc"},"content":"                drawALine();","lastModifiedDate":"2021-09-01"},{"lineNumber":80,"author":{"gitId":"gweeyc"},"content":"","lastModifiedDate":"2021-09-01"},{"lineNumber":81,"author":{"gitId":"gweeyc"},"content":"                if (input.isEmpty()) {","lastModifiedDate":"2021-08-25"},{"lineNumber":82,"author":{"gitId":"gweeyc"},"content":"                    // flush buffer","lastModifiedDate":"2021-09-01"},{"lineNumber":83,"author":{"gitId":"gweeyc"},"content":"                    in.nextLine();","lastModifiedDate":"2021-09-01"},{"lineNumber":84,"author":{"gitId":"gweeyc"},"content":"                    echoEmptyInput();","lastModifiedDate":"2021-08-25"},{"lineNumber":85,"author":{"gitId":"gweeyc"},"content":"                }","lastModifiedDate":"2021-08-25"},{"lineNumber":86,"author":{"gitId":"gweeyc"},"content":"","lastModifiedDate":"2021-09-01"},{"lineNumber":87,"author":{"gitId":"gweeyc"},"content":"                try {","lastModifiedDate":"2021-09-01"},{"lineNumber":88,"author":{"gitId":"gweeyc"},"content":"                    isBye \u003d hasTask(input);","lastModifiedDate":"2021-09-03"},{"lineNumber":89,"author":{"gitId":"gweeyc"},"content":"                } catch (DukeException e) {","lastModifiedDate":"2021-09-01"},{"lineNumber":90,"author":{"gitId":"gweeyc"},"content":"                    System.out.println(e.getMessage());","lastModifiedDate":"2021-09-01"},{"lineNumber":91,"author":{"gitId":"gweeyc"},"content":"                }finally {","lastModifiedDate":"2021-09-01"},{"lineNumber":92,"author":{"gitId":"gweeyc"},"content":"                    drawALine();","lastModifiedDate":"2021-09-01"},{"lineNumber":93,"author":{"gitId":"gweeyc"},"content":"                }","lastModifiedDate":"2021-08-25"},{"lineNumber":94,"author":{"gitId":"gweeyc"},"content":"            } while (!isBye);","lastModifiedDate":"2021-09-01"},{"lineNumber":95,"author":{"gitId":"gweeyc"},"content":"","lastModifiedDate":"2021-09-01"},{"lineNumber":96,"author":{"gitId":"gweeyc"},"content":"            in.close();","lastModifiedDate":"2021-09-01"},{"lineNumber":97,"author":{"gitId":"gweeyc"},"content":"    }","lastModifiedDate":"2021-08-25"},{"lineNumber":98,"author":{"gitId":"gweeyc"},"content":"    /**","lastModifiedDate":"2021-09-09"},{"lineNumber":99,"author":{"gitId":"gweeyc"},"content":"     * This is the method which processes tasks and generates related dialogues.","lastModifiedDate":"2021-09-09"},{"lineNumber":100,"author":{"gitId":"gweeyc"},"content":"     * @param command Text input by user.","lastModifiedDate":"2021-09-09"},{"lineNumber":101,"author":{"gitId":"gweeyc"},"content":"     * @return A boolean value.","lastModifiedDate":"2021-09-09"},{"lineNumber":102,"author":{"gitId":"gweeyc"},"content":"     * @exception DukeException On input error.","lastModifiedDate":"2021-09-09"},{"lineNumber":103,"author":{"gitId":"gweeyc"},"content":"     * @see DukeException","lastModifiedDate":"2021-09-09"},{"lineNumber":104,"author":{"gitId":"gweeyc"},"content":"     */","lastModifiedDate":"2021-09-09"},{"lineNumber":105,"author":{"gitId":"gweeyc"},"content":"    private static boolean hasTask(String command) throws DukeException {","lastModifiedDate":"2021-09-03"},{"lineNumber":106,"author":{"gitId":"gweeyc"},"content":"        // Exit the program","lastModifiedDate":"2021-09-01"},{"lineNumber":107,"author":{"gitId":"gweeyc"},"content":"        if (command.equals(\"bye\")) {","lastModifiedDate":"2021-09-01"},{"lineNumber":108,"author":{"gitId":"gweeyc"},"content":"            bye();","lastModifiedDate":"2021-08-25"},{"lineNumber":109,"author":{"gitId":"gweeyc"},"content":"            return true;","lastModifiedDate":"2021-08-25"},{"lineNumber":110,"author":{"gitId":"gweeyc"},"content":"        } else {","lastModifiedDate":"2021-08-25"},{"lineNumber":111,"author":{"gitId":"gweeyc"},"content":"            // Parse user inputs to run the selected tasks errands","lastModifiedDate":"2021-09-09"},{"lineNumber":112,"author":{"gitId":"gweeyc"},"content":"            String[] words \u003d null;","lastModifiedDate":"2021-08-25"},{"lineNumber":113,"author":{"gitId":"gweeyc"},"content":"            // Check if multiple words exist in input before splitting into a string array","lastModifiedDate":"2021-09-08"},{"lineNumber":114,"author":{"gitId":"gweeyc"},"content":"            if(command.indexOf(\" \") \u003e 0){","lastModifiedDate":"2021-09-01"},{"lineNumber":115,"author":{"gitId":"gweeyc"},"content":"                words \u003d command.split(\" \", 2);","lastModifiedDate":"2021-09-01"},{"lineNumber":116,"author":{"gitId":"gweeyc"},"content":"                command \u003d words[0];","lastModifiedDate":"2021-09-03"},{"lineNumber":117,"author":{"gitId":"gweeyc"},"content":"            }","lastModifiedDate":"2021-08-25"},{"lineNumber":118,"author":{"gitId":"gweeyc"},"content":"","lastModifiedDate":"2021-09-01"},{"lineNumber":119,"author":{"gitId":"gweeyc"},"content":"            switch (command) {","lastModifiedDate":"2021-09-01"},{"lineNumber":120,"author":{"gitId":"gweeyc"},"content":"            case \"list\":","lastModifiedDate":"2021-08-25"},{"lineNumber":121,"author":{"gitId":"gweeyc"},"content":"                echoList();","lastModifiedDate":"2021-08-25"},{"lineNumber":122,"author":{"gitId":"gweeyc"},"content":"                break;","lastModifiedDate":"2021-08-25"},{"lineNumber":123,"author":{"gitId":"gweeyc"},"content":"            case \"todo\":","lastModifiedDate":"2021-08-25"},{"lineNumber":124,"author":{"gitId":"gweeyc"},"content":"                try {","lastModifiedDate":"2021-08-25"},{"lineNumber":125,"author":{"gitId":"gweeyc"},"content":"                    addTodo(words[1].trim());","lastModifiedDate":"2021-08-25"},{"lineNumber":126,"author":{"gitId":"gweeyc"},"content":"                } catch (NullPointerException | ArrayIndexOutOfBoundsException err){","lastModifiedDate":"2021-08-25"},{"lineNumber":127,"author":{"gitId":"gweeyc"},"content":"                    throw new DukeException(echoNoDesc(\"todo\"), err);","lastModifiedDate":"2021-09-01"},{"lineNumber":128,"author":{"gitId":"gweeyc"},"content":"                }","lastModifiedDate":"2021-08-25"},{"lineNumber":129,"author":{"gitId":"gweeyc"},"content":"                break;","lastModifiedDate":"2021-08-25"},{"lineNumber":130,"author":{"gitId":"gweeyc"},"content":"            case \"deadline\":","lastModifiedDate":"2021-08-25"},{"lineNumber":131,"author":{"gitId":"gweeyc"},"content":"                try {","lastModifiedDate":"2021-08-25"},{"lineNumber":132,"author":{"gitId":"gweeyc"},"content":"                    addDeadline(words[1].trim());","lastModifiedDate":"2021-08-25"},{"lineNumber":133,"author":{"gitId":"gweeyc"},"content":"                } catch (NullPointerException | ArrayIndexOutOfBoundsException err){","lastModifiedDate":"2021-08-25"},{"lineNumber":134,"author":{"gitId":"gweeyc"},"content":"                    throw new DukeException(echoNoBy(), err);","lastModifiedDate":"2021-09-03"},{"lineNumber":135,"author":{"gitId":"gweeyc"},"content":"                }","lastModifiedDate":"2021-08-25"},{"lineNumber":136,"author":{"gitId":"gweeyc"},"content":"                break;","lastModifiedDate":"2021-08-25"},{"lineNumber":137,"author":{"gitId":"gweeyc"},"content":"            case \"event\":","lastModifiedDate":"2021-08-25"},{"lineNumber":138,"author":{"gitId":"gweeyc"},"content":"                try {","lastModifiedDate":"2021-08-25"},{"lineNumber":139,"author":{"gitId":"gweeyc"},"content":"                    addEvent(words[1].trim());","lastModifiedDate":"2021-08-25"},{"lineNumber":140,"author":{"gitId":"gweeyc"},"content":"                } catch (NullPointerException | ArrayIndexOutOfBoundsException err){","lastModifiedDate":"2021-08-25"},{"lineNumber":141,"author":{"gitId":"gweeyc"},"content":"                    throw new DukeException(echoNoAt(), err);","lastModifiedDate":"2021-09-03"},{"lineNumber":142,"author":{"gitId":"gweeyc"},"content":"                }","lastModifiedDate":"2021-08-25"},{"lineNumber":143,"author":{"gitId":"gweeyc"},"content":"                break;","lastModifiedDate":"2021-08-25"},{"lineNumber":144,"author":{"gitId":"gweeyc"},"content":"            case \"delete\":","lastModifiedDate":"2021-09-08"},{"lineNumber":145,"author":{"gitId":"gweeyc"},"content":"                try {","lastModifiedDate":"2021-09-08"},{"lineNumber":146,"author":{"gitId":"gweeyc"},"content":"                    doDelete(words[1]);","lastModifiedDate":"2021-09-08"},{"lineNumber":147,"author":{"gitId":"gweeyc"},"content":"                } catch (NumberFormatException ex) {","lastModifiedDate":"2021-09-08"},{"lineNumber":148,"author":{"gitId":"gweeyc"},"content":"                    throw new DukeException(echoNotNum(\"delete\"), ex);","lastModifiedDate":"2021-09-08"},{"lineNumber":149,"author":{"gitId":"gweeyc"},"content":"                } catch (NullPointerException | ArrayIndexOutOfBoundsException err){","lastModifiedDate":"2021-09-08"},{"lineNumber":150,"author":{"gitId":"gweeyc"},"content":"                    throw new DukeException(echoNoTaskNum(\"delete\"), err);","lastModifiedDate":"2021-09-08"},{"lineNumber":151,"author":{"gitId":"gweeyc"},"content":"                }","lastModifiedDate":"2021-09-08"},{"lineNumber":152,"author":{"gitId":"gweeyc"},"content":"                break;","lastModifiedDate":"2021-09-08"},{"lineNumber":153,"author":{"gitId":"gweeyc"},"content":"            case \"done\":","lastModifiedDate":"2021-09-08"},{"lineNumber":154,"author":{"gitId":"gweeyc"},"content":"                try {","lastModifiedDate":"2021-09-08"},{"lineNumber":155,"author":{"gitId":"gweeyc"},"content":"                    doDone(words[1]);","lastModifiedDate":"2021-09-08"},{"lineNumber":156,"author":{"gitId":"gweeyc"},"content":"                } catch (NumberFormatException ex) {","lastModifiedDate":"2021-09-08"},{"lineNumber":157,"author":{"gitId":"gweeyc"},"content":"                    throw new DukeException(echoNotNum(\"done\"), ex);","lastModifiedDate":"2021-09-08"},{"lineNumber":158,"author":{"gitId":"gweeyc"},"content":"                } catch (NullPointerException | ArrayIndexOutOfBoundsException err){","lastModifiedDate":"2021-09-08"},{"lineNumber":159,"author":{"gitId":"gweeyc"},"content":"                    throw new DukeException(echoNoTaskNum(\"done\"), err);","lastModifiedDate":"2021-09-08"},{"lineNumber":160,"author":{"gitId":"gweeyc"},"content":"                }","lastModifiedDate":"2021-09-08"},{"lineNumber":161,"author":{"gitId":"gweeyc"},"content":"                break;","lastModifiedDate":"2021-09-08"},{"lineNumber":162,"author":{"gitId":"gweeyc"},"content":"            case \"\":","lastModifiedDate":"2021-08-25"},{"lineNumber":163,"author":{"gitId":"gweeyc"},"content":"                break;","lastModifiedDate":"2021-08-25"},{"lineNumber":164,"author":{"gitId":"gweeyc"},"content":"            default:","lastModifiedDate":"2021-08-25"},{"lineNumber":165,"author":{"gitId":"gweeyc"},"content":"                echoNonInput();","lastModifiedDate":"2021-09-01"},{"lineNumber":166,"author":{"gitId":"gweeyc"},"content":"                break;","lastModifiedDate":"2021-08-25"},{"lineNumber":167,"author":{"gitId":"gweeyc"},"content":"            }","lastModifiedDate":"2021-08-25"},{"lineNumber":168,"author":{"gitId":"gweeyc"},"content":"        }","lastModifiedDate":"2021-08-25"},{"lineNumber":169,"author":{"gitId":"gweeyc"},"content":"        return false;","lastModifiedDate":"2021-08-25"},{"lineNumber":170,"author":{"gitId":"gweeyc"},"content":"    }","lastModifiedDate":"2021-08-25"},{"lineNumber":171,"author":{"gitId":"gweeyc"},"content":"","lastModifiedDate":"2021-08-25"},{"lineNumber":172,"author":{"gitId":"gweeyc"},"content":"    private static void addDeadline(String input) {","lastModifiedDate":"2021-08-25"},{"lineNumber":173,"author":{"gitId":"gweeyc"},"content":"        String[] parts \u003d input.split(\" /by \", 2);","lastModifiedDate":"2021-08-25"},{"lineNumber":174,"author":{"gitId":"gweeyc"},"content":"        Deadline item \u003d new Deadline(parts[0].trim(), parts[1].trim());","lastModifiedDate":"2021-09-08"},{"lineNumber":175,"author":{"gitId":"gweeyc"},"content":"        TASKS.add(item);","lastModifiedDate":"2021-09-10"},{"lineNumber":176,"author":{"gitId":"gweeyc"},"content":"        echoAdded(item);","lastModifiedDate":"2021-09-08"},{"lineNumber":177,"author":{"gitId":"gweeyc"},"content":"        appendToFile(TASKS.size() - 1);","lastModifiedDate":"2021-09-10"},{"lineNumber":178,"author":{"gitId":"gweeyc"},"content":"    }","lastModifiedDate":"2021-08-25"},{"lineNumber":179,"author":{"gitId":"gweeyc"},"content":"","lastModifiedDate":"2021-09-08"},{"lineNumber":180,"author":{"gitId":"gweeyc"},"content":"    private static void addEvent(String input) {","lastModifiedDate":"2021-08-25"},{"lineNumber":181,"author":{"gitId":"gweeyc"},"content":"        String[] parts \u003d input.split(\" /at \", 2);","lastModifiedDate":"2021-08-25"},{"lineNumber":182,"author":{"gitId":"gweeyc"},"content":"        Event item \u003d new Event(parts[0].trim(), parts[1].trim());","lastModifiedDate":"2021-09-08"},{"lineNumber":183,"author":{"gitId":"gweeyc"},"content":"        TASKS.add(item);","lastModifiedDate":"2021-09-10"},{"lineNumber":184,"author":{"gitId":"gweeyc"},"content":"        echoAdded(item);","lastModifiedDate":"2021-09-08"},{"lineNumber":185,"author":{"gitId":"gweeyc"},"content":"        appendToFile(TASKS.size() - 1);","lastModifiedDate":"2021-09-10"},{"lineNumber":186,"author":{"gitId":"gweeyc"},"content":"    }","lastModifiedDate":"2021-08-25"},{"lineNumber":187,"author":{"gitId":"gweeyc"},"content":"","lastModifiedDate":"2021-08-25"},{"lineNumber":188,"author":{"gitId":"gweeyc"},"content":"    private static void addTodo(String input) {","lastModifiedDate":"2021-08-25"},{"lineNumber":189,"author":{"gitId":"gweeyc"},"content":"        Todo item \u003d new Todo(input);","lastModifiedDate":"2021-09-08"},{"lineNumber":190,"author":{"gitId":"gweeyc"},"content":"        TASKS.add(item);","lastModifiedDate":"2021-09-10"},{"lineNumber":191,"author":{"gitId":"gweeyc"},"content":"        echoAdded(item);","lastModifiedDate":"2021-09-08"},{"lineNumber":192,"author":{"gitId":"gweeyc"},"content":"        appendToFile(TASKS.size() - 1);","lastModifiedDate":"2021-09-10"},{"lineNumber":193,"author":{"gitId":"gweeyc"},"content":"    }","lastModifiedDate":"2021-08-25"},{"lineNumber":194,"author":{"gitId":"gweeyc"},"content":"","lastModifiedDate":"2021-08-25"},{"lineNumber":195,"author":{"gitId":"gweeyc"},"content":"    private static void appendToFile(int index) {","lastModifiedDate":"2021-09-09"},{"lineNumber":196,"author":{"gitId":"gweeyc"},"content":"        BufferedWriter disk \u003d null;","lastModifiedDate":"2021-09-09"},{"lineNumber":197,"author":{"gitId":"gweeyc"},"content":"","lastModifiedDate":"2021-09-08"},{"lineNumber":198,"author":{"gitId":"gweeyc"},"content":"        try {","lastModifiedDate":"2021-09-09"},{"lineNumber":199,"author":{"gitId":"gweeyc"},"content":"            disk \u003d new BufferedWriter(new FileWriter(Duke.FILE, true));","lastModifiedDate":"2021-09-09"},{"lineNumber":200,"author":{"gitId":"gweeyc"},"content":"            disk.write(getItem(index).toFileString() + System.lineSeparator());","lastModifiedDate":"2021-09-10"},{"lineNumber":201,"author":{"gitId":"gweeyc"},"content":"","lastModifiedDate":"2021-09-09"},{"lineNumber":202,"author":{"gitId":"gweeyc"},"content":"        } catch (IOException e) {","lastModifiedDate":"2021-09-09"},{"lineNumber":203,"author":{"gitId":"gweeyc"},"content":"            System.out.print(\"LisGenie : \");","lastModifiedDate":"2021-09-09"},{"lineNumber":204,"author":{"gitId":"gweeyc"},"content":"            System.out.println(\"File access problem... \" + e.getMessage());","lastModifiedDate":"2021-09-09"},{"lineNumber":205,"author":{"gitId":"gweeyc"},"content":"","lastModifiedDate":"2021-09-09"},{"lineNumber":206,"author":{"gitId":"gweeyc"},"content":"        } finally {","lastModifiedDate":"2021-09-09"},{"lineNumber":207,"author":{"gitId":"gweeyc"},"content":"            toClose(disk);","lastModifiedDate":"2021-09-09"},{"lineNumber":208,"author":{"gitId":"gweeyc"},"content":"        }","lastModifiedDate":"2021-09-08"},{"lineNumber":209,"author":{"gitId":"gweeyc"},"content":"    }","lastModifiedDate":"2021-09-08"},{"lineNumber":210,"author":{"gitId":"gweeyc"},"content":"","lastModifiedDate":"2021-09-08"},{"lineNumber":211,"author":{"gitId":"gweeyc"},"content":"    private static void doDelete(String word) {","lastModifiedDate":"2021-09-08"},{"lineNumber":212,"author":{"gitId":"gweeyc"},"content":"        int itemIndex \u003d Integer.parseInt(word.trim()) - 1;","lastModifiedDate":"2021-09-08"},{"lineNumber":213,"author":{"gitId":"gweeyc"},"content":"","lastModifiedDate":"2021-09-08"},{"lineNumber":214,"author":{"gitId":"gweeyc"},"content":"        if (itemIndex \u003c 0 || itemIndex \u003e 99) {","lastModifiedDate":"2021-09-08"},{"lineNumber":215,"author":{"gitId":"gweeyc"},"content":"            echoOffList(itemIndex);","lastModifiedDate":"2021-09-08"},{"lineNumber":216,"author":{"gitId":"gweeyc"},"content":"        } else {","lastModifiedDate":"2021-09-08"},{"lineNumber":217,"author":{"gitId":"gweeyc"},"content":"            drop(itemIndex);","lastModifiedDate":"2021-09-09"},{"lineNumber":218,"author":{"gitId":"gweeyc"},"content":"            writeToFile();","lastModifiedDate":"2021-09-09"},{"lineNumber":219,"author":{"gitId":"gweeyc"},"content":"        }","lastModifiedDate":"2021-09-08"},{"lineNumber":220,"author":{"gitId":"gweeyc"},"content":"    }","lastModifiedDate":"2021-09-08"},{"lineNumber":221,"author":{"gitId":"gweeyc"},"content":"","lastModifiedDate":"2021-09-08"},{"lineNumber":222,"author":{"gitId":"gweeyc"},"content":"    private static void doDone(String word) {","lastModifiedDate":"2021-09-08"},{"lineNumber":223,"author":{"gitId":"gweeyc"},"content":"        int itemIndex \u003d Integer.parseInt(word.trim()) - 1;","lastModifiedDate":"2021-09-08"},{"lineNumber":224,"author":{"gitId":"gweeyc"},"content":"","lastModifiedDate":"2021-09-08"},{"lineNumber":225,"author":{"gitId":"gweeyc"},"content":"        if (itemIndex \u003c 0 || itemIndex \u003e 99) {","lastModifiedDate":"2021-09-08"},{"lineNumber":226,"author":{"gitId":"gweeyc"},"content":"            echoOffList(itemIndex);","lastModifiedDate":"2021-09-08"},{"lineNumber":227,"author":{"gitId":"gweeyc"},"content":"        } else {","lastModifiedDate":"2021-09-08"},{"lineNumber":228,"author":{"gitId":"gweeyc"},"content":"            updateDoneStatus(itemIndex);","lastModifiedDate":"2021-09-08"},{"lineNumber":229,"author":{"gitId":"gweeyc"},"content":"            writeToFile();","lastModifiedDate":"2021-09-09"},{"lineNumber":230,"author":{"gitId":"gweeyc"},"content":"        }","lastModifiedDate":"2021-09-08"},{"lineNumber":231,"author":{"gitId":"gweeyc"},"content":"    }","lastModifiedDate":"2021-09-08"},{"lineNumber":232,"author":{"gitId":"gweeyc"},"content":"    /**","lastModifiedDate":"2021-09-10"},{"lineNumber":233,"author":{"gitId":"gweeyc"},"content":"     * Extract a Task item by \"index\" or its sequenced order.","lastModifiedDate":"2021-09-10"},{"lineNumber":234,"author":{"gitId":"gweeyc"},"content":"     * @param idx indexed location of target Task item","lastModifiedDate":"2021-09-10"},{"lineNumber":235,"author":{"gitId":"gweeyc"},"content":"     * @return A Task object.","lastModifiedDate":"2021-09-10"},{"lineNumber":236,"author":{"gitId":"gweeyc"},"content":"     */","lastModifiedDate":"2021-09-10"},{"lineNumber":237,"author":{"gitId":"gweeyc"},"content":"    private static Task getItem(int idx){","lastModifiedDate":"2021-09-10"},{"lineNumber":238,"author":{"gitId":"gweeyc"},"content":"        int currentIndex \u003d 0;","lastModifiedDate":"2021-09-10"},{"lineNumber":239,"author":{"gitId":"gweeyc"},"content":"        Task item \u003d null;","lastModifiedDate":"2021-09-10"},{"lineNumber":240,"author":{"gitId":"gweeyc"},"content":"","lastModifiedDate":"2021-09-10"},{"lineNumber":241,"author":{"gitId":"gweeyc"},"content":"        for(Task element : TASKS){","lastModifiedDate":"2021-09-10"},{"lineNumber":242,"author":{"gitId":"gweeyc"},"content":"            if(currentIndex \u003d\u003d idx){","lastModifiedDate":"2021-09-10"},{"lineNumber":243,"author":{"gitId":"gweeyc"},"content":"                item \u003d element;","lastModifiedDate":"2021-09-10"},{"lineNumber":244,"author":{"gitId":"gweeyc"},"content":"                break;","lastModifiedDate":"2021-09-10"},{"lineNumber":245,"author":{"gitId":"gweeyc"},"content":"            }else{","lastModifiedDate":"2021-09-10"},{"lineNumber":246,"author":{"gitId":"gweeyc"},"content":"                ++currentIndex;","lastModifiedDate":"2021-09-10"},{"lineNumber":247,"author":{"gitId":"gweeyc"},"content":"            }","lastModifiedDate":"2021-09-10"},{"lineNumber":248,"author":{"gitId":"gweeyc"},"content":"        }","lastModifiedDate":"2021-09-10"},{"lineNumber":249,"author":{"gitId":"gweeyc"},"content":"        return item;","lastModifiedDate":"2021-09-10"},{"lineNumber":250,"author":{"gitId":"gweeyc"},"content":"    }","lastModifiedDate":"2021-09-10"},{"lineNumber":251,"author":{"gitId":"gweeyc"},"content":"","lastModifiedDate":"2021-09-08"},{"lineNumber":252,"author":{"gitId":"gweeyc"},"content":"    private static void getTasksFromFile() {  //load from file","lastModifiedDate":"2021-09-09"},{"lineNumber":253,"author":{"gitId":"gweeyc"},"content":"        BufferedReader reader \u003d null;","lastModifiedDate":"2021-09-09"},{"lineNumber":254,"author":{"gitId":"gweeyc"},"content":"","lastModifiedDate":"2021-09-09"},{"lineNumber":255,"author":{"gitId":"gweeyc"},"content":"        try {","lastModifiedDate":"2021-09-09"},{"lineNumber":256,"author":{"gitId":"gweeyc"},"content":"            reader \u003d new BufferedReader(new FileReader(FILE));","lastModifiedDate":"2021-09-09"},{"lineNumber":257,"author":{"gitId":"gweeyc"},"content":"            String line \u003d reader.readLine();","lastModifiedDate":"2021-09-09"},{"lineNumber":258,"author":{"gitId":"gweeyc"},"content":"","lastModifiedDate":"2021-09-09"},{"lineNumber":259,"author":{"gitId":"gweeyc"},"content":"            while (line !\u003d null) {","lastModifiedDate":"2021-09-09"},{"lineNumber":260,"author":{"gitId":"gweeyc"},"content":"","lastModifiedDate":"2021-09-09"},{"lineNumber":261,"author":{"gitId":"gweeyc"},"content":"                if (!line.trim().equals(\"\")) {","lastModifiedDate":"2021-09-09"},{"lineNumber":262,"author":{"gitId":"gweeyc"},"content":"                    Task entry \u003d createTask(line.replace(\"\\\\s+\", \" \"));","lastModifiedDate":"2021-09-09"},{"lineNumber":263,"author":{"gitId":"gweeyc"},"content":"","lastModifiedDate":"2021-09-09"},{"lineNumber":264,"author":{"gitId":"gweeyc"},"content":"                    if(entry !\u003d null) {","lastModifiedDate":"2021-09-09"},{"lineNumber":265,"author":{"gitId":"gweeyc"},"content":"                        TASKS.add(entry);","lastModifiedDate":"2021-09-10"},{"lineNumber":266,"author":{"gitId":"gweeyc"},"content":"                    }","lastModifiedDate":"2021-09-09"},{"lineNumber":267,"author":{"gitId":"gweeyc"},"content":"                }","lastModifiedDate":"2021-09-09"},{"lineNumber":268,"author":{"gitId":"gweeyc"},"content":"","lastModifiedDate":"2021-09-09"},{"lineNumber":269,"author":{"gitId":"gweeyc"},"content":"                line \u003d reader.readLine();","lastModifiedDate":"2021-09-09"},{"lineNumber":270,"author":{"gitId":"gweeyc"},"content":"            }","lastModifiedDate":"2021-09-09"},{"lineNumber":271,"author":{"gitId":"gweeyc"},"content":"","lastModifiedDate":"2021-09-09"},{"lineNumber":272,"author":{"gitId":"gweeyc"},"content":"        } catch (IOException e) {","lastModifiedDate":"2021-09-09"},{"lineNumber":273,"author":{"gitId":"gweeyc"},"content":"            System.out.print(\"LisGenie : \");","lastModifiedDate":"2021-09-09"},{"lineNumber":274,"author":{"gitId":"gweeyc"},"content":"            System.out.println((\"Error accessing file...exiting, contact Admin!\"));","lastModifiedDate":"2021-09-09"},{"lineNumber":275,"author":{"gitId":"gweeyc"},"content":"","lastModifiedDate":"2021-09-09"},{"lineNumber":276,"author":{"gitId":"gweeyc"},"content":"        } finally {","lastModifiedDate":"2021-09-09"},{"lineNumber":277,"author":{"gitId":"gweeyc"},"content":"            toClose(reader);","lastModifiedDate":"2021-09-09"},{"lineNumber":278,"author":{"gitId":"gweeyc"},"content":"        }","lastModifiedDate":"2021-09-09"},{"lineNumber":279,"author":{"gitId":"gweeyc"},"content":"    }","lastModifiedDate":"2021-09-09"},{"lineNumber":280,"author":{"gitId":"gweeyc"},"content":"","lastModifiedDate":"2021-09-09"},{"lineNumber":281,"author":{"gitId":"gweeyc"},"content":"    private static Task createTask(String str) {","lastModifiedDate":"2021-09-09"},{"lineNumber":282,"author":{"gitId":"gweeyc"},"content":"        String[] text \u003d str.trim().split(\":\");","lastModifiedDate":"2021-09-09"},{"lineNumber":283,"author":{"gitId":"gweeyc"},"content":"","lastModifiedDate":"2021-09-09"},{"lineNumber":284,"author":{"gitId":"gweeyc"},"content":"        for (int i \u003d 0; i \u003c text.length; i++) {","lastModifiedDate":"2021-09-09"},{"lineNumber":285,"author":{"gitId":"gweeyc"},"content":"            text[i] \u003d text[i].trim();","lastModifiedDate":"2021-09-09"},{"lineNumber":286,"author":{"gitId":"gweeyc"},"content":"        }","lastModifiedDate":"2021-09-09"},{"lineNumber":287,"author":{"gitId":"gweeyc"},"content":"","lastModifiedDate":"2021-09-09"},{"lineNumber":288,"author":{"gitId":"gweeyc"},"content":"        Task t \u003d null;","lastModifiedDate":"2021-09-09"},{"lineNumber":289,"author":{"gitId":"gweeyc"},"content":"","lastModifiedDate":"2021-09-09"},{"lineNumber":290,"author":{"gitId":"gweeyc"},"content":"        try {","lastModifiedDate":"2021-09-09"},{"lineNumber":291,"author":{"gitId":"gweeyc"},"content":"            switch (text[0]) {","lastModifiedDate":"2021-09-09"},{"lineNumber":292,"author":{"gitId":"gweeyc"},"content":"            case \"T\":","lastModifiedDate":"2021-09-09"},{"lineNumber":293,"author":{"gitId":"gweeyc"},"content":"                t \u003d new Todo(text[2]);","lastModifiedDate":"2021-09-09"},{"lineNumber":294,"author":{"gitId":"gweeyc"},"content":"                break;","lastModifiedDate":"2021-09-09"},{"lineNumber":295,"author":{"gitId":"gweeyc"},"content":"            case \"D\":","lastModifiedDate":"2021-09-09"},{"lineNumber":296,"author":{"gitId":"gweeyc"},"content":"                t \u003d new Deadline(text[2], text[3]);","lastModifiedDate":"2021-09-09"},{"lineNumber":297,"author":{"gitId":"gweeyc"},"content":"                break;","lastModifiedDate":"2021-09-09"},{"lineNumber":298,"author":{"gitId":"gweeyc"},"content":"            case \"E\":","lastModifiedDate":"2021-09-09"},{"lineNumber":299,"author":{"gitId":"gweeyc"},"content":"                t \u003d new Event(text[2], text[3]);","lastModifiedDate":"2021-09-09"},{"lineNumber":300,"author":{"gitId":"gweeyc"},"content":"                break;","lastModifiedDate":"2021-09-09"},{"lineNumber":301,"author":{"gitId":"gweeyc"},"content":"            default:","lastModifiedDate":"2021-09-09"},{"lineNumber":302,"author":{"gitId":"gweeyc"},"content":"                throw new IllegalStateException(\"Unexpected value: \" + text[0]);","lastModifiedDate":"2021-09-09"},{"lineNumber":303,"author":{"gitId":"gweeyc"},"content":"            }","lastModifiedDate":"2021-09-09"},{"lineNumber":304,"author":{"gitId":"gweeyc"},"content":"","lastModifiedDate":"2021-09-09"},{"lineNumber":305,"author":{"gitId":"gweeyc"},"content":"            if (text[1].equals(\"1\")) {","lastModifiedDate":"2021-09-09"},{"lineNumber":306,"author":{"gitId":"gweeyc"},"content":"                t.setDone();","lastModifiedDate":"2021-09-09"},{"lineNumber":307,"author":{"gitId":"gweeyc"},"content":"            }","lastModifiedDate":"2021-09-09"},{"lineNumber":308,"author":{"gitId":"gweeyc"},"content":"","lastModifiedDate":"2021-09-09"},{"lineNumber":309,"author":{"gitId":"gweeyc"},"content":"        } catch (ArrayIndexOutOfBoundsException | IllegalStateException err) {","lastModifiedDate":"2021-09-09"},{"lineNumber":310,"author":{"gitId":"gweeyc"},"content":"            System.out.println(\"Database file format errors detected: Contact Admin.\");","lastModifiedDate":"2021-09-09"},{"lineNumber":311,"author":{"gitId":"gweeyc"},"content":"        }","lastModifiedDate":"2021-09-09"},{"lineNumber":312,"author":{"gitId":"gweeyc"},"content":"        return t;","lastModifiedDate":"2021-09-09"},{"lineNumber":313,"author":{"gitId":"gweeyc"},"content":"    }","lastModifiedDate":"2021-09-09"},{"lineNumber":314,"author":{"gitId":"gweeyc"},"content":"","lastModifiedDate":"2021-09-09"},{"lineNumber":315,"author":{"gitId":"gweeyc"},"content":"    private static void drop(int idx){","lastModifiedDate":"2021-09-09"},{"lineNumber":316,"author":{"gitId":"gweeyc"},"content":"        Task item \u003d getItem(idx);","lastModifiedDate":"2021-09-10"},{"lineNumber":317,"author":{"gitId":"gweeyc"},"content":"","lastModifiedDate":"2021-09-09"},{"lineNumber":318,"author":{"gitId":"gweeyc"},"content":"        if(item !\u003d null) {","lastModifiedDate":"2021-09-09"},{"lineNumber":319,"author":{"gitId":"gweeyc"},"content":"            TASKS.remove(item);","lastModifiedDate":"2021-09-10"},{"lineNumber":320,"author":{"gitId":"gweeyc"},"content":"            echoDelete(item);","lastModifiedDate":"2021-09-09"},{"lineNumber":321,"author":{"gitId":"gweeyc"},"content":"        }else{","lastModifiedDate":"2021-09-09"},{"lineNumber":322,"author":{"gitId":"gweeyc"},"content":"            echoNoEntries();","lastModifiedDate":"2021-09-09"},{"lineNumber":323,"author":{"gitId":"gweeyc"},"content":"        }","lastModifiedDate":"2021-09-09"},{"lineNumber":324,"author":{"gitId":"gweeyc"},"content":"    }","lastModifiedDate":"2021-09-09"},{"lineNumber":325,"author":{"gitId":"gweeyc"},"content":"    //for possible closure technical glitch","lastModifiedDate":"2021-09-09"},{"lineNumber":326,"author":{"gitId":"gweeyc"},"content":"    public static void toClose(Closeable obj) {","lastModifiedDate":"2021-09-09"},{"lineNumber":327,"author":{"gitId":"gweeyc"},"content":"","lastModifiedDate":"2021-09-09"},{"lineNumber":328,"author":{"gitId":"gweeyc"},"content":"        if (obj !\u003d null) {","lastModifiedDate":"2021-09-09"},{"lineNumber":329,"author":{"gitId":"gweeyc"},"content":"","lastModifiedDate":"2021-09-09"},{"lineNumber":330,"author":{"gitId":"gweeyc"},"content":"            try {","lastModifiedDate":"2021-09-09"},{"lineNumber":331,"author":{"gitId":"gweeyc"},"content":"                obj.close();","lastModifiedDate":"2021-09-09"},{"lineNumber":332,"author":{"gitId":"gweeyc"},"content":"","lastModifiedDate":"2021-09-09"},{"lineNumber":333,"author":{"gitId":"gweeyc"},"content":"            } catch (IOException ex) {","lastModifiedDate":"2021-09-09"},{"lineNumber":334,"author":{"gitId":"gweeyc"},"content":"                System.out.print(\"LisGenie : \");","lastModifiedDate":"2021-09-09"},{"lineNumber":335,"author":{"gitId":"gweeyc"},"content":"                System.out.println(\"Possible disc error / file system full!\" + ex.getMessage());","lastModifiedDate":"2021-09-09"},{"lineNumber":336,"author":{"gitId":"gweeyc"},"content":"            }","lastModifiedDate":"2021-09-09"},{"lineNumber":337,"author":{"gitId":"gweeyc"},"content":"        }","lastModifiedDate":"2021-09-09"},{"lineNumber":338,"author":{"gitId":"gweeyc"},"content":"    }","lastModifiedDate":"2021-09-09"},{"lineNumber":339,"author":{"gitId":"gweeyc"},"content":"","lastModifiedDate":"2021-09-09"},{"lineNumber":340,"author":{"gitId":"gweeyc"},"content":"    private static void updateDoneStatus(int idx){","lastModifiedDate":"2021-09-08"},{"lineNumber":341,"author":{"gitId":"gweeyc"},"content":"        Task item \u003d getItem(idx);","lastModifiedDate":"2021-09-10"},{"lineNumber":342,"author":{"gitId":"gweeyc"},"content":"","lastModifiedDate":"2021-09-08"},{"lineNumber":343,"author":{"gitId":"gweeyc"},"content":"        if(item !\u003d null) {","lastModifiedDate":"2021-08-25"},{"lineNumber":344,"author":{"gitId":"gweeyc"},"content":"            if (!item.getStatusIcon().equals(\" \")) {","lastModifiedDate":"2021-09-08"},{"lineNumber":345,"author":{"gitId":"gweeyc"},"content":"                System.out.print(\"LisGenie : \");","lastModifiedDate":"2021-09-08"},{"lineNumber":346,"author":{"gitId":"gweeyc"},"content":"                System.out.println(\"Mmm...item already marked done, O Master? Next @|@ task?\");","lastModifiedDate":"2021-09-08"},{"lineNumber":347,"author":{"gitId":"gweeyc"},"content":"            } else {","lastModifiedDate":"2021-09-08"},{"lineNumber":348,"author":{"gitId":"gweeyc"},"content":"                item.setDone();","lastModifiedDate":"2021-08-25"},{"lineNumber":349,"author":{"gitId":"gweeyc"},"content":"                echoDone(item);","lastModifiedDate":"2021-08-25"},{"lineNumber":350,"author":{"gitId":"gweeyc"},"content":"            }","lastModifiedDate":"2021-09-08"},{"lineNumber":351,"author":{"gitId":"gweeyc"},"content":"        }else{","lastModifiedDate":"2021-08-25"},{"lineNumber":352,"author":{"gitId":"gweeyc"},"content":"            echoNoEntries();","lastModifiedDate":"2021-08-25"},{"lineNumber":353,"author":{"gitId":"gweeyc"},"content":"        }","lastModifiedDate":"2021-08-25"},{"lineNumber":354,"author":{"gitId":"gweeyc"},"content":"    }","lastModifiedDate":"2021-08-25"},{"lineNumber":355,"author":{"gitId":"gweeyc"},"content":"","lastModifiedDate":"2021-08-25"},{"lineNumber":356,"author":{"gitId":"gweeyc"},"content":"    private static void writeToFile() {","lastModifiedDate":"2021-09-09"},{"lineNumber":357,"author":{"gitId":"gweeyc"},"content":"        BufferedWriter disk \u003d null;","lastModifiedDate":"2021-09-09"},{"lineNumber":358,"author":{"gitId":"gweeyc"},"content":"","lastModifiedDate":"2021-09-09"},{"lineNumber":359,"author":{"gitId":"gweeyc"},"content":"        try {","lastModifiedDate":"2021-09-09"},{"lineNumber":360,"author":{"gitId":"gweeyc"},"content":"            disk \u003d new BufferedWriter(new FileWriter(Duke.FILE));","lastModifiedDate":"2021-09-09"},{"lineNumber":361,"author":{"gitId":"gweeyc"},"content":"","lastModifiedDate":"2021-09-09"},{"lineNumber":362,"author":{"gitId":"gweeyc"},"content":"            for (Task item : TASKS) {","lastModifiedDate":"2021-09-10"},{"lineNumber":363,"author":{"gitId":"gweeyc"},"content":"                disk.write(item.toFileString() + System.lineSeparator());","lastModifiedDate":"2021-09-10"},{"lineNumber":364,"author":{"gitId":"gweeyc"},"content":"            }","lastModifiedDate":"2021-09-09"},{"lineNumber":365,"author":{"gitId":"gweeyc"},"content":"","lastModifiedDate":"2021-09-09"},{"lineNumber":366,"author":{"gitId":"gweeyc"},"content":"        } catch (IOException e) {","lastModifiedDate":"2021-09-09"},{"lineNumber":367,"author":{"gitId":"gweeyc"},"content":"            System.out.print(\"LisGenie : \");","lastModifiedDate":"2021-09-09"},{"lineNumber":368,"author":{"gitId":"gweeyc"},"content":"            System.out.println(\"File access problem... \" + e.getMessage());","lastModifiedDate":"2021-09-09"},{"lineNumber":369,"author":{"gitId":"gweeyc"},"content":"","lastModifiedDate":"2021-09-09"},{"lineNumber":370,"author":{"gitId":"gweeyc"},"content":"        } finally {","lastModifiedDate":"2021-09-09"},{"lineNumber":371,"author":{"gitId":"gweeyc"},"content":"            toClose(disk);","lastModifiedDate":"2021-09-09"},{"lineNumber":372,"author":{"gitId":"gweeyc"},"content":"        }","lastModifiedDate":"2021-09-09"},{"lineNumber":373,"author":{"gitId":"gweeyc"},"content":"    }","lastModifiedDate":"2021-09-09"},{"lineNumber":374,"author":{"gitId":"gweeyc"},"content":"","lastModifiedDate":"2021-09-09"},{"lineNumber":375,"author":{"gitId":"gweeyc"},"content":"    private static void echoAdded(Task input) {","lastModifiedDate":"2021-08-25"},{"lineNumber":376,"author":{"gitId":"gweeyc"},"content":"        System.out.print(\"LisGenie : \");","lastModifiedDate":"2021-08-26"},{"lineNumber":377,"author":{"gitId":"gweeyc"},"content":"        System.out.println(\"Got it. I\u0027ve added this task:\");","lastModifiedDate":"2021-08-25"},{"lineNumber":378,"author":{"gitId":"gweeyc"},"content":"        postUpdate(input);","lastModifiedDate":"2021-09-08"},{"lineNumber":379,"author":{"gitId":"gweeyc"},"content":"    }","lastModifiedDate":"2021-09-08"},{"lineNumber":380,"author":{"gitId":"gweeyc"},"content":"","lastModifiedDate":"2021-09-01"},{"lineNumber":381,"author":{"gitId":"gweeyc"},"content":"    private static void echoDelete(Task item) {","lastModifiedDate":"2021-09-08"},{"lineNumber":382,"author":{"gitId":"gweeyc"},"content":"        System.out.print(\"LisGenie : \");","lastModifiedDate":"2021-09-08"},{"lineNumber":383,"author":{"gitId":"gweeyc"},"content":"        System.out.println(\"Noted. I\u0027ve removed this task:\");","lastModifiedDate":"2021-09-08"},{"lineNumber":384,"author":{"gitId":"gweeyc"},"content":"        postUpdate(item);","lastModifiedDate":"2021-09-08"},{"lineNumber":385,"author":{"gitId":"gweeyc"},"content":"    }","lastModifiedDate":"2021-08-25"},{"lineNumber":386,"author":{"gitId":"gweeyc"},"content":"","lastModifiedDate":"2021-08-25"},{"lineNumber":387,"author":{"gitId":"gweeyc"},"content":"    private static void echoDone(Task item) {","lastModifiedDate":"2021-08-25"},{"lineNumber":388,"author":{"gitId":"gweeyc"},"content":"        System.out.print(\"LisGenie : \");","lastModifiedDate":"2021-08-26"},{"lineNumber":389,"author":{"gitId":"gweeyc"},"content":"        System.out.println(\"Nice! I\u0027ve marked this task as done:\");","lastModifiedDate":"2021-08-25"},{"lineNumber":390,"author":{"gitId":"gweeyc"},"content":"        System.out.printf(\"%13s\", \" \");","lastModifiedDate":"2021-08-25"},{"lineNumber":391,"author":{"gitId":"gweeyc"},"content":"        System.out.printf(\"[%s] %s%n\", item.getStatusIcon(), item);","lastModifiedDate":"2021-08-25"},{"lineNumber":392,"author":{"gitId":"gweeyc"},"content":"    }","lastModifiedDate":"2021-08-25"},{"lineNumber":393,"author":{"gitId":"gweeyc"},"content":"","lastModifiedDate":"2021-08-25"},{"lineNumber":394,"author":{"gitId":"gweeyc"},"content":"    private static void echoEmptyInput() {","lastModifiedDate":"2021-08-25"},{"lineNumber":395,"author":{"gitId":"gweeyc"},"content":"        System.out.print(\"LisGenie : \");","lastModifiedDate":"2021-08-26"},{"lineNumber":396,"author":{"gitId":"gweeyc"},"content":"        System.out.println(\"eh...Om! Empty string to skip here, O Master! Retry again?\");","lastModifiedDate":"2021-08-25"},{"lineNumber":397,"author":{"gitId":"gweeyc"},"content":"    }","lastModifiedDate":"2021-08-25"},{"lineNumber":398,"author":{"gitId":"gweeyc"},"content":"","lastModifiedDate":"2021-08-25"},{"lineNumber":399,"author":{"gitId":"gweeyc"},"content":"    private static void echoList() {","lastModifiedDate":"2021-08-25"},{"lineNumber":400,"author":{"gitId":"gweeyc"},"content":"        System.out.print(\"LisGenie : \");","lastModifiedDate":"2021-08-26"},{"lineNumber":401,"author":{"gitId":"gweeyc"},"content":"        System.out.printf(\"Here are the tasks in your list:%n\");","lastModifiedDate":"2021-08-25"},{"lineNumber":402,"author":{"gitId":"gweeyc"},"content":"","lastModifiedDate":"2021-08-25"},{"lineNumber":403,"author":{"gitId":"gweeyc"},"content":"        int counter \u003d 1;","lastModifiedDate":"2021-09-09"},{"lineNumber":404,"author":{"gitId":"gweeyc"},"content":"        for (Task item : TASKS) {","lastModifiedDate":"2021-09-10"},{"lineNumber":405,"author":{"gitId":"gweeyc"},"content":"            if ( item !\u003d null)","lastModifiedDate":"2021-09-09"},{"lineNumber":406,"author":{"gitId":"gweeyc"},"content":"                System.out.printf(\"%12d.[%c][%s] %s%n\", counter++, item.getId(), item.getStatusIcon(), item);","lastModifiedDate":"2021-09-09"},{"lineNumber":407,"author":{"gitId":"gweeyc"},"content":"        }","lastModifiedDate":"2021-08-25"},{"lineNumber":408,"author":{"gitId":"gweeyc"},"content":"    }","lastModifiedDate":"2021-08-25"},{"lineNumber":409,"author":{"gitId":"gweeyc"},"content":"","lastModifiedDate":"2021-08-25"},{"lineNumber":410,"author":{"gitId":"gweeyc"},"content":"    private static String echoNoAt() {","lastModifiedDate":"2021-09-03"},{"lineNumber":411,"author":{"gitId":"gweeyc"},"content":"        return String.format(\"LisGenie : OOPS!!! O %s use: \\\"event \u003cspecify event\u003e /at \u003cdatetime\u003e\\\"\", \"event\");","lastModifiedDate":"2021-09-03"},{"lineNumber":412,"author":{"gitId":"gweeyc"},"content":"    }","lastModifiedDate":"2021-08-25"},{"lineNumber":413,"author":{"gitId":"gweeyc"},"content":"","lastModifiedDate":"2021-08-25"},{"lineNumber":414,"author":{"gitId":"gweeyc"},"content":"    private static String echoNoBy() {","lastModifiedDate":"2021-09-03"},{"lineNumber":415,"author":{"gitId":"gweeyc"},"content":"        return String.format(\"LisGenie : OOPS!!! O %s use: \\\"deadline \u003cspecify task\u003e /by \u003cdatetime\u003e\\\"\", \"deadline\");","lastModifiedDate":"2021-09-03"},{"lineNumber":416,"author":{"gitId":"gweeyc"},"content":"    }","lastModifiedDate":"2021-08-25"},{"lineNumber":417,"author":{"gitId":"gweeyc"},"content":"    // This method informs user that no task description is entered","lastModifiedDate":"2021-09-01"},{"lineNumber":418,"author":{"gitId":"gweeyc"},"content":"    private static String echoNoDesc(String task) {","lastModifiedDate":"2021-09-01"},{"lineNumber":419,"author":{"gitId":"gweeyc"},"content":"        return String.format(\"LisGenie : OOPS!!! The description of a %s cannot be empty, Master?\", task);","lastModifiedDate":"2021-09-01"},{"lineNumber":420,"author":{"gitId":"gweeyc"},"content":"    }","lastModifiedDate":"2021-08-25"},{"lineNumber":421,"author":{"gitId":"gweeyc"},"content":"","lastModifiedDate":"2021-08-25"},{"lineNumber":422,"author":{"gitId":"gweeyc"},"content":"    private static void echoNoEntries() {","lastModifiedDate":"2021-08-25"},{"lineNumber":423,"author":{"gitId":"gweeyc"},"content":"        System.out.print(\"LisGenie : \");","lastModifiedDate":"2021-08-26"},{"lineNumber":424,"author":{"gitId":"gweeyc"},"content":"        System.out.println(\"O! Task not in list, Master? Add a task? Retry?\");","lastModifiedDate":"2021-08-25"},{"lineNumber":425,"author":{"gitId":"gweeyc"},"content":"    }","lastModifiedDate":"2021-08-25"},{"lineNumber":426,"author":{"gitId":"gweeyc"},"content":"    // This method informs the user an unknown or invalid input is entered","lastModifiedDate":"2021-09-08"},{"lineNumber":427,"author":{"gitId":"gweeyc"},"content":"    private static void echoNonInput(){","lastModifiedDate":"2021-09-08"},{"lineNumber":428,"author":{"gitId":"gweeyc"},"content":"        System.out.print(\"LisGenie : \");","lastModifiedDate":"2021-09-08"},{"lineNumber":429,"author":{"gitId":"gweeyc"},"content":"        System.out.println(\"OOPS!!! I\u0027m sorry, but I don\u0027t know what that means :-(| Master?\");","lastModifiedDate":"2021-09-08"},{"lineNumber":430,"author":{"gitId":"gweeyc"},"content":"    }","lastModifiedDate":"2021-09-08"},{"lineNumber":431,"author":{"gitId":"gweeyc"},"content":"","lastModifiedDate":"2021-08-25"},{"lineNumber":432,"author":{"gitId":"gweeyc"},"content":"    private static String echoNoTaskNum(String task) {","lastModifiedDate":"2021-09-01"},{"lineNumber":433,"author":{"gitId":"gweeyc"},"content":"        return String.format(\"LisGenie : O? Master, forgot to enter the Task number after \u0027%s\u0027?\", task);","lastModifiedDate":"2021-09-01"},{"lineNumber":434,"author":{"gitId":"gweeyc"},"content":"    }","lastModifiedDate":"2021-08-25"},{"lineNumber":435,"author":{"gitId":"gweeyc"},"content":"","lastModifiedDate":"2021-08-25"},{"lineNumber":436,"author":{"gitId":"gweeyc"},"content":"    private static String echoNotNum(String task) {","lastModifiedDate":"2021-09-01"},{"lineNumber":437,"author":{"gitId":"gweeyc"},"content":"        return String.format(\"LisGenie : O Master, use digit(s) only for Task number after \u0027%s\u0027! Om!\", task);","lastModifiedDate":"2021-09-01"},{"lineNumber":438,"author":{"gitId":"gweeyc"},"content":"    }","lastModifiedDate":"2021-08-25"},{"lineNumber":439,"author":{"gitId":"gweeyc"},"content":"","lastModifiedDate":"2021-08-25"},{"lineNumber":440,"author":{"gitId":"gweeyc"},"content":"    private static void echoOffList(int idx) {","lastModifiedDate":"2021-08-25"},{"lineNumber":441,"author":{"gitId":"gweeyc"},"content":"        System.out.print(\"LisGenie : \");","lastModifiedDate":"2021-08-26"},{"lineNumber":442,"author":{"gitId":"gweeyc"},"content":"        System.out.println(\"Item position outside of list (1 - 100): \" + (idx+1) + \" Omm??\");","lastModifiedDate":"2021-08-25"},{"lineNumber":443,"author":{"gitId":"gweeyc"},"content":"    }","lastModifiedDate":"2021-08-25"},{"lineNumber":444,"author":{"gitId":"gweeyc"},"content":"    /**","lastModifiedDate":"2021-09-09"},{"lineNumber":445,"author":{"gitId":"gweeyc"},"content":"     * Prints out the task details","lastModifiedDate":"2021-09-09"},{"lineNumber":446,"author":{"gitId":"gweeyc"},"content":"     * post-execution, with current size of TASKS.","lastModifiedDate":"2021-09-09"},{"lineNumber":447,"author":{"gitId":"gweeyc"},"content":"     * @param input A Task object","lastModifiedDate":"2021-09-09"},{"lineNumber":448,"author":{"gitId":"gweeyc"},"content":"     * concerned.","lastModifiedDate":"2021-09-09"},{"lineNumber":449,"author":{"gitId":"gweeyc"},"content":"     */","lastModifiedDate":"2021-09-09"},{"lineNumber":450,"author":{"gitId":"gweeyc"},"content":"    private static void postUpdate(Task input) {","lastModifiedDate":"2021-09-08"},{"lineNumber":451,"author":{"gitId":"gweeyc"},"content":"        System.out.printf(\"%13s\", \" \");","lastModifiedDate":"2021-09-08"},{"lineNumber":452,"author":{"gitId":"gweeyc"},"content":"        System.out.printf(\"[%c][%s] %s%n\", input.getId(), input.getStatusIcon(), input);","lastModifiedDate":"2021-09-09"},{"lineNumber":453,"author":{"gitId":"gweeyc"},"content":"","lastModifiedDate":"2021-09-08"},{"lineNumber":454,"author":{"gitId":"gweeyc"},"content":"        int count \u003d TASKS.size();","lastModifiedDate":"2021-09-08"},{"lineNumber":455,"author":{"gitId":"gweeyc"},"content":"        System.out.printf(\"%11s\", \" \");","lastModifiedDate":"2021-09-08"},{"lineNumber":456,"author":{"gitId":"gweeyc"},"content":"        System.out.printf(\"Now you have %d %s in the list.%n\", count, count \u003d\u003d 1 ? \"task\" : \"tasks\");","lastModifiedDate":"2021-09-08"},{"lineNumber":457,"author":{"gitId":"gweeyc"},"content":"    }","lastModifiedDate":"2021-09-01"},{"lineNumber":458,"author":{"gitId":"gweeyc"},"content":"}","lastModifiedDate":"2021-08-25"}],"authorContributionMap":{"gweeyc":458}},{"path":"src/main/java/ip/duke/Event.java","fileType":"java","lines":[{"lineNumber":1,"author":{"gitId":"gweeyc"},"content":"package ip.duke;","lastModifiedDate":"2021-08-25"},{"lineNumber":2,"author":{"gitId":"gweeyc"},"content":"/**","lastModifiedDate":"2021-09-09"},{"lineNumber":3,"author":{"gitId":"gweeyc"},"content":" * Event.java - a simple class for event objects.","lastModifiedDate":"2021-09-09"},{"lineNumber":4,"author":{"gitId":"gweeyc"},"content":" * A subclass of Deadline","lastModifiedDate":"2021-09-09"},{"lineNumber":5,"author":{"gitId":"gweeyc"},"content":" * @author  Alvin Gwee","lastModifiedDate":"2021-09-09"},{"lineNumber":6,"author":{"gitId":"gweeyc"},"content":" * @version 1.0","lastModifiedDate":"2021-09-09"},{"lineNumber":7,"author":{"gitId":"gweeyc"},"content":" * @see Deadline","lastModifiedDate":"2021-09-09"},{"lineNumber":8,"author":{"gitId":"gweeyc"},"content":" */","lastModifiedDate":"2021-09-09"},{"lineNumber":9,"author":{"gitId":"gweeyc"},"content":"public class Event extends Deadline {","lastModifiedDate":"2021-08-25"},{"lineNumber":10,"author":{"gitId":"gweeyc"},"content":"    protected Event(String description, String at) {","lastModifiedDate":"2021-08-25"},{"lineNumber":11,"author":{"gitId":"gweeyc"},"content":"        super(description, at);","lastModifiedDate":"2021-08-25"},{"lineNumber":12,"author":{"gitId":"gweeyc"},"content":"    }","lastModifiedDate":"2021-09-01"},{"lineNumber":13,"author":{"gitId":"gweeyc"},"content":"","lastModifiedDate":"2021-09-01"},{"lineNumber":14,"author":{"gitId":"gweeyc"},"content":"    @Override","lastModifiedDate":"2021-09-01"},{"lineNumber":15,"author":{"gitId":"gweeyc"},"content":"    public void setId() {","lastModifiedDate":"2021-09-08"},{"lineNumber":16,"author":{"gitId":"gweeyc"},"content":"        this.id \u003d \u0027E\u0027;","lastModifiedDate":"2021-09-08"},{"lineNumber":17,"author":{"gitId":"gweeyc"},"content":"    }","lastModifiedDate":"2021-08-25"},{"lineNumber":18,"author":{"gitId":"gweeyc"},"content":"    /**","lastModifiedDate":"2021-09-09"},{"lineNumber":19,"author":{"gitId":"gweeyc"},"content":"     * Method gives the string representation","lastModifiedDate":"2021-09-09"},{"lineNumber":20,"author":{"gitId":"gweeyc"},"content":"     * of the Event object.","lastModifiedDate":"2021-09-09"},{"lineNumber":21,"author":{"gitId":"gweeyc"},"content":"     * @return A String value.","lastModifiedDate":"2021-09-09"},{"lineNumber":22,"author":{"gitId":"gweeyc"},"content":"     */","lastModifiedDate":"2021-09-09"},{"lineNumber":23,"author":{"gitId":"gweeyc"},"content":"    @Override","lastModifiedDate":"2021-08-25"},{"lineNumber":24,"author":{"gitId":"gweeyc"},"content":"    public String toString() {","lastModifiedDate":"2021-08-25"},{"lineNumber":25,"author":{"gitId":"gweeyc"},"content":"        return String.format(\"%s (at: %s)\", getDescription(), getBy());","lastModifiedDate":"2021-08-25"},{"lineNumber":26,"author":{"gitId":"gweeyc"},"content":"    }","lastModifiedDate":"2021-08-25"},{"lineNumber":27,"author":{"gitId":"gweeyc"},"content":"","lastModifiedDate":"2021-09-08"},{"lineNumber":28,"author":{"gitId":"gweeyc"},"content":"    @Override","lastModifiedDate":"2021-09-08"},{"lineNumber":29,"author":{"gitId":"gweeyc"},"content":"    public String toFileString() {","lastModifiedDate":"2021-09-08"},{"lineNumber":30,"author":{"gitId":"gweeyc"},"content":"        return super.toFileString().replaceFirst(\"D\", \"E\");","lastModifiedDate":"2021-09-08"},{"lineNumber":31,"author":{"gitId":"gweeyc"},"content":"    }","lastModifiedDate":"2021-09-08"},{"lineNumber":32,"author":{"gitId":"gweeyc"},"content":"}","lastModifiedDate":"2021-08-25"}],"authorContributionMap":{"gweeyc":32}},{"path":"src/main/java/ip/duke/Todo.java","fileType":"java","lines":[{"lineNumber":1,"author":{"gitId":"gweeyc"},"content":"package ip.duke;","lastModifiedDate":"2021-08-25"},{"lineNumber":2,"author":{"gitId":"gweeyc"},"content":"","lastModifiedDate":"2021-08-25"},{"lineNumber":3,"author":{"gitId":"gweeyc"},"content":"import ip.duke.task.Task;","lastModifiedDate":"2021-09-01"},{"lineNumber":4,"author":{"gitId":"gweeyc"},"content":"/**","lastModifiedDate":"2021-09-09"},{"lineNumber":5,"author":{"gitId":"gweeyc"},"content":" * Todo.java - a simple class for todo objects.","lastModifiedDate":"2021-09-09"},{"lineNumber":6,"author":{"gitId":"gweeyc"},"content":" * A subclass of Task","lastModifiedDate":"2021-09-09"},{"lineNumber":7,"author":{"gitId":"gweeyc"},"content":" * @author  Alvin Gwee","lastModifiedDate":"2021-09-09"},{"lineNumber":8,"author":{"gitId":"gweeyc"},"content":" * @version 1.0","lastModifiedDate":"2021-09-09"},{"lineNumber":9,"author":{"gitId":"gweeyc"},"content":" * @see Task","lastModifiedDate":"2021-09-09"},{"lineNumber":10,"author":{"gitId":"gweeyc"},"content":" */","lastModifiedDate":"2021-09-09"},{"lineNumber":11,"author":{"gitId":"gweeyc"},"content":"public class Todo extends Task {","lastModifiedDate":"2021-08-25"},{"lineNumber":12,"author":{"gitId":"gweeyc"},"content":"    protected Todo(String description) {","lastModifiedDate":"2021-08-25"},{"lineNumber":13,"author":{"gitId":"gweeyc"},"content":"        super(description);","lastModifiedDate":"2021-08-25"},{"lineNumber":14,"author":{"gitId":"gweeyc"},"content":"        setId();","lastModifiedDate":"2021-09-01"},{"lineNumber":15,"author":{"gitId":"gweeyc"},"content":"    }","lastModifiedDate":"2021-09-01"},{"lineNumber":16,"author":{"gitId":"gweeyc"},"content":"    /**","lastModifiedDate":"2021-09-09"},{"lineNumber":17,"author":{"gitId":"gweeyc"},"content":"     * Method gives the string representation","lastModifiedDate":"2021-09-09"},{"lineNumber":18,"author":{"gitId":"gweeyc"},"content":"     * of the Todo object.","lastModifiedDate":"2021-09-09"},{"lineNumber":19,"author":{"gitId":"gweeyc"},"content":"     * @return A String value.","lastModifiedDate":"2021-09-09"},{"lineNumber":20,"author":{"gitId":"gweeyc"},"content":"     */","lastModifiedDate":"2021-09-09"},{"lineNumber":21,"author":{"gitId":"gweeyc"},"content":"    @Override","lastModifiedDate":"2021-09-01"},{"lineNumber":22,"author":{"gitId":"gweeyc"},"content":"    public String getDescription() {","lastModifiedDate":"2021-09-01"},{"lineNumber":23,"author":{"gitId":"gweeyc"},"content":"        return description;","lastModifiedDate":"2021-09-01"},{"lineNumber":24,"author":{"gitId":"gweeyc"},"content":"    }","lastModifiedDate":"2021-09-01"},{"lineNumber":25,"author":{"gitId":"gweeyc"},"content":"","lastModifiedDate":"2021-09-01"},{"lineNumber":26,"author":{"gitId":"gweeyc"},"content":"    @Override","lastModifiedDate":"2021-09-01"},{"lineNumber":27,"author":{"gitId":"gweeyc"},"content":"    public void setId() {","lastModifiedDate":"2021-09-08"},{"lineNumber":28,"author":{"gitId":"gweeyc"},"content":"        this.id \u003d \u0027T\u0027;","lastModifiedDate":"2021-09-08"},{"lineNumber":29,"author":{"gitId":"gweeyc"},"content":"    }","lastModifiedDate":"2021-09-08"},{"lineNumber":30,"author":{"gitId":"gweeyc"},"content":"","lastModifiedDate":"2021-09-08"},{"lineNumber":31,"author":{"gitId":"gweeyc"},"content":"    @Override","lastModifiedDate":"2021-09-08"},{"lineNumber":32,"author":{"gitId":"gweeyc"},"content":"    public String toFileString() {","lastModifiedDate":"2021-09-08"},{"lineNumber":33,"author":{"gitId":"gweeyc"},"content":"        return \"T\" + \" : \" + (isDone ? \"1\" : \"0\") + \" : \" + getDescription();","lastModifiedDate":"2021-09-09"},{"lineNumber":34,"author":{"gitId":"gweeyc"},"content":"    }","lastModifiedDate":"2021-08-25"},{"lineNumber":35,"author":{"gitId":"gweeyc"},"content":"}","lastModifiedDate":"2021-08-25"}],"authorContributionMap":{"gweeyc":35}},{"path":"src/main/java/ip/duke/exceptions/DukeException.java","fileType":"java","lines":[{"lineNumber":1,"author":{"gitId":"gweeyc"},"content":"package ip.duke.exceptions;","lastModifiedDate":"2021-09-01"},{"lineNumber":2,"author":{"gitId":"gweeyc"},"content":"","lastModifiedDate":"2021-09-01"},{"lineNumber":3,"author":{"gitId":"gweeyc"},"content":"public class DukeException extends Exception {","lastModifiedDate":"2021-09-01"},{"lineNumber":4,"author":{"gitId":"gweeyc"},"content":"    public DukeException(String message, Throwable ex) {","lastModifiedDate":"2021-09-01"},{"lineNumber":5,"author":{"gitId":"gweeyc"},"content":"        super(message);","lastModifiedDate":"2021-09-01"},{"lineNumber":6,"author":{"gitId":"gweeyc"},"content":"    }","lastModifiedDate":"2021-09-01"},{"lineNumber":7,"author":{"gitId":"gweeyc"},"content":"}","lastModifiedDate":"2021-09-01"}],"authorContributionMap":{"gweeyc":7}},{"path":"src/main/java/ip/duke/task/Task.java","fileType":"java","lines":[{"lineNumber":1,"author":{"gitId":"gweeyc"},"content":"package ip.duke.task;","lastModifiedDate":"2021-09-01"},{"lineNumber":2,"author":{"gitId":"gweeyc"},"content":"/**","lastModifiedDate":"2021-09-09"},{"lineNumber":3,"author":{"gitId":"gweeyc"},"content":" * Task.java - a simple abstract class","lastModifiedDate":"2021-09-09"},{"lineNumber":4,"author":{"gitId":"gweeyc"},"content":" * as a template for various subclass task objects.","lastModifiedDate":"2021-09-09"},{"lineNumber":5,"author":{"gitId":"gweeyc"},"content":" * @author  Alvin Gwee","lastModifiedDate":"2021-09-09"},{"lineNumber":6,"author":{"gitId":"gweeyc"},"content":" * @version 1.0","lastModifiedDate":"2021-09-09"},{"lineNumber":7,"author":{"gitId":"gweeyc"},"content":" */","lastModifiedDate":"2021-09-09"},{"lineNumber":8,"author":{"gitId":"gweeyc"},"content":"public abstract class Task {","lastModifiedDate":"2021-09-01"},{"lineNumber":9,"author":{"gitId":"gweeyc"},"content":"    protected String description;","lastModifiedDate":"2021-08-25"},{"lineNumber":10,"author":{"gitId":"gweeyc"},"content":"    protected boolean isDone;","lastModifiedDate":"2021-08-25"},{"lineNumber":11,"author":{"gitId":"gweeyc"},"content":"    protected char id;","lastModifiedDate":"2021-09-08"},{"lineNumber":12,"author":{"gitId":"gweeyc"},"content":"","lastModifiedDate":"2021-08-25"},{"lineNumber":13,"author":{"gitId":"gweeyc"},"content":"    protected Task(String description) {","lastModifiedDate":"2021-09-01"},{"lineNumber":14,"author":{"gitId":"gweeyc"},"content":"        this.description \u003d description;","lastModifiedDate":"2021-08-25"},{"lineNumber":15,"author":{"gitId":"gweeyc"},"content":"    }","lastModifiedDate":"2021-08-25"},{"lineNumber":16,"author":{"gitId":"gweeyc"},"content":"    /**","lastModifiedDate":"2021-09-09"},{"lineNumber":17,"author":{"gitId":"gweeyc"},"content":"     * abstract getter method","lastModifiedDate":"2021-09-09"},{"lineNumber":18,"author":{"gitId":"gweeyc"},"content":"     * to get a task description.","lastModifiedDate":"2021-09-09"},{"lineNumber":19,"author":{"gitId":"gweeyc"},"content":"     */","lastModifiedDate":"2021-09-09"},{"lineNumber":20,"author":{"gitId":"gweeyc"},"content":"    public abstract String getDescription();","lastModifiedDate":"2021-09-01"},{"lineNumber":21,"author":{"gitId":"gweeyc"},"content":"","lastModifiedDate":"2021-09-01"},{"lineNumber":22,"author":{"gitId":"gweeyc"},"content":"    // abstract setter method for tagging task with a letter id","lastModifiedDate":"2021-09-09"},{"lineNumber":23,"author":{"gitId":"gweeyc"},"content":"    protected abstract void setId();","lastModifiedDate":"2021-09-09"},{"lineNumber":24,"author":{"gitId":"gweeyc"},"content":"    /**","lastModifiedDate":"2021-09-09"},{"lineNumber":25,"author":{"gitId":"gweeyc"},"content":"     * getter method for the protected field id.","lastModifiedDate":"2021-09-09"},{"lineNumber":26,"author":{"gitId":"gweeyc"},"content":"     * @return A String value.","lastModifiedDate":"2021-09-09"},{"lineNumber":27,"author":{"gitId":"gweeyc"},"content":"     */","lastModifiedDate":"2021-09-09"},{"lineNumber":28,"author":{"gitId":"gweeyc"},"content":"    public char getId(){","lastModifiedDate":"2021-09-08"},{"lineNumber":29,"author":{"gitId":"gweeyc"},"content":"        return id;","lastModifiedDate":"2021-08-25"},{"lineNumber":30,"author":{"gitId":"gweeyc"},"content":"    }","lastModifiedDate":"2021-08-25"},{"lineNumber":31,"author":{"gitId":"gweeyc"},"content":"    /**","lastModifiedDate":"2021-09-09"},{"lineNumber":32,"author":{"gitId":"gweeyc"},"content":"     * getter method for the protected field isDone.","lastModifiedDate":"2021-09-09"},{"lineNumber":33,"author":{"gitId":"gweeyc"},"content":"     * @return A String value.","lastModifiedDate":"2021-09-09"},{"lineNumber":34,"author":{"gitId":"gweeyc"},"content":"     */","lastModifiedDate":"2021-09-09"},{"lineNumber":35,"author":{"gitId":"gweeyc"},"content":"    public String getStatusIcon() {","lastModifiedDate":"2021-08-25"},{"lineNumber":36,"author":{"gitId":"gweeyc"},"content":"        return (isDone ? \"X\" : \" \");","lastModifiedDate":"2021-09-08"},{"lineNumber":37,"author":{"gitId":"gweeyc"},"content":"    }","lastModifiedDate":"2021-08-25"},{"lineNumber":38,"author":{"gitId":"gweeyc"},"content":"    /**","lastModifiedDate":"2021-09-09"},{"lineNumber":39,"author":{"gitId":"gweeyc"},"content":"     * setter method for the protected field isDone.","lastModifiedDate":"2021-09-09"},{"lineNumber":40,"author":{"gitId":"gweeyc"},"content":"     */","lastModifiedDate":"2021-09-09"},{"lineNumber":41,"author":{"gitId":"gweeyc"},"content":"    public void setDone() {","lastModifiedDate":"2021-09-01"},{"lineNumber":42,"author":{"gitId":"gweeyc"},"content":"        this.isDone \u003d true;","lastModifiedDate":"2021-08-25"},{"lineNumber":43,"author":{"gitId":"gweeyc"},"content":"    }","lastModifiedDate":"2021-08-25"},{"lineNumber":44,"author":{"gitId":"gweeyc"},"content":"    /**","lastModifiedDate":"2021-09-09"},{"lineNumber":45,"author":{"gitId":"gweeyc"},"content":"     * Method gives the string representation","lastModifiedDate":"2021-09-09"},{"lineNumber":46,"author":{"gitId":"gweeyc"},"content":"     * of a Task description.","lastModifiedDate":"2021-09-09"},{"lineNumber":47,"author":{"gitId":"gweeyc"},"content":"     * @return A String value.","lastModifiedDate":"2021-09-09"},{"lineNumber":48,"author":{"gitId":"gweeyc"},"content":"     */","lastModifiedDate":"2021-09-09"},{"lineNumber":49,"author":{"gitId":"gweeyc"},"content":"    @Override","lastModifiedDate":"2021-08-25"},{"lineNumber":50,"author":{"gitId":"gweeyc"},"content":"    public String toString() {","lastModifiedDate":"2021-08-25"},{"lineNumber":51,"author":{"gitId":"gweeyc"},"content":"        return description;","lastModifiedDate":"2021-08-25"},{"lineNumber":52,"author":{"gitId":"gweeyc"},"content":"    }","lastModifiedDate":"2021-09-08"},{"lineNumber":53,"author":{"gitId":"gweeyc"},"content":"","lastModifiedDate":"2021-09-08"},{"lineNumber":54,"author":{"gitId":"gweeyc"},"content":"    // String format the task object for write to file","lastModifiedDate":"2021-09-08"},{"lineNumber":55,"author":{"gitId":"gweeyc"},"content":"    public abstract String toFileString();","lastModifiedDate":"2021-09-08"},{"lineNumber":56,"author":{"gitId":"gweeyc"},"content":"}","lastModifiedDate":"2021-08-25"}],"authorContributionMap":{"gweeyc":56}},{"path":"text-ui-test/input.txt","fileType":"txt","lines":[{"lineNumber":1,"author":{"gitId":"gweeyc"},"content":"todo borrow book","lastModifiedDate":"2021-08-26"},{"lineNumber":2,"author":{"gitId":"gweeyc"},"content":"list","lastModifiedDate":"2021-08-26"},{"lineNumber":3,"author":{"gitId":"gweeyc"},"content":"deadline return book /by Friday","lastModifiedDate":"2021-08-26"},{"lineNumber":4,"author":{"gitId":"gweeyc"},"content":"list","lastModifiedDate":"2021-08-26"},{"lineNumber":5,"author":{"gitId":"gweeyc"},"content":"done 2","lastModifiedDate":"2021-08-26"},{"lineNumber":6,"author":{"gitId":"gweeyc"},"content":"list","lastModifiedDate":"2021-08-26"},{"lineNumber":7,"author":{"gitId":"gweeyc"},"content":"event attend church meeting /at 2.30pm - 5pm","lastModifiedDate":"2021-08-26"},{"lineNumber":8,"author":{"gitId":"gweeyc"},"content":"done 1","lastModifiedDate":"2021-08-26"},{"lineNumber":9,"author":{"gitId":"gweeyc"},"content":"list","lastModifiedDate":"2021-08-26"},{"lineNumber":10,"author":{"gitId":"gweeyc"},"content":"sdfsdf","lastModifiedDate":"2021-08-26"},{"lineNumber":11,"author":{"gitId":"gweeyc"},"content":"bye","lastModifiedDate":"2021-08-26"}],"authorContributionMap":{"gweeyc":11}},{"path":"text-ui-test/runtest.bat","fileType":"bat","lines":[{"lineNumber":1,"author":{"gitId":"-"},"content":"@ECHO OFF","lastModifiedDate":"2020-05-25"},{"lineNumber":2,"author":{"gitId":"-"},"content":"","lastModifiedDate":"2020-05-25"},{"lineNumber":3,"author":{"gitId":"-"},"content":"REM create bin directory if it doesn\u0027t exist","lastModifiedDate":"2020-05-25"},{"lineNumber":4,"author":{"gitId":"-"},"content":"if not exist ..\\bin mkdir ..\\bin","lastModifiedDate":"2020-05-25"},{"lineNumber":5,"author":{"gitId":"-"},"content":"","lastModifiedDate":"2020-05-25"},{"lineNumber":6,"author":{"gitId":"-"},"content":"REM delete output from previous run","lastModifiedDate":"2020-05-25"},{"lineNumber":7,"author":{"gitId":"-"},"content":"if exist ACTUAL.TXT del ACTUAL.TXT","lastModifiedDate":"2020-08-25"},{"lineNumber":8,"author":{"gitId":"-"},"content":"","lastModifiedDate":"2020-05-25"},{"lineNumber":9,"author":{"gitId":"-"},"content":"REM compile the code into the bin folder","lastModifiedDate":"2020-05-25"},{"lineNumber":10,"author":{"gitId":"gweeyc"},"content":"javac -cp ..\\src\\main\\java\\ip\\duke -Xlint:none -d ..\\bin ..\\src\\main\\java\\ip\\duke\\*.java","lastModifiedDate":"2021-08-26"},{"lineNumber":11,"author":{"gitId":"-"},"content":"IF ERRORLEVEL 1 (","lastModifiedDate":"2020-05-25"},{"lineNumber":12,"author":{"gitId":"-"},"content":"    echo ********** BUILD FAILURE **********","lastModifiedDate":"2020-05-25"},{"lineNumber":13,"author":{"gitId":"-"},"content":"    exit /b 1","lastModifiedDate":"2020-05-25"},{"lineNumber":14,"author":{"gitId":"-"},"content":")","lastModifiedDate":"2020-05-25"},{"lineNumber":15,"author":{"gitId":"-"},"content":"REM no error here, errorlevel \u003d\u003d 0","lastModifiedDate":"2020-05-25"},{"lineNumber":16,"author":{"gitId":"-"},"content":"","lastModifiedDate":"2020-05-25"},{"lineNumber":17,"author":{"gitId":"-"},"content":"REM run the program, feed commands from input.txt file and redirect the output to the ACTUAL.TXT","lastModifiedDate":"2020-05-25"},{"lineNumber":18,"author":{"gitId":"gweeyc"},"content":"java -cp ..\\bin ip.duke.Duke \u003c input.txt \u003e ACTUAL.TXT","lastModifiedDate":"2021-08-26"},{"lineNumber":19,"author":{"gitId":"-"},"content":"","lastModifiedDate":"2020-05-25"},{"lineNumber":20,"author":{"gitId":"-"},"content":"REM compare the output to the expected output","lastModifiedDate":"2020-05-25"},{"lineNumber":21,"author":{"gitId":"-"},"content":"FC ACTUAL.TXT EXPECTED.TXT","lastModifiedDate":"2020-05-25"},{"lineNumber":22,"author":{"gitId":"gweeyc"},"content":"pause","lastModifiedDate":"2021-08-26"}],"authorContributionMap":{"gweeyc":3,"-":19}}]
