{"authorDailyContributionsMap":{"gweeyc":[{"date":"2021-08-17","commitResults":[{"hash":"6e6feaff33c601adc57d308d20543e141513ae49","messageTitle":"Duke Level-0: Greet (skeletal version)","messageBody":"","tags":["Level-0"],"fileTypesAndContributionMap":{"java":{"insertions":9,"deletions":0}}}]},{"date":"2021-08-18","commitResults":[{"hash":"ac682669c435dfd5a7b24bbc39bba689e4282c93","messageTitle":"Duke Level-1: Greet, Echo, Exit (skeletal version)","messageBody":"","tags":["Level-1"],"fileTypesAndContributionMap":{"java":{"insertions":37,"deletions":4}}}]},{"date":"2021-08-19","commitResults":[{"hash":"7c5d8d61634319172d378d9d42523db3f0bdc8bb","messageTitle":"Duke Level-2: Add, List","messageBody":"","tags":["Level-2"],"fileTypesAndContributionMap":{"java":{"insertions":36,"deletions":19}}}]},{"date":"2021-08-22","commitResults":[{"hash":"dfdf578dd2f2e2458ea7ffa8753e685a6ab01c72","messageTitle":"Duke Level-3: Mark as Done","messageBody":"","tags":["Level-3"],"fileTypesAndContributionMap":{"java":{"insertions":151,"deletions":26}}}]},{"date":"2021-08-25","commitResults":[{"hash":"057dbe8d209349ce580fd21d74aa00cf52f40c33","messageTitle":"Duke Leve-4: ToDo, Event, Deadline","messageBody":"Replace Scanner with better String split() method under Conversation runs section\n\nCreate a package ip.duke for Duke suite of files\n\nConform code to standards\n","tags":["Level-4"],"fileTypesAndContributionMap":{"java":{"insertions":307,"deletions":194}}}]},{"date":"2021-08-26","commitResults":[{"hash":"e34e62cff69ab17522fa4b2c629bbbdecf8f834d","messageTitle":"Duke A-TextUiTesting: Automated Text UI Testing (optional)","messageBody":"Run runtest.bat confirms actual/expected results agree (ignore line artifacts).\n\nMinor change: in dialogue format to display names of MasterOm and LisGenie (Duke.java).\n","tags":["A-TextUiTesting"],"fileTypesAndContributionMap":{"txt":{"insertions":11,"deletions":0},"java":{"insertions":12,"deletions":12},"bat":{"insertions":3,"deletions":2}}},{"hash":"928d434d8b93de6313e9bbc870b69fb7c2f222ec","messageTitle":"A-CodingStandard: Follow the Coding Standard","messageBody":"Tweak all code to comply with the stipulated coding standard.\n","tags":["A-CodingStandard"],"fileTypesAndContributionMap":{"java":{"insertions":16,"deletions":19}}}]},{"date":"2021-09-01","commitResults":[{"hash":"bc9af51311d09fb9dddde94759d1a834ada1f0e7","messageTitle":"Duke Level-5: Handle Errors","messageBody":"Added DukeException.java to contain custom exception class for Duke App\n\nAdjust echoBye method to throw DukeException, try out exception for todo task\n\nMinor edit to main method to catch DukeException \u0026 minimize number of try blocks\n","tags":["A-Exceptions"],"fileTypesAndContributionMap":{"java":{"insertions":25,"deletions":13}}},{"hash":"b4c131a99ff9c874e81181b53268537926cae308","messageTitle":"Duke Level-5: Handle Errors All Done","messageBody":"Added Throwable parameter to DukeException class to store root error type\n\nDone the main task commands error handling via custom Duke Exceptions\n\nCorresponding edits to affected echo messages\n\nMinor edit of horizontal line draws placements\n","tags":["A-Inheritance"],"fileTypesAndContributionMap":{"java":{"insertions":23,"deletions":22}}},{"hash":"c7e359322a10a32766bfd65bce22fe8a0cd67d80","messageTitle":"Duke A-CodeQuality: Improve Code Quality (01)","messageBody":"Rename variables names to conform to stipulated standard\n\nSpace out chucks of related code for improved readability\n","fileTypesAndContributionMap":{"java":{"insertions":23,"deletions":20}}},{"hash":"86a7bf90f2aec9fcfe1d9d72cac62acb0720af6c","messageTitle":"Improve Code Quality (02)","messageBody":"Use spaces to structure the code logically\n\nDo KISS \u0026 SLAP as much as possible\n","fileTypesAndContributionMap":{"java":{"insertions":17,"deletions":13}}},{"hash":"cee658f79097bfb43e68c0eced2d878a0f153f18","messageTitle":"Duke A-AbstractClasses: Use Abstract Classes","messageBody":"Change Task class to an abstract class\n\nChange setId() method to abstract\n\nEdit subclasses to implement setId()\n","fileTypesAndContributionMap":{"java":{"insertions":21,"deletions":8}}},{"hash":"1b4280d60388c9e0739670b20858f322ddf63249","messageTitle":"Duke A-AbstractClasses: Done","messageBody":"Add another abstract method getDescription() to Task class\n\nImplement the method in Todo class\n","fileTypesAndContributionMap":{"java":{"insertions":7,"deletions":3}}},{"hash":"8f8cc1f53463c60716890c3f3f8a086e8f4b2d8d","messageTitle":"Duke A-Packages: Organize into Packages","messageBody":"Move DukeException class into new package ip.duke.exceptions\n\nImport the new package into Duke.java (to use DukeException)\n","fileTypesAndContributionMap":{"java":{"insertions":3,"deletions":1}}},{"hash":"e5114f8df7be405b694b27ee452dee80d891e921","messageTitle":"Organize into Packages: Done","messageBody":"Added Task class into ip.duke.task package\n\nAdd import codes for use in Duke and Todo classes\n","fileTypesAndContributionMap":{"java":{"insertions":5,"deletions":2}}}]},{"date":"2021-09-03","commitResults":[{"hash":"c624609eec62ca2133459801e0a176f0085884ac","messageTitle":"Refactor boolean method name \"echoBye\" to \"hasTask\" - for better code standards","messageBody":"Simplify echoNoBy and echoNoAt method further\n\nRemove redundant trim() method from words[0]\n","fileTypesAndContributionMap":{"java":{"insertions":9,"deletions":9}}}]}]},"authorFileTypeContributionMap":{"gweeyc":{"java":346,"md":0,"fxml":0,"sh":0,"bat":3,"gradle":0,"txt":11}},"authorContributionVariance":{"gweeyc":11172.084},"authorDisplayNameMap":{"gweeyc":"TIC4001-F18-4 GWEE..CHAI"}}
