{"authorDailyContributionsMap":{"gweeyc":[{"date":"2021-08-17","commitResults":[{"hash":"6e6feaff33c601adc57d308d20543e141513ae49","messageTitle":"Duke Level-0: Greet (skeletal version)","messageBody":"","tags":["Level-0"],"fileTypesAndContributionMap":{"java":{"insertions":9,"deletions":0}}}]},{"date":"2021-08-18","commitResults":[{"hash":"ac682669c435dfd5a7b24bbc39bba689e4282c93","messageTitle":"Duke Level-1: Greet, Echo, Exit (skeletal version)","messageBody":"","tags":["Level-1"],"fileTypesAndContributionMap":{"java":{"insertions":37,"deletions":4}}}]},{"date":"2021-08-19","commitResults":[{"hash":"7c5d8d61634319172d378d9d42523db3f0bdc8bb","messageTitle":"Duke Level-2: Add, List","messageBody":"","tags":["Level-2"],"fileTypesAndContributionMap":{"java":{"insertions":36,"deletions":19}}}]},{"date":"2021-08-22","commitResults":[{"hash":"dfdf578dd2f2e2458ea7ffa8753e685a6ab01c72","messageTitle":"Duke Level-3: Mark as Done","messageBody":"","tags":["Level-3"],"fileTypesAndContributionMap":{"java":{"insertions":151,"deletions":26}}}]},{"date":"2021-08-25","commitResults":[{"hash":"057dbe8d209349ce580fd21d74aa00cf52f40c33","messageTitle":"Duke Leve-4: ToDo, Event, Deadline","messageBody":"Replace Scanner with better String split() method under Conversation runs section\n\nCreate a package ip.duke for Duke suite of files\n\nConform code to standards\n","tags":["Level-4"],"fileTypesAndContributionMap":{"java":{"insertions":307,"deletions":194}}}]}]},"authorFileTypeContributionMap":{"gweeyc":{"java":307,"md":0,"fxml":0,"sh":0,"bat":0,"gradle":0,"txt":0}},"authorContributionVariance":{"gweeyc":14767.819},"authorDisplayNameMap":{"gweeyc":"TIC4001-F18-4 GWEE..CHAI"}}
