{"authorDailyContributionsMap":{"gweeyc":[{"date":"2021-08-17","commitResults":[{"hash":"6e6feaff33c601adc57d308d20543e141513ae49","messageTitle":"Duke Level-0: Greet (skeletal version)","messageBody":"","tags":["Level-0"],"fileTypesAndContributionMap":{"java":{"insertions":9,"deletions":0}}}]},{"date":"2021-08-18","commitResults":[{"hash":"ac682669c435dfd5a7b24bbc39bba689e4282c93","messageTitle":"Duke Level-1: Greet, Echo, Exit (skeletal version)","messageBody":"","tags":["Level-1"],"fileTypesAndContributionMap":{"java":{"insertions":37,"deletions":4}}}]},{"date":"2021-08-19","commitResults":[{"hash":"7c5d8d61634319172d378d9d42523db3f0bdc8bb","messageTitle":"Duke Level-2: Add, List","messageBody":"","tags":["Level-2"],"fileTypesAndContributionMap":{"java":{"insertions":36,"deletions":19}}}]},{"date":"2021-08-22","commitResults":[{"hash":"dfdf578dd2f2e2458ea7ffa8753e685a6ab01c72","messageTitle":"Duke Level-3: Mark as Done","messageBody":"","tags":["Level-3"],"fileTypesAndContributionMap":{"java":{"insertions":151,"deletions":26}}}]},{"date":"2021-08-25","commitResults":[{"hash":"057dbe8d209349ce580fd21d74aa00cf52f40c33","messageTitle":"Duke Leve-4: ToDo, Event, Deadline","messageBody":"Replace Scanner with better String split() method under Conversation runs section\n\nCreate a package ip.duke for Duke suite of files\n\nConform code to standards\n","tags":["Level-4"],"fileTypesAndContributionMap":{"java":{"insertions":307,"deletions":194}}}]},{"date":"2021-08-26","commitResults":[{"hash":"e34e62cff69ab17522fa4b2c629bbbdecf8f834d","messageTitle":"Duke A-TextUiTesting: Automated Text UI Testing (optional)","messageBody":"Run runtest.bat confirms actual/expected results agree (ignore line artifacts).\n\nMinor change: in dialogue format to display names of MasterOm and LisGenie (Duke.java).\n","tags":["A-TextUiTesting"],"fileTypesAndContributionMap":{"txt":{"insertions":11,"deletions":0},"java":{"insertions":12,"deletions":12},"bat":{"insertions":3,"deletions":2}}},{"hash":"928d434d8b93de6313e9bbc870b69fb7c2f222ec","messageTitle":"A-CodingStandard: Follow the Coding Standard","messageBody":"Tweak all code to comply with the stipulated coding standard.\n","tags":["A-CodingStandard"],"fileTypesAndContributionMap":{"java":{"insertions":16,"deletions":19}}}]},{"date":"2021-09-01","commitResults":[{"hash":"bc9af51311d09fb9dddde94759d1a834ada1f0e7","messageTitle":"Duke Level-5: Handle Errors","messageBody":"Added DukeException.java to contain custom exception class for Duke App\n\nAdjust echoBye method to throw DukeException, try out exception for todo task\n\nMinor edit to main method to catch DukeException \u0026 minimize number of try blocks\n","tags":["A-Exceptions"],"fileTypesAndContributionMap":{"java":{"insertions":25,"deletions":13}}},{"hash":"b4c131a99ff9c874e81181b53268537926cae308","messageTitle":"Duke Level-5: Handle Errors All Done","messageBody":"Added Throwable parameter to DukeException class to store root error type\n\nDone the main task commands error handling via custom Duke Exceptions\n\nCorresponding edits to affected echo messages\n\nMinor edit of horizontal line draws placements\n","tags":["A-Inheritance"],"fileTypesAndContributionMap":{"java":{"insertions":23,"deletions":22}}},{"hash":"c7e359322a10a32766bfd65bce22fe8a0cd67d80","messageTitle":"Duke A-CodeQuality: Improve Code Quality (01)","messageBody":"Rename variables names to conform to stipulated standard\n\nSpace out chucks of related code for improved readability\n","fileTypesAndContributionMap":{"java":{"insertions":23,"deletions":20}}},{"hash":"86a7bf90f2aec9fcfe1d9d72cac62acb0720af6c","messageTitle":"Improve Code Quality (02)","messageBody":"Use spaces to structure the code logically\n\nDo KISS \u0026 SLAP as much as possible\n","fileTypesAndContributionMap":{"java":{"insertions":17,"deletions":13}}},{"hash":"cee658f79097bfb43e68c0eced2d878a0f153f18","messageTitle":"Duke A-AbstractClasses: Use Abstract Classes","messageBody":"Change Task class to an abstract class\n\nChange setId() method to abstract\n\nEdit subclasses to implement setId()\n","fileTypesAndContributionMap":{"java":{"insertions":21,"deletions":8}}},{"hash":"1b4280d60388c9e0739670b20858f322ddf63249","messageTitle":"Duke A-AbstractClasses: Done","messageBody":"Add another abstract method getDescription() to Task class\n\nImplement the method in Todo class\n","fileTypesAndContributionMap":{"java":{"insertions":7,"deletions":3}}},{"hash":"8f8cc1f53463c60716890c3f3f8a086e8f4b2d8d","messageTitle":"Duke A-Packages: Organize into Packages","messageBody":"Move DukeException class into new package ip.duke.exceptions\n\nImport the new package into Duke.java (to use DukeException)\n","fileTypesAndContributionMap":{"java":{"insertions":3,"deletions":1}}},{"hash":"e5114f8df7be405b694b27ee452dee80d891e921","messageTitle":"Organize into Packages: Done","messageBody":"Added Task class into ip.duke.task package\n\nAdd import codes for use in Duke and Todo classes\n","fileTypesAndContributionMap":{"java":{"insertions":5,"deletions":2}}}]},{"date":"2021-09-03","commitResults":[{"hash":"c624609eec62ca2133459801e0a176f0085884ac","messageTitle":"Refactor boolean method name \"echoBye\" to \"hasTask\" - for better code standards","messageBody":"Simplify echoNoBy and echoNoAt method further\n\nRemove redundant trim() method from words[0]\n","fileTypesAndContributionMap":{"java":{"insertions":9,"deletions":9}}}]},{"date":"2021-09-08","commitResults":[{"hash":"3a16f4ae7d19e28ce7e4059c0f051813f895755f","messageTitle":"A-Collections","messageBody":"Use LinkedHashSet instead of array to store tasks\n- preserver input order, get constant time operations (non-iterative)\n","tags":["A-Collections"],"fileTypesAndContributionMap":{"java":{"insertions":25,"deletions":16}}},{"hash":"eb518f42b0ba4fe405f958d02773044bcfc742f8","messageTitle":"Refactor code further","messageBody":"-remove duplicate codes.\n-implement SLAP for methods, switch-cases.\n","fileTypesAndContributionMap":{"java":{"insertions":83,"deletions":32}}},{"hash":"0c51d35b2a732ff9807db4cfd5ae143c7ef16f60","messageTitle":"Refactor Task and subclass dependency construction","messageBody":"-better efficiency and clearer OOP application\n-Change id String type to char\n-created some write to file prep code in various class files\n-added a blank tasks.txt file\n","fileTypesAndContributionMap":{"txt":{"insertions":0,"deletions":0},"java":{"insertions":43,"deletions":22}}}]},{"date":"2021-09-09","commitResults":[{"hash":"761f5edd9e5c1dfd2058d949f4c6e4e54681e8ab","messageTitle":"Edited Duke and Todo files for file writes","messageBody":"-corrected Todo\u0027s toFileString() format for better OOP usage.\n","fileTypesAndContributionMap":{"txt":{"insertions":3,"deletions":0},"java":{"insertions":66,"deletions":8}}},{"hash":"89bae87c20b3945691c9ffa166e7d849317ce84d","messageTitle":"Rename remove method to drop to avoid Java API confusion","messageBody":"Created getTasksFromFile \u0026 createTask methods\n- to load data to RAM from saved data tasks.txt file on start.\n\nSimple test run / creation of tasks.txt successful.\n","fileTypesAndContributionMap":{"txt":{"insertions":1,"deletions":1},"java":{"insertions":56,"deletions":6}}},{"hash":"1f3d5323c181afe49747671b0b59d79c3e1b870c","messageTitle":"Change code from LinkedHashSet to LinkedHashMap usage - get constant time for delete and update methods","messageBody":"Add try-catch code for switch block in createTask method\n","fileTypesAndContributionMap":{"txt":{"insertions":5,"deletions":0},"java":{"insertions":65,"deletions":51}}},{"hash":"9050c9587d55aed2047c0137931177de23e11e23","messageTitle":"JavaDoc comments done for Duke.java key methods","messageBody":"","fileTypesAndContributionMap":{"java":{"insertions":32,"deletions":11}}},{"hash":"f86d21630eebd4061a17d0b59604c103f9ed5930","messageTitle":"Duke A-JavaDoc : JavaDoc","messageBody":"Created JavaDoc comments for various methods \u0026 classes\n","fileTypesAndContributionMap":{"java":{"insertions":67,"deletions":16}}}]},{"date":"2021-09-10","commitResults":[{"hash":"1a8e4676fda9a57de70b5c0dbd3e7316ac4c14ca","messageTitle":"Debug successful: listing and write to file data agree","messageBody":"Replaced LinkedHashMap with LinkedHashSet yields\neasier track of dynamic input sequence positioning on database changes\n\nCreated getItem method to extract Task item via its indexed sequence order\n\nReplace buggy INDEX with TASKS.size() - 1\n","fileTypesAndContributionMap":{"txt":{"insertions":5,"deletions":5},"java":{"insertions":37,"deletions":22}}}]},{"date":"2021-09-15","commitResults":[{"hash":"dc77aba86b5bd6dffbbee1913491032912ef9cf1","messageTitle":"Duke A-MoreOOP : Use More OOP","messageBody":"","tags":["A-MoreOOP"],"fileTypesAndContributionMap":{"txt":{"insertions":7,"deletions":0},"java":{"insertions":525,"deletions":428}}}]},{"date":"2021-09-16","commitResults":[{"hash":"1487e0b83059a342e86927f0fe57ec00a1186350","messageTitle":"Leve-8 : add find and list find methods","messageBody":"","fileTypesAndContributionMap":{"java":{"insertions":19,"deletions":3}}},{"hash":"5ccda5150faa767c2075f8c51ee532cab48b23df","messageTitle":"added javadoc for Ui class","messageBody":"","fileTypesAndContributionMap":{"java":{"insertions":12,"deletions":2}}},{"hash":"6525c2237a3845a21a990fbd6fd10053df2e9eaf","messageTitle":"A-JUnit: Add JUnit Tests","messageBody":"Done 3 tests for Todo class.\n\nRemove the Wrapper.java as not needed.\n","fileTypesAndContributionMap":{"java":{"insertions":30,"deletions":5}}},{"hash":"d5d2bab9cd84d79033b2121c622ef1ee1fc71200","messageTitle":"Added 3 JUnit 5 tests for Deadline class","messageBody":"","fileTypesAndContributionMap":{"java":{"insertions":25,"deletions":2}}},{"hash":"591a1dd6c45b70f0e101202ee15872fbc48475b0","messageTitle":"Remove unwanted backup.txt.","messageBody":"Call hasTask method as static method of Parser Utility Class.\n\nAdded JavaDoc for Utility classes.\n","fileTypesAndContributionMap":{"txt":{"insertions":3,"deletions":8},"java":{"insertions":15,"deletions":6}}},{"hash":"0db78f2b66c19c15d50cfa49fb061d5345a30565","messageTitle":"Duke Level-8: Dates and Times","messageBody":"Configured Dateline Class Constructor to use LocalDate parse method.\nEvent Class inherits ability.\n","tags":["Level-8"],"fileTypesAndContributionMap":{"txt":{"insertions":3,"deletions":0},"java":{"insertions":12,"deletions":2}}}]},{"date":"2021-09-18","commitResults":[{"hash":"e99be6eec77cec769106b8351b8df52094044015","messageTitle":"Update README.md","messageBody":"Added a section spelling out the supported CLI commands to use","tags":["A-UserGuide"],"fileTypesAndContributionMap":{"md":{"insertions":30,"deletions":1}}},{"hash":"f5d84e7e511473852d0d83024df4913eb2bbe15b","messageTitle":"Edited README.md with inline code format for CLI commands","messageBody":"","fileTypesAndContributionMap":{"md":{"insertions":7,"deletions":7}}},{"hash":"cda0314e0c83ec788944ce9c491d29ffa52d0264","messageTitle":"Update README.md","messageBody":"remove Java code formatting to make compatible with webpage display","fileTypesAndContributionMap":{"md":{"insertions":2,"deletions":2}}},{"hash":"fb8405fc3fbd4e51e51d59586f3283d54a4668b5","messageTitle":"Update README.md","messageBody":"","tags":["v2.0"],"fileTypesAndContributionMap":{"md":{"insertions":2,"deletions":2}}},{"hash":"3573ed895e229527f24f50d9576e83703a2bd26e","messageTitle":"Duke A-Release: Release","messageBody":"Created main.jar that takes care of data folder creation and database save files.\n","tags":["A-Release"],"fileTypesAndContributionMap":{"txt":{"insertions":1,"deletions":0},"java":{"insertions":18,"deletions":1}}},{"hash":"0507eb7226cf0a30d43ddb318639854325d1267b","messageTitle":"Fix a bug for single digit inputs (without a \u00270\u0027 in front) parsing - in LocalDate.parse method of Deadline.java file, - also allow another date input format of \"yyyy/M/d\"","messageBody":"","fileTypesAndContributionMap":{"txt":{"insertions":2,"deletions":1},"java":{"insertions":2,"deletions":2}}},{"hash":"20e81ea7fe2103eb36e198f83601c3943bfe7250","messageTitle":"Update README.md","messageBody":"Added comments to help guide user for deadline and event input strings","fileTypesAndContributionMap":{"md":{"insertions":3,"deletions":1}}}]}]},"authorFileTypeContributionMap":{"gweeyc":{"java":837,"md":32,"fxml":0,"sh":0,"bat":3,"gradle":0,"txt":24}},"authorContributionVariance":{"gweeyc":31158.857},"authorDisplayNameMap":{"gweeyc":"TIC4001-F18-4 GWEE..CHAI"}}
