[{"path":"src/main/java/Duke.java","fileType":"java","lines":[{"lineNumber":1,"author":{"gitId":"Mr-YaRou"},"content":"import java.util.*;","lastModifiedDate":"2021-08-29"},{"lineNumber":2,"author":{"gitId":"Mr-YaRou"},"content":"","lastModifiedDate":"2021-08-20"},{"lineNumber":3,"author":{"gitId":"Mr-YaRou"},"content":"// Addtional Classes to refactor","lastModifiedDate":"2021-09-19"},{"lineNumber":4,"author":{"gitId":"Mr-YaRou"},"content":"class ParserText {","lastModifiedDate":"2021-09-19"},{"lineNumber":5,"author":{"gitId":"Mr-YaRou"},"content":"","lastModifiedDate":"2021-08-21"},{"lineNumber":6,"author":{"gitId":"Mr-YaRou"},"content":"  public static boolean isTrue;","lastModifiedDate":"2021-09-19"},{"lineNumber":7,"author":{"gitId":"Mr-YaRou"},"content":"  ArrayList\u003cTaskList\u003e taskList;","lastModifiedDate":"2021-09-19"},{"lineNumber":8,"author":{"gitId":"Mr-YaRou"},"content":"","lastModifiedDate":"2021-09-19"},{"lineNumber":9,"author":{"gitId":"Mr-YaRou"},"content":"  public ParserText() {","lastModifiedDate":"2021-09-19"},{"lineNumber":10,"author":{"gitId":"Mr-YaRou"},"content":"    this.isTrue \u003d true;","lastModifiedDate":"2021-09-19"},{"lineNumber":11,"author":{"gitId":"Mr-YaRou"},"content":"    // TaskList taskList \u003d new TaskList();","lastModifiedDate":"2021-09-19"},{"lineNumber":12,"author":{"gitId":"Mr-YaRou"},"content":"    taskList \u003d new ArrayList\u003cTaskList\u003e();","lastModifiedDate":"2021-09-19"},{"lineNumber":13,"author":{"gitId":"Mr-YaRou"},"content":"  }","lastModifiedDate":"2021-09-19"},{"lineNumber":14,"author":{"gitId":"Mr-YaRou"},"content":"","lastModifiedDate":"2021-09-19"},{"lineNumber":15,"author":{"gitId":"Mr-YaRou"},"content":"  public void parse(String input) {","lastModifiedDate":"2021-09-19"},{"lineNumber":16,"author":{"gitId":"Mr-YaRou"},"content":"    String command[] \u003d input.split(\" \");","lastModifiedDate":"2021-09-19"},{"lineNumber":17,"author":{"gitId":"Mr-YaRou"},"content":"","lastModifiedDate":"2021-09-19"},{"lineNumber":18,"author":{"gitId":"Mr-YaRou"},"content":"    switch (command[0].toUpperCase()) {","lastModifiedDate":"2021-09-19"},{"lineNumber":19,"author":{"gitId":"Mr-YaRou"},"content":"      case \"BYE\":","lastModifiedDate":"2021-09-19"},{"lineNumber":20,"author":{"gitId":"Mr-YaRou"},"content":"        System.out.println(\"Bye. Hope to see you again soon!\");","lastModifiedDate":"2021-09-19"},{"lineNumber":21,"author":{"gitId":"Mr-YaRou"},"content":"        this.isTrue \u003d false;","lastModifiedDate":"2021-09-19"},{"lineNumber":22,"author":{"gitId":"Mr-YaRou"},"content":"        break;","lastModifiedDate":"2021-09-19"},{"lineNumber":23,"author":{"gitId":"Mr-YaRou"},"content":"      case \"LIST\":","lastModifiedDate":"2021-09-19"},{"lineNumber":24,"author":{"gitId":"Mr-YaRou"},"content":"        System.out.println(\"Here are the Tasks in your List:\");","lastModifiedDate":"2021-09-19"},{"lineNumber":25,"author":{"gitId":"Mr-YaRou"},"content":"","lastModifiedDate":"2021-09-19"},{"lineNumber":26,"author":{"gitId":"Mr-YaRou"},"content":"        // TODO: TO refactor","lastModifiedDate":"2021-09-19"},{"lineNumber":27,"author":{"gitId":"Mr-YaRou"},"content":"        int i \u003d 1;","lastModifiedDate":"2021-09-19"},{"lineNumber":28,"author":{"gitId":"Mr-YaRou"},"content":"        for (TaskList task : this.taskList) {","lastModifiedDate":"2021-09-19"},{"lineNumber":29,"author":{"gitId":"Mr-YaRou"},"content":"          task.printTask(i++);","lastModifiedDate":"2021-09-19"},{"lineNumber":30,"author":{"gitId":"Mr-YaRou"},"content":"        }","lastModifiedDate":"2021-09-19"},{"lineNumber":31,"author":{"gitId":"Mr-YaRou"},"content":"","lastModifiedDate":"2021-09-19"},{"lineNumber":32,"author":{"gitId":"Mr-YaRou"},"content":"        break;","lastModifiedDate":"2021-09-19"},{"lineNumber":33,"author":{"gitId":"Mr-YaRou"},"content":"      case \"DONE\":","lastModifiedDate":"2021-09-19"},{"lineNumber":34,"author":{"gitId":"Mr-YaRou"},"content":"        System.out.println(\"Nice! I have marked this as Done:\");","lastModifiedDate":"2021-09-19"},{"lineNumber":35,"author":{"gitId":"Mr-YaRou"},"content":"","lastModifiedDate":"2021-09-19"},{"lineNumber":36,"author":{"gitId":"Mr-YaRou"},"content":"        // TODO: TO refactor","lastModifiedDate":"2021-09-19"},{"lineNumber":37,"author":{"gitId":"Mr-YaRou"},"content":"        int index \u003d Integer.parseInt(command[1]) - 1;","lastModifiedDate":"2021-09-19"},{"lineNumber":38,"author":{"gitId":"Mr-YaRou"},"content":"        this.taskList.get(index).markDone();","lastModifiedDate":"2021-09-19"},{"lineNumber":39,"author":{"gitId":"Mr-YaRou"},"content":"","lastModifiedDate":"2021-09-19"},{"lineNumber":40,"author":{"gitId":"Mr-YaRou"},"content":"        // TODO: TO refactor","lastModifiedDate":"2021-09-19"},{"lineNumber":41,"author":{"gitId":"Mr-YaRou"},"content":"        int j \u003d 1;","lastModifiedDate":"2021-09-19"},{"lineNumber":42,"author":{"gitId":"Mr-YaRou"},"content":"        for (TaskList task : this.taskList) {","lastModifiedDate":"2021-09-19"},{"lineNumber":43,"author":{"gitId":"Mr-YaRou"},"content":"          task.printTask(j++);","lastModifiedDate":"2021-09-19"},{"lineNumber":44,"author":{"gitId":"Mr-YaRou"},"content":"        }","lastModifiedDate":"2021-09-19"},{"lineNumber":45,"author":{"gitId":"Mr-YaRou"},"content":"","lastModifiedDate":"2021-09-19"},{"lineNumber":46,"author":{"gitId":"Mr-YaRou"},"content":"        break;","lastModifiedDate":"2021-09-19"},{"lineNumber":47,"author":{"gitId":"Mr-YaRou"},"content":"      default:","lastModifiedDate":"2021-09-19"},{"lineNumber":48,"author":{"gitId":"Mr-YaRou"},"content":"        this.taskList.add(new TaskList(input));","lastModifiedDate":"2021-09-19"},{"lineNumber":49,"author":{"gitId":"Mr-YaRou"},"content":"    }","lastModifiedDate":"2021-09-19"},{"lineNumber":50,"author":{"gitId":"Mr-YaRou"},"content":"  }","lastModifiedDate":"2021-09-19"},{"lineNumber":51,"author":{"gitId":"Mr-YaRou"},"content":"}","lastModifiedDate":"2021-09-19"},{"lineNumber":52,"author":{"gitId":"Mr-YaRou"},"content":"","lastModifiedDate":"2021-09-19"},{"lineNumber":53,"author":{"gitId":"Mr-YaRou"},"content":"// Custom Data type","lastModifiedDate":"2021-09-19"},{"lineNumber":54,"author":{"gitId":"Mr-YaRou"},"content":"class TaskList {","lastModifiedDate":"2021-09-19"},{"lineNumber":55,"author":{"gitId":"Mr-YaRou"},"content":"  protected String description;","lastModifiedDate":"2021-09-19"},{"lineNumber":56,"author":{"gitId":"Mr-YaRou"},"content":"  protected boolean isDone;","lastModifiedDate":"2021-09-19"},{"lineNumber":57,"author":{"gitId":"Mr-YaRou"},"content":"","lastModifiedDate":"2021-09-19"},{"lineNumber":58,"author":{"gitId":"Mr-YaRou"},"content":"  public TaskList(String description) {","lastModifiedDate":"2021-09-19"},{"lineNumber":59,"author":{"gitId":"Mr-YaRou"},"content":"    this.description \u003d description;","lastModifiedDate":"2021-09-19"},{"lineNumber":60,"author":{"gitId":"Mr-YaRou"},"content":"    this.isDone \u003d false;","lastModifiedDate":"2021-09-19"},{"lineNumber":61,"author":{"gitId":"Mr-YaRou"},"content":"  }","lastModifiedDate":"2021-09-19"},{"lineNumber":62,"author":{"gitId":"Mr-YaRou"},"content":"","lastModifiedDate":"2021-09-19"},{"lineNumber":63,"author":{"gitId":"Mr-YaRou"},"content":"  public void printTask(int i) {","lastModifiedDate":"2021-09-19"},{"lineNumber":64,"author":{"gitId":"Mr-YaRou"},"content":"    System.out.println(i + \".\" + \"[\" + ((this.isDone) ? \"X\" : \" \") + \"] \" + this.description);","lastModifiedDate":"2021-09-19"},{"lineNumber":65,"author":{"gitId":"Mr-YaRou"},"content":"  }","lastModifiedDate":"2021-09-19"},{"lineNumber":66,"author":{"gitId":"Mr-YaRou"},"content":"","lastModifiedDate":"2021-09-19"},{"lineNumber":67,"author":{"gitId":"Mr-YaRou"},"content":"  public void markDone() {","lastModifiedDate":"2021-09-19"},{"lineNumber":68,"author":{"gitId":"Mr-YaRou"},"content":"    this.isDone \u003d true;","lastModifiedDate":"2021-09-19"},{"lineNumber":69,"author":{"gitId":"Mr-YaRou"},"content":"  }","lastModifiedDate":"2021-09-19"},{"lineNumber":70,"author":{"gitId":"Mr-YaRou"},"content":"}","lastModifiedDate":"2021-09-19"},{"lineNumber":71,"author":{"gitId":"Mr-YaRou"},"content":"","lastModifiedDate":"2021-09-19"},{"lineNumber":72,"author":{"gitId":"Mr-YaRou"},"content":"/** Duke version 2.0 for TIC4001 */","lastModifiedDate":"2021-09-19"},{"lineNumber":73,"author":{"gitId":"-"},"content":"public class Duke {","lastModifiedDate":"2019-07-29"},{"lineNumber":74,"author":{"gitId":"Mr-YaRou"},"content":"","lastModifiedDate":"2021-08-21"},{"lineNumber":75,"author":{"gitId":"-"},"content":"  public static void main(String[] args) {","lastModifiedDate":"2019-07-29"},{"lineNumber":76,"author":{"gitId":"Mr-YaRou"},"content":"    String logo \u003d","lastModifiedDate":"2021-09-19"},{"lineNumber":77,"author":{"gitId":"Mr-YaRou"},"content":"        \"  .\\\" \\\".    ____        _        \\n\"","lastModifiedDate":"2021-09-19"},{"lineNumber":78,"author":{"gitId":"Mr-YaRou"},"content":"            + \" / o o \\\\   |  _ \\\\ _   _| | _____ \\n\"","lastModifiedDate":"2021-08-21"},{"lineNumber":79,"author":{"gitId":"Mr-YaRou"},"content":"            + \" |/\\\\v/\\\\|   | | | | | | | |/ / _ \\\\\\n\"","lastModifiedDate":"2021-08-21"},{"lineNumber":80,"author":{"gitId":"Mr-YaRou"},"content":"            + \"/|     |\\\\  | |_| | |_| |   \u003c  __/\\n\"","lastModifiedDate":"2021-08-21"},{"lineNumber":81,"author":{"gitId":"Mr-YaRou"},"content":"            + \"\\\\|_^_^_|/  |____/ \\\\__,_|_|\\\\_\\\\___|\\n\";","lastModifiedDate":"2021-08-21"},{"lineNumber":82,"author":{"gitId":"-"},"content":"    System.out.println(\"Hello from\\n\" + logo);","lastModifiedDate":"2019-07-29"},{"lineNumber":83,"author":{"gitId":"Mr-YaRou"},"content":"","lastModifiedDate":"2021-08-20"},{"lineNumber":84,"author":{"gitId":"Mr-YaRou"},"content":"    // TODO: Refactor below","lastModifiedDate":"2021-08-29"},{"lineNumber":85,"author":{"gitId":"Mr-YaRou"},"content":"    ArrayList\u003cString\u003e itemLists \u003d new ArrayList\u003cString\u003e(); // to re-create into a persistant class","lastModifiedDate":"2021-08-29"},{"lineNumber":86,"author":{"gitId":"Mr-YaRou"},"content":"","lastModifiedDate":"2021-08-21"},{"lineNumber":87,"author":{"gitId":"Mr-YaRou"},"content":"    // Custom Classes Declare","lastModifiedDate":"2021-09-19"},{"lineNumber":88,"author":{"gitId":"Mr-YaRou"},"content":"    ParserText response \u003d new ParserText();","lastModifiedDate":"2021-09-19"},{"lineNumber":89,"author":{"gitId":"Mr-YaRou"},"content":"","lastModifiedDate":"2021-09-19"},{"lineNumber":90,"author":{"gitId":"Mr-YaRou"},"content":"    // Level 0 - Greet","lastModifiedDate":"2021-08-21"},{"lineNumber":91,"author":{"gitId":"Mr-YaRou"},"content":"    System.out.println(\"Hello! I\u0027m Duke \\nWhat can I do for you?\");","lastModifiedDate":"2021-08-21"},{"lineNumber":92,"author":{"gitId":"Mr-YaRou"},"content":"","lastModifiedDate":"2021-08-21"},{"lineNumber":93,"author":{"gitId":"Mr-YaRou"},"content":"    // TODO: Customise Display Output of Duke","lastModifiedDate":"2021-08-21"},{"lineNumber":94,"author":{"gitId":"Mr-YaRou"},"content":"    while (response.isTrue) {","lastModifiedDate":"2021-09-19"},{"lineNumber":95,"author":{"gitId":"Mr-YaRou"},"content":"      // Level 1 - Greet, Echo, Exit","lastModifiedDate":"2021-08-21"},{"lineNumber":96,"author":{"gitId":"Mr-YaRou"},"content":"      Scanner in \u003d new Scanner(System.in);","lastModifiedDate":"2021-08-21"},{"lineNumber":97,"author":{"gitId":"Mr-YaRou"},"content":"      String input \u003d in.nextLine();","lastModifiedDate":"2021-08-21"},{"lineNumber":98,"author":{"gitId":"Mr-YaRou"},"content":"","lastModifiedDate":"2021-08-29"},{"lineNumber":99,"author":{"gitId":"Mr-YaRou"},"content":"      response.parse(input);","lastModifiedDate":"2021-09-19"},{"lineNumber":100,"author":{"gitId":"-"},"content":"    }","lastModifiedDate":"2021-08-29"},{"lineNumber":101,"author":{"gitId":"Mr-YaRou"},"content":"  }","lastModifiedDate":"2021-08-29"},{"lineNumber":102,"author":{"gitId":"-"},"content":"}","lastModifiedDate":"2019-07-29"}],"authorContributionMap":{"-":5,"Mr-YaRou":97}}]
