[{"path":"src/main/java/Duke.java","fileType":"java","lines":[{"lineNumber":1,"author":{"gitId":"Mr-YaRou"},"content":"import java.util.Scanner;","lastModifiedDate":"2021-08-20"},{"lineNumber":2,"author":{"gitId":"Mr-YaRou"},"content":"","lastModifiedDate":"2021-08-20"},{"lineNumber":3,"author":{"gitId":"Mr-YaRou"},"content":"","lastModifiedDate":"2021-08-21"},{"lineNumber":4,"author":{"gitId":"Mr-YaRou"},"content":"/**","lastModifiedDate":"2021-08-21"},{"lineNumber":5,"author":{"gitId":"Mr-YaRou"},"content":"    Duke version 2.0 for TIC4001","lastModifiedDate":"2021-08-21"},{"lineNumber":6,"author":{"gitId":"Mr-YaRou"},"content":" */","lastModifiedDate":"2021-08-21"},{"lineNumber":7,"author":{"gitId":"-"},"content":"public class Duke {","lastModifiedDate":"2019-07-29"},{"lineNumber":8,"author":{"gitId":"Mr-YaRou"},"content":"","lastModifiedDate":"2021-08-21"},{"lineNumber":9,"author":{"gitId":"-"},"content":"    public static void main(String[] args) {","lastModifiedDate":"2019-07-29"},{"lineNumber":10,"author":{"gitId":"Mr-YaRou"},"content":"        String logo \u003d   \"  .\\\" \\\".    ____        _        \\n\"","lastModifiedDate":"2021-08-21"},{"lineNumber":11,"author":{"gitId":"Mr-YaRou"},"content":"                +       \" / o o \\\\   |  _ \\\\ _   _| | _____ \\n\"","lastModifiedDate":"2021-08-21"},{"lineNumber":12,"author":{"gitId":"Mr-YaRou"},"content":"                +       \" |/\\\\v/\\\\|   | | | | | | | |/ / _ \\\\\\n\"","lastModifiedDate":"2021-08-21"},{"lineNumber":13,"author":{"gitId":"Mr-YaRou"},"content":"                +       \"/|     |\\\\  | |_| | |_| |   \u003c  __/\\n\"","lastModifiedDate":"2021-08-21"},{"lineNumber":14,"author":{"gitId":"Mr-YaRou"},"content":"                +       \"\\\\|_^_^_|/  |____/ \\\\__,_|_|\\\\_\\\\___|\\n\";","lastModifiedDate":"2021-08-21"},{"lineNumber":15,"author":{"gitId":"-"},"content":"        System.out.println(\"Hello from\\n\" + logo);","lastModifiedDate":"2019-07-29"},{"lineNumber":16,"author":{"gitId":"Mr-YaRou"},"content":"","lastModifiedDate":"2021-08-20"},{"lineNumber":17,"author":{"gitId":"Mr-YaRou"},"content":"\t// TODO: Refactor variable out of class","lastModifiedDate":"2021-08-21"},{"lineNumber":18,"author":{"gitId":"Mr-YaRou"},"content":"\tboolean isActive \u003d true;","lastModifiedDate":"2021-08-21"},{"lineNumber":19,"author":{"gitId":"Mr-YaRou"},"content":"","lastModifiedDate":"2021-08-21"},{"lineNumber":20,"author":{"gitId":"Mr-YaRou"},"content":"        // Level 0 - Greet","lastModifiedDate":"2021-08-21"},{"lineNumber":21,"author":{"gitId":"Mr-YaRou"},"content":"\tSystem.out.println(\"Hello! I\u0027m Duke \\nWhat can I do for you?\");","lastModifiedDate":"2021-08-21"},{"lineNumber":22,"author":{"gitId":"Mr-YaRou"},"content":"","lastModifiedDate":"2021-08-21"},{"lineNumber":23,"author":{"gitId":"Mr-YaRou"},"content":"\t// TODO: Customise Display Output of Duke","lastModifiedDate":"2021-08-21"},{"lineNumber":24,"author":{"gitId":"Mr-YaRou"},"content":"\twhile(isActive) {","lastModifiedDate":"2021-08-21"},{"lineNumber":25,"author":{"gitId":"Mr-YaRou"},"content":"\t// Level 1 - Greet, Echo, Exit\t\t","lastModifiedDate":"2021-08-21"},{"lineNumber":26,"author":{"gitId":"Mr-YaRou"},"content":"\t\tScanner in \u003d new  Scanner(System.in);","lastModifiedDate":"2021-08-21"},{"lineNumber":27,"author":{"gitId":"Mr-YaRou"},"content":"\t\tString input \u003d in.nextLine();","lastModifiedDate":"2021-08-21"},{"lineNumber":28,"author":{"gitId":"Mr-YaRou"},"content":"\t\tcommand_action(input,isActive);","lastModifiedDate":"2021-08-21"},{"lineNumber":29,"author":{"gitId":"Mr-YaRou"},"content":"\t}","lastModifiedDate":"2021-08-21"},{"lineNumber":30,"author":{"gitId":"-"},"content":"    }","lastModifiedDate":"2021-08-21"},{"lineNumber":31,"author":{"gitId":"Mr-YaRou"},"content":"","lastModifiedDate":"2021-08-21"},{"lineNumber":32,"author":{"gitId":"Mr-YaRou"},"content":"   public static void command_action(String input, boolean isActive){","lastModifiedDate":"2021-08-21"},{"lineNumber":33,"author":{"gitId":"Mr-YaRou"},"content":"\t","lastModifiedDate":"2021-08-21"},{"lineNumber":34,"author":{"gitId":"Mr-YaRou"},"content":"\tswitch(input.toUpperCase()) {","lastModifiedDate":"2021-08-21"},{"lineNumber":35,"author":{"gitId":"Mr-YaRou"},"content":"\t\t","lastModifiedDate":"2021-08-21"},{"lineNumber":36,"author":{"gitId":"Mr-YaRou"},"content":"\t\tcase \"BYE\":","lastModifiedDate":"2021-08-21"},{"lineNumber":37,"author":{"gitId":"Mr-YaRou"},"content":"\t\t\tSystem.out.println(\"Bye. Hope to see you again soon!\");","lastModifiedDate":"2021-08-21"},{"lineNumber":38,"author":{"gitId":"Mr-YaRou"},"content":"\t\t\tisActive \u003d false;","lastModifiedDate":"2021-08-21"},{"lineNumber":39,"author":{"gitId":"Mr-YaRou"},"content":"\t\t\tbreak;","lastModifiedDate":"2021-08-21"},{"lineNumber":40,"author":{"gitId":"Mr-YaRou"},"content":"\t\tdefault:","lastModifiedDate":"2021-08-21"},{"lineNumber":41,"author":{"gitId":"Mr-YaRou"},"content":"\t\t\tSystem.out.println(input);","lastModifiedDate":"2021-08-21"},{"lineNumber":42,"author":{"gitId":"Mr-YaRou"},"content":"\t}","lastModifiedDate":"2021-08-20"},{"lineNumber":43,"author":{"gitId":"Mr-YaRou"},"content":"","lastModifiedDate":"2021-08-21"},{"lineNumber":44,"author":{"gitId":"-"},"content":"   }","lastModifiedDate":"2019-07-29"},{"lineNumber":45,"author":{"gitId":"-"},"content":"}","lastModifiedDate":"2019-07-29"}],"authorContributionMap":{"-":6,"Mr-YaRou":39}}]
