{"authorDailyContributionsMap":{"Mr-YaRou":[{"date":"2021-08-20","commitResults":[{"hash":"36afb6537fad3668a27aad8ea0c1b1ee9dfc6557","messageTitle":"Test Commit","messageBody":"","fileTypesAndContributionMap":{"java":{"insertions":9,"deletions":0}}}]},{"date":"2021-08-21","commitResults":[{"hash":"36e1250f82cc4bee00e5331664fcd7547f77915d","messageTitle":"Level 0 Completed","messageBody":"","tags":["Level-0"],"fileTypesAndContributionMap":{"java":{"insertions":13,"deletions":9}}},{"hash":"3a60af5420bf1989069018c0706a9daf36fc2d96","messageTitle":"Level-1 : Greet,Echo,Exit Completed","messageBody":"","tags":["Level-1"],"fileTypesAndContributionMap":{"java":{"insertions":26,"deletions":4}}}]},{"date":"2021-08-29","commitResults":[{"hash":"753503c8327119247ba7f498df395146876dceb3","messageTitle":"Level 2, draft complete","messageBody":"","tags":["Level-2"],"fileTypesAndContributionMap":{"java":{"insertions":28,"deletions":7}}},{"hash":"821bb553f1354f72be84c25ef1c002fc6f876ce3","messageTitle":"Level-3 Testing","messageBody":"","fileTypesAndContributionMap":{"java":{"insertions":2,"deletions":0}}}]},{"date":"2021-09-19","commitResults":[{"hash":"a2e8b11be1e6196094af40c2c6c5df5ebabdc111","messageTitle":"level 3 completed, refactored","messageBody":"","tags":["Level-3"],"fileTypesAndContributionMap":{"java":{"insertions":95,"deletions":61}}}]},{"date":"2021-10-02","commitResults":[{"hash":"01724c331d3eebc5fa98840963b2c9bff5a21cb7","messageTitle":"Level 4 to 9, Refactored and Recovered","messageBody":"","fileTypesAndContributionMap":{"txt":{"insertions":4,"deletions":0},"java":{"insertions":1008,"deletions":102},"bat":{"insertions":84,"deletions":21},"sh":{"insertions":0,"deletions":38},"md":{"insertions":43,"deletions":37}}},{"hash":"75f75a9f3dbaf3f1cf6e601e40bb506288629446","messageTitle":"Readme Updates","messageBody":"","tags":["Level-9-cmpltd"],"fileTypesAndContributionMap":{"md":{"insertions":24,"deletions":39}}}]}]},"authorFileTypeContributionMap":{"Mr-YaRou":{"java":1008,"md":5,"fxml":0,"sh":0,"bat":84,"gradle":0,"txt":4}},"authorContributionVariance":{"Mr-YaRou":35249.992},"authorDisplayNameMap":{"Mr-YaRou":"TIC4001-F18-1 GIMP..ADAY"}}
