{"authorDailyContributionsMap":{"Mr-YaRou":[{"date":"2021-08-20","commitResults":[{"hash":"36afb6537fad3668a27aad8ea0c1b1ee9dfc6557","messageTitle":"Test Commit","messageBody":"","fileTypesAndContributionMap":{"java":{"insertions":9,"deletions":0}}}]},{"date":"2021-08-21","commitResults":[{"hash":"36e1250f82cc4bee00e5331664fcd7547f77915d","messageTitle":"Level 0 Completed","messageBody":"","tags":["Level-0"],"fileTypesAndContributionMap":{"java":{"insertions":13,"deletions":9}}},{"hash":"3a60af5420bf1989069018c0706a9daf36fc2d96","messageTitle":"Level-1 : Greet,Echo,Exit Completed","messageBody":"","tags":["Level-1"],"fileTypesAndContributionMap":{"java":{"insertions":26,"deletions":4}}}]},{"date":"2021-08-29","commitResults":[{"hash":"753503c8327119247ba7f498df395146876dceb3","messageTitle":"Level 2, draft complete","messageBody":"","tags":["Level-2"],"fileTypesAndContributionMap":{"java":{"insertions":28,"deletions":7}}},{"hash":"821bb553f1354f72be84c25ef1c002fc6f876ce3","messageTitle":"Level-3 Testing","messageBody":"","fileTypesAndContributionMap":{"java":{"insertions":2,"deletions":0}}}]}]},"authorFileTypeContributionMap":{"Mr-YaRou":{"java":62,"md":0,"fxml":0,"sh":0,"bat":0,"gradle":0,"txt":0}},"authorContributionVariance":{"Mr-YaRou":176.03175},"authorDisplayNameMap":{"Mr-YaRou":"TIC4001-F18-1 GIMP..ADAY"}}
