{"repoSenseVersion":"aefa0b5923","reportGeneratedTime":"Mon Aug 23 08:02:21 2021 UTC+08:00","reportGenerationTime":" 3.58 second(s)","zoneId":"UTC+08:00","reportTitle":"RepoSense Report","repos":[{"location":{"location":"https://github.com/l-shihao/ip.git","repoName":"ip","organization":"l-shihao"},"branch":"master","displayName":"l-shihao/ip[master]","outputFolderName":"l-shihao_ip_master"},{"location":{"location":"https://github.com/TanChiaChun/ip.git","repoName":"ip","organization":"TanChiaChun"},"branch":"master","displayName":"TanChiaChun/ip[master]","outputFolderName":"TanChiaChun_ip_master"},{"location":{"location":"https://github.com/gweeyc/ip.git","repoName":"ip","organization":"gweeyc"},"branch":"master","displayName":"gweeyc/ip[master]","outputFolderName":"gweeyc_ip_master"},{"location":{"location":"https://github.com/yinyin377/ip.git","repoName":"ip","organization":"yinyin377"},"branch":"master","displayName":"yinyin377/ip[master]","outputFolderName":"yinyin377_ip_master"},{"location":{"location":"https://github.com/KaydenKhor/ip.git","repoName":"ip","organization":"KaydenKhor"},"branch":"master","displayName":"KaydenKhor/ip[master]","outputFolderName":"KaydenKhor_ip_master"},{"location":{"location":"https://github.com/chenghuiyuan/ip.git","repoName":"ip","organization":"chenghuiyuan"},"branch":"master","displayName":"chenghuiyuan/ip[master]","outputFolderName":"chenghuiyuan_ip_master"},{"location":{"location":"https://github.com/e0373972/ip.git","repoName":"ip","organization":"e0373972"},"branch":"master","displayName":"e0373972/ip[master]","outputFolderName":"e0373972_ip_master"},{"location":{"location":"https://github.com/zyjarvis/ip.git","repoName":"ip","organization":"zyjarvis"},"branch":"master","displayName":"zyjarvis/ip[master]","outputFolderName":"zyjarvis_ip_master"},{"location":{"location":"https://github.com/badfr0g/ip.git","repoName":"ip","organization":"badfr0g"},"branch":"master","displayName":"badfr0g/ip[master]","outputFolderName":"badfr0g_ip_master"},{"location":{"location":"https://github.com/jr-mojito/ip.git","repoName":"ip","organization":"jr-mojito"},"branch":"master","displayName":"jr-mojito/ip[master]","outputFolderName":"jr-mojito_ip_master"},{"location":{"location":"https://github.com/ivanhlb/ip.git","repoName":"ip","organization":"ivanhlb"},"branch":"master","displayName":"ivanhlb/ip[master]","outputFolderName":"ivanhlb_ip_master"},{"location":{"location":"https://github.com/Mr-YaRou/ip.git","repoName":"ip","organization":"Mr-YaRou"},"branch":"master","displayName":"Mr-YaRou/ip[master]","outputFolderName":"Mr-YaRou_ip_master"},{"location":{"location":"https://github.com/Elxyng/ip.git","repoName":"ip","organization":"Elxyng"},"branch":"master","displayName":"Elxyng/ip[master]","outputFolderName":"Elxyng_ip_master"},{"location":{"location":"https://github.com/Ruiting1/ip.git","repoName":"ip","organization":"Ruiting1"},"branch":"master","displayName":"Ruiting1/ip[master]","outputFolderName":"Ruiting1_ip_master"},{"location":{"location":"https://github.com/lowyanshuang/ip.git","repoName":"ip","organization":"lowyanshuang"},"branch":"master","displayName":"lowyanshuang/ip[master]","outputFolderName":"lowyanshuang_ip_master"},{"location":{"location":"https://github.com/IcyNoPeople/ip.git","repoName":"ip","organization":"IcyNoPeople"},"branch":"master","displayName":"IcyNoPeople/ip[master]","outputFolderName":"IcyNoPeople_ip_master"},{"location":{"location":"https://github.com/sohwkjames/ip.git","repoName":"ip","organization":"sohwkjames"},"branch":"master","displayName":"sohwkjames/ip[master]","outputFolderName":"sohwkjames_ip_master"}],"errorList":[{"repoName":"thisisdax/ip[master]","errorMessage":"Failed to clone from https://github.com/thisisdax/ip.git"},{"repoName":"spencernah/ip[master]","errorMessage":"Failed to clone from https://github.com/spencernah/ip.git"},{"repoName":"hana-oxy/ip[master]","errorMessage":"Failed to clone from https://github.com/hana-oxy/ip.git"},{"repoName":"yaololo/ip[master]","errorMessage":"Failed to clone from https://github.com/yaololo/ip.git"},{"repoName":"zcnmashleu95/ip[master]","errorMessage":"Failed to clone from https://github.com/zcnmashleu95/ip.git"},{"repoName":"YangShuogeng/ip[master]","errorMessage":"Failed to clone from https://github.com/YangShuogeng/ip.git"}],"sinceDate":"2021-08-09","untilDate":"2021-08-23","isSinceDateProvided":true,"isUntilDateProvided":false}
