{"repoSenseVersion":"v1.14","reportGeneratedTime":"Sat Oct 16 08:02:47 2021 UTC+08:00","reportGenerationTime":" 8.68 second(s)","zoneId":"UTC+08:00","reportTitle":"RepoSense Report","repos":[{"location":{"location":"https://github.com/l-shihao/ip.git","repoName":"ip","organization":"l-shihao"},"branch":"master","displayName":"l-shihao/ip[master]","outputFolderName":"l-shihao_ip_master"},{"location":{"location":"https://github.com/yaololo/ip.git","repoName":"ip","organization":"yaololo"},"branch":"master","displayName":"yaololo/ip[master]","outputFolderName":"yaololo_ip_master"},{"location":{"location":"https://github.com/hana-oxy/ip.git","repoName":"ip","organization":"hana-oxy"},"branch":"master","displayName":"hana-oxy/ip[master]","outputFolderName":"hana-oxy_ip_master"},{"location":{"location":"https://github.com/gweeyc/ip.git","repoName":"ip","organization":"gweeyc"},"branch":"master","displayName":"gweeyc/ip[master]","outputFolderName":"gweeyc_ip_master"},{"location":{"location":"https://github.com/yinyin377/ip.git","repoName":"ip","organization":"yinyin377"},"branch":"master","displayName":"yinyin377/ip[master]","outputFolderName":"yinyin377_ip_master"},{"location":{"location":"https://github.com/KaydenKhor/ip.git","repoName":"ip","organization":"KaydenKhor"},"branch":"master","displayName":"KaydenKhor/ip[master]","outputFolderName":"KaydenKhor_ip_master"},{"location":{"location":"https://github.com/chenghuiyuan/ip.git","repoName":"ip","organization":"chenghuiyuan"},"branch":"master","displayName":"chenghuiyuan/ip[master]","outputFolderName":"chenghuiyuan_ip_master"},{"location":{"location":"https://github.com/e0373972/ip.git","repoName":"ip","organization":"e0373972"},"branch":"master","displayName":"e0373972/ip[master]","outputFolderName":"e0373972_ip_master"},{"location":{"location":"https://github.com/YangShuogeng/ip.git","repoName":"ip","organization":"YangShuogeng"},"branch":"master","displayName":"YangShuogeng/ip[master]","outputFolderName":"YangShuogeng_ip_master"},{"location":{"location":"https://github.com/zyjarvis/ip.git","repoName":"ip","organization":"zyjarvis"},"branch":"master","displayName":"zyjarvis/ip[master]","outputFolderName":"zyjarvis_ip_master"},{"location":{"location":"https://github.com/badfr0g/ip.git","repoName":"ip","organization":"badfr0g"},"branch":"master","displayName":"badfr0g/ip[master]","outputFolderName":"badfr0g_ip_master"},{"location":{"location":"https://github.com/jr-mojito/ip.git","repoName":"ip","organization":"jr-mojito"},"branch":"master","displayName":"jr-mojito/ip[master]","outputFolderName":"jr-mojito_ip_master"},{"location":{"location":"https://github.com/ivanhlb/ip.git","repoName":"ip","organization":"ivanhlb"},"branch":"master","displayName":"ivanhlb/ip[master]","outputFolderName":"ivanhlb_ip_master"},{"location":{"location":"https://github.com/Opkko/ip.git","repoName":"ip","organization":"Opkko"},"branch":"master","displayName":"Opkko/ip[master]","outputFolderName":"Opkko_ip_master"},{"location":{"location":"https://github.com/thisisdax/ip.git","repoName":"ip","organization":"thisisdax"},"branch":"master","displayName":"thisisdax/ip[master]","outputFolderName":"thisisdax_ip_master"},{"location":{"location":"https://github.com/Mr-YaRou/ip.git","repoName":"ip","organization":"Mr-YaRou"},"branch":"master","displayName":"Mr-YaRou/ip[master]","outputFolderName":"Mr-YaRou_ip_master"},{"location":{"location":"https://github.com/Elxyng/ip.git","repoName":"ip","organization":"Elxyng"},"branch":"master","displayName":"Elxyng/ip[master]","outputFolderName":"Elxyng_ip_master"},{"location":{"location":"https://github.com/Ruiting1/ip.git","repoName":"ip","organization":"Ruiting1"},"branch":"master","displayName":"Ruiting1/ip[master]","outputFolderName":"Ruiting1_ip_master"},{"location":{"location":"https://github.com/lowyanshuang/ip.git","repoName":"ip","organization":"lowyanshuang"},"branch":"master","displayName":"lowyanshuang/ip[master]","outputFolderName":"lowyanshuang_ip_master"},{"location":{"location":"https://github.com/zcnmashleu95/ip.git","repoName":"ip","organization":"zcnmashleu95"},"branch":"master","displayName":"zcnmashleu95/ip[master]","outputFolderName":"zcnmashleu95_ip_master"},{"location":{"location":"https://github.com/spencernah/ip.git","repoName":"ip","organization":"spencernah"},"branch":"master","displayName":"spencernah/ip[master]","outputFolderName":"spencernah_ip_master"},{"location":{"location":"https://github.com/IcyNoPeople/ip.git","repoName":"ip","organization":"IcyNoPeople"},"branch":"master","displayName":"IcyNoPeople/ip[master]","outputFolderName":"IcyNoPeople_ip_master"},{"location":{"location":"https://github.com/sohwkjames/ip.git","repoName":"ip","organization":"sohwkjames"},"branch":"master","displayName":"sohwkjames/ip[master]","outputFolderName":"sohwkjames_ip_master"}],"errorList":[{"repoName":"https://github.com/e0262191/ip","errorMessage":"https://github.com/e0262191/ip is an invalid location."},{"repoName":"https://github.com/e0262191/ip","errorMessage":"https://github.com/e0262191/ip is an invalid location."},{"repoName":"TanChiaChun/ip[master]","errorMessage":"Unexpected error stack trace for https://github.com/TanChiaChun/ip.git:\n\u003ejava.lang.NumberFormatException: For input string: \"\"\n\tat java.base/java.lang.NumberFormatException.forInputString(NumberFormatException.java:65)\n\tat java.base/java.lang.Long.parseLong(Long.java:702)\n\tat java.base/java.lang.Long.parseLong(Long.java:817)\n\tat java.base/java.text.DigitList.getLong(DigitList.java:195)\n\tat java.base/java.text.DecimalFormat.parse(DecimalFormat.java:2121)\n\tat java.base/java.text.SimpleDateFormat.subParse(SimpleDateFormat.java:2240)\n\tat java.base/java.text.SimpleDateFormat.parse(SimpleDateFormat.java:1541)\n\tat java.base/java.text.DateFormat.parse(DateFormat.java:393)\n\tat reposense.commits.CommitInfoAnalyzer.analyzeCommit(CommitInfoAnalyzer.java:92)\n\tat reposense.commits.CommitInfoAnalyzer.lambda$analyzeCommits$0(CommitInfoAnalyzer.java:71)\n\tat java.base/java.util.stream.ReferencePipeline$3$1.accept(ReferencePipeline.java:195)\n\tat java.base/java.util.ArrayList$ArrayListSpliterator.forEachRemaining(ArrayList.java:1655)\n\tat java.base/java.util.stream.AbstractPipeline.copyInto(AbstractPipeline.java:484)\n\tat java.base/java.util.stream.AbstractPipeline.wrapAndCopyInto(AbstractPipeline.java:474)\n\tat java.base/java.util.stream.ReduceOps$ReduceOp.evaluateSequential(ReduceOps.java:913)\n\tat java.base/java.util.stream.AbstractPipeline.evaluate(AbstractPipeline.java:234)\n\tat java.base/java.util.stream.ReferencePipeline.collect(ReferencePipeline.java:578)\n\tat reposense.commits.CommitInfoAnalyzer.analyzeCommits(CommitInfoAnalyzer.java:76)\n\tat reposense.commits.CommitsReporter.generateCommitSummary(CommitsReporter.java:21)\n\tat reposense.report.ReportGenerator.analyzeRepo(ReportGenerator.java:375)\n\tat reposense.report.ReportGenerator.analyzeRepos(ReportGenerator.java:327)\n\tat reposense.report.ReportGenerator.lambda$cloneAndAnalyzeRepos$1(ReportGenerator.java:237)\n\tat java.base/java.util.concurrent.CompletableFuture$UniApply.tryFire(CompletableFuture.java:642)\n\tat java.base/java.util.concurrent.CompletableFuture$Completion.run(CompletableFuture.java:478)\n\tat java.base/java.util.concurrent.ThreadPoolExecutor.runWorker(ThreadPoolExecutor.java:1128)\n\tat java.base/java.util.concurrent.ThreadPoolExecutor$Worker.run(ThreadPoolExecutor.java:628)\n\tat java.base/java.lang.Thread.run(Thread.java:829)\n"}],"sinceDate":"2021-08-09","untilDate":"2021-10-16","isSinceDateProvided":true,"isUntilDateProvided":false}
