[{"path":"README.md","fileType":"md","lines":[{"lineNumber":1,"author":{"gitId":"-"},"content":"# Duke project template","lastModifiedDate":"2020-05-25"},{"lineNumber":2,"author":{"gitId":"-"},"content":"","lastModifiedDate":"2020-05-25"},{"lineNumber":3,"author":{"gitId":"-"},"content":"This is a project template for a greenfield Java project. It\u0027s named after the Java mascot _Duke_. Given below are instructions on how to use it.","lastModifiedDate":"2020-05-25"},{"lineNumber":4,"author":{"gitId":"-"},"content":"","lastModifiedDate":"2020-05-25"},{"lineNumber":5,"author":{"gitId":"-"},"content":"## Setting up in Intellij","lastModifiedDate":"2020-05-25"},{"lineNumber":6,"author":{"gitId":"-"},"content":"","lastModifiedDate":"2020-05-25"},{"lineNumber":7,"author":{"gitId":"-"},"content":"Prerequisites: JDK 11, update Intellij to the most recent version.","lastModifiedDate":"2020-05-25"},{"lineNumber":8,"author":{"gitId":"-"},"content":"","lastModifiedDate":"2020-05-25"},{"lineNumber":9,"author":{"gitId":"-"},"content":"1. Open Intellij (if you are not in the welcome screen, click `File` \u003e `Close Project` to close the existing project first)","lastModifiedDate":"2021-01-17"},{"lineNumber":10,"author":{"gitId":"-"},"content":"1. Open the project into Intellij as follows:","lastModifiedDate":"2021-01-17"},{"lineNumber":11,"author":{"gitId":"-"},"content":"   1. Click `Open`.","lastModifiedDate":"2021-01-17"},{"lineNumber":12,"author":{"gitId":"-"},"content":"   1. Select the project directory, and click `OK`.","lastModifiedDate":"2021-01-17"},{"lineNumber":13,"author":{"gitId":"-"},"content":"   1. If there are any further prompts, accept the defaults.","lastModifiedDate":"2020-05-25"},{"lineNumber":14,"author":{"gitId":"-"},"content":"1. Configure the project to use **JDK 11** (not other versions) as explained in [here](https://www.jetbrains.com/help/idea/sdk.html#set-up-jdk).\u003cbr\u003e","lastModifiedDate":"2021-07-29"},{"lineNumber":15,"author":{"gitId":"-"},"content":"   In the same dialog, set the **Project language level** field to the `SDK default` option.","lastModifiedDate":"2021-07-29"},{"lineNumber":16,"author":{"gitId":"-"},"content":"3. After that, locate the `src/main/java/Duke.java` file, right-click it, and choose `Run Duke.main()` (if the code editor is showing compile errors, try restarting the IDE). If the setup is correct, you should see something like the below as the output:","lastModifiedDate":"2021-07-29"},{"lineNumber":17,"author":{"gitId":"-"},"content":"   ```","lastModifiedDate":"2020-05-25"},{"lineNumber":18,"author":{"gitId":"-"},"content":"   Hello from","lastModifiedDate":"2020-05-25"},{"lineNumber":19,"author":{"gitId":"-"},"content":"    ____        _        ","lastModifiedDate":"2020-05-25"},{"lineNumber":20,"author":{"gitId":"-"},"content":"   |  _ \\ _   _| | _____ ","lastModifiedDate":"2020-05-25"},{"lineNumber":21,"author":{"gitId":"-"},"content":"   | | | | | | | |/ / _ \\","lastModifiedDate":"2020-05-25"},{"lineNumber":22,"author":{"gitId":"-"},"content":"   | |_| | |_| |   \u003c  __/","lastModifiedDate":"2020-05-25"},{"lineNumber":23,"author":{"gitId":"-"},"content":"   |____/ \\__,_|_|\\_\\___|","lastModifiedDate":"2020-05-25"},{"lineNumber":24,"author":{"gitId":"-"},"content":"   ```","lastModifiedDate":"2020-05-25"},{"lineNumber":25,"author":{"gitId":"sohwkjames"},"content":"","lastModifiedDate":"2021-08-25"},{"lineNumber":26,"author":{"gitId":"sohwkjames"},"content":"","lastModifiedDate":"2021-08-25"},{"lineNumber":27,"author":{"gitId":"sohwkjames"},"content":"# Run automated tests","lastModifiedDate":"2021-08-25"},{"lineNumber":28,"author":{"gitId":"sohwkjames"},"content":"","lastModifiedDate":"2021-08-25"},{"lineNumber":29,"author":{"gitId":"sohwkjames"},"content":"1. navigate to text-ui-test folder","lastModifiedDate":"2021-08-25"},{"lineNumber":30,"author":{"gitId":"sohwkjames"},"content":"2. `./runtest.sh`","lastModifiedDate":"2021-08-25"}],"authorContributionMap":{"sohwkjames":6,"-":24}},{"path":"docs/README.md","fileType":"md","lines":[{"lineNumber":1,"author":{"gitId":"sohwkjames"},"content":"## NUS TIC4001  Project Duke","lastModifiedDate":"2021-10-10"},{"lineNumber":2,"author":{"gitId":"-"},"content":"","lastModifiedDate":"2019-07-29"},{"lineNumber":3,"author":{"gitId":"sohwkjames"},"content":"To add a \"todo\" item: input in the format `todo \u003ctask to do\u003e`, for example `todo borrow book`. ","lastModifiedDate":"2021-10-10"},{"lineNumber":4,"author":{"gitId":"-"},"content":"","lastModifiedDate":"2019-07-29"},{"lineNumber":5,"author":{"gitId":"sohwkjames"},"content":"To add a deadline item, input in the format `deadline \u003ctask\u003e /by \u003ctime\u003e`, for example `deadline return book /by Sunday`","lastModifiedDate":"2021-10-10"},{"lineNumber":6,"author":{"gitId":"-"},"content":"","lastModifiedDate":"2021-07-17"},{"lineNumber":7,"author":{"gitId":"sohwkjames"},"content":"To add an event item, input in the format `event \u003ctask\u003e /at \u003cstart time\u003e-\u003cend time\u003e`, for example `event project meeting /at Mon 2-4pm`","lastModifiedDate":"2021-10-10"},{"lineNumber":8,"author":{"gitId":"-"},"content":"","lastModifiedDate":"2021-07-17"},{"lineNumber":9,"author":{"gitId":"sohwkjames"},"content":"To list all existing items, enter `list` ","lastModifiedDate":"2021-10-10"},{"lineNumber":10,"author":{"gitId":"-"},"content":"","lastModifiedDate":"2021-07-17"},{"lineNumber":11,"author":{"gitId":"sohwkjames"},"content":"To toggle an item\u0027s \u0027done\u0027 status, use `done \u003cindex\u003e`, for example `done 0` will toggle item 0. Use `list` to see the list lof items with their index.","lastModifiedDate":"2021-10-10"},{"lineNumber":12,"author":{"gitId":"-"},"content":"","lastModifiedDate":"2019-07-29"},{"lineNumber":13,"author":{"gitId":"sohwkjames"},"content":"To delete an item from the list, use `delete \u003cindex\u003e`, for example `delete 1`.","lastModifiedDate":"2021-10-10"}],"authorContributionMap":{"sohwkjames":7,"-":6}},{"path":"src/main/java/Duke.java","fileType":"java","lines":[{"lineNumber":1,"author":{"gitId":"sohwkjames"},"content":"import Duke.Task.Task;","lastModifiedDate":"2021-08-25"},{"lineNumber":2,"author":{"gitId":"sohwkjames"},"content":"import Duke.Task.TaskList;","lastModifiedDate":"2021-08-25"},{"lineNumber":3,"author":{"gitId":"sohwkjames"},"content":"import Duke.exceptions.DukeException;","lastModifiedDate":"2021-08-25"},{"lineNumber":4,"author":{"gitId":"sohwkjames"},"content":"","lastModifiedDate":"2021-08-25"},{"lineNumber":5,"author":{"gitId":"sohwkjames"},"content":"import java.util.ArrayList;","lastModifiedDate":"2021-08-17"},{"lineNumber":6,"author":{"gitId":"sohwkjames"},"content":"","lastModifiedDate":"2021-08-17"},{"lineNumber":7,"author":{"gitId":"-"},"content":"public class Duke {","lastModifiedDate":"2019-07-29"},{"lineNumber":8,"author":{"gitId":"sohwkjames"},"content":"    public static void main(String[] args) throws DukeException {","lastModifiedDate":"2021-08-25"},{"lineNumber":9,"author":{"gitId":"sohwkjames"},"content":"","lastModifiedDate":"2021-08-17"},{"lineNumber":10,"author":{"gitId":"sohwkjames"},"content":"        Operations operations \u003d new Operations();","lastModifiedDate":"2021-08-17"},{"lineNumber":11,"author":{"gitId":"sohwkjames"},"content":"        Interactor interactor \u003d new Interactor();","lastModifiedDate":"2021-08-17"},{"lineNumber":12,"author":{"gitId":"sohwkjames"},"content":"        TaskList taskList \u003d new TaskList(new ArrayList\u003cTask\u003e());","lastModifiedDate":"2021-08-17"},{"lineNumber":13,"author":{"gitId":"sohwkjames"},"content":"","lastModifiedDate":"2021-08-17"},{"lineNumber":14,"author":{"gitId":"sohwkjames"},"content":"        operations.setDatabase(taskList);","lastModifiedDate":"2021-08-17"},{"lineNumber":15,"author":{"gitId":"sohwkjames"},"content":"        interactor.setOperations(operations);","lastModifiedDate":"2021-08-17"},{"lineNumber":16,"author":{"gitId":"sohwkjames"},"content":"","lastModifiedDate":"2021-08-17"},{"lineNumber":17,"author":{"gitId":"sohwkjames"},"content":"        interactor.setExitKeyword(\"bye\");","lastModifiedDate":"2021-08-17"},{"lineNumber":18,"author":{"gitId":"sohwkjames"},"content":"        interactor.setDoneKeyword(\"done\");","lastModifiedDate":"2021-08-17"},{"lineNumber":19,"author":{"gitId":"sohwkjames"},"content":"","lastModifiedDate":"2021-08-17"},{"lineNumber":20,"author":{"gitId":"sohwkjames"},"content":"        interactor.start();","lastModifiedDate":"2021-08-17"},{"lineNumber":21,"author":{"gitId":"-"},"content":"    }","lastModifiedDate":"2019-07-29"},{"lineNumber":22,"author":{"gitId":"-"},"content":"}","lastModifiedDate":"2019-07-29"}],"authorContributionMap":{"sohwkjames":19,"-":3}},{"path":"src/main/java/Duke/Task/Deadline.java","fileType":"java","lines":[{"lineNumber":1,"author":{"gitId":"sohwkjames"},"content":"package Duke.Task;","lastModifiedDate":"2021-08-25"},{"lineNumber":2,"author":{"gitId":"sohwkjames"},"content":"","lastModifiedDate":"2021-08-25"},{"lineNumber":3,"author":{"gitId":"sohwkjames"},"content":"public class Deadline extends Task{","lastModifiedDate":"2021-08-17"},{"lineNumber":4,"author":{"gitId":"sohwkjames"},"content":"    String symbol \u003d \"[D]\";","lastModifiedDate":"2021-08-17"},{"lineNumber":5,"author":{"gitId":"sohwkjames"},"content":"    String endTime;","lastModifiedDate":"2021-08-17"},{"lineNumber":6,"author":{"gitId":"sohwkjames"},"content":"","lastModifiedDate":"2021-08-17"},{"lineNumber":7,"author":{"gitId":"sohwkjames"},"content":"    public Deadline(String endTime) {","lastModifiedDate":"2021-08-17"},{"lineNumber":8,"author":{"gitId":"sohwkjames"},"content":"        this.endTime \u003d endTime;","lastModifiedDate":"2021-08-17"},{"lineNumber":9,"author":{"gitId":"sohwkjames"},"content":"    }","lastModifiedDate":"2021-08-17"},{"lineNumber":10,"author":{"gitId":"sohwkjames"},"content":"","lastModifiedDate":"2021-08-17"},{"lineNumber":11,"author":{"gitId":"sohwkjames"},"content":"    public Deadline(boolean isDone, String description, String endTime) {","lastModifiedDate":"2021-08-17"},{"lineNumber":12,"author":{"gitId":"sohwkjames"},"content":"        super(isDone, description);","lastModifiedDate":"2021-08-17"},{"lineNumber":13,"author":{"gitId":"sohwkjames"},"content":"        this.endTime \u003d endTime;","lastModifiedDate":"2021-08-17"},{"lineNumber":14,"author":{"gitId":"sohwkjames"},"content":"    }","lastModifiedDate":"2021-08-17"},{"lineNumber":15,"author":{"gitId":"sohwkjames"},"content":"","lastModifiedDate":"2021-08-17"},{"lineNumber":16,"author":{"gitId":"sohwkjames"},"content":"    public Deadline() {","lastModifiedDate":"2021-08-17"},{"lineNumber":17,"author":{"gitId":"sohwkjames"},"content":"","lastModifiedDate":"2021-08-17"},{"lineNumber":18,"author":{"gitId":"sohwkjames"},"content":"    }","lastModifiedDate":"2021-08-17"},{"lineNumber":19,"author":{"gitId":"sohwkjames"},"content":"","lastModifiedDate":"2021-08-17"},{"lineNumber":20,"author":{"gitId":"sohwkjames"},"content":"    public String getEndTime() {","lastModifiedDate":"2021-08-17"},{"lineNumber":21,"author":{"gitId":"sohwkjames"},"content":"        return endTime;","lastModifiedDate":"2021-08-17"},{"lineNumber":22,"author":{"gitId":"sohwkjames"},"content":"    }","lastModifiedDate":"2021-08-17"},{"lineNumber":23,"author":{"gitId":"sohwkjames"},"content":"","lastModifiedDate":"2021-08-17"},{"lineNumber":24,"author":{"gitId":"sohwkjames"},"content":"    public void setEndTime(String endTime) {","lastModifiedDate":"2021-08-17"},{"lineNumber":25,"author":{"gitId":"sohwkjames"},"content":"        this.endTime \u003d endTime;","lastModifiedDate":"2021-08-17"},{"lineNumber":26,"author":{"gitId":"sohwkjames"},"content":"    }","lastModifiedDate":"2021-08-17"},{"lineNumber":27,"author":{"gitId":"sohwkjames"},"content":"","lastModifiedDate":"2021-08-21"},{"lineNumber":28,"author":{"gitId":"sohwkjames"},"content":"    @Override","lastModifiedDate":"2021-08-21"},{"lineNumber":29,"author":{"gitId":"sohwkjames"},"content":"    public String toString(){","lastModifiedDate":"2021-08-21"},{"lineNumber":30,"author":{"gitId":"sohwkjames"},"content":"        String doneSymbol \u003d \"[ ]\";","lastModifiedDate":"2021-08-21"},{"lineNumber":31,"author":{"gitId":"sohwkjames"},"content":"        if(isDone){","lastModifiedDate":"2021-08-21"},{"lineNumber":32,"author":{"gitId":"sohwkjames"},"content":"            doneSymbol \u003d \"[x]\";","lastModifiedDate":"2021-08-21"},{"lineNumber":33,"author":{"gitId":"sohwkjames"},"content":"        }","lastModifiedDate":"2021-08-21"},{"lineNumber":34,"author":{"gitId":"sohwkjames"},"content":"        String message \u003d doneSymbol + \": \" + symbol + \" \" +  description + \" (at: \" + endTime +  \")\";","lastModifiedDate":"2021-08-21"},{"lineNumber":35,"author":{"gitId":"sohwkjames"},"content":"        return message;","lastModifiedDate":"2021-08-21"},{"lineNumber":36,"author":{"gitId":"sohwkjames"},"content":"    }","lastModifiedDate":"2021-08-21"},{"lineNumber":37,"author":{"gitId":"sohwkjames"},"content":"","lastModifiedDate":"2021-08-21"},{"lineNumber":38,"author":{"gitId":"sohwkjames"},"content":"}","lastModifiedDate":"2021-08-17"}],"authorContributionMap":{"sohwkjames":38}},{"path":"src/main/java/Duke/Task/Event.java","fileType":"java","lines":[{"lineNumber":1,"author":{"gitId":"sohwkjames"},"content":"package Duke.Task;","lastModifiedDate":"2021-08-25"},{"lineNumber":2,"author":{"gitId":"sohwkjames"},"content":"","lastModifiedDate":"2021-08-25"},{"lineNumber":3,"author":{"gitId":"sohwkjames"},"content":"public class Event extends Deadline{","lastModifiedDate":"2021-08-17"},{"lineNumber":4,"author":{"gitId":"sohwkjames"},"content":"    String symbol \u003d \"[E]\";","lastModifiedDate":"2021-08-17"},{"lineNumber":5,"author":{"gitId":"sohwkjames"},"content":"    String startTime \u003d \"\";","lastModifiedDate":"2021-08-21"},{"lineNumber":6,"author":{"gitId":"sohwkjames"},"content":"    String endTime \u003d \"\";","lastModifiedDate":"2021-08-17"},{"lineNumber":7,"author":{"gitId":"sohwkjames"},"content":"","lastModifiedDate":"2021-08-17"},{"lineNumber":8,"author":{"gitId":"sohwkjames"},"content":"    public Event(boolean isDone, String description, String endTime, String startTime) {","lastModifiedDate":"2021-08-21"},{"lineNumber":9,"author":{"gitId":"sohwkjames"},"content":"        super(isDone, description, endTime);","lastModifiedDate":"2021-08-21"},{"lineNumber":10,"author":{"gitId":"sohwkjames"},"content":"        this.startTime \u003d startTime;","lastModifiedDate":"2021-08-21"},{"lineNumber":11,"author":{"gitId":"sohwkjames"},"content":"        this.endTime \u003d endTime;","lastModifiedDate":"2021-08-21"},{"lineNumber":12,"author":{"gitId":"sohwkjames"},"content":"    }","lastModifiedDate":"2021-08-21"},{"lineNumber":13,"author":{"gitId":"sohwkjames"},"content":"","lastModifiedDate":"2021-08-21"},{"lineNumber":14,"author":{"gitId":"sohwkjames"},"content":"    public Event() {","lastModifiedDate":"2021-08-17"},{"lineNumber":15,"author":{"gitId":"sohwkjames"},"content":"    }","lastModifiedDate":"2021-08-17"},{"lineNumber":16,"author":{"gitId":"sohwkjames"},"content":"","lastModifiedDate":"2021-08-17"},{"lineNumber":17,"author":{"gitId":"sohwkjames"},"content":"    @Override","lastModifiedDate":"2021-08-17"},{"lineNumber":18,"author":{"gitId":"sohwkjames"},"content":"    public String getEndTime() {","lastModifiedDate":"2021-08-17"},{"lineNumber":19,"author":{"gitId":"sohwkjames"},"content":"        return endTime;","lastModifiedDate":"2021-08-17"},{"lineNumber":20,"author":{"gitId":"sohwkjames"},"content":"    }","lastModifiedDate":"2021-08-17"},{"lineNumber":21,"author":{"gitId":"sohwkjames"},"content":"","lastModifiedDate":"2021-08-17"},{"lineNumber":22,"author":{"gitId":"sohwkjames"},"content":"    @Override","lastModifiedDate":"2021-08-17"},{"lineNumber":23,"author":{"gitId":"sohwkjames"},"content":"    public void setEndTime(String endTime) {","lastModifiedDate":"2021-08-17"},{"lineNumber":24,"author":{"gitId":"sohwkjames"},"content":"        this.endTime \u003d endTime;","lastModifiedDate":"2021-08-17"},{"lineNumber":25,"author":{"gitId":"sohwkjames"},"content":"    }","lastModifiedDate":"2021-08-17"},{"lineNumber":26,"author":{"gitId":"sohwkjames"},"content":"","lastModifiedDate":"2021-08-21"},{"lineNumber":27,"author":{"gitId":"sohwkjames"},"content":"    @Override","lastModifiedDate":"2021-08-21"},{"lineNumber":28,"author":{"gitId":"sohwkjames"},"content":"    public String toString(){","lastModifiedDate":"2021-08-21"},{"lineNumber":29,"author":{"gitId":"sohwkjames"},"content":"        String doneSymbol \u003d \"[ ]\";","lastModifiedDate":"2021-08-21"},{"lineNumber":30,"author":{"gitId":"sohwkjames"},"content":"        if(isDone){","lastModifiedDate":"2021-08-21"},{"lineNumber":31,"author":{"gitId":"sohwkjames"},"content":"            doneSymbol \u003d \"[x]\";","lastModifiedDate":"2021-08-21"},{"lineNumber":32,"author":{"gitId":"sohwkjames"},"content":"        }","lastModifiedDate":"2021-08-21"},{"lineNumber":33,"author":{"gitId":"sohwkjames"},"content":"        String message \u003d doneSymbol + \": \" + symbol + \" \" +  description + \" (from: \" + startTime + \" to \" +  endTime + \")\";","lastModifiedDate":"2021-08-21"},{"lineNumber":34,"author":{"gitId":"sohwkjames"},"content":"        return message;","lastModifiedDate":"2021-08-21"},{"lineNumber":35,"author":{"gitId":"sohwkjames"},"content":"    }","lastModifiedDate":"2021-08-21"},{"lineNumber":36,"author":{"gitId":"sohwkjames"},"content":"","lastModifiedDate":"2021-08-21"},{"lineNumber":37,"author":{"gitId":"sohwkjames"},"content":"}","lastModifiedDate":"2021-08-17"}],"authorContributionMap":{"sohwkjames":37}},{"path":"src/main/java/Duke/Task/Task.java","fileType":"java","lines":[{"lineNumber":1,"author":{"gitId":"sohwkjames"},"content":"package Duke.Task;","lastModifiedDate":"2021-08-25"},{"lineNumber":2,"author":{"gitId":"sohwkjames"},"content":"","lastModifiedDate":"2021-08-25"},{"lineNumber":3,"author":{"gitId":"sohwkjames"},"content":"public abstract class Task {","lastModifiedDate":"2021-08-25"},{"lineNumber":4,"author":{"gitId":"sohwkjames"},"content":"    boolean isDone;","lastModifiedDate":"2021-08-17"},{"lineNumber":5,"author":{"gitId":"sohwkjames"},"content":"    String description;","lastModifiedDate":"2021-08-17"},{"lineNumber":6,"author":{"gitId":"sohwkjames"},"content":"    String symbol;","lastModifiedDate":"2021-08-17"},{"lineNumber":7,"author":{"gitId":"sohwkjames"},"content":"","lastModifiedDate":"2021-08-17"},{"lineNumber":8,"author":{"gitId":"sohwkjames"},"content":"    public Task() {","lastModifiedDate":"2021-08-17"},{"lineNumber":9,"author":{"gitId":"sohwkjames"},"content":"    }","lastModifiedDate":"2021-08-17"},{"lineNumber":10,"author":{"gitId":"sohwkjames"},"content":"","lastModifiedDate":"2021-08-17"},{"lineNumber":11,"author":{"gitId":"sohwkjames"},"content":"    public Task(boolean isDone, String description) {","lastModifiedDate":"2021-08-17"},{"lineNumber":12,"author":{"gitId":"sohwkjames"},"content":"        this.isDone \u003d isDone;","lastModifiedDate":"2021-08-17"},{"lineNumber":13,"author":{"gitId":"sohwkjames"},"content":"        this.description \u003d description;","lastModifiedDate":"2021-08-17"},{"lineNumber":14,"author":{"gitId":"sohwkjames"},"content":"    }","lastModifiedDate":"2021-08-17"},{"lineNumber":15,"author":{"gitId":"sohwkjames"},"content":"","lastModifiedDate":"2021-08-17"},{"lineNumber":16,"author":{"gitId":"sohwkjames"},"content":"    public void setDone(boolean done) {","lastModifiedDate":"2021-08-17"},{"lineNumber":17,"author":{"gitId":"sohwkjames"},"content":"        isDone \u003d done;","lastModifiedDate":"2021-08-17"},{"lineNumber":18,"author":{"gitId":"sohwkjames"},"content":"    }","lastModifiedDate":"2021-08-17"},{"lineNumber":19,"author":{"gitId":"sohwkjames"},"content":"","lastModifiedDate":"2021-08-17"},{"lineNumber":20,"author":{"gitId":"sohwkjames"},"content":"    public void toggleDone(){","lastModifiedDate":"2021-08-17"},{"lineNumber":21,"author":{"gitId":"sohwkjames"},"content":"        if (this.isDone){","lastModifiedDate":"2021-08-17"},{"lineNumber":22,"author":{"gitId":"sohwkjames"},"content":"            this.isDone \u003d false;","lastModifiedDate":"2021-08-17"},{"lineNumber":23,"author":{"gitId":"sohwkjames"},"content":"        }","lastModifiedDate":"2021-08-17"},{"lineNumber":24,"author":{"gitId":"sohwkjames"},"content":"        else{this.isDone \u003d true;}","lastModifiedDate":"2021-08-17"},{"lineNumber":25,"author":{"gitId":"sohwkjames"},"content":"    }","lastModifiedDate":"2021-08-17"},{"lineNumber":26,"author":{"gitId":"sohwkjames"},"content":"","lastModifiedDate":"2021-08-17"},{"lineNumber":27,"author":{"gitId":"sohwkjames"},"content":"    public void setDescription(String description) {","lastModifiedDate":"2021-08-17"},{"lineNumber":28,"author":{"gitId":"sohwkjames"},"content":"        this.description \u003d description;","lastModifiedDate":"2021-08-17"},{"lineNumber":29,"author":{"gitId":"sohwkjames"},"content":"    }","lastModifiedDate":"2021-08-17"},{"lineNumber":30,"author":{"gitId":"sohwkjames"},"content":"","lastModifiedDate":"2021-08-17"},{"lineNumber":31,"author":{"gitId":"sohwkjames"},"content":"    public boolean isDone() {","lastModifiedDate":"2021-08-17"},{"lineNumber":32,"author":{"gitId":"sohwkjames"},"content":"        return isDone;","lastModifiedDate":"2021-08-17"},{"lineNumber":33,"author":{"gitId":"sohwkjames"},"content":"    }","lastModifiedDate":"2021-08-17"},{"lineNumber":34,"author":{"gitId":"sohwkjames"},"content":"","lastModifiedDate":"2021-08-17"},{"lineNumber":35,"author":{"gitId":"sohwkjames"},"content":"    public String getDescription() {","lastModifiedDate":"2021-08-17"},{"lineNumber":36,"author":{"gitId":"sohwkjames"},"content":"        return description;","lastModifiedDate":"2021-08-17"},{"lineNumber":37,"author":{"gitId":"sohwkjames"},"content":"    }","lastModifiedDate":"2021-08-17"},{"lineNumber":38,"author":{"gitId":"sohwkjames"},"content":"","lastModifiedDate":"2021-08-17"},{"lineNumber":39,"author":{"gitId":"sohwkjames"},"content":"    public String getFormattedString(){","lastModifiedDate":"2021-08-17"},{"lineNumber":40,"author":{"gitId":"sohwkjames"},"content":"        // prints a task in the \"[x]: get milk\" format","lastModifiedDate":"2021-08-17"},{"lineNumber":41,"author":{"gitId":"sohwkjames"},"content":"        String doneIndicator;","lastModifiedDate":"2021-08-17"},{"lineNumber":42,"author":{"gitId":"sohwkjames"},"content":"        if(this.isDone){","lastModifiedDate":"2021-08-17"},{"lineNumber":43,"author":{"gitId":"sohwkjames"},"content":"            doneIndicator \u003d \"x\";","lastModifiedDate":"2021-08-17"},{"lineNumber":44,"author":{"gitId":"sohwkjames"},"content":"        }","lastModifiedDate":"2021-08-17"},{"lineNumber":45,"author":{"gitId":"sohwkjames"},"content":"        else{","lastModifiedDate":"2021-08-17"},{"lineNumber":46,"author":{"gitId":"sohwkjames"},"content":"            doneIndicator \u003d \" \";","lastModifiedDate":"2021-08-17"},{"lineNumber":47,"author":{"gitId":"sohwkjames"},"content":"        }","lastModifiedDate":"2021-08-17"},{"lineNumber":48,"author":{"gitId":"sohwkjames"},"content":"        return String.format(\"[%s]: %s\", doneIndicator, this.getDescription());","lastModifiedDate":"2021-08-17"},{"lineNumber":49,"author":{"gitId":"sohwkjames"},"content":"","lastModifiedDate":"2021-08-17"},{"lineNumber":50,"author":{"gitId":"sohwkjames"},"content":"    }","lastModifiedDate":"2021-08-17"},{"lineNumber":51,"author":{"gitId":"sohwkjames"},"content":"","lastModifiedDate":"2021-08-17"},{"lineNumber":52,"author":{"gitId":"sohwkjames"},"content":"}","lastModifiedDate":"2021-08-17"}],"authorContributionMap":{"sohwkjames":52}},{"path":"src/main/java/Duke/Task/TaskList.java","fileType":"java","lines":[{"lineNumber":1,"author":{"gitId":"sohwkjames"},"content":"package Duke.Task;","lastModifiedDate":"2021-08-25"},{"lineNumber":2,"author":{"gitId":"sohwkjames"},"content":"","lastModifiedDate":"2021-08-25"},{"lineNumber":3,"author":{"gitId":"sohwkjames"},"content":"import java.util.ArrayList;","lastModifiedDate":"2021-08-17"},{"lineNumber":4,"author":{"gitId":"sohwkjames"},"content":"public class TaskList {","lastModifiedDate":"2021-08-17"},{"lineNumber":5,"author":{"gitId":"sohwkjames"},"content":"","lastModifiedDate":"2021-08-17"},{"lineNumber":6,"author":{"gitId":"sohwkjames"},"content":"    private ArrayList\u003cTask\u003e tasks;","lastModifiedDate":"2021-08-17"},{"lineNumber":7,"author":{"gitId":"sohwkjames"},"content":"","lastModifiedDate":"2021-08-17"},{"lineNumber":8,"author":{"gitId":"sohwkjames"},"content":"    public TaskList(ArrayList\u003cTask\u003e tasks) {","lastModifiedDate":"2021-08-17"},{"lineNumber":9,"author":{"gitId":"sohwkjames"},"content":"        this.tasks \u003d tasks;","lastModifiedDate":"2021-08-17"},{"lineNumber":10,"author":{"gitId":"sohwkjames"},"content":"    }","lastModifiedDate":"2021-08-17"},{"lineNumber":11,"author":{"gitId":"sohwkjames"},"content":"","lastModifiedDate":"2021-08-17"},{"lineNumber":12,"author":{"gitId":"sohwkjames"},"content":"    public boolean addTask(Task task){","lastModifiedDate":"2021-08-17"},{"lineNumber":13,"author":{"gitId":"sohwkjames"},"content":"        this.tasks.add(task);","lastModifiedDate":"2021-08-17"},{"lineNumber":14,"author":{"gitId":"sohwkjames"},"content":"        return true;","lastModifiedDate":"2021-08-17"},{"lineNumber":15,"author":{"gitId":"sohwkjames"},"content":"    }","lastModifiedDate":"2021-08-17"},{"lineNumber":16,"author":{"gitId":"sohwkjames"},"content":"","lastModifiedDate":"2021-08-17"},{"lineNumber":17,"author":{"gitId":"sohwkjames"},"content":"    public ArrayList\u003cTask\u003e getTasks() {","lastModifiedDate":"2021-08-17"},{"lineNumber":18,"author":{"gitId":"sohwkjames"},"content":"        return tasks;","lastModifiedDate":"2021-08-17"},{"lineNumber":19,"author":{"gitId":"sohwkjames"},"content":"    }","lastModifiedDate":"2021-08-17"},{"lineNumber":20,"author":{"gitId":"sohwkjames"},"content":"","lastModifiedDate":"2021-08-17"},{"lineNumber":21,"author":{"gitId":"sohwkjames"},"content":"    public Task getTask(int i){","lastModifiedDate":"2021-08-17"},{"lineNumber":22,"author":{"gitId":"sohwkjames"},"content":"        return tasks.get(i);","lastModifiedDate":"2021-08-17"},{"lineNumber":23,"author":{"gitId":"sohwkjames"},"content":"    }","lastModifiedDate":"2021-08-17"},{"lineNumber":24,"author":{"gitId":"sohwkjames"},"content":"","lastModifiedDate":"2021-08-17"},{"lineNumber":25,"author":{"gitId":"sohwkjames"},"content":"    public void deleteTask(int i) {","lastModifiedDate":"2021-08-25"},{"lineNumber":26,"author":{"gitId":"sohwkjames"},"content":"        tasks.remove(i);","lastModifiedDate":"2021-08-25"},{"lineNumber":27,"author":{"gitId":"sohwkjames"},"content":"    }","lastModifiedDate":"2021-08-25"},{"lineNumber":28,"author":{"gitId":"sohwkjames"},"content":"","lastModifiedDate":"2021-08-25"},{"lineNumber":29,"author":{"gitId":"sohwkjames"},"content":"    public String getTaskDescription(int i){","lastModifiedDate":"2021-08-17"},{"lineNumber":30,"author":{"gitId":"sohwkjames"},"content":"        return tasks.get(i).getDescription();","lastModifiedDate":"2021-08-17"},{"lineNumber":31,"author":{"gitId":"sohwkjames"},"content":"","lastModifiedDate":"2021-08-17"},{"lineNumber":32,"author":{"gitId":"sohwkjames"},"content":"    }","lastModifiedDate":"2021-08-17"},{"lineNumber":33,"author":{"gitId":"sohwkjames"},"content":"","lastModifiedDate":"2021-08-17"},{"lineNumber":34,"author":{"gitId":"sohwkjames"},"content":"    public int size() {","lastModifiedDate":"2021-08-17"},{"lineNumber":35,"author":{"gitId":"sohwkjames"},"content":"        return tasks.size();","lastModifiedDate":"2021-08-17"},{"lineNumber":36,"author":{"gitId":"sohwkjames"},"content":"    }","lastModifiedDate":"2021-08-17"},{"lineNumber":37,"author":{"gitId":"sohwkjames"},"content":"}","lastModifiedDate":"2021-08-17"}],"authorContributionMap":{"sohwkjames":37}},{"path":"src/main/java/Duke/Task/Todo.java","fileType":"java","lines":[{"lineNumber":1,"author":{"gitId":"sohwkjames"},"content":"package Duke.Task;","lastModifiedDate":"2021-08-25"},{"lineNumber":2,"author":{"gitId":"sohwkjames"},"content":"","lastModifiedDate":"2021-08-25"},{"lineNumber":3,"author":{"gitId":"sohwkjames"},"content":"public class Todo extends Task{","lastModifiedDate":"2021-08-17"},{"lineNumber":4,"author":{"gitId":"sohwkjames"},"content":"    String description;","lastModifiedDate":"2021-08-17"},{"lineNumber":5,"author":{"gitId":"sohwkjames"},"content":"    String symbol \u003d \"[T]\";","lastModifiedDate":"2021-08-17"},{"lineNumber":6,"author":{"gitId":"sohwkjames"},"content":"","lastModifiedDate":"2021-08-17"},{"lineNumber":7,"author":{"gitId":"sohwkjames"},"content":"    public Todo() {","lastModifiedDate":"2021-08-17"},{"lineNumber":8,"author":{"gitId":"sohwkjames"},"content":"    }","lastModifiedDate":"2021-08-17"},{"lineNumber":9,"author":{"gitId":"sohwkjames"},"content":"","lastModifiedDate":"2021-08-17"},{"lineNumber":10,"author":{"gitId":"sohwkjames"},"content":"    public Todo(boolean isDone, String description) {","lastModifiedDate":"2021-08-17"},{"lineNumber":11,"author":{"gitId":"sohwkjames"},"content":"        super(isDone, description);","lastModifiedDate":"2021-08-17"},{"lineNumber":12,"author":{"gitId":"sohwkjames"},"content":"    }","lastModifiedDate":"2021-08-17"},{"lineNumber":13,"author":{"gitId":"sohwkjames"},"content":"","lastModifiedDate":"2021-08-17"},{"lineNumber":14,"author":{"gitId":"sohwkjames"},"content":"    public Todo(String description) {","lastModifiedDate":"2021-08-17"},{"lineNumber":15,"author":{"gitId":"sohwkjames"},"content":"        this.description \u003d description;","lastModifiedDate":"2021-08-17"},{"lineNumber":16,"author":{"gitId":"sohwkjames"},"content":"    }","lastModifiedDate":"2021-08-17"},{"lineNumber":17,"author":{"gitId":"sohwkjames"},"content":"","lastModifiedDate":"2021-08-21"},{"lineNumber":18,"author":{"gitId":"sohwkjames"},"content":"    @Override","lastModifiedDate":"2021-08-21"},{"lineNumber":19,"author":{"gitId":"sohwkjames"},"content":"    public String toString(){","lastModifiedDate":"2021-08-21"},{"lineNumber":20,"author":{"gitId":"sohwkjames"},"content":"        String doneSymbol \u003d \"[ ]\";","lastModifiedDate":"2021-08-21"},{"lineNumber":21,"author":{"gitId":"sohwkjames"},"content":"        if(isDone){","lastModifiedDate":"2021-08-21"},{"lineNumber":22,"author":{"gitId":"sohwkjames"},"content":"            doneSymbol \u003d \"[x]\";","lastModifiedDate":"2021-08-21"},{"lineNumber":23,"author":{"gitId":"sohwkjames"},"content":"        }","lastModifiedDate":"2021-08-21"},{"lineNumber":24,"author":{"gitId":"sohwkjames"},"content":"        String message \u003d doneSymbol + \": \" + symbol + \" \" +  description;","lastModifiedDate":"2021-08-21"},{"lineNumber":25,"author":{"gitId":"sohwkjames"},"content":"        return message;","lastModifiedDate":"2021-08-21"},{"lineNumber":26,"author":{"gitId":"sohwkjames"},"content":"    }","lastModifiedDate":"2021-08-21"},{"lineNumber":27,"author":{"gitId":"sohwkjames"},"content":"}","lastModifiedDate":"2021-08-17"}],"authorContributionMap":{"sohwkjames":27}},{"path":"src/main/java/Duke/exceptions/DukeEmptyListException.java","fileType":"java","lines":[{"lineNumber":1,"author":{"gitId":"sohwkjames"},"content":"package Duke.exceptions;","lastModifiedDate":"2021-08-25"},{"lineNumber":2,"author":{"gitId":"sohwkjames"},"content":"","lastModifiedDate":"2021-08-25"},{"lineNumber":3,"author":{"gitId":"sohwkjames"},"content":"public class DukeEmptyListException extends DukeException{","lastModifiedDate":"2021-08-25"},{"lineNumber":4,"author":{"gitId":"sohwkjames"},"content":"    public DukeEmptyListException(String str){","lastModifiedDate":"2021-08-25"},{"lineNumber":5,"author":{"gitId":"sohwkjames"},"content":"        super(str);","lastModifiedDate":"2021-08-25"},{"lineNumber":6,"author":{"gitId":"sohwkjames"},"content":"    }","lastModifiedDate":"2021-08-25"},{"lineNumber":7,"author":{"gitId":"sohwkjames"},"content":"}","lastModifiedDate":"2021-08-25"}],"authorContributionMap":{"sohwkjames":7}},{"path":"src/main/java/Duke/exceptions/DukeException.java","fileType":"java","lines":[{"lineNumber":1,"author":{"gitId":"sohwkjames"},"content":"package Duke.exceptions;","lastModifiedDate":"2021-08-25"},{"lineNumber":2,"author":{"gitId":"sohwkjames"},"content":"","lastModifiedDate":"2021-08-25"},{"lineNumber":3,"author":{"gitId":"sohwkjames"},"content":"public class DukeException extends Exception {","lastModifiedDate":"2021-08-25"},{"lineNumber":4,"author":{"gitId":"sohwkjames"},"content":"    public DukeException(String str){","lastModifiedDate":"2021-08-25"},{"lineNumber":5,"author":{"gitId":"sohwkjames"},"content":"        super(str);","lastModifiedDate":"2021-08-25"},{"lineNumber":6,"author":{"gitId":"sohwkjames"},"content":"    }","lastModifiedDate":"2021-08-25"},{"lineNumber":7,"author":{"gitId":"sohwkjames"},"content":"}","lastModifiedDate":"2021-08-25"}],"authorContributionMap":{"sohwkjames":7}},{"path":"src/main/java/Duke/exceptions/NoSuchCommandException.java","fileType":"java","lines":[{"lineNumber":1,"author":{"gitId":"sohwkjames"},"content":"package Duke.exceptions;","lastModifiedDate":"2021-08-25"},{"lineNumber":2,"author":{"gitId":"sohwkjames"},"content":"","lastModifiedDate":"2021-08-25"},{"lineNumber":3,"author":{"gitId":"sohwkjames"},"content":"public class NoSuchCommandException extends DukeException {","lastModifiedDate":"2021-08-25"},{"lineNumber":4,"author":{"gitId":"sohwkjames"},"content":"    public NoSuchCommandException(String str){","lastModifiedDate":"2021-08-25"},{"lineNumber":5,"author":{"gitId":"sohwkjames"},"content":"        super(str);","lastModifiedDate":"2021-08-25"},{"lineNumber":6,"author":{"gitId":"sohwkjames"},"content":"    }","lastModifiedDate":"2021-08-25"},{"lineNumber":7,"author":{"gitId":"sohwkjames"},"content":"}","lastModifiedDate":"2021-08-25"}],"authorContributionMap":{"sohwkjames":7}},{"path":"src/main/java/Interactor.java","fileType":"java","lines":[{"lineNumber":1,"author":{"gitId":"sohwkjames"},"content":"import Duke.Task.Deadline;","lastModifiedDate":"2021-08-25"},{"lineNumber":2,"author":{"gitId":"sohwkjames"},"content":"import Duke.Task.Event;","lastModifiedDate":"2021-08-25"},{"lineNumber":3,"author":{"gitId":"sohwkjames"},"content":"import Duke.Task.Task;","lastModifiedDate":"2021-08-25"},{"lineNumber":4,"author":{"gitId":"sohwkjames"},"content":"import Duke.Task.Todo;","lastModifiedDate":"2021-08-25"},{"lineNumber":5,"author":{"gitId":"sohwkjames"},"content":"import Duke.exceptions.DukeEmptyListException;","lastModifiedDate":"2021-08-25"},{"lineNumber":6,"author":{"gitId":"sohwkjames"},"content":"import Duke.exceptions.DukeException;","lastModifiedDate":"2021-08-25"},{"lineNumber":7,"author":{"gitId":"sohwkjames"},"content":"import Duke.exceptions.NoSuchCommandException;","lastModifiedDate":"2021-08-25"},{"lineNumber":8,"author":{"gitId":"sohwkjames"},"content":"","lastModifiedDate":"2021-08-25"},{"lineNumber":9,"author":{"gitId":"sohwkjames"},"content":"import java.util.Scanner;","lastModifiedDate":"2021-08-17"},{"lineNumber":10,"author":{"gitId":"sohwkjames"},"content":"","lastModifiedDate":"2021-08-17"},{"lineNumber":11,"author":{"gitId":"sohwkjames"},"content":"public class Interactor {","lastModifiedDate":"2021-08-17"},{"lineNumber":12,"author":{"gitId":"sohwkjames"},"content":"","lastModifiedDate":"2021-08-17"},{"lineNumber":13,"author":{"gitId":"sohwkjames"},"content":"    Operations operations;","lastModifiedDate":"2021-08-17"},{"lineNumber":14,"author":{"gitId":"sohwkjames"},"content":"    private String exitKeyword \u003d \"\";","lastModifiedDate":"2021-08-17"},{"lineNumber":15,"author":{"gitId":"sohwkjames"},"content":"    private String doneKeyword \u003d \"\";","lastModifiedDate":"2021-08-17"},{"lineNumber":16,"author":{"gitId":"sohwkjames"},"content":"    private String todoKeyword \u003d \"todo\";","lastModifiedDate":"2021-08-17"},{"lineNumber":17,"author":{"gitId":"sohwkjames"},"content":"    private String eventKeyword \u003d \"event\";","lastModifiedDate":"2021-08-17"},{"lineNumber":18,"author":{"gitId":"sohwkjames"},"content":"    private String deadlineKeyword \u003d \"deadline\";","lastModifiedDate":"2021-08-17"},{"lineNumber":19,"author":{"gitId":"sohwkjames"},"content":"    private String deleteKeyword \u003d \"delete\";","lastModifiedDate":"2021-08-25"},{"lineNumber":20,"author":{"gitId":"sohwkjames"},"content":"","lastModifiedDate":"2021-08-17"},{"lineNumber":21,"author":{"gitId":"sohwkjames"},"content":"    public Interactor() {}","lastModifiedDate":"2021-08-17"},{"lineNumber":22,"author":{"gitId":"sohwkjames"},"content":"","lastModifiedDate":"2021-08-17"},{"lineNumber":23,"author":{"gitId":"sohwkjames"},"content":"    public void setOperations(Operations operations) {","lastModifiedDate":"2021-08-17"},{"lineNumber":24,"author":{"gitId":"sohwkjames"},"content":"        this.operations \u003d operations;","lastModifiedDate":"2021-08-17"},{"lineNumber":25,"author":{"gitId":"sohwkjames"},"content":"    }","lastModifiedDate":"2021-08-17"},{"lineNumber":26,"author":{"gitId":"sohwkjames"},"content":"","lastModifiedDate":"2021-08-17"},{"lineNumber":27,"author":{"gitId":"sohwkjames"},"content":"    public void setExitKeyword(String exitKeyword){","lastModifiedDate":"2021-08-17"},{"lineNumber":28,"author":{"gitId":"sohwkjames"},"content":"        this.exitKeyword \u003d exitKeyword;","lastModifiedDate":"2021-08-17"},{"lineNumber":29,"author":{"gitId":"sohwkjames"},"content":"    }","lastModifiedDate":"2021-08-17"},{"lineNumber":30,"author":{"gitId":"sohwkjames"},"content":"","lastModifiedDate":"2021-08-17"},{"lineNumber":31,"author":{"gitId":"sohwkjames"},"content":"    public void setDoneKeyword(String doneKeyword) {","lastModifiedDate":"2021-08-17"},{"lineNumber":32,"author":{"gitId":"sohwkjames"},"content":"        this.doneKeyword \u003d doneKeyword;","lastModifiedDate":"2021-08-17"},{"lineNumber":33,"author":{"gitId":"sohwkjames"},"content":"    }","lastModifiedDate":"2021-08-17"},{"lineNumber":34,"author":{"gitId":"sohwkjames"},"content":"","lastModifiedDate":"2021-08-17"},{"lineNumber":35,"author":{"gitId":"sohwkjames"},"content":"","lastModifiedDate":"2021-08-17"},{"lineNumber":36,"author":{"gitId":"sohwkjames"},"content":"    public void start() throws DukeException {","lastModifiedDate":"2021-08-25"},{"lineNumber":37,"author":{"gitId":"sohwkjames"},"content":"        printGreeting();","lastModifiedDate":"2021-08-17"},{"lineNumber":38,"author":{"gitId":"sohwkjames"},"content":"        printExitKeyword();","lastModifiedDate":"2021-08-17"},{"lineNumber":39,"author":{"gitId":"sohwkjames"},"content":"","lastModifiedDate":"2021-08-17"},{"lineNumber":40,"author":{"gitId":"sohwkjames"},"content":"        boolean toContinue \u003d true;","lastModifiedDate":"2021-08-17"},{"lineNumber":41,"author":{"gitId":"sohwkjames"},"content":"","lastModifiedDate":"2021-08-17"},{"lineNumber":42,"author":{"gitId":"sohwkjames"},"content":"        Scanner scanner \u003d new Scanner(System.in);","lastModifiedDate":"2021-08-17"},{"lineNumber":43,"author":{"gitId":"sohwkjames"},"content":"","lastModifiedDate":"2021-08-17"},{"lineNumber":44,"author":{"gitId":"sohwkjames"},"content":"        do {","lastModifiedDate":"2021-08-25"},{"lineNumber":45,"author":{"gitId":"sohwkjames"},"content":"            try {","lastModifiedDate":"2021-08-25"},{"lineNumber":46,"author":{"gitId":"sohwkjames"},"content":"                String currentInput \u003d scanner.nextLine();","lastModifiedDate":"2021-08-17"},{"lineNumber":47,"author":{"gitId":"sohwkjames"},"content":"","lastModifiedDate":"2021-08-17"},{"lineNumber":48,"author":{"gitId":"sohwkjames"},"content":"","lastModifiedDate":"2021-08-25"},{"lineNumber":49,"author":{"gitId":"sohwkjames"},"content":"                if (currentInput.equals(exitKeyword)) {","lastModifiedDate":"2021-08-17"},{"lineNumber":50,"author":{"gitId":"sohwkjames"},"content":"                    printGoodbye();","lastModifiedDate":"2021-08-17"},{"lineNumber":51,"author":{"gitId":"sohwkjames"},"content":"                    break;","lastModifiedDate":"2021-08-17"},{"lineNumber":52,"author":{"gitId":"sohwkjames"},"content":"                } else if (currentInput.equals(\"list\")) {","lastModifiedDate":"2021-08-25"},{"lineNumber":53,"author":{"gitId":"sohwkjames"},"content":"                    operations.printDatabase();","lastModifiedDate":"2021-08-17"},{"lineNumber":54,"author":{"gitId":"sohwkjames"},"content":"                }","lastModifiedDate":"2021-08-17"},{"lineNumber":55,"author":{"gitId":"sohwkjames"},"content":"                // When user toggles done-ness of task","lastModifiedDate":"2021-08-17"},{"lineNumber":56,"author":{"gitId":"sohwkjames"},"content":"                else if (beginsWith(currentInput, doneKeyword)) {","lastModifiedDate":"2021-08-21"},{"lineNumber":57,"author":{"gitId":"sohwkjames"},"content":"                    int i \u003d getNumberFromInput(currentInput);","lastModifiedDate":"2021-08-17"},{"lineNumber":58,"author":{"gitId":"sohwkjames"},"content":"                    operations.setDone(i);","lastModifiedDate":"2021-08-17"},{"lineNumber":59,"author":{"gitId":"sohwkjames"},"content":"                }","lastModifiedDate":"2021-08-17"},{"lineNumber":60,"author":{"gitId":"sohwkjames"},"content":"","lastModifiedDate":"2021-08-17"},{"lineNumber":61,"author":{"gitId":"sohwkjames"},"content":"                // handle user delete item","lastModifiedDate":"2021-08-25"},{"lineNumber":62,"author":{"gitId":"sohwkjames"},"content":"                else if (beginsWith(currentInput, deleteKeyword)) {","lastModifiedDate":"2021-08-25"},{"lineNumber":63,"author":{"gitId":"sohwkjames"},"content":"                    int i \u003d getNumberFromInput(currentInput);","lastModifiedDate":"2021-08-25"},{"lineNumber":64,"author":{"gitId":"sohwkjames"},"content":"                    operations.deleteFromDatabase(i);","lastModifiedDate":"2021-08-25"},{"lineNumber":65,"author":{"gitId":"sohwkjames"},"content":"                    System.out.println(\"Deleted successfully \" + i);","lastModifiedDate":"2021-08-25"},{"lineNumber":66,"author":{"gitId":"sohwkjames"},"content":"                }","lastModifiedDate":"2021-08-25"},{"lineNumber":67,"author":{"gitId":"sohwkjames"},"content":"","lastModifiedDate":"2021-08-25"},{"lineNumber":68,"author":{"gitId":"sohwkjames"},"content":"                //*** check for Duke.Task.Todo, deadline, event creations ***","lastModifiedDate":"2021-08-25"},{"lineNumber":69,"author":{"gitId":"sohwkjames"},"content":"                else if (beginsWith(currentInput, todoKeyword)) {","lastModifiedDate":"2021-08-21"},{"lineNumber":70,"author":{"gitId":"sohwkjames"},"content":"                    Todo todo \u003d handleTodoCreation(currentInput);","lastModifiedDate":"2021-08-17"},{"lineNumber":71,"author":{"gitId":"sohwkjames"},"content":"                    operations.addToDatabase(todo);","lastModifiedDate":"2021-08-17"},{"lineNumber":72,"author":{"gitId":"sohwkjames"},"content":"                    printTaskAddedMessage(todo);","lastModifiedDate":"2021-08-21"},{"lineNumber":73,"author":{"gitId":"sohwkjames"},"content":"","lastModifiedDate":"2021-08-25"},{"lineNumber":74,"author":{"gitId":"sohwkjames"},"content":"                } else if (beginsWith(currentInput, deadlineKeyword)) {","lastModifiedDate":"2021-08-25"},{"lineNumber":75,"author":{"gitId":"sohwkjames"},"content":"                    Deadline deadline \u003d handleDeadlineCreation(currentInput);","lastModifiedDate":"2021-08-17"},{"lineNumber":76,"author":{"gitId":"sohwkjames"},"content":"                    operations.addToDatabase(deadline);","lastModifiedDate":"2021-08-17"},{"lineNumber":77,"author":{"gitId":"sohwkjames"},"content":"                    printTaskAddedMessage(deadline);","lastModifiedDate":"2021-08-21"},{"lineNumber":78,"author":{"gitId":"sohwkjames"},"content":"","lastModifiedDate":"2021-08-25"},{"lineNumber":79,"author":{"gitId":"sohwkjames"},"content":"                } else if (beginsWith(currentInput, eventKeyword)) {","lastModifiedDate":"2021-08-25"},{"lineNumber":80,"author":{"gitId":"sohwkjames"},"content":"                    Event event \u003d handleEventCreation(currentInput);","lastModifiedDate":"2021-08-21"},{"lineNumber":81,"author":{"gitId":"sohwkjames"},"content":"                    operations.addToDatabase(event);","lastModifiedDate":"2021-08-21"},{"lineNumber":82,"author":{"gitId":"sohwkjames"},"content":"                    printTaskAddedMessage(event);","lastModifiedDate":"2021-08-21"},{"lineNumber":83,"author":{"gitId":"sohwkjames"},"content":"","lastModifiedDate":"2021-08-17"},{"lineNumber":84,"author":{"gitId":"sohwkjames"},"content":"                } else {","lastModifiedDate":"2021-08-25"},{"lineNumber":85,"author":{"gitId":"sohwkjames"},"content":"                    throw new NoSuchCommandException(\"Please enter a proper command\");","lastModifiedDate":"2021-08-25"},{"lineNumber":86,"author":{"gitId":"sohwkjames"},"content":"                }","lastModifiedDate":"2021-08-25"},{"lineNumber":87,"author":{"gitId":"sohwkjames"},"content":"            }","lastModifiedDate":"2021-08-25"},{"lineNumber":88,"author":{"gitId":"sohwkjames"},"content":"            catch (NoSuchCommandException e) {","lastModifiedDate":"2021-08-25"},{"lineNumber":89,"author":{"gitId":"sohwkjames"},"content":"                e.getMessage();","lastModifiedDate":"2021-08-25"},{"lineNumber":90,"author":{"gitId":"sohwkjames"},"content":"                System.out.println(\"No such command. Please enter a proper command.\");","lastModifiedDate":"2021-08-25"},{"lineNumber":91,"author":{"gitId":"sohwkjames"},"content":"            }","lastModifiedDate":"2021-08-17"},{"lineNumber":92,"author":{"gitId":"sohwkjames"},"content":"            catch(DukeEmptyListException e){","lastModifiedDate":"2021-08-25"},{"lineNumber":93,"author":{"gitId":"sohwkjames"},"content":"                e.getMessage();","lastModifiedDate":"2021-08-25"},{"lineNumber":94,"author":{"gitId":"sohwkjames"},"content":"                System.out.println(\"Our list is currently empty. Please add something to the list first.\");","lastModifiedDate":"2021-08-25"},{"lineNumber":95,"author":{"gitId":"sohwkjames"},"content":"            }","lastModifiedDate":"2021-08-25"},{"lineNumber":96,"author":{"gitId":"sohwkjames"},"content":"            catch(IndexOutOfBoundsException e){","lastModifiedDate":"2021-08-25"},{"lineNumber":97,"author":{"gitId":"sohwkjames"},"content":"                e.getMessage();","lastModifiedDate":"2021-08-25"},{"lineNumber":98,"author":{"gitId":"sohwkjames"},"content":"                System.out.println(\"You have tried to delete or done an item not in the list. Please choose a number from the list.\");","lastModifiedDate":"2021-08-25"},{"lineNumber":99,"author":{"gitId":"sohwkjames"},"content":"            }","lastModifiedDate":"2021-08-25"},{"lineNumber":100,"author":{"gitId":"sohwkjames"},"content":"        } while (true);","lastModifiedDate":"2021-08-25"},{"lineNumber":101,"author":{"gitId":"sohwkjames"},"content":"    }","lastModifiedDate":"2021-08-17"},{"lineNumber":102,"author":{"gitId":"sohwkjames"},"content":"","lastModifiedDate":"2021-08-17"},{"lineNumber":103,"author":{"gitId":"sohwkjames"},"content":"    private Todo handleTodoCreation(String currentInput) {","lastModifiedDate":"2021-08-17"},{"lineNumber":104,"author":{"gitId":"sohwkjames"},"content":"        // currentInput in the form \"todo borrow book\"","lastModifiedDate":"2021-08-17"},{"lineNumber":105,"author":{"gitId":"sohwkjames"},"content":"","lastModifiedDate":"2021-08-21"},{"lineNumber":106,"author":{"gitId":"sohwkjames"},"content":"        String [] arr \u003d currentInput.split(\" \", 2); // 2 indicates we expect 2 values in array","lastModifiedDate":"2021-08-17"},{"lineNumber":107,"author":{"gitId":"sohwkjames"},"content":"        String description \u003d arr[1];","lastModifiedDate":"2021-08-17"},{"lineNumber":108,"author":{"gitId":"sohwkjames"},"content":"        return new Todo(description);","lastModifiedDate":"2021-08-17"},{"lineNumber":109,"author":{"gitId":"sohwkjames"},"content":"    }","lastModifiedDate":"2021-08-17"},{"lineNumber":110,"author":{"gitId":"sohwkjames"},"content":"","lastModifiedDate":"2021-08-17"},{"lineNumber":111,"author":{"gitId":"sohwkjames"},"content":"    private Deadline handleDeadlineCreation(String currentInput) {","lastModifiedDate":"2021-08-17"},{"lineNumber":112,"author":{"gitId":"sohwkjames"},"content":"        // currentInput in the shape of: \"deadline return book /by Sunday\"","lastModifiedDate":"2021-08-21"},{"lineNumber":113,"author":{"gitId":"sohwkjames"},"content":"        String [] arr \u003d currentInput.split(\" \", 2); // 2 indicates we expect 2 values in array","lastModifiedDate":"2021-08-17"},{"lineNumber":114,"author":{"gitId":"sohwkjames"},"content":"        String [] splitArr \u003d arr[1].split(\"/by\", 0);","lastModifiedDate":"2021-08-21"},{"lineNumber":115,"author":{"gitId":"sohwkjames"},"content":"        String description \u003d splitArr[0];","lastModifiedDate":"2021-08-17"},{"lineNumber":116,"author":{"gitId":"sohwkjames"},"content":"        String endTime \u003d splitArr[1];","lastModifiedDate":"2021-08-17"},{"lineNumber":117,"author":{"gitId":"sohwkjames"},"content":"        return new Deadline(false, description, endTime);","lastModifiedDate":"2021-08-17"},{"lineNumber":118,"author":{"gitId":"sohwkjames"},"content":"    }","lastModifiedDate":"2021-08-17"},{"lineNumber":119,"author":{"gitId":"sohwkjames"},"content":"","lastModifiedDate":"2021-08-17"},{"lineNumber":120,"author":{"gitId":"sohwkjames"},"content":"    private Event handleEventCreation(String currentInput) {","lastModifiedDate":"2021-08-21"},{"lineNumber":121,"author":{"gitId":"sohwkjames"},"content":"        // currentInput in the shape of: \"event project meeting /at Mon 2-4pm\"","lastModifiedDate":"2021-08-21"},{"lineNumber":122,"author":{"gitId":"sohwkjames"},"content":"        String [] arr \u003d currentInput.split(\" \",2);","lastModifiedDate":"2021-08-21"},{"lineNumber":123,"author":{"gitId":"sohwkjames"},"content":"        String [] splitArr \u003d arr[1].split(\"/at\");","lastModifiedDate":"2021-08-21"},{"lineNumber":124,"author":{"gitId":"sohwkjames"},"content":"        String description \u003d splitArr[0];","lastModifiedDate":"2021-08-21"},{"lineNumber":125,"author":{"gitId":"sohwkjames"},"content":"        String [] times \u003d splitArr[1].split(\"-\");","lastModifiedDate":"2021-08-21"},{"lineNumber":126,"author":{"gitId":"sohwkjames"},"content":"        String startTime \u003d times[0];","lastModifiedDate":"2021-08-21"},{"lineNumber":127,"author":{"gitId":"sohwkjames"},"content":"        String endTime \u003d times[1];","lastModifiedDate":"2021-08-21"},{"lineNumber":128,"author":{"gitId":"sohwkjames"},"content":"        return new Event(false, description, endTime, startTime);","lastModifiedDate":"2021-08-21"},{"lineNumber":129,"author":{"gitId":"sohwkjames"},"content":"    }","lastModifiedDate":"2021-08-21"},{"lineNumber":130,"author":{"gitId":"sohwkjames"},"content":"","lastModifiedDate":"2021-08-17"},{"lineNumber":131,"author":{"gitId":"sohwkjames"},"content":"    private int getNumberFromInput(String currentInput) {","lastModifiedDate":"2021-08-17"},{"lineNumber":132,"author":{"gitId":"sohwkjames"},"content":"        // takes: \"someLongString 4\". returns: 4","lastModifiedDate":"2021-08-17"},{"lineNumber":133,"author":{"gitId":"sohwkjames"},"content":"        String [] arr \u003d currentInput.split(\" \", 0);","lastModifiedDate":"2021-08-17"},{"lineNumber":134,"author":{"gitId":"sohwkjames"},"content":"        return Integer.parseInt(arr[1]);","lastModifiedDate":"2021-08-17"},{"lineNumber":135,"author":{"gitId":"sohwkjames"},"content":"    }","lastModifiedDate":"2021-08-17"},{"lineNumber":136,"author":{"gitId":"sohwkjames"},"content":"","lastModifiedDate":"2021-08-17"},{"lineNumber":137,"author":{"gitId":"sohwkjames"},"content":"    private static boolean beginsWith(String longerString, String shorterString) {","lastModifiedDate":"2021-08-17"},{"lineNumber":138,"author":{"gitId":"sohwkjames"},"content":"        if (shorterString.length() \u003e longerString.length()){","lastModifiedDate":"2021-08-17"},{"lineNumber":139,"author":{"gitId":"sohwkjames"},"content":"            return false;","lastModifiedDate":"2021-08-17"},{"lineNumber":140,"author":{"gitId":"sohwkjames"},"content":"        }","lastModifiedDate":"2021-08-17"},{"lineNumber":141,"author":{"gitId":"sohwkjames"},"content":"        // returns true if longerString begins with shorterString","lastModifiedDate":"2021-08-17"},{"lineNumber":142,"author":{"gitId":"sohwkjames"},"content":"        // beginsWith(\"done 4\", \"done\") should return True.","lastModifiedDate":"2021-08-17"},{"lineNumber":143,"author":{"gitId":"sohwkjames"},"content":"        int length \u003d shorterString.length();","lastModifiedDate":"2021-08-17"},{"lineNumber":144,"author":{"gitId":"sohwkjames"},"content":"        String slicedString \u003d longerString.substring(0, length);","lastModifiedDate":"2021-08-17"},{"lineNumber":145,"author":{"gitId":"sohwkjames"},"content":"        if (slicedString.equals(shorterString)){","lastModifiedDate":"2021-08-17"},{"lineNumber":146,"author":{"gitId":"sohwkjames"},"content":"            return true;","lastModifiedDate":"2021-08-17"},{"lineNumber":147,"author":{"gitId":"sohwkjames"},"content":"        }","lastModifiedDate":"2021-08-17"},{"lineNumber":148,"author":{"gitId":"sohwkjames"},"content":"        else {return false;}","lastModifiedDate":"2021-08-17"},{"lineNumber":149,"author":{"gitId":"sohwkjames"},"content":"    }","lastModifiedDate":"2021-08-17"},{"lineNumber":150,"author":{"gitId":"sohwkjames"},"content":"","lastModifiedDate":"2021-08-17"},{"lineNumber":151,"author":{"gitId":"sohwkjames"},"content":"    private void printExitKeyword() {","lastModifiedDate":"2021-08-17"},{"lineNumber":152,"author":{"gitId":"sohwkjames"},"content":"        String message \u003d String.format(\"Please type %s if you want to exit.\", this.exitKeyword);","lastModifiedDate":"2021-08-17"},{"lineNumber":153,"author":{"gitId":"sohwkjames"},"content":"        System.out.println(message);","lastModifiedDate":"2021-08-17"},{"lineNumber":154,"author":{"gitId":"sohwkjames"},"content":"    }","lastModifiedDate":"2021-08-17"},{"lineNumber":155,"author":{"gitId":"sohwkjames"},"content":"","lastModifiedDate":"2021-08-17"},{"lineNumber":156,"author":{"gitId":"sohwkjames"},"content":"    private void printGreeting(){","lastModifiedDate":"2021-08-17"},{"lineNumber":157,"author":{"gitId":"sohwkjames"},"content":"        System.out.println(\"Dunder Mifflin, this is Pam\");","lastModifiedDate":"2021-08-17"},{"lineNumber":158,"author":{"gitId":"sohwkjames"},"content":"    }","lastModifiedDate":"2021-08-17"},{"lineNumber":159,"author":{"gitId":"sohwkjames"},"content":"","lastModifiedDate":"2021-08-17"},{"lineNumber":160,"author":{"gitId":"sohwkjames"},"content":"    private void printGoodbye(){","lastModifiedDate":"2021-08-17"},{"lineNumber":161,"author":{"gitId":"sohwkjames"},"content":"        System.out.println(\"Okay bye\");","lastModifiedDate":"2021-08-17"},{"lineNumber":162,"author":{"gitId":"sohwkjames"},"content":"    }","lastModifiedDate":"2021-08-17"},{"lineNumber":163,"author":{"gitId":"sohwkjames"},"content":"","lastModifiedDate":"2021-08-17"},{"lineNumber":164,"author":{"gitId":"sohwkjames"},"content":"    private void printTaskAddedMessage(Task task){","lastModifiedDate":"2021-08-21"},{"lineNumber":165,"author":{"gitId":"sohwkjames"},"content":"        System.out.println(\"You have added: \" + task);","lastModifiedDate":"2021-08-21"},{"lineNumber":166,"author":{"gitId":"sohwkjames"},"content":"    }","lastModifiedDate":"2021-08-21"},{"lineNumber":167,"author":{"gitId":"sohwkjames"},"content":"}","lastModifiedDate":"2021-08-17"}],"authorContributionMap":{"sohwkjames":167}},{"path":"src/main/java/Operations.java","fileType":"java","lines":[{"lineNumber":1,"author":{"gitId":"sohwkjames"},"content":"import Duke.Task.*;","lastModifiedDate":"2021-08-25"},{"lineNumber":2,"author":{"gitId":"sohwkjames"},"content":"import Duke.exceptions.DukeEmptyListException;","lastModifiedDate":"2021-08-25"},{"lineNumber":3,"author":{"gitId":"sohwkjames"},"content":"","lastModifiedDate":"2021-08-25"},{"lineNumber":4,"author":{"gitId":"sohwkjames"},"content":"public class Operations {","lastModifiedDate":"2021-08-17"},{"lineNumber":5,"author":{"gitId":"sohwkjames"},"content":"","lastModifiedDate":"2021-08-17"},{"lineNumber":6,"author":{"gitId":"sohwkjames"},"content":"    TaskList database;","lastModifiedDate":"2021-08-17"},{"lineNumber":7,"author":{"gitId":"sohwkjames"},"content":"","lastModifiedDate":"2021-08-17"},{"lineNumber":8,"author":{"gitId":"sohwkjames"},"content":"    public Operations(){}","lastModifiedDate":"2021-08-17"},{"lineNumber":9,"author":{"gitId":"sohwkjames"},"content":"","lastModifiedDate":"2021-08-17"},{"lineNumber":10,"author":{"gitId":"sohwkjames"},"content":"    public void setDatabase(TaskList database) {","lastModifiedDate":"2021-08-17"},{"lineNumber":11,"author":{"gitId":"sohwkjames"},"content":"        this.database \u003d database;","lastModifiedDate":"2021-08-17"},{"lineNumber":12,"author":{"gitId":"sohwkjames"},"content":"    }","lastModifiedDate":"2021-08-17"},{"lineNumber":13,"author":{"gitId":"sohwkjames"},"content":"","lastModifiedDate":"2021-08-17"},{"lineNumber":14,"author":{"gitId":"sohwkjames"},"content":"    public TaskList getDatabase() {","lastModifiedDate":"2021-08-17"},{"lineNumber":15,"author":{"gitId":"sohwkjames"},"content":"        return database;","lastModifiedDate":"2021-08-17"},{"lineNumber":16,"author":{"gitId":"sohwkjames"},"content":"    }","lastModifiedDate":"2021-08-17"},{"lineNumber":17,"author":{"gitId":"sohwkjames"},"content":"","lastModifiedDate":"2021-08-17"},{"lineNumber":18,"author":{"gitId":"sohwkjames"},"content":"    public void addToDatabase(Task task) {","lastModifiedDate":"2021-08-17"},{"lineNumber":19,"author":{"gitId":"sohwkjames"},"content":"","lastModifiedDate":"2021-08-21"},{"lineNumber":20,"author":{"gitId":"sohwkjames"},"content":"        this.database.addTask(task);","lastModifiedDate":"2021-08-17"},{"lineNumber":21,"author":{"gitId":"sohwkjames"},"content":"    }","lastModifiedDate":"2021-08-17"},{"lineNumber":22,"author":{"gitId":"sohwkjames"},"content":"","lastModifiedDate":"2021-08-17"},{"lineNumber":23,"author":{"gitId":"sohwkjames"},"content":"    public void addToDatabase(Todo todo) {","lastModifiedDate":"2021-08-17"},{"lineNumber":24,"author":{"gitId":"sohwkjames"},"content":"        this.database.addTask(todo);","lastModifiedDate":"2021-08-17"},{"lineNumber":25,"author":{"gitId":"sohwkjames"},"content":"    }","lastModifiedDate":"2021-08-17"},{"lineNumber":26,"author":{"gitId":"sohwkjames"},"content":"","lastModifiedDate":"2021-08-17"},{"lineNumber":27,"author":{"gitId":"sohwkjames"},"content":"    public void addToDatabase(Event event) {","lastModifiedDate":"2021-08-17"},{"lineNumber":28,"author":{"gitId":"sohwkjames"},"content":"        this.database.addTask(event);","lastModifiedDate":"2021-08-17"},{"lineNumber":29,"author":{"gitId":"sohwkjames"},"content":"    }","lastModifiedDate":"2021-08-17"},{"lineNumber":30,"author":{"gitId":"sohwkjames"},"content":"","lastModifiedDate":"2021-08-17"},{"lineNumber":31,"author":{"gitId":"sohwkjames"},"content":"    public void addToDatabase(Deadline deadline) {this.database.addTask(deadline);}","lastModifiedDate":"2021-08-21"},{"lineNumber":32,"author":{"gitId":"sohwkjames"},"content":"","lastModifiedDate":"2021-08-17"},{"lineNumber":33,"author":{"gitId":"sohwkjames"},"content":"    public void deleteFromDatabase(int i) {","lastModifiedDate":"2021-08-25"},{"lineNumber":34,"author":{"gitId":"sohwkjames"},"content":"        this.database.deleteTask(i);","lastModifiedDate":"2021-08-25"},{"lineNumber":35,"author":{"gitId":"sohwkjames"},"content":"    }","lastModifiedDate":"2021-08-25"},{"lineNumber":36,"author":{"gitId":"sohwkjames"},"content":"","lastModifiedDate":"2021-08-25"},{"lineNumber":37,"author":{"gitId":"sohwkjames"},"content":"    public void printDatabase() throws DukeEmptyListException {","lastModifiedDate":"2021-08-25"},{"lineNumber":38,"author":{"gitId":"sohwkjames"},"content":"        if (database.size() \u003d\u003d 0){","lastModifiedDate":"2021-08-25"},{"lineNumber":39,"author":{"gitId":"sohwkjames"},"content":"            throw new DukeEmptyListException(\"List is empty. Please add items first.\");","lastModifiedDate":"2021-08-25"},{"lineNumber":40,"author":{"gitId":"sohwkjames"},"content":"        }","lastModifiedDate":"2021-08-25"},{"lineNumber":41,"author":{"gitId":"sohwkjames"},"content":"        for(int i\u003d0; i \u003c database.size(); i++){","lastModifiedDate":"2021-08-17"},{"lineNumber":42,"author":{"gitId":"sohwkjames"},"content":"            System.out.println(i +  \": \" + database.getTask(i));","lastModifiedDate":"2021-08-21"},{"lineNumber":43,"author":{"gitId":"sohwkjames"},"content":"        }","lastModifiedDate":"2021-08-17"},{"lineNumber":44,"author":{"gitId":"sohwkjames"},"content":"    }","lastModifiedDate":"2021-08-17"},{"lineNumber":45,"author":{"gitId":"sohwkjames"},"content":"","lastModifiedDate":"2021-08-17"},{"lineNumber":46,"author":{"gitId":"sohwkjames"},"content":"    public Task getTask(int i){","lastModifiedDate":"2021-08-17"},{"lineNumber":47,"author":{"gitId":"sohwkjames"},"content":"        return database.getTask(i);","lastModifiedDate":"2021-08-17"},{"lineNumber":48,"author":{"gitId":"sohwkjames"},"content":"    }","lastModifiedDate":"2021-08-17"},{"lineNumber":49,"author":{"gitId":"sohwkjames"},"content":"","lastModifiedDate":"2021-08-17"},{"lineNumber":50,"author":{"gitId":"sohwkjames"},"content":"    public void setDone(int i) {","lastModifiedDate":"2021-08-17"},{"lineNumber":51,"author":{"gitId":"sohwkjames"},"content":"        getTask(i).toggleDone();","lastModifiedDate":"2021-08-17"},{"lineNumber":52,"author":{"gitId":"sohwkjames"},"content":"    }","lastModifiedDate":"2021-08-17"},{"lineNumber":53,"author":{"gitId":"sohwkjames"},"content":"}","lastModifiedDate":"2021-08-17"}],"authorContributionMap":{"sohwkjames":53}},{"path":"text-ui-test/input.txt","fileType":"txt","lines":[{"lineNumber":1,"author":{"gitId":"sohwkjames"},"content":"todo borrow book","lastModifiedDate":"2021-08-21"},{"lineNumber":2,"author":{"gitId":"sohwkjames"},"content":"list","lastModifiedDate":"2021-08-25"},{"lineNumber":3,"author":{"gitId":"sohwkjames"},"content":"event visit home /at 4 - 19","lastModifiedDate":"2021-08-21"},{"lineNumber":4,"author":{"gitId":"sohwkjames"},"content":"list","lastModifiedDate":"2021-08-21"},{"lineNumber":5,"author":{"gitId":"sohwkjames"},"content":"done 0","lastModifiedDate":"2021-08-25"},{"lineNumber":6,"author":{"gitId":"sohwkjames"},"content":"done 1","lastModifiedDate":"2021-08-25"},{"lineNumber":7,"author":{"gitId":"sohwkjames"},"content":"list","lastModifiedDate":"2021-08-25"},{"lineNumber":8,"author":{"gitId":"sohwkjames"},"content":"done 2","lastModifiedDate":"2021-08-25"},{"lineNumber":9,"author":{"gitId":"sohwkjames"},"content":"delete 1","lastModifiedDate":"2021-08-25"},{"lineNumber":10,"author":{"gitId":"sohwkjames"},"content":"list","lastModifiedDate":"2021-08-25"},{"lineNumber":11,"author":{"gitId":"sohwkjames"},"content":"bye","lastModifiedDate":"2021-08-21"}],"authorContributionMap":{"sohwkjames":11}}]
