[{"path":"src/main/java/Deadline.java","fileType":"java","lines":[{"lineNumber":1,"author":{"gitId":"sohwkjames"},"content":"public class Deadline extends Task{","lastModifiedDate":"2021-08-17"},{"lineNumber":2,"author":{"gitId":"sohwkjames"},"content":"    String symbol \u003d \"[D]\";","lastModifiedDate":"2021-08-17"},{"lineNumber":3,"author":{"gitId":"sohwkjames"},"content":"    String endTime;","lastModifiedDate":"2021-08-17"},{"lineNumber":4,"author":{"gitId":"sohwkjames"},"content":"","lastModifiedDate":"2021-08-17"},{"lineNumber":5,"author":{"gitId":"sohwkjames"},"content":"    public Deadline(String endTime) {","lastModifiedDate":"2021-08-17"},{"lineNumber":6,"author":{"gitId":"sohwkjames"},"content":"        this.endTime \u003d endTime;","lastModifiedDate":"2021-08-17"},{"lineNumber":7,"author":{"gitId":"sohwkjames"},"content":"    }","lastModifiedDate":"2021-08-17"},{"lineNumber":8,"author":{"gitId":"sohwkjames"},"content":"","lastModifiedDate":"2021-08-17"},{"lineNumber":9,"author":{"gitId":"sohwkjames"},"content":"    public Deadline(boolean isDone, String description, String endTime) {","lastModifiedDate":"2021-08-17"},{"lineNumber":10,"author":{"gitId":"sohwkjames"},"content":"        super(isDone, description);","lastModifiedDate":"2021-08-17"},{"lineNumber":11,"author":{"gitId":"sohwkjames"},"content":"        this.endTime \u003d endTime;","lastModifiedDate":"2021-08-17"},{"lineNumber":12,"author":{"gitId":"sohwkjames"},"content":"    }","lastModifiedDate":"2021-08-17"},{"lineNumber":13,"author":{"gitId":"sohwkjames"},"content":"","lastModifiedDate":"2021-08-17"},{"lineNumber":14,"author":{"gitId":"sohwkjames"},"content":"    public Deadline() {","lastModifiedDate":"2021-08-17"},{"lineNumber":15,"author":{"gitId":"sohwkjames"},"content":"","lastModifiedDate":"2021-08-17"},{"lineNumber":16,"author":{"gitId":"sohwkjames"},"content":"    }","lastModifiedDate":"2021-08-17"},{"lineNumber":17,"author":{"gitId":"sohwkjames"},"content":"","lastModifiedDate":"2021-08-17"},{"lineNumber":18,"author":{"gitId":"sohwkjames"},"content":"    public String getEndTime() {","lastModifiedDate":"2021-08-17"},{"lineNumber":19,"author":{"gitId":"sohwkjames"},"content":"        return endTime;","lastModifiedDate":"2021-08-17"},{"lineNumber":20,"author":{"gitId":"sohwkjames"},"content":"    }","lastModifiedDate":"2021-08-17"},{"lineNumber":21,"author":{"gitId":"sohwkjames"},"content":"","lastModifiedDate":"2021-08-17"},{"lineNumber":22,"author":{"gitId":"sohwkjames"},"content":"    public void setEndTime(String endTime) {","lastModifiedDate":"2021-08-17"},{"lineNumber":23,"author":{"gitId":"sohwkjames"},"content":"        this.endTime \u003d endTime;","lastModifiedDate":"2021-08-17"},{"lineNumber":24,"author":{"gitId":"sohwkjames"},"content":"    }","lastModifiedDate":"2021-08-17"},{"lineNumber":25,"author":{"gitId":"sohwkjames"},"content":"}","lastModifiedDate":"2021-08-17"}],"authorContributionMap":{"sohwkjames":25}},{"path":"src/main/java/Duke.java","fileType":"java","lines":[{"lineNumber":1,"author":{"gitId":"sohwkjames"},"content":"import java.util.ArrayList;","lastModifiedDate":"2021-08-17"},{"lineNumber":2,"author":{"gitId":"sohwkjames"},"content":"","lastModifiedDate":"2021-08-17"},{"lineNumber":3,"author":{"gitId":"-"},"content":"public class Duke {","lastModifiedDate":"2019-07-29"},{"lineNumber":4,"author":{"gitId":"-"},"content":"    public static void main(String[] args) {","lastModifiedDate":"2019-07-29"},{"lineNumber":5,"author":{"gitId":"sohwkjames"},"content":"","lastModifiedDate":"2021-08-17"},{"lineNumber":6,"author":{"gitId":"sohwkjames"},"content":"        Operations operations \u003d new Operations();","lastModifiedDate":"2021-08-17"},{"lineNumber":7,"author":{"gitId":"sohwkjames"},"content":"        Interactor interactor \u003d new Interactor();","lastModifiedDate":"2021-08-17"},{"lineNumber":8,"author":{"gitId":"sohwkjames"},"content":"        TaskList taskList \u003d new TaskList(new ArrayList\u003cTask\u003e());","lastModifiedDate":"2021-08-17"},{"lineNumber":9,"author":{"gitId":"sohwkjames"},"content":"","lastModifiedDate":"2021-08-17"},{"lineNumber":10,"author":{"gitId":"sohwkjames"},"content":"        operations.setDatabase(taskList);","lastModifiedDate":"2021-08-17"},{"lineNumber":11,"author":{"gitId":"sohwkjames"},"content":"        interactor.setOperations(operations);","lastModifiedDate":"2021-08-17"},{"lineNumber":12,"author":{"gitId":"sohwkjames"},"content":"","lastModifiedDate":"2021-08-17"},{"lineNumber":13,"author":{"gitId":"sohwkjames"},"content":"        interactor.setExitKeyword(\"bye\");","lastModifiedDate":"2021-08-17"},{"lineNumber":14,"author":{"gitId":"sohwkjames"},"content":"        interactor.setDoneKeyword(\"done\");","lastModifiedDate":"2021-08-17"},{"lineNumber":15,"author":{"gitId":"sohwkjames"},"content":"","lastModifiedDate":"2021-08-17"},{"lineNumber":16,"author":{"gitId":"sohwkjames"},"content":"        interactor.start();","lastModifiedDate":"2021-08-17"},{"lineNumber":17,"author":{"gitId":"-"},"content":"    }","lastModifiedDate":"2019-07-29"},{"lineNumber":18,"author":{"gitId":"-"},"content":"}","lastModifiedDate":"2019-07-29"}],"authorContributionMap":{"sohwkjames":14,"-":4}},{"path":"src/main/java/Event.java","fileType":"java","lines":[{"lineNumber":1,"author":{"gitId":"sohwkjames"},"content":"public class Event extends Deadline{","lastModifiedDate":"2021-08-17"},{"lineNumber":2,"author":{"gitId":"sohwkjames"},"content":"    String symbol \u003d \"[E]\";","lastModifiedDate":"2021-08-17"},{"lineNumber":3,"author":{"gitId":"sohwkjames"},"content":"    String endTime \u003d \"\";","lastModifiedDate":"2021-08-17"},{"lineNumber":4,"author":{"gitId":"sohwkjames"},"content":"","lastModifiedDate":"2021-08-17"},{"lineNumber":5,"author":{"gitId":"sohwkjames"},"content":"    public Event() {","lastModifiedDate":"2021-08-17"},{"lineNumber":6,"author":{"gitId":"sohwkjames"},"content":"    }","lastModifiedDate":"2021-08-17"},{"lineNumber":7,"author":{"gitId":"sohwkjames"},"content":"","lastModifiedDate":"2021-08-17"},{"lineNumber":8,"author":{"gitId":"sohwkjames"},"content":"    @Override","lastModifiedDate":"2021-08-17"},{"lineNumber":9,"author":{"gitId":"sohwkjames"},"content":"    public String getEndTime() {","lastModifiedDate":"2021-08-17"},{"lineNumber":10,"author":{"gitId":"sohwkjames"},"content":"        return endTime;","lastModifiedDate":"2021-08-17"},{"lineNumber":11,"author":{"gitId":"sohwkjames"},"content":"    }","lastModifiedDate":"2021-08-17"},{"lineNumber":12,"author":{"gitId":"sohwkjames"},"content":"","lastModifiedDate":"2021-08-17"},{"lineNumber":13,"author":{"gitId":"sohwkjames"},"content":"    @Override","lastModifiedDate":"2021-08-17"},{"lineNumber":14,"author":{"gitId":"sohwkjames"},"content":"    public void setEndTime(String endTime) {","lastModifiedDate":"2021-08-17"},{"lineNumber":15,"author":{"gitId":"sohwkjames"},"content":"        this.endTime \u003d endTime;","lastModifiedDate":"2021-08-17"},{"lineNumber":16,"author":{"gitId":"sohwkjames"},"content":"    }","lastModifiedDate":"2021-08-17"},{"lineNumber":17,"author":{"gitId":"sohwkjames"},"content":"}","lastModifiedDate":"2021-08-17"}],"authorContributionMap":{"sohwkjames":17}},{"path":"src/main/java/Interactor.java","fileType":"java","lines":[{"lineNumber":1,"author":{"gitId":"sohwkjames"},"content":"import java.util.Scanner;","lastModifiedDate":"2021-08-17"},{"lineNumber":2,"author":{"gitId":"sohwkjames"},"content":"import java.util.HashMap;","lastModifiedDate":"2021-08-17"},{"lineNumber":3,"author":{"gitId":"sohwkjames"},"content":"","lastModifiedDate":"2021-08-17"},{"lineNumber":4,"author":{"gitId":"sohwkjames"},"content":"public class Interactor {","lastModifiedDate":"2021-08-17"},{"lineNumber":5,"author":{"gitId":"sohwkjames"},"content":"","lastModifiedDate":"2021-08-17"},{"lineNumber":6,"author":{"gitId":"sohwkjames"},"content":"    Operations operations;","lastModifiedDate":"2021-08-17"},{"lineNumber":7,"author":{"gitId":"sohwkjames"},"content":"    private String exitKeyword \u003d \"\";","lastModifiedDate":"2021-08-17"},{"lineNumber":8,"author":{"gitId":"sohwkjames"},"content":"    private String doneKeyword \u003d \"\";","lastModifiedDate":"2021-08-17"},{"lineNumber":9,"author":{"gitId":"sohwkjames"},"content":"    private String todoKeyword \u003d \"todo\";","lastModifiedDate":"2021-08-17"},{"lineNumber":10,"author":{"gitId":"sohwkjames"},"content":"    private String eventKeyword \u003d \"event\";","lastModifiedDate":"2021-08-17"},{"lineNumber":11,"author":{"gitId":"sohwkjames"},"content":"    private String deadlineKeyword \u003d \"deadline\";","lastModifiedDate":"2021-08-17"},{"lineNumber":12,"author":{"gitId":"sohwkjames"},"content":"","lastModifiedDate":"2021-08-17"},{"lineNumber":13,"author":{"gitId":"sohwkjames"},"content":"    public Interactor() {}","lastModifiedDate":"2021-08-17"},{"lineNumber":14,"author":{"gitId":"sohwkjames"},"content":"","lastModifiedDate":"2021-08-17"},{"lineNumber":15,"author":{"gitId":"sohwkjames"},"content":"    public void setOperations(Operations operations) {","lastModifiedDate":"2021-08-17"},{"lineNumber":16,"author":{"gitId":"sohwkjames"},"content":"        this.operations \u003d operations;","lastModifiedDate":"2021-08-17"},{"lineNumber":17,"author":{"gitId":"sohwkjames"},"content":"    }","lastModifiedDate":"2021-08-17"},{"lineNumber":18,"author":{"gitId":"sohwkjames"},"content":"","lastModifiedDate":"2021-08-17"},{"lineNumber":19,"author":{"gitId":"sohwkjames"},"content":"    public void setExitKeyword(String exitKeyword){","lastModifiedDate":"2021-08-17"},{"lineNumber":20,"author":{"gitId":"sohwkjames"},"content":"        this.exitKeyword \u003d exitKeyword;","lastModifiedDate":"2021-08-17"},{"lineNumber":21,"author":{"gitId":"sohwkjames"},"content":"    }","lastModifiedDate":"2021-08-17"},{"lineNumber":22,"author":{"gitId":"sohwkjames"},"content":"","lastModifiedDate":"2021-08-17"},{"lineNumber":23,"author":{"gitId":"sohwkjames"},"content":"    public void setDoneKeyword(String doneKeyword) {","lastModifiedDate":"2021-08-17"},{"lineNumber":24,"author":{"gitId":"sohwkjames"},"content":"        this.doneKeyword \u003d doneKeyword;","lastModifiedDate":"2021-08-17"},{"lineNumber":25,"author":{"gitId":"sohwkjames"},"content":"    }","lastModifiedDate":"2021-08-17"},{"lineNumber":26,"author":{"gitId":"sohwkjames"},"content":"","lastModifiedDate":"2021-08-17"},{"lineNumber":27,"author":{"gitId":"sohwkjames"},"content":"","lastModifiedDate":"2021-08-17"},{"lineNumber":28,"author":{"gitId":"sohwkjames"},"content":"    public void start(){","lastModifiedDate":"2021-08-17"},{"lineNumber":29,"author":{"gitId":"sohwkjames"},"content":"        printGreeting();","lastModifiedDate":"2021-08-17"},{"lineNumber":30,"author":{"gitId":"sohwkjames"},"content":"        printExitKeyword();","lastModifiedDate":"2021-08-17"},{"lineNumber":31,"author":{"gitId":"sohwkjames"},"content":"","lastModifiedDate":"2021-08-17"},{"lineNumber":32,"author":{"gitId":"sohwkjames"},"content":"        boolean toContinue \u003d true;","lastModifiedDate":"2021-08-17"},{"lineNumber":33,"author":{"gitId":"sohwkjames"},"content":"","lastModifiedDate":"2021-08-17"},{"lineNumber":34,"author":{"gitId":"sohwkjames"},"content":"        Scanner scanner \u003d new Scanner(System.in);","lastModifiedDate":"2021-08-17"},{"lineNumber":35,"author":{"gitId":"sohwkjames"},"content":"","lastModifiedDate":"2021-08-17"},{"lineNumber":36,"author":{"gitId":"sohwkjames"},"content":"        while (true){","lastModifiedDate":"2021-08-17"},{"lineNumber":37,"author":{"gitId":"sohwkjames"},"content":"            String currentInput \u003d scanner.nextLine();","lastModifiedDate":"2021-08-17"},{"lineNumber":38,"author":{"gitId":"sohwkjames"},"content":"","lastModifiedDate":"2021-08-17"},{"lineNumber":39,"author":{"gitId":"sohwkjames"},"content":"            if (currentInput.equals(exitKeyword)){","lastModifiedDate":"2021-08-17"},{"lineNumber":40,"author":{"gitId":"sohwkjames"},"content":"                printGoodbye();","lastModifiedDate":"2021-08-17"},{"lineNumber":41,"author":{"gitId":"sohwkjames"},"content":"                break;","lastModifiedDate":"2021-08-17"},{"lineNumber":42,"author":{"gitId":"sohwkjames"},"content":"            }","lastModifiedDate":"2021-08-17"},{"lineNumber":43,"author":{"gitId":"sohwkjames"},"content":"            if (currentInput.equals(\"list\")){","lastModifiedDate":"2021-08-17"},{"lineNumber":44,"author":{"gitId":"sohwkjames"},"content":"                operations.printDatabase();","lastModifiedDate":"2021-08-17"},{"lineNumber":45,"author":{"gitId":"sohwkjames"},"content":"                break;","lastModifiedDate":"2021-08-17"},{"lineNumber":46,"author":{"gitId":"sohwkjames"},"content":"            }","lastModifiedDate":"2021-08-17"},{"lineNumber":47,"author":{"gitId":"sohwkjames"},"content":"            // When user toggles done-ness of task","lastModifiedDate":"2021-08-17"},{"lineNumber":48,"author":{"gitId":"sohwkjames"},"content":"            if (beginsWith(currentInput, doneKeyword)){","lastModifiedDate":"2021-08-17"},{"lineNumber":49,"author":{"gitId":"sohwkjames"},"content":"                int i \u003d getNumberFromInput(currentInput);","lastModifiedDate":"2021-08-17"},{"lineNumber":50,"author":{"gitId":"sohwkjames"},"content":"                operations.setDone(i);","lastModifiedDate":"2021-08-17"},{"lineNumber":51,"author":{"gitId":"sohwkjames"},"content":"                operations.printDatabase();","lastModifiedDate":"2021-08-17"},{"lineNumber":52,"author":{"gitId":"sohwkjames"},"content":"            }","lastModifiedDate":"2021-08-17"},{"lineNumber":53,"author":{"gitId":"sohwkjames"},"content":"","lastModifiedDate":"2021-08-17"},{"lineNumber":54,"author":{"gitId":"sohwkjames"},"content":"            //*** check for Todo, deadline, event creations ***","lastModifiedDate":"2021-08-17"},{"lineNumber":55,"author":{"gitId":"sohwkjames"},"content":"            if (beginsWith(currentInput, todoKeyword)){","lastModifiedDate":"2021-08-17"},{"lineNumber":56,"author":{"gitId":"sohwkjames"},"content":"                Todo todo \u003d handleTodoCreation(currentInput);","lastModifiedDate":"2021-08-17"},{"lineNumber":57,"author":{"gitId":"sohwkjames"},"content":"                operations.addToDatabase(todo);","lastModifiedDate":"2021-08-17"},{"lineNumber":58,"author":{"gitId":"sohwkjames"},"content":"            }","lastModifiedDate":"2021-08-17"},{"lineNumber":59,"author":{"gitId":"sohwkjames"},"content":"","lastModifiedDate":"2021-08-17"},{"lineNumber":60,"author":{"gitId":"sohwkjames"},"content":"            if (beginsWith(currentInput, deadlineKeyword)){","lastModifiedDate":"2021-08-17"},{"lineNumber":61,"author":{"gitId":"sohwkjames"},"content":"                Deadline deadline \u003d handleDeadlineCreation(currentInput);","lastModifiedDate":"2021-08-17"},{"lineNumber":62,"author":{"gitId":"sohwkjames"},"content":"                operations.addToDatabase(deadline);","lastModifiedDate":"2021-08-17"},{"lineNumber":63,"author":{"gitId":"sohwkjames"},"content":"            }","lastModifiedDate":"2021-08-17"},{"lineNumber":64,"author":{"gitId":"sohwkjames"},"content":"","lastModifiedDate":"2021-08-17"},{"lineNumber":65,"author":{"gitId":"sohwkjames"},"content":"//            if (beginsWith(currentInput, this.eventKeyword)){","lastModifiedDate":"2021-08-17"},{"lineNumber":66,"author":{"gitId":"sohwkjames"},"content":"//                Event event \u003d handleEventCreation(currentInput);","lastModifiedDate":"2021-08-17"},{"lineNumber":67,"author":{"gitId":"sohwkjames"},"content":"//                operations.addToDatabase(event);","lastModifiedDate":"2021-08-17"},{"lineNumber":68,"author":{"gitId":"sohwkjames"},"content":"//            }","lastModifiedDate":"2021-08-17"},{"lineNumber":69,"author":{"gitId":"sohwkjames"},"content":"","lastModifiedDate":"2021-08-17"},{"lineNumber":70,"author":{"gitId":"sohwkjames"},"content":"            else{","lastModifiedDate":"2021-08-17"},{"lineNumber":71,"author":{"gitId":"sohwkjames"},"content":"                System.out.println(\"Pls enter a proper command\");","lastModifiedDate":"2021-08-17"},{"lineNumber":72,"author":{"gitId":"sohwkjames"},"content":"                operations.printDatabase();","lastModifiedDate":"2021-08-17"},{"lineNumber":73,"author":{"gitId":"sohwkjames"},"content":"            }","lastModifiedDate":"2021-08-17"},{"lineNumber":74,"author":{"gitId":"sohwkjames"},"content":"        }","lastModifiedDate":"2021-08-17"},{"lineNumber":75,"author":{"gitId":"sohwkjames"},"content":"    }","lastModifiedDate":"2021-08-17"},{"lineNumber":76,"author":{"gitId":"sohwkjames"},"content":"","lastModifiedDate":"2021-08-17"},{"lineNumber":77,"author":{"gitId":"sohwkjames"},"content":"    private Todo handleTodoCreation(String currentInput) {","lastModifiedDate":"2021-08-17"},{"lineNumber":78,"author":{"gitId":"sohwkjames"},"content":"        // currentInput in the form \"todo borrow book\"","lastModifiedDate":"2021-08-17"},{"lineNumber":79,"author":{"gitId":"sohwkjames"},"content":"        String [] arr \u003d currentInput.split(\" \", 2); // 2 indicates we expect 2 values in array","lastModifiedDate":"2021-08-17"},{"lineNumber":80,"author":{"gitId":"sohwkjames"},"content":"        String description \u003d arr[1];","lastModifiedDate":"2021-08-17"},{"lineNumber":81,"author":{"gitId":"sohwkjames"},"content":"        return new Todo(description);","lastModifiedDate":"2021-08-17"},{"lineNumber":82,"author":{"gitId":"sohwkjames"},"content":"    }","lastModifiedDate":"2021-08-17"},{"lineNumber":83,"author":{"gitId":"sohwkjames"},"content":"","lastModifiedDate":"2021-08-17"},{"lineNumber":84,"author":{"gitId":"sohwkjames"},"content":"    private Deadline handleDeadlineCreation(String currentInput) {","lastModifiedDate":"2021-08-17"},{"lineNumber":85,"author":{"gitId":"sohwkjames"},"content":"        String [] arr \u003d currentInput.split(\" \", 2); // 2 indicates we expect 2 values in array","lastModifiedDate":"2021-08-17"},{"lineNumber":86,"author":{"gitId":"sohwkjames"},"content":"        String [] splitArr \u003d arr[1].split(\"/\", 0);","lastModifiedDate":"2021-08-17"},{"lineNumber":87,"author":{"gitId":"sohwkjames"},"content":"        String description \u003d splitArr[0];","lastModifiedDate":"2021-08-17"},{"lineNumber":88,"author":{"gitId":"sohwkjames"},"content":"        String endTime \u003d splitArr[1];","lastModifiedDate":"2021-08-17"},{"lineNumber":89,"author":{"gitId":"sohwkjames"},"content":"        return new Deadline(false, description, endTime);","lastModifiedDate":"2021-08-17"},{"lineNumber":90,"author":{"gitId":"sohwkjames"},"content":"    }","lastModifiedDate":"2021-08-17"},{"lineNumber":91,"author":{"gitId":"sohwkjames"},"content":"","lastModifiedDate":"2021-08-17"},{"lineNumber":92,"author":{"gitId":"sohwkjames"},"content":"//    private Event handleEventCreation(String currentInput) {","lastModifiedDate":"2021-08-17"},{"lineNumber":93,"author":{"gitId":"sohwkjames"},"content":"//    }","lastModifiedDate":"2021-08-17"},{"lineNumber":94,"author":{"gitId":"sohwkjames"},"content":"","lastModifiedDate":"2021-08-17"},{"lineNumber":95,"author":{"gitId":"sohwkjames"},"content":"    private int getNumberFromInput(String currentInput) {","lastModifiedDate":"2021-08-17"},{"lineNumber":96,"author":{"gitId":"sohwkjames"},"content":"        // takes: \"someLongString 4\". returns: 4","lastModifiedDate":"2021-08-17"},{"lineNumber":97,"author":{"gitId":"sohwkjames"},"content":"        String [] arr \u003d currentInput.split(\" \", 0);","lastModifiedDate":"2021-08-17"},{"lineNumber":98,"author":{"gitId":"sohwkjames"},"content":"        return Integer.parseInt(arr[1]);","lastModifiedDate":"2021-08-17"},{"lineNumber":99,"author":{"gitId":"sohwkjames"},"content":"    }","lastModifiedDate":"2021-08-17"},{"lineNumber":100,"author":{"gitId":"sohwkjames"},"content":"","lastModifiedDate":"2021-08-17"},{"lineNumber":101,"author":{"gitId":"sohwkjames"},"content":"    private static boolean beginsWith(String longerString, String shorterString) {","lastModifiedDate":"2021-08-17"},{"lineNumber":102,"author":{"gitId":"sohwkjames"},"content":"        if (shorterString.length() \u003e longerString.length()){","lastModifiedDate":"2021-08-17"},{"lineNumber":103,"author":{"gitId":"sohwkjames"},"content":"            return false;","lastModifiedDate":"2021-08-17"},{"lineNumber":104,"author":{"gitId":"sohwkjames"},"content":"        }","lastModifiedDate":"2021-08-17"},{"lineNumber":105,"author":{"gitId":"sohwkjames"},"content":"        // returns true if longerString begins with shorterString","lastModifiedDate":"2021-08-17"},{"lineNumber":106,"author":{"gitId":"sohwkjames"},"content":"        // beginsWith(\"done 4\", \"done\") should return True.","lastModifiedDate":"2021-08-17"},{"lineNumber":107,"author":{"gitId":"sohwkjames"},"content":"        int length \u003d shorterString.length();","lastModifiedDate":"2021-08-17"},{"lineNumber":108,"author":{"gitId":"sohwkjames"},"content":"        String slicedString \u003d longerString.substring(0, length);","lastModifiedDate":"2021-08-17"},{"lineNumber":109,"author":{"gitId":"sohwkjames"},"content":"        if (slicedString.equals(shorterString)){","lastModifiedDate":"2021-08-17"},{"lineNumber":110,"author":{"gitId":"sohwkjames"},"content":"            return true;","lastModifiedDate":"2021-08-17"},{"lineNumber":111,"author":{"gitId":"sohwkjames"},"content":"        }","lastModifiedDate":"2021-08-17"},{"lineNumber":112,"author":{"gitId":"sohwkjames"},"content":"        else {return false;}","lastModifiedDate":"2021-08-17"},{"lineNumber":113,"author":{"gitId":"sohwkjames"},"content":"    }","lastModifiedDate":"2021-08-17"},{"lineNumber":114,"author":{"gitId":"sohwkjames"},"content":"","lastModifiedDate":"2021-08-17"},{"lineNumber":115,"author":{"gitId":"sohwkjames"},"content":"    private void printExitKeyword() {","lastModifiedDate":"2021-08-17"},{"lineNumber":116,"author":{"gitId":"sohwkjames"},"content":"        String message \u003d String.format(\"Please type %s if you want to exit.\", this.exitKeyword);","lastModifiedDate":"2021-08-17"},{"lineNumber":117,"author":{"gitId":"sohwkjames"},"content":"        System.out.println(message);","lastModifiedDate":"2021-08-17"},{"lineNumber":118,"author":{"gitId":"sohwkjames"},"content":"    }","lastModifiedDate":"2021-08-17"},{"lineNumber":119,"author":{"gitId":"sohwkjames"},"content":"","lastModifiedDate":"2021-08-17"},{"lineNumber":120,"author":{"gitId":"sohwkjames"},"content":"    private void printGreeting(){","lastModifiedDate":"2021-08-17"},{"lineNumber":121,"author":{"gitId":"sohwkjames"},"content":"        System.out.println(\"Dunder Mifflin, this is Pam\");","lastModifiedDate":"2021-08-17"},{"lineNumber":122,"author":{"gitId":"sohwkjames"},"content":"    }","lastModifiedDate":"2021-08-17"},{"lineNumber":123,"author":{"gitId":"sohwkjames"},"content":"","lastModifiedDate":"2021-08-17"},{"lineNumber":124,"author":{"gitId":"sohwkjames"},"content":"    private void printGoodbye(){","lastModifiedDate":"2021-08-17"},{"lineNumber":125,"author":{"gitId":"sohwkjames"},"content":"        System.out.println(\"Okay bye\");","lastModifiedDate":"2021-08-17"},{"lineNumber":126,"author":{"gitId":"sohwkjames"},"content":"    }","lastModifiedDate":"2021-08-17"},{"lineNumber":127,"author":{"gitId":"sohwkjames"},"content":"","lastModifiedDate":"2021-08-17"},{"lineNumber":128,"author":{"gitId":"sohwkjames"},"content":"}","lastModifiedDate":"2021-08-17"}],"authorContributionMap":{"sohwkjames":128}},{"path":"src/main/java/Operations.java","fileType":"java","lines":[{"lineNumber":1,"author":{"gitId":"sohwkjames"},"content":"public class Operations {","lastModifiedDate":"2021-08-17"},{"lineNumber":2,"author":{"gitId":"sohwkjames"},"content":"","lastModifiedDate":"2021-08-17"},{"lineNumber":3,"author":{"gitId":"sohwkjames"},"content":"    TaskList database;","lastModifiedDate":"2021-08-17"},{"lineNumber":4,"author":{"gitId":"sohwkjames"},"content":"","lastModifiedDate":"2021-08-17"},{"lineNumber":5,"author":{"gitId":"sohwkjames"},"content":"    public Operations(){}","lastModifiedDate":"2021-08-17"},{"lineNumber":6,"author":{"gitId":"sohwkjames"},"content":"","lastModifiedDate":"2021-08-17"},{"lineNumber":7,"author":{"gitId":"sohwkjames"},"content":"    public void setDatabase(TaskList database) {","lastModifiedDate":"2021-08-17"},{"lineNumber":8,"author":{"gitId":"sohwkjames"},"content":"        this.database \u003d database;","lastModifiedDate":"2021-08-17"},{"lineNumber":9,"author":{"gitId":"sohwkjames"},"content":"    }","lastModifiedDate":"2021-08-17"},{"lineNumber":10,"author":{"gitId":"sohwkjames"},"content":"","lastModifiedDate":"2021-08-17"},{"lineNumber":11,"author":{"gitId":"sohwkjames"},"content":"    public TaskList getDatabase() {","lastModifiedDate":"2021-08-17"},{"lineNumber":12,"author":{"gitId":"sohwkjames"},"content":"        return database;","lastModifiedDate":"2021-08-17"},{"lineNumber":13,"author":{"gitId":"sohwkjames"},"content":"    }","lastModifiedDate":"2021-08-17"},{"lineNumber":14,"author":{"gitId":"sohwkjames"},"content":"","lastModifiedDate":"2021-08-17"},{"lineNumber":15,"author":{"gitId":"sohwkjames"},"content":"    public void addToDatabase(Task task) {","lastModifiedDate":"2021-08-17"},{"lineNumber":16,"author":{"gitId":"sohwkjames"},"content":"        this.database.addTask(task);","lastModifiedDate":"2021-08-17"},{"lineNumber":17,"author":{"gitId":"sohwkjames"},"content":"    }","lastModifiedDate":"2021-08-17"},{"lineNumber":18,"author":{"gitId":"sohwkjames"},"content":"","lastModifiedDate":"2021-08-17"},{"lineNumber":19,"author":{"gitId":"sohwkjames"},"content":"    public void addToDatabase(Todo todo) {","lastModifiedDate":"2021-08-17"},{"lineNumber":20,"author":{"gitId":"sohwkjames"},"content":"        this.database.addTask(todo);","lastModifiedDate":"2021-08-17"},{"lineNumber":21,"author":{"gitId":"sohwkjames"},"content":"    }","lastModifiedDate":"2021-08-17"},{"lineNumber":22,"author":{"gitId":"sohwkjames"},"content":"","lastModifiedDate":"2021-08-17"},{"lineNumber":23,"author":{"gitId":"sohwkjames"},"content":"    public void addToDatabase(Event event) {","lastModifiedDate":"2021-08-17"},{"lineNumber":24,"author":{"gitId":"sohwkjames"},"content":"        this.database.addTask(event);","lastModifiedDate":"2021-08-17"},{"lineNumber":25,"author":{"gitId":"sohwkjames"},"content":"    }","lastModifiedDate":"2021-08-17"},{"lineNumber":26,"author":{"gitId":"sohwkjames"},"content":"","lastModifiedDate":"2021-08-17"},{"lineNumber":27,"author":{"gitId":"sohwkjames"},"content":"    public void addToDatabase(Deadline deadline) {","lastModifiedDate":"2021-08-17"},{"lineNumber":28,"author":{"gitId":"sohwkjames"},"content":"        this.database.addTask(deadline);","lastModifiedDate":"2021-08-17"},{"lineNumber":29,"author":{"gitId":"sohwkjames"},"content":"    }","lastModifiedDate":"2021-08-17"},{"lineNumber":30,"author":{"gitId":"sohwkjames"},"content":"","lastModifiedDate":"2021-08-17"},{"lineNumber":31,"author":{"gitId":"sohwkjames"},"content":"    public void printDatabase(){","lastModifiedDate":"2021-08-17"},{"lineNumber":32,"author":{"gitId":"sohwkjames"},"content":"        for(int i\u003d0; i \u003c database.size(); i++){","lastModifiedDate":"2021-08-17"},{"lineNumber":33,"author":{"gitId":"sohwkjames"},"content":"            System.out.println(i +  \": \" + database.getTask(i).getFormattedString());","lastModifiedDate":"2021-08-17"},{"lineNumber":34,"author":{"gitId":"sohwkjames"},"content":"        }","lastModifiedDate":"2021-08-17"},{"lineNumber":35,"author":{"gitId":"sohwkjames"},"content":"    }","lastModifiedDate":"2021-08-17"},{"lineNumber":36,"author":{"gitId":"sohwkjames"},"content":"","lastModifiedDate":"2021-08-17"},{"lineNumber":37,"author":{"gitId":"sohwkjames"},"content":"    public Task getTask(int i){","lastModifiedDate":"2021-08-17"},{"lineNumber":38,"author":{"gitId":"sohwkjames"},"content":"        return database.getTask(i);","lastModifiedDate":"2021-08-17"},{"lineNumber":39,"author":{"gitId":"sohwkjames"},"content":"    }","lastModifiedDate":"2021-08-17"},{"lineNumber":40,"author":{"gitId":"sohwkjames"},"content":"","lastModifiedDate":"2021-08-17"},{"lineNumber":41,"author":{"gitId":"sohwkjames"},"content":"    public void setDone(int i) {","lastModifiedDate":"2021-08-17"},{"lineNumber":42,"author":{"gitId":"sohwkjames"},"content":"        getTask(i).toggleDone();","lastModifiedDate":"2021-08-17"},{"lineNumber":43,"author":{"gitId":"sohwkjames"},"content":"    }","lastModifiedDate":"2021-08-17"},{"lineNumber":44,"author":{"gitId":"sohwkjames"},"content":"}","lastModifiedDate":"2021-08-17"}],"authorContributionMap":{"sohwkjames":44}},{"path":"src/main/java/Task.java","fileType":"java","lines":[{"lineNumber":1,"author":{"gitId":"sohwkjames"},"content":"public class Task {","lastModifiedDate":"2021-08-17"},{"lineNumber":2,"author":{"gitId":"sohwkjames"},"content":"    boolean isDone;","lastModifiedDate":"2021-08-17"},{"lineNumber":3,"author":{"gitId":"sohwkjames"},"content":"    String description;","lastModifiedDate":"2021-08-17"},{"lineNumber":4,"author":{"gitId":"sohwkjames"},"content":"    String symbol;","lastModifiedDate":"2021-08-17"},{"lineNumber":5,"author":{"gitId":"sohwkjames"},"content":"","lastModifiedDate":"2021-08-17"},{"lineNumber":6,"author":{"gitId":"sohwkjames"},"content":"    public Task() {","lastModifiedDate":"2021-08-17"},{"lineNumber":7,"author":{"gitId":"sohwkjames"},"content":"    }","lastModifiedDate":"2021-08-17"},{"lineNumber":8,"author":{"gitId":"sohwkjames"},"content":"","lastModifiedDate":"2021-08-17"},{"lineNumber":9,"author":{"gitId":"sohwkjames"},"content":"    public Task(boolean isDone, String description) {","lastModifiedDate":"2021-08-17"},{"lineNumber":10,"author":{"gitId":"sohwkjames"},"content":"        this.isDone \u003d isDone;","lastModifiedDate":"2021-08-17"},{"lineNumber":11,"author":{"gitId":"sohwkjames"},"content":"        this.description \u003d description;","lastModifiedDate":"2021-08-17"},{"lineNumber":12,"author":{"gitId":"sohwkjames"},"content":"    }","lastModifiedDate":"2021-08-17"},{"lineNumber":13,"author":{"gitId":"sohwkjames"},"content":"","lastModifiedDate":"2021-08-17"},{"lineNumber":14,"author":{"gitId":"sohwkjames"},"content":"    public void setDone(boolean done) {","lastModifiedDate":"2021-08-17"},{"lineNumber":15,"author":{"gitId":"sohwkjames"},"content":"        isDone \u003d done;","lastModifiedDate":"2021-08-17"},{"lineNumber":16,"author":{"gitId":"sohwkjames"},"content":"    }","lastModifiedDate":"2021-08-17"},{"lineNumber":17,"author":{"gitId":"sohwkjames"},"content":"","lastModifiedDate":"2021-08-17"},{"lineNumber":18,"author":{"gitId":"sohwkjames"},"content":"    public void toggleDone(){","lastModifiedDate":"2021-08-17"},{"lineNumber":19,"author":{"gitId":"sohwkjames"},"content":"        if (this.isDone){","lastModifiedDate":"2021-08-17"},{"lineNumber":20,"author":{"gitId":"sohwkjames"},"content":"            this.isDone \u003d false;","lastModifiedDate":"2021-08-17"},{"lineNumber":21,"author":{"gitId":"sohwkjames"},"content":"        }","lastModifiedDate":"2021-08-17"},{"lineNumber":22,"author":{"gitId":"sohwkjames"},"content":"        else{this.isDone \u003d true;}","lastModifiedDate":"2021-08-17"},{"lineNumber":23,"author":{"gitId":"sohwkjames"},"content":"    }","lastModifiedDate":"2021-08-17"},{"lineNumber":24,"author":{"gitId":"sohwkjames"},"content":"","lastModifiedDate":"2021-08-17"},{"lineNumber":25,"author":{"gitId":"sohwkjames"},"content":"    public void setDescription(String description) {","lastModifiedDate":"2021-08-17"},{"lineNumber":26,"author":{"gitId":"sohwkjames"},"content":"        this.description \u003d description;","lastModifiedDate":"2021-08-17"},{"lineNumber":27,"author":{"gitId":"sohwkjames"},"content":"    }","lastModifiedDate":"2021-08-17"},{"lineNumber":28,"author":{"gitId":"sohwkjames"},"content":"","lastModifiedDate":"2021-08-17"},{"lineNumber":29,"author":{"gitId":"sohwkjames"},"content":"    public boolean isDone() {","lastModifiedDate":"2021-08-17"},{"lineNumber":30,"author":{"gitId":"sohwkjames"},"content":"        return isDone;","lastModifiedDate":"2021-08-17"},{"lineNumber":31,"author":{"gitId":"sohwkjames"},"content":"    }","lastModifiedDate":"2021-08-17"},{"lineNumber":32,"author":{"gitId":"sohwkjames"},"content":"","lastModifiedDate":"2021-08-17"},{"lineNumber":33,"author":{"gitId":"sohwkjames"},"content":"    public String getDescription() {","lastModifiedDate":"2021-08-17"},{"lineNumber":34,"author":{"gitId":"sohwkjames"},"content":"        return description;","lastModifiedDate":"2021-08-17"},{"lineNumber":35,"author":{"gitId":"sohwkjames"},"content":"    }","lastModifiedDate":"2021-08-17"},{"lineNumber":36,"author":{"gitId":"sohwkjames"},"content":"","lastModifiedDate":"2021-08-17"},{"lineNumber":37,"author":{"gitId":"sohwkjames"},"content":"    public String getFormattedString(){","lastModifiedDate":"2021-08-17"},{"lineNumber":38,"author":{"gitId":"sohwkjames"},"content":"        // prints a task in the \"[x]: get milk\" format","lastModifiedDate":"2021-08-17"},{"lineNumber":39,"author":{"gitId":"sohwkjames"},"content":"        String doneIndicator;","lastModifiedDate":"2021-08-17"},{"lineNumber":40,"author":{"gitId":"sohwkjames"},"content":"        if(this.isDone){","lastModifiedDate":"2021-08-17"},{"lineNumber":41,"author":{"gitId":"sohwkjames"},"content":"            doneIndicator \u003d \"x\";","lastModifiedDate":"2021-08-17"},{"lineNumber":42,"author":{"gitId":"sohwkjames"},"content":"        }","lastModifiedDate":"2021-08-17"},{"lineNumber":43,"author":{"gitId":"sohwkjames"},"content":"        else{","lastModifiedDate":"2021-08-17"},{"lineNumber":44,"author":{"gitId":"sohwkjames"},"content":"            doneIndicator \u003d \" \";","lastModifiedDate":"2021-08-17"},{"lineNumber":45,"author":{"gitId":"sohwkjames"},"content":"        }","lastModifiedDate":"2021-08-17"},{"lineNumber":46,"author":{"gitId":"sohwkjames"},"content":"        return String.format(\"[%s]: %s\", doneIndicator, this.getDescription());","lastModifiedDate":"2021-08-17"},{"lineNumber":47,"author":{"gitId":"sohwkjames"},"content":"","lastModifiedDate":"2021-08-17"},{"lineNumber":48,"author":{"gitId":"sohwkjames"},"content":"    }","lastModifiedDate":"2021-08-17"},{"lineNumber":49,"author":{"gitId":"sohwkjames"},"content":"","lastModifiedDate":"2021-08-17"},{"lineNumber":50,"author":{"gitId":"sohwkjames"},"content":"}","lastModifiedDate":"2021-08-17"}],"authorContributionMap":{"sohwkjames":50}},{"path":"src/main/java/TaskList.java","fileType":"java","lines":[{"lineNumber":1,"author":{"gitId":"sohwkjames"},"content":"import java.util.ArrayList;","lastModifiedDate":"2021-08-17"},{"lineNumber":2,"author":{"gitId":"sohwkjames"},"content":"public class TaskList {","lastModifiedDate":"2021-08-17"},{"lineNumber":3,"author":{"gitId":"sohwkjames"},"content":"","lastModifiedDate":"2021-08-17"},{"lineNumber":4,"author":{"gitId":"sohwkjames"},"content":"    private ArrayList\u003cTask\u003e tasks;","lastModifiedDate":"2021-08-17"},{"lineNumber":5,"author":{"gitId":"sohwkjames"},"content":"","lastModifiedDate":"2021-08-17"},{"lineNumber":6,"author":{"gitId":"sohwkjames"},"content":"    public TaskList(ArrayList\u003cTask\u003e tasks) {","lastModifiedDate":"2021-08-17"},{"lineNumber":7,"author":{"gitId":"sohwkjames"},"content":"        this.tasks \u003d tasks;","lastModifiedDate":"2021-08-17"},{"lineNumber":8,"author":{"gitId":"sohwkjames"},"content":"    }","lastModifiedDate":"2021-08-17"},{"lineNumber":9,"author":{"gitId":"sohwkjames"},"content":"","lastModifiedDate":"2021-08-17"},{"lineNumber":10,"author":{"gitId":"sohwkjames"},"content":"    public boolean addTask(Task task){","lastModifiedDate":"2021-08-17"},{"lineNumber":11,"author":{"gitId":"sohwkjames"},"content":"        this.tasks.add(task);","lastModifiedDate":"2021-08-17"},{"lineNumber":12,"author":{"gitId":"sohwkjames"},"content":"","lastModifiedDate":"2021-08-17"},{"lineNumber":13,"author":{"gitId":"sohwkjames"},"content":"        return true;","lastModifiedDate":"2021-08-17"},{"lineNumber":14,"author":{"gitId":"sohwkjames"},"content":"    }","lastModifiedDate":"2021-08-17"},{"lineNumber":15,"author":{"gitId":"sohwkjames"},"content":"","lastModifiedDate":"2021-08-17"},{"lineNumber":16,"author":{"gitId":"sohwkjames"},"content":"    public ArrayList\u003cTask\u003e getTasks() {","lastModifiedDate":"2021-08-17"},{"lineNumber":17,"author":{"gitId":"sohwkjames"},"content":"        return tasks;","lastModifiedDate":"2021-08-17"},{"lineNumber":18,"author":{"gitId":"sohwkjames"},"content":"    }","lastModifiedDate":"2021-08-17"},{"lineNumber":19,"author":{"gitId":"sohwkjames"},"content":"","lastModifiedDate":"2021-08-17"},{"lineNumber":20,"author":{"gitId":"sohwkjames"},"content":"    public Task getTask(int i){","lastModifiedDate":"2021-08-17"},{"lineNumber":21,"author":{"gitId":"sohwkjames"},"content":"        return tasks.get(i);","lastModifiedDate":"2021-08-17"},{"lineNumber":22,"author":{"gitId":"sohwkjames"},"content":"    }","lastModifiedDate":"2021-08-17"},{"lineNumber":23,"author":{"gitId":"sohwkjames"},"content":"","lastModifiedDate":"2021-08-17"},{"lineNumber":24,"author":{"gitId":"sohwkjames"},"content":"    public String getTaskDescription(int i){","lastModifiedDate":"2021-08-17"},{"lineNumber":25,"author":{"gitId":"sohwkjames"},"content":"        return tasks.get(i).getDescription();","lastModifiedDate":"2021-08-17"},{"lineNumber":26,"author":{"gitId":"sohwkjames"},"content":"","lastModifiedDate":"2021-08-17"},{"lineNumber":27,"author":{"gitId":"sohwkjames"},"content":"    }","lastModifiedDate":"2021-08-17"},{"lineNumber":28,"author":{"gitId":"sohwkjames"},"content":"","lastModifiedDate":"2021-08-17"},{"lineNumber":29,"author":{"gitId":"sohwkjames"},"content":"    public int size() {","lastModifiedDate":"2021-08-17"},{"lineNumber":30,"author":{"gitId":"sohwkjames"},"content":"        return tasks.size();","lastModifiedDate":"2021-08-17"},{"lineNumber":31,"author":{"gitId":"sohwkjames"},"content":"    }","lastModifiedDate":"2021-08-17"},{"lineNumber":32,"author":{"gitId":"sohwkjames"},"content":"}","lastModifiedDate":"2021-08-17"}],"authorContributionMap":{"sohwkjames":32}},{"path":"src/main/java/Todo.java","fileType":"java","lines":[{"lineNumber":1,"author":{"gitId":"sohwkjames"},"content":"public class Todo extends Task{","lastModifiedDate":"2021-08-17"},{"lineNumber":2,"author":{"gitId":"sohwkjames"},"content":"    String description;","lastModifiedDate":"2021-08-17"},{"lineNumber":3,"author":{"gitId":"sohwkjames"},"content":"    String symbol \u003d \"[T]\";","lastModifiedDate":"2021-08-17"},{"lineNumber":4,"author":{"gitId":"sohwkjames"},"content":"","lastModifiedDate":"2021-08-17"},{"lineNumber":5,"author":{"gitId":"sohwkjames"},"content":"    public Todo() {","lastModifiedDate":"2021-08-17"},{"lineNumber":6,"author":{"gitId":"sohwkjames"},"content":"    }","lastModifiedDate":"2021-08-17"},{"lineNumber":7,"author":{"gitId":"sohwkjames"},"content":"","lastModifiedDate":"2021-08-17"},{"lineNumber":8,"author":{"gitId":"sohwkjames"},"content":"    public Todo(boolean isDone, String description) {","lastModifiedDate":"2021-08-17"},{"lineNumber":9,"author":{"gitId":"sohwkjames"},"content":"        super(isDone, description);","lastModifiedDate":"2021-08-17"},{"lineNumber":10,"author":{"gitId":"sohwkjames"},"content":"    }","lastModifiedDate":"2021-08-17"},{"lineNumber":11,"author":{"gitId":"sohwkjames"},"content":"","lastModifiedDate":"2021-08-17"},{"lineNumber":12,"author":{"gitId":"sohwkjames"},"content":"    public Todo(String description) {","lastModifiedDate":"2021-08-17"},{"lineNumber":13,"author":{"gitId":"sohwkjames"},"content":"        this.description \u003d description;","lastModifiedDate":"2021-08-17"},{"lineNumber":14,"author":{"gitId":"sohwkjames"},"content":"    }","lastModifiedDate":"2021-08-17"},{"lineNumber":15,"author":{"gitId":"sohwkjames"},"content":"}","lastModifiedDate":"2021-08-17"}],"authorContributionMap":{"sohwkjames":15}}]
