{"authorDailyContributionsMap":{"sohwkjames":[{"date":"0034-08-17","commitResults":[{"hash":"e6d0dce033dbaf4717bac9b7e0b90f4032dde93c","messageTitle":"Level-0 Greet complete","messageBody":"","fileTypesAndContributionMap":{"java":{"insertions":22,"deletions":6}}}]},{"date":"2021-08-17","commitResults":[{"hash":"245735c4c0cf5c899b41eb851f08962acb70694b","messageTitle":"Level-1 greet echo exit implemented","messageBody":"","fileTypesAndContributionMap":{"java":{"insertions":33,"deletions":0}}},{"hash":"033e30c9adcbd0d4017b31409dc01786da8119a1","messageTitle":"Level-1 remove greeter class, refactor interactor class","messageBody":"","fileTypesAndContributionMap":{"java":{"insertions":33,"deletions":10}}},{"hash":"ef303bddf7c6edc53660ec429fee46b1ec07b4ae","messageTitle":"Level-2 create Task and TaskList classes","messageBody":"","fileTypesAndContributionMap":{"java":{"insertions":92,"deletions":15}}},{"hash":"619a8a6bd9cadd0f1ef1f1cbc6e1270e28977d51","messageTitle":"Level-2 complete","messageBody":"","fileTypesAndContributionMap":{"java":{"insertions":18,"deletions":4}}},{"hash":"7ca880d7235932d2c05963840f52ff6c26d13d78","messageTitle":"Level-3 implemented mark as done","messageBody":"","fileTypesAndContributionMap":{"java":{"insertions":83,"deletions":16}}}]}]},"authorFileTypeContributionMap":{"sohwkjames":{"java":236,"md":0,"fxml":0,"sh":0,"bat":0,"gradle":0,"txt":0}},"authorContributionVariance":{"sohwkjames":1360.7902},"authorDisplayNameMap":{"sohwkjames":"SOH ..AMES"}}
