{"authorDailyContributionsMap":{"sohwkjames":[{"date":"2021-08-17","commitResults":[{"hash":"e6d0dce033dbaf4717bac9b7e0b90f4032dde93c","messageTitle":"Level-0 Greet complete","messageBody":"","tags":["Level-0"],"fileTypesAndContributionMap":{"java":{"insertions":22,"deletions":6}}},{"hash":"245735c4c0cf5c899b41eb851f08962acb70694b","messageTitle":"Level-1 greet echo exit implemented","messageBody":"","fileTypesAndContributionMap":{"java":{"insertions":33,"deletions":0}}},{"hash":"033e30c9adcbd0d4017b31409dc01786da8119a1","messageTitle":"Level-1 remove greeter class, refactor interactor class","messageBody":"","tags":["Level-1"],"fileTypesAndContributionMap":{"java":{"insertions":33,"deletions":10}}},{"hash":"ef303bddf7c6edc53660ec429fee46b1ec07b4ae","messageTitle":"Level-2 create Task and TaskList classes","messageBody":"","fileTypesAndContributionMap":{"java":{"insertions":92,"deletions":15}}},{"hash":"619a8a6bd9cadd0f1ef1f1cbc6e1270e28977d51","messageTitle":"Level-2 complete","messageBody":"","tags":["Level-2"],"fileTypesAndContributionMap":{"java":{"insertions":18,"deletions":4}}},{"hash":"7ca880d7235932d2c05963840f52ff6c26d13d78","messageTitle":"Level-3 implemented mark as done","messageBody":"","tags":["Level-3"],"fileTypesAndContributionMap":{"java":{"insertions":83,"deletions":16}}},{"hash":"6cec1a019b768f5c18eece3b105abbf4f9741190","messageTitle":"Level-4 add deadline, event, todo classes","messageBody":"","fileTypesAndContributionMap":{"java":{"insertions":118,"deletions":29}}}]},{"date":"2021-08-21","commitResults":[{"hash":"239d96be07b32b9c7e5b3caa1399ef43bb6dc9aa","messageTitle":"Level-4 added todo, event, deadline","messageBody":"","fileTypesAndContributionMap":{"java":{"insertions":71,"deletions":19}}},{"hash":"f86c8aabea1ffbe9eba384dbb87830e0d93cab2e","messageTitle":"Level-4 complete","messageBody":"","tags":["Level-4"],"fileTypesAndContributionMap":{"txt":{"insertions":4,"deletions":0},"sh":{"insertions":0,"deletions":0}}}]},{"date":"2021-08-25","commitResults":[{"hash":"170f7fe9b01c8cc91cb01feee4bfa20f094c8ffd","messageTitle":"Added exceptions package and implemented exception handling","messageBody":"","tags":["Level-5"],"fileTypesAndContributionMap":{"java":{"insertions":77,"deletions":39},"md":{"insertions":6,"deletions":0}}},{"hash":"89fd39b61e8ab8d9a4fe97d2a4b92b316351d785","messageTitle":"Level-5 made Task an abstract class","messageBody":"","fileTypesAndContributionMap":{"java":{"insertions":1,"deletions":1}}},{"hash":"71460354be319b9c482585867ad98d231643f37e","messageTitle":"Level-5 refactor complete","messageBody":"","fileTypesAndContributionMap":{"java":{"insertions":26,"deletions":10}}},{"hash":"cf16c745a81629f11608dc11afc215514f1ff2f5","messageTitle":"Level-6 implemented delete feature","messageBody":"","tags":["Level-6"],"fileTypesAndContributionMap":{"txt":{"insertions":8,"deletions":1},"java":{"insertions":23,"deletions":4}}}]}]},"authorFileTypeContributionMap":{"sohwkjames":{"java":451,"md":6,"fxml":0,"sh":0,"bat":0,"gradle":0,"txt":11}},"authorContributionVariance":{"sohwkjames":14229.828},"authorDisplayNameMap":{"sohwkjames":"TIC4001-F18-1 SOH ..AMES"}}
