[{"path":"src/main/java/Duke.java","fileType":"java","lines":[{"lineNumber":1,"author":{"gitId":"KaydenKhor"},"content":"import task.DeadLines;","lastModifiedDate":"2021-08-28"},{"lineNumber":2,"author":{"gitId":"KaydenKhor"},"content":"import task.Events;","lastModifiedDate":"2021-08-28"},{"lineNumber":3,"author":{"gitId":"KaydenKhor"},"content":"import task.Task;","lastModifiedDate":"2021-08-28"},{"lineNumber":4,"author":{"gitId":"KaydenKhor"},"content":"import task.ToDo;","lastModifiedDate":"2021-08-28"},{"lineNumber":5,"author":{"gitId":"KaydenKhor"},"content":"","lastModifiedDate":"2021-08-28"},{"lineNumber":6,"author":{"gitId":"KaydenKhor"},"content":"import java.util.ArrayList;","lastModifiedDate":"2021-08-14"},{"lineNumber":7,"author":{"gitId":"KaydenKhor"},"content":"import java.util.Scanner;","lastModifiedDate":"2021-08-14"},{"lineNumber":8,"author":{"gitId":"KaydenKhor"},"content":"","lastModifiedDate":"2021-08-14"},{"lineNumber":9,"author":{"gitId":"KaydenKhor"},"content":"","lastModifiedDate":"2021-08-14"},{"lineNumber":10,"author":{"gitId":"-"},"content":"public class Duke {","lastModifiedDate":"2019-07-29"},{"lineNumber":11,"author":{"gitId":"KaydenKhor"},"content":"    private static String line \u003d \"_______________________________________\\n\"; // To shift to UI class","lastModifiedDate":"2021-08-14"},{"lineNumber":12,"author":{"gitId":"KaydenKhor"},"content":"    private static ArrayList\u003cTask\u003e list \u003d new ArrayList\u003cTask\u003e();","lastModifiedDate":"2021-08-14"},{"lineNumber":13,"author":{"gitId":"KaydenKhor"},"content":"    public static void main(String[] args){","lastModifiedDate":"2021-08-28"},{"lineNumber":14,"author":{"gitId":"KaydenKhor"},"content":"        greet();","lastModifiedDate":"2021-08-14"},{"lineNumber":15,"author":{"gitId":"KaydenKhor"},"content":"        while (process(read()));","lastModifiedDate":"2021-08-14"},{"lineNumber":16,"author":{"gitId":"KaydenKhor"},"content":"        exit();","lastModifiedDate":"2021-08-14"},{"lineNumber":17,"author":{"gitId":"KaydenKhor"},"content":"    }","lastModifiedDate":"2021-08-14"},{"lineNumber":18,"author":{"gitId":"KaydenKhor"},"content":"    private static void greet(){                                          // To shift to UI class","lastModifiedDate":"2021-08-14"},{"lineNumber":19,"author":{"gitId":"-"},"content":"        String logo \u003d \" ____        _        \\n\"","lastModifiedDate":"2019-07-29"},{"lineNumber":20,"author":{"gitId":"-"},"content":"                + \"|  _ \\\\ _   _| | _____ \\n\"","lastModifiedDate":"2019-07-29"},{"lineNumber":21,"author":{"gitId":"-"},"content":"                + \"| | | | | | | |/ / _ \\\\\\n\"","lastModifiedDate":"2019-07-29"},{"lineNumber":22,"author":{"gitId":"-"},"content":"                + \"| |_| | |_| |   \u003c  __/\\n\"","lastModifiedDate":"2019-07-29"},{"lineNumber":23,"author":{"gitId":"-"},"content":"                + \"|____/ \\\\__,_|_|\\\\_\\\\___|\\n\";","lastModifiedDate":"2019-07-29"},{"lineNumber":24,"author":{"gitId":"KaydenKhor"},"content":"        String greet \u003d \" Hello! I\u0027m Duke \\n What can I do for you?\\n\";","lastModifiedDate":"2021-08-14"},{"lineNumber":25,"author":{"gitId":"KaydenKhor"},"content":"        dukeReply(logo + greet);","lastModifiedDate":"2021-08-14"},{"lineNumber":26,"author":{"gitId":"KaydenKhor"},"content":"    }","lastModifiedDate":"2021-08-14"},{"lineNumber":27,"author":{"gitId":"KaydenKhor"},"content":"","lastModifiedDate":"2021-08-14"},{"lineNumber":28,"author":{"gitId":"KaydenKhor"},"content":"    private static void exit(){                                                 // To shift to UI class","lastModifiedDate":"2021-08-14"},{"lineNumber":29,"author":{"gitId":"KaydenKhor"},"content":"        String bye \u003d \"Bye. Hope to see you again soon!\\n\";","lastModifiedDate":"2021-08-14"},{"lineNumber":30,"author":{"gitId":"KaydenKhor"},"content":"        dukeReply(bye);","lastModifiedDate":"2021-08-14"},{"lineNumber":31,"author":{"gitId":"KaydenKhor"},"content":"    }","lastModifiedDate":"2021-08-14"},{"lineNumber":32,"author":{"gitId":"KaydenKhor"},"content":"","lastModifiedDate":"2021-08-14"},{"lineNumber":33,"author":{"gitId":"KaydenKhor"},"content":"    private static String parse(String userInput){                              // To shift to parser class","lastModifiedDate":"2021-08-14"},{"lineNumber":34,"author":{"gitId":"KaydenKhor"},"content":"        String command \u003d userInput.toLowerCase().trim();","lastModifiedDate":"2021-08-14"},{"lineNumber":35,"author":{"gitId":"KaydenKhor"},"content":"        return command;","lastModifiedDate":"2021-08-14"},{"lineNumber":36,"author":{"gitId":"KaydenKhor"},"content":"    }","lastModifiedDate":"2021-08-14"},{"lineNumber":37,"author":{"gitId":"KaydenKhor"},"content":"","lastModifiedDate":"2021-08-14"},{"lineNumber":38,"author":{"gitId":"KaydenKhor"},"content":"    private static String read(){                                           // To shift to read class","lastModifiedDate":"2021-08-14"},{"lineNumber":39,"author":{"gitId":"KaydenKhor"},"content":"            Scanner in \u003d new Scanner(System.in);","lastModifiedDate":"2021-08-14"},{"lineNumber":40,"author":{"gitId":"KaydenKhor"},"content":"            String userInput \u003d parse(in.nextLine());","lastModifiedDate":"2021-08-14"},{"lineNumber":41,"author":{"gitId":"KaydenKhor"},"content":"            return userInput;","lastModifiedDate":"2021-08-14"},{"lineNumber":42,"author":{"gitId":"KaydenKhor"},"content":"    }","lastModifiedDate":"2021-08-14"},{"lineNumber":43,"author":{"gitId":"KaydenKhor"},"content":"","lastModifiedDate":"2021-08-14"},{"lineNumber":44,"author":{"gitId":"KaydenKhor"},"content":"    private static void addToList (String userInput){","lastModifiedDate":"2021-08-14"},{"lineNumber":45,"author":{"gitId":"KaydenKhor"},"content":"        String[] splitString \u003d userInput.trim().split(\" \", 2);","lastModifiedDate":"2021-08-21"},{"lineNumber":46,"author":{"gitId":"KaydenKhor"},"content":"        if (splitString[1] \u003d\u003d \"\" || splitString[1] \u003d\u003d \" \"){","lastModifiedDate":"2021-08-28"},{"lineNumber":47,"author":{"gitId":"KaydenKhor"},"content":"            throw new ArrayIndexOutOfBoundsException();","lastModifiedDate":"2021-08-28"},{"lineNumber":48,"author":{"gitId":"KaydenKhor"},"content":"        }","lastModifiedDate":"2021-08-28"},{"lineNumber":49,"author":{"gitId":"KaydenKhor"},"content":"        switch (splitString[0]) {","lastModifiedDate":"2021-08-21"},{"lineNumber":50,"author":{"gitId":"KaydenKhor"},"content":"            case \"todo\":","lastModifiedDate":"2021-08-21"},{"lineNumber":51,"author":{"gitId":"KaydenKhor"},"content":"                ToDo newTodo \u003d new ToDo(splitString[1]);","lastModifiedDate":"2021-08-21"},{"lineNumber":52,"author":{"gitId":"KaydenKhor"},"content":"                list.add(newTodo);","lastModifiedDate":"2021-08-21"},{"lineNumber":53,"author":{"gitId":"KaydenKhor"},"content":"                break;","lastModifiedDate":"2021-08-21"},{"lineNumber":54,"author":{"gitId":"KaydenKhor"},"content":"            case \"event\":","lastModifiedDate":"2021-08-21"},{"lineNumber":55,"author":{"gitId":"KaydenKhor"},"content":"                String[] eventDescription \u003d splitString[1].split(\"/at \", 2);","lastModifiedDate":"2021-08-21"},{"lineNumber":56,"author":{"gitId":"KaydenKhor"},"content":"                Events newEvent \u003d new Events(eventDescription[0], eventDescription[1]);","lastModifiedDate":"2021-08-21"},{"lineNumber":57,"author":{"gitId":"KaydenKhor"},"content":"                list.add(newEvent);","lastModifiedDate":"2021-08-21"},{"lineNumber":58,"author":{"gitId":"KaydenKhor"},"content":"                break;","lastModifiedDate":"2021-08-21"},{"lineNumber":59,"author":{"gitId":"KaydenKhor"},"content":"            case \"deadline\":","lastModifiedDate":"2021-08-21"},{"lineNumber":60,"author":{"gitId":"KaydenKhor"},"content":"                String[] deadlineDescription \u003d splitString[1].split(\"/by \", 2);","lastModifiedDate":"2021-08-21"},{"lineNumber":61,"author":{"gitId":"KaydenKhor"},"content":"                DeadLines newDeadline \u003d new DeadLines(deadlineDescription[0], deadlineDescription[1]);","lastModifiedDate":"2021-08-21"},{"lineNumber":62,"author":{"gitId":"KaydenKhor"},"content":"                list.add(newDeadline);","lastModifiedDate":"2021-08-21"},{"lineNumber":63,"author":{"gitId":"KaydenKhor"},"content":"                break;","lastModifiedDate":"2021-08-21"},{"lineNumber":64,"author":{"gitId":"KaydenKhor"},"content":"            default:","lastModifiedDate":"2021-08-21"},{"lineNumber":65,"author":{"gitId":"KaydenKhor"},"content":"                return;","lastModifiedDate":"2021-08-28"},{"lineNumber":66,"author":{"gitId":"KaydenKhor"},"content":"        }","lastModifiedDate":"2021-08-21"},{"lineNumber":67,"author":{"gitId":"KaydenKhor"},"content":"        dukeReply(\"Got it. I\u0027ve added this task:\\n\" + list.get(list.size()-1).getFullStatus() + \"Now you have \" + list.size() + \" tasks in the list.\\n\");","lastModifiedDate":"2021-08-21"},{"lineNumber":68,"author":{"gitId":"KaydenKhor"},"content":"    }","lastModifiedDate":"2021-08-14"},{"lineNumber":69,"author":{"gitId":"KaydenKhor"},"content":"","lastModifiedDate":"2021-08-14"},{"lineNumber":70,"author":{"gitId":"KaydenKhor"},"content":"","lastModifiedDate":"2021-08-21"},{"lineNumber":71,"author":{"gitId":"KaydenKhor"},"content":"    private static void showList() throws DukeException {","lastModifiedDate":"2021-08-28"},{"lineNumber":72,"author":{"gitId":"KaydenKhor"},"content":"        String taskList \u003d new String();","lastModifiedDate":"2021-08-14"},{"lineNumber":73,"author":{"gitId":"KaydenKhor"},"content":"        if (list.size() \u003d\u003d 0){","lastModifiedDate":"2021-08-28"},{"lineNumber":74,"author":{"gitId":"KaydenKhor"},"content":"            throw new DukeException();","lastModifiedDate":"2021-08-28"},{"lineNumber":75,"author":{"gitId":"KaydenKhor"},"content":"        }","lastModifiedDate":"2021-08-28"},{"lineNumber":76,"author":{"gitId":"KaydenKhor"},"content":"        int counter \u003d 1;","lastModifiedDate":"2021-08-14"},{"lineNumber":77,"author":{"gitId":"KaydenKhor"},"content":"        for (Task task : list){","lastModifiedDate":"2021-08-14"},{"lineNumber":78,"author":{"gitId":"KaydenKhor"},"content":"            taskList \u003d taskList.concat(counter + \".\" + task.getFullStatus());","lastModifiedDate":"2021-08-14"},{"lineNumber":79,"author":{"gitId":"KaydenKhor"},"content":"            counter++;","lastModifiedDate":"2021-08-14"},{"lineNumber":80,"author":{"gitId":"KaydenKhor"},"content":"        }","lastModifiedDate":"2021-08-14"},{"lineNumber":81,"author":{"gitId":"KaydenKhor"},"content":"        dukeReply(taskList);","lastModifiedDate":"2021-08-14"},{"lineNumber":82,"author":{"gitId":"KaydenKhor"},"content":"    }","lastModifiedDate":"2021-08-14"},{"lineNumber":83,"author":{"gitId":"KaydenKhor"},"content":"","lastModifiedDate":"2021-08-14"},{"lineNumber":84,"author":{"gitId":"KaydenKhor"},"content":"    private static void dukeDelete(String userInput) throws DukeExceptionInvalidTaskNumberDone, DukeException {","lastModifiedDate":"2021-09-10"},{"lineNumber":85,"author":{"gitId":"KaydenKhor"},"content":"        if (userInput.length() \u003c 7 || userInput.charAt(6) !\u003d \u0027 \u0027 || userInput.charAt(7) \u003d\u003d \u0027 \u0027) { // Handling errors: When user types delete1 delete2 or delete   2","lastModifiedDate":"2021-09-10"},{"lineNumber":86,"author":{"gitId":"KaydenKhor"},"content":"            throw new DukeExceptionInvalidTaskNumberDone();","lastModifiedDate":"2021-09-10"},{"lineNumber":87,"author":{"gitId":"KaydenKhor"},"content":"        }","lastModifiedDate":"2021-09-10"},{"lineNumber":88,"author":{"gitId":"KaydenKhor"},"content":"        String taskNumber \u003d userInput.substring(7);","lastModifiedDate":"2021-09-10"},{"lineNumber":89,"author":{"gitId":"KaydenKhor"},"content":"        Task deletedTask \u003d null;","lastModifiedDate":"2021-09-10"},{"lineNumber":90,"author":{"gitId":"KaydenKhor"},"content":"        try {","lastModifiedDate":"2021-09-10"},{"lineNumber":91,"author":{"gitId":"KaydenKhor"},"content":"            deletedTask \u003d list.get(Integer.parseInt(taskNumber)-1);","lastModifiedDate":"2021-09-10"},{"lineNumber":92,"author":{"gitId":"KaydenKhor"},"content":"            list.remove(Integer.parseInt(taskNumber)-1);","lastModifiedDate":"2021-09-10"},{"lineNumber":93,"author":{"gitId":"KaydenKhor"},"content":"        }","lastModifiedDate":"2021-09-10"},{"lineNumber":94,"author":{"gitId":"KaydenKhor"},"content":"        catch (NumberFormatException e) {","lastModifiedDate":"2021-09-10"},{"lineNumber":95,"author":{"gitId":"KaydenKhor"},"content":"            dukeReply(\"Please enter a valid number\"); // if people type delete one","lastModifiedDate":"2021-09-10"},{"lineNumber":96,"author":{"gitId":"KaydenKhor"},"content":"        }","lastModifiedDate":"2021-09-10"},{"lineNumber":97,"author":{"gitId":"KaydenKhor"},"content":"        catch (IndexOutOfBoundsException e){","lastModifiedDate":"2021-09-10"},{"lineNumber":98,"author":{"gitId":"KaydenKhor"},"content":"            throw new DukeException();","lastModifiedDate":"2021-09-10"},{"lineNumber":99,"author":{"gitId":"KaydenKhor"},"content":"        }","lastModifiedDate":"2021-09-10"},{"lineNumber":100,"author":{"gitId":"KaydenKhor"},"content":"        dukeReply(\"Noted. I\u0027ve removed this task: \\n\\t\\t\" + deletedTask.getFullStatus() + \"Now you have \" + list.size() + \" tasks in your list.\\n\");","lastModifiedDate":"2021-09-10"},{"lineNumber":101,"author":{"gitId":"KaydenKhor"},"content":"","lastModifiedDate":"2021-09-10"},{"lineNumber":102,"author":{"gitId":"KaydenKhor"},"content":"    }","lastModifiedDate":"2021-09-10"},{"lineNumber":103,"author":{"gitId":"KaydenKhor"},"content":"","lastModifiedDate":"2021-09-10"},{"lineNumber":104,"author":{"gitId":"KaydenKhor"},"content":"    private static void markDone(String userInput) throws DukeExceptionInvalidTaskNumberDone, DukeException {","lastModifiedDate":"2021-08-28"},{"lineNumber":105,"author":{"gitId":"KaydenKhor"},"content":"        if (userInput.length() \u003c 5 || userInput.charAt(4) !\u003d \u0027 \u0027 || userInput.charAt(5) \u003d\u003d \u0027 \u0027) { // Handling errors: When user types done1 done2 or done   2","lastModifiedDate":"2021-08-28"},{"lineNumber":106,"author":{"gitId":"KaydenKhor"},"content":"            throw new DukeExceptionInvalidTaskNumberDone();","lastModifiedDate":"2021-08-28"},{"lineNumber":107,"author":{"gitId":"KaydenKhor"},"content":"        }","lastModifiedDate":"2021-08-28"},{"lineNumber":108,"author":{"gitId":"KaydenKhor"},"content":"        String taskNumber \u003d userInput.substring(userInput.indexOf(\"done\")+5);","lastModifiedDate":"2021-08-14"},{"lineNumber":109,"author":{"gitId":"KaydenKhor"},"content":"        try {","lastModifiedDate":"2021-08-28"},{"lineNumber":110,"author":{"gitId":"KaydenKhor"},"content":"            list.get(Integer.parseInt(taskNumber) - 1).isDone \u003d true;","lastModifiedDate":"2021-08-14"},{"lineNumber":111,"author":{"gitId":"KaydenKhor"},"content":"        }","lastModifiedDate":"2021-08-28"},{"lineNumber":112,"author":{"gitId":"KaydenKhor"},"content":"        catch (NumberFormatException e) {","lastModifiedDate":"2021-09-10"},{"lineNumber":113,"author":{"gitId":"KaydenKhor"},"content":"            dukeReply(\"Please enter a valid number\"); // if people type delete one","lastModifiedDate":"2021-09-10"},{"lineNumber":114,"author":{"gitId":"KaydenKhor"},"content":"        }","lastModifiedDate":"2021-09-10"},{"lineNumber":115,"author":{"gitId":"KaydenKhor"},"content":"        catch (IndexOutOfBoundsException e){","lastModifiedDate":"2021-08-28"},{"lineNumber":116,"author":{"gitId":"KaydenKhor"},"content":"            throw new DukeException();","lastModifiedDate":"2021-08-28"},{"lineNumber":117,"author":{"gitId":"KaydenKhor"},"content":"        }","lastModifiedDate":"2021-08-28"},{"lineNumber":118,"author":{"gitId":"KaydenKhor"},"content":"        dukeReply(\"Nice! I\u0027ve marked this task as done: \\n\" + list.get(Integer.parseInt(taskNumber) - 1).getFullStatus());","lastModifiedDate":"2021-08-14"},{"lineNumber":119,"author":{"gitId":"KaydenKhor"},"content":"    }","lastModifiedDate":"2021-08-14"},{"lineNumber":120,"author":{"gitId":"KaydenKhor"},"content":"","lastModifiedDate":"2021-08-14"},{"lineNumber":121,"author":{"gitId":"KaydenKhor"},"content":"    private static void dukeReply(String reply){","lastModifiedDate":"2021-08-14"},{"lineNumber":122,"author":{"gitId":"KaydenKhor"},"content":"        System.out.println(line + reply + line);","lastModifiedDate":"2021-08-14"},{"lineNumber":123,"author":{"gitId":"KaydenKhor"},"content":"    }","lastModifiedDate":"2021-08-14"},{"lineNumber":124,"author":{"gitId":"KaydenKhor"},"content":"","lastModifiedDate":"2021-08-14"},{"lineNumber":125,"author":{"gitId":"KaydenKhor"},"content":"    private static String commandIdentifier(String userInput){","lastModifiedDate":"2021-08-14"},{"lineNumber":126,"author":{"gitId":"KaydenKhor"},"content":"        if (userInput.contains(\"done\"))  //priority 1","lastModifiedDate":"2021-08-14"},{"lineNumber":127,"author":{"gitId":"KaydenKhor"},"content":"            return \"done\";","lastModifiedDate":"2021-08-14"},{"lineNumber":128,"author":{"gitId":"KaydenKhor"},"content":"        else if (userInput.contains(\"delete\")) // priority 2","lastModifiedDate":"2021-09-10"},{"lineNumber":129,"author":{"gitId":"KaydenKhor"},"content":"            return \"delete\";","lastModifiedDate":"2021-09-10"},{"lineNumber":130,"author":{"gitId":"KaydenKhor"},"content":"        else if (userInput.contains(\"list\")) // priority 2","lastModifiedDate":"2021-08-14"},{"lineNumber":131,"author":{"gitId":"KaydenKhor"},"content":"            return \"list\";","lastModifiedDate":"2021-08-14"},{"lineNumber":132,"author":{"gitId":"KaydenKhor"},"content":"        else if (userInput.contains(\"bye\"))","lastModifiedDate":"2021-08-14"},{"lineNumber":133,"author":{"gitId":"KaydenKhor"},"content":"            return \"bye\";","lastModifiedDate":"2021-08-14"},{"lineNumber":134,"author":{"gitId":"KaydenKhor"},"content":"        else if (userInput.contains(\"todo\") || userInput.contains(\"event\") || userInput.contains(\"deadline\"))","lastModifiedDate":"2021-08-28"},{"lineNumber":135,"author":{"gitId":"KaydenKhor"},"content":"            return \"addToList\";","lastModifiedDate":"2021-08-14"},{"lineNumber":136,"author":{"gitId":"KaydenKhor"},"content":"        return \"unknown\";","lastModifiedDate":"2021-08-28"},{"lineNumber":137,"author":{"gitId":"KaydenKhor"},"content":"    }","lastModifiedDate":"2021-08-14"},{"lineNumber":138,"author":{"gitId":"KaydenKhor"},"content":"","lastModifiedDate":"2021-08-14"},{"lineNumber":139,"author":{"gitId":"KaydenKhor"},"content":"    private static boolean process(String userInput){","lastModifiedDate":"2021-08-14"},{"lineNumber":140,"author":{"gitId":"KaydenKhor"},"content":"            String command \u003d commandIdentifier(userInput);","lastModifiedDate":"2021-08-14"},{"lineNumber":141,"author":{"gitId":"KaydenKhor"},"content":"        switch(command) {","lastModifiedDate":"2021-08-14"},{"lineNumber":142,"author":{"gitId":"KaydenKhor"},"content":"            case \"list\":","lastModifiedDate":"2021-08-14"},{"lineNumber":143,"author":{"gitId":"KaydenKhor"},"content":"                try{","lastModifiedDate":"2021-08-28"},{"lineNumber":144,"author":{"gitId":"KaydenKhor"},"content":"                 showList();","lastModifiedDate":"2021-08-14"},{"lineNumber":145,"author":{"gitId":"KaydenKhor"},"content":"                }","lastModifiedDate":"2021-08-28"},{"lineNumber":146,"author":{"gitId":"KaydenKhor"},"content":"                catch (DukeException e){","lastModifiedDate":"2021-08-28"},{"lineNumber":147,"author":{"gitId":"KaydenKhor"},"content":"                    dukeReply(\"There\u0027s nothing in your task list.\\n\");","lastModifiedDate":"2021-08-28"},{"lineNumber":148,"author":{"gitId":"KaydenKhor"},"content":"            }","lastModifiedDate":"2021-08-28"},{"lineNumber":149,"author":{"gitId":"KaydenKhor"},"content":"                return true;","lastModifiedDate":"2021-08-14"},{"lineNumber":150,"author":{"gitId":"KaydenKhor"},"content":"            case \"addToList\":","lastModifiedDate":"2021-08-14"},{"lineNumber":151,"author":{"gitId":"KaydenKhor"},"content":"                try {","lastModifiedDate":"2021-08-28"},{"lineNumber":152,"author":{"gitId":"KaydenKhor"},"content":"                    addToList(userInput);","lastModifiedDate":"2021-08-14"},{"lineNumber":153,"author":{"gitId":"KaydenKhor"},"content":"                }","lastModifiedDate":"2021-08-28"},{"lineNumber":154,"author":{"gitId":"KaydenKhor"},"content":"                catch (ArrayIndexOutOfBoundsException e) {","lastModifiedDate":"2021-08-28"},{"lineNumber":155,"author":{"gitId":"KaydenKhor"},"content":"                    dukeReply(\"☹ OOPS!!! The description of a task cannot be empty. \\n  \" +","lastModifiedDate":"2021-08-28"},{"lineNumber":156,"author":{"gitId":"KaydenKhor"},"content":"                            \"If you\u0027re adding a todo task, please include the description. \\n \" +","lastModifiedDate":"2021-08-28"},{"lineNumber":157,"author":{"gitId":"KaydenKhor"},"content":"                            \"If you\u0027re adding an event task, please include /at in the description.\\n \" +","lastModifiedDate":"2021-08-28"},{"lineNumber":158,"author":{"gitId":"KaydenKhor"},"content":"                            \"If you\u0027re adding a deadline task, please include /by in the description.\\n\");","lastModifiedDate":"2021-08-28"},{"lineNumber":159,"author":{"gitId":"KaydenKhor"},"content":"                }","lastModifiedDate":"2021-08-28"},{"lineNumber":160,"author":{"gitId":"KaydenKhor"},"content":"                return true;","lastModifiedDate":"2021-08-14"},{"lineNumber":161,"author":{"gitId":"KaydenKhor"},"content":"            case \"done\":","lastModifiedDate":"2021-08-14"},{"lineNumber":162,"author":{"gitId":"KaydenKhor"},"content":"                try {","lastModifiedDate":"2021-08-28"},{"lineNumber":163,"author":{"gitId":"KaydenKhor"},"content":"                    markDone(userInput);","lastModifiedDate":"2021-08-14"},{"lineNumber":164,"author":{"gitId":"KaydenKhor"},"content":"                }","lastModifiedDate":"2021-08-28"},{"lineNumber":165,"author":{"gitId":"KaydenKhor"},"content":"                catch (DukeExceptionInvalidTaskNumberDone | DukeException e){","lastModifiedDate":"2021-08-28"},{"lineNumber":166,"author":{"gitId":"KaydenKhor"},"content":"                    dukeReply(\"You\u0027ve entered an invalid task number, please enter a valid task number again.\\n\");","lastModifiedDate":"2021-08-28"},{"lineNumber":167,"author":{"gitId":"KaydenKhor"},"content":"                }","lastModifiedDate":"2021-08-28"},{"lineNumber":168,"author":{"gitId":"KaydenKhor"},"content":"                return true;","lastModifiedDate":"2021-08-28"},{"lineNumber":169,"author":{"gitId":"KaydenKhor"},"content":"            case \"delete\":","lastModifiedDate":"2021-09-10"},{"lineNumber":170,"author":{"gitId":"KaydenKhor"},"content":"                try {","lastModifiedDate":"2021-09-10"},{"lineNumber":171,"author":{"gitId":"KaydenKhor"},"content":"                    dukeDelete(userInput);","lastModifiedDate":"2021-09-10"},{"lineNumber":172,"author":{"gitId":"KaydenKhor"},"content":"                }","lastModifiedDate":"2021-09-10"},{"lineNumber":173,"author":{"gitId":"KaydenKhor"},"content":"                catch (DukeExceptionInvalidTaskNumberDone | DukeException e){","lastModifiedDate":"2021-09-10"},{"lineNumber":174,"author":{"gitId":"KaydenKhor"},"content":"                    dukeReply(\"You\u0027ve entered an invalid task number, please enter a valid task number again.\\n\");","lastModifiedDate":"2021-09-10"},{"lineNumber":175,"author":{"gitId":"KaydenKhor"},"content":"                }","lastModifiedDate":"2021-09-10"},{"lineNumber":176,"author":{"gitId":"KaydenKhor"},"content":"                return true;","lastModifiedDate":"2021-09-10"},{"lineNumber":177,"author":{"gitId":"KaydenKhor"},"content":"            case \"unknown\":","lastModifiedDate":"2021-08-28"},{"lineNumber":178,"author":{"gitId":"KaydenKhor"},"content":"                dukeReply(\"\\u2639 OOPS!!! I\u0027m sorry, but I don\u0027t know what that means :-(\\n\");","lastModifiedDate":"2021-08-28"},{"lineNumber":179,"author":{"gitId":"KaydenKhor"},"content":"                return true;","lastModifiedDate":"2021-08-14"},{"lineNumber":180,"author":{"gitId":"KaydenKhor"},"content":"            default:","lastModifiedDate":"2021-08-14"},{"lineNumber":181,"author":{"gitId":"KaydenKhor"},"content":"                return false;","lastModifiedDate":"2021-08-14"},{"lineNumber":182,"author":{"gitId":"KaydenKhor"},"content":"        }","lastModifiedDate":"2021-08-14"},{"lineNumber":183,"author":{"gitId":"-"},"content":"    }","lastModifiedDate":"2019-07-29"},{"lineNumber":184,"author":{"gitId":"-"},"content":"}","lastModifiedDate":"2019-07-29"}],"authorContributionMap":{"KaydenKhor":176,"-":8}},{"path":"src/main/java/DukeException.java","fileType":"java","lines":[{"lineNumber":1,"author":{"gitId":"KaydenKhor"},"content":"public class DukeException extends Exception{","lastModifiedDate":"2021-08-28"},{"lineNumber":2,"author":{"gitId":"KaydenKhor"},"content":"}","lastModifiedDate":"2021-08-28"}],"authorContributionMap":{"KaydenKhor":2}},{"path":"src/main/java/DukeExceptionInvalidTaskNumberDone.java","fileType":"java","lines":[{"lineNumber":1,"author":{"gitId":"KaydenKhor"},"content":"public class DukeExceptionInvalidTaskNumberDone extends Exception{","lastModifiedDate":"2021-08-28"},{"lineNumber":2,"author":{"gitId":"KaydenKhor"},"content":"}","lastModifiedDate":"2021-08-28"}],"authorContributionMap":{"KaydenKhor":2}},{"path":"src/main/task/DeadLines.java","fileType":"java","lines":[{"lineNumber":1,"author":{"gitId":"KaydenKhor"},"content":"package task;","lastModifiedDate":"2021-08-28"},{"lineNumber":2,"author":{"gitId":"KaydenKhor"},"content":"","lastModifiedDate":"2021-08-28"},{"lineNumber":3,"author":{"gitId":"KaydenKhor"},"content":"public class DeadLines extends Task {","lastModifiedDate":"2021-08-21"},{"lineNumber":4,"author":{"gitId":"KaydenKhor"},"content":"    String details;","lastModifiedDate":"2021-08-21"},{"lineNumber":5,"author":{"gitId":"KaydenKhor"},"content":"","lastModifiedDate":"2021-08-21"},{"lineNumber":6,"author":{"gitId":"KaydenKhor"},"content":"    public DeadLines(String description, String details){","lastModifiedDate":"2021-08-21"},{"lineNumber":7,"author":{"gitId":"KaydenKhor"},"content":"        super(description);","lastModifiedDate":"2021-08-21"},{"lineNumber":8,"author":{"gitId":"KaydenKhor"},"content":"        this.details \u003d \"(by: \"+ details + \")\";","lastModifiedDate":"2021-08-21"},{"lineNumber":9,"author":{"gitId":"KaydenKhor"},"content":"        this.type \u003d \u0027D\u0027;","lastModifiedDate":"2021-08-21"},{"lineNumber":10,"author":{"gitId":"KaydenKhor"},"content":"    }","lastModifiedDate":"2021-08-21"},{"lineNumber":11,"author":{"gitId":"KaydenKhor"},"content":"    public String getFullStatus(){","lastModifiedDate":"2021-08-21"},{"lineNumber":12,"author":{"gitId":"KaydenKhor"},"content":"        return (\"[\" + this.type + \"]\" + \"[\" + this.getStatusIcon() + \"] \" + this.getDescription() + this.details + \"\\n\");","lastModifiedDate":"2021-08-21"},{"lineNumber":13,"author":{"gitId":"KaydenKhor"},"content":"    }","lastModifiedDate":"2021-08-21"},{"lineNumber":14,"author":{"gitId":"KaydenKhor"},"content":"}","lastModifiedDate":"2021-08-21"}],"authorContributionMap":{"KaydenKhor":14}},{"path":"src/main/task/Events.java","fileType":"java","lines":[{"lineNumber":1,"author":{"gitId":"KaydenKhor"},"content":"package task;","lastModifiedDate":"2021-08-28"},{"lineNumber":2,"author":{"gitId":"KaydenKhor"},"content":"","lastModifiedDate":"2021-08-28"},{"lineNumber":3,"author":{"gitId":"KaydenKhor"},"content":"public class Events extends Task {","lastModifiedDate":"2021-08-21"},{"lineNumber":4,"author":{"gitId":"KaydenKhor"},"content":"    String details;","lastModifiedDate":"2021-08-21"},{"lineNumber":5,"author":{"gitId":"KaydenKhor"},"content":"","lastModifiedDate":"2021-08-21"},{"lineNumber":6,"author":{"gitId":"KaydenKhor"},"content":"    public Events(String description, String details){","lastModifiedDate":"2021-08-21"},{"lineNumber":7,"author":{"gitId":"KaydenKhor"},"content":"        super(description);","lastModifiedDate":"2021-08-21"},{"lineNumber":8,"author":{"gitId":"KaydenKhor"},"content":"        this.type \u003d \u0027E\u0027;","lastModifiedDate":"2021-08-21"},{"lineNumber":9,"author":{"gitId":"KaydenKhor"},"content":"        this.details \u003d \"(at: \" + details + \")\";","lastModifiedDate":"2021-08-21"},{"lineNumber":10,"author":{"gitId":"KaydenKhor"},"content":"    }","lastModifiedDate":"2021-08-21"},{"lineNumber":11,"author":{"gitId":"KaydenKhor"},"content":"","lastModifiedDate":"2021-08-21"},{"lineNumber":12,"author":{"gitId":"KaydenKhor"},"content":"    public String getFullStatus(){","lastModifiedDate":"2021-08-21"},{"lineNumber":13,"author":{"gitId":"KaydenKhor"},"content":"        return (\"[\" + this.type + \"]\" + \"[\" + this.getStatusIcon() + \"] \" + this.getDescription() + this.details + \"\\n\");","lastModifiedDate":"2021-08-21"},{"lineNumber":14,"author":{"gitId":"KaydenKhor"},"content":"    }","lastModifiedDate":"2021-08-21"},{"lineNumber":15,"author":{"gitId":"KaydenKhor"},"content":"}","lastModifiedDate":"2021-08-21"}],"authorContributionMap":{"KaydenKhor":15}},{"path":"src/main/task/Task.java","fileType":"java","lines":[{"lineNumber":1,"author":{"gitId":"KaydenKhor"},"content":"package task; // Shifted all various types of task class to a package","lastModifiedDate":"2021-08-28"},{"lineNumber":2,"author":{"gitId":"KaydenKhor"},"content":"","lastModifiedDate":"2021-08-28"},{"lineNumber":3,"author":{"gitId":"KaydenKhor"},"content":"public abstract class Task {","lastModifiedDate":"2021-08-28"},{"lineNumber":4,"author":{"gitId":"KaydenKhor"},"content":"    protected String description;","lastModifiedDate":"2021-08-14"},{"lineNumber":5,"author":{"gitId":"KaydenKhor"},"content":"    public boolean isDone;","lastModifiedDate":"2021-08-28"},{"lineNumber":6,"author":{"gitId":"KaydenKhor"},"content":"    protected char type;","lastModifiedDate":"2021-08-21"},{"lineNumber":7,"author":{"gitId":"KaydenKhor"},"content":"","lastModifiedDate":"2021-08-14"},{"lineNumber":8,"author":{"gitId":"KaydenKhor"},"content":"    public Task (String description) {","lastModifiedDate":"2021-08-14"},{"lineNumber":9,"author":{"gitId":"KaydenKhor"},"content":"        this.description \u003d description;","lastModifiedDate":"2021-08-14"},{"lineNumber":10,"author":{"gitId":"KaydenKhor"},"content":"        this.isDone \u003d false;","lastModifiedDate":"2021-08-14"},{"lineNumber":11,"author":{"gitId":"KaydenKhor"},"content":"    }","lastModifiedDate":"2021-08-14"},{"lineNumber":12,"author":{"gitId":"KaydenKhor"},"content":"","lastModifiedDate":"2021-08-14"},{"lineNumber":13,"author":{"gitId":"KaydenKhor"},"content":"    public abstract String getFullStatus(); // Abstract method","lastModifiedDate":"2021-08-28"},{"lineNumber":14,"author":{"gitId":"KaydenKhor"},"content":"","lastModifiedDate":"2021-08-28"},{"lineNumber":15,"author":{"gitId":"KaydenKhor"},"content":"    public String getStatusIcon(){","lastModifiedDate":"2021-08-14"},{"lineNumber":16,"author":{"gitId":"KaydenKhor"},"content":"        return (isDone ? \"X\" : \" \");","lastModifiedDate":"2021-08-14"},{"lineNumber":17,"author":{"gitId":"KaydenKhor"},"content":"    }","lastModifiedDate":"2021-08-14"},{"lineNumber":18,"author":{"gitId":"KaydenKhor"},"content":"","lastModifiedDate":"2021-08-14"},{"lineNumber":19,"author":{"gitId":"KaydenKhor"},"content":"    public String getDescription(){","lastModifiedDate":"2021-08-14"},{"lineNumber":20,"author":{"gitId":"KaydenKhor"},"content":"        return (description);","lastModifiedDate":"2021-08-14"},{"lineNumber":21,"author":{"gitId":"KaydenKhor"},"content":"    }","lastModifiedDate":"2021-08-14"},{"lineNumber":22,"author":{"gitId":"KaydenKhor"},"content":"}","lastModifiedDate":"2021-08-14"}],"authorContributionMap":{"KaydenKhor":22}},{"path":"src/main/task/ToDo.java","fileType":"java","lines":[{"lineNumber":1,"author":{"gitId":"KaydenKhor"},"content":"package task;","lastModifiedDate":"2021-08-28"},{"lineNumber":2,"author":{"gitId":"KaydenKhor"},"content":"","lastModifiedDate":"2021-08-28"},{"lineNumber":3,"author":{"gitId":"KaydenKhor"},"content":"public class ToDo extends Task {","lastModifiedDate":"2021-08-21"},{"lineNumber":4,"author":{"gitId":"KaydenKhor"},"content":"    public ToDo (String description){","lastModifiedDate":"2021-08-21"},{"lineNumber":5,"author":{"gitId":"KaydenKhor"},"content":"        super(description);","lastModifiedDate":"2021-08-21"},{"lineNumber":6,"author":{"gitId":"KaydenKhor"},"content":"        this.type \u003d \u0027T\u0027;","lastModifiedDate":"2021-08-21"},{"lineNumber":7,"author":{"gitId":"KaydenKhor"},"content":"    }","lastModifiedDate":"2021-08-21"},{"lineNumber":8,"author":{"gitId":"KaydenKhor"},"content":"    public String getFullStatus(){","lastModifiedDate":"2021-08-21"},{"lineNumber":9,"author":{"gitId":"KaydenKhor"},"content":"        return (\"[\" + this.type + \"]\" + \"[\" + this.getStatusIcon() + \"] \" + this.getDescription() + \"\\n\");","lastModifiedDate":"2021-08-21"},{"lineNumber":10,"author":{"gitId":"KaydenKhor"},"content":"    }","lastModifiedDate":"2021-08-21"},{"lineNumber":11,"author":{"gitId":"KaydenKhor"},"content":"}","lastModifiedDate":"2021-08-21"}],"authorContributionMap":{"KaydenKhor":11}},{"path":"src/production/TIC4001 - Individual Project/README.md","fileType":"md","lines":[{"lineNumber":1,"author":{"gitId":"KaydenKhor"},"content":"# User Guide","lastModifiedDate":"2021-08-28"},{"lineNumber":2,"author":{"gitId":"KaydenKhor"},"content":"","lastModifiedDate":"2021-08-28"},{"lineNumber":3,"author":{"gitId":"KaydenKhor"},"content":"## Features ","lastModifiedDate":"2021-08-28"},{"lineNumber":4,"author":{"gitId":"KaydenKhor"},"content":"","lastModifiedDate":"2021-08-28"},{"lineNumber":5,"author":{"gitId":"KaydenKhor"},"content":"### Feature-ABC","lastModifiedDate":"2021-08-28"},{"lineNumber":6,"author":{"gitId":"KaydenKhor"},"content":"","lastModifiedDate":"2021-08-28"},{"lineNumber":7,"author":{"gitId":"KaydenKhor"},"content":"Description of the feature.","lastModifiedDate":"2021-08-28"},{"lineNumber":8,"author":{"gitId":"KaydenKhor"},"content":"","lastModifiedDate":"2021-08-28"},{"lineNumber":9,"author":{"gitId":"KaydenKhor"},"content":"### Feature-XYZ","lastModifiedDate":"2021-08-28"},{"lineNumber":10,"author":{"gitId":"KaydenKhor"},"content":"","lastModifiedDate":"2021-08-28"},{"lineNumber":11,"author":{"gitId":"KaydenKhor"},"content":"Description of the feature.","lastModifiedDate":"2021-08-28"},{"lineNumber":12,"author":{"gitId":"KaydenKhor"},"content":"","lastModifiedDate":"2021-08-28"},{"lineNumber":13,"author":{"gitId":"KaydenKhor"},"content":"## Usage","lastModifiedDate":"2021-08-28"},{"lineNumber":14,"author":{"gitId":"KaydenKhor"},"content":"","lastModifiedDate":"2021-08-28"},{"lineNumber":15,"author":{"gitId":"KaydenKhor"},"content":"### `Keyword` - Describe action","lastModifiedDate":"2021-08-28"},{"lineNumber":16,"author":{"gitId":"KaydenKhor"},"content":"","lastModifiedDate":"2021-08-28"},{"lineNumber":17,"author":{"gitId":"KaydenKhor"},"content":"Describe the action and its outcome.","lastModifiedDate":"2021-08-28"},{"lineNumber":18,"author":{"gitId":"KaydenKhor"},"content":"","lastModifiedDate":"2021-08-28"},{"lineNumber":19,"author":{"gitId":"KaydenKhor"},"content":"Example of usage: ","lastModifiedDate":"2021-08-28"},{"lineNumber":20,"author":{"gitId":"KaydenKhor"},"content":"","lastModifiedDate":"2021-08-28"},{"lineNumber":21,"author":{"gitId":"KaydenKhor"},"content":"`keyword (optional arguments)`","lastModifiedDate":"2021-08-28"},{"lineNumber":22,"author":{"gitId":"KaydenKhor"},"content":"","lastModifiedDate":"2021-08-28"},{"lineNumber":23,"author":{"gitId":"KaydenKhor"},"content":"Expected outcome:","lastModifiedDate":"2021-08-28"},{"lineNumber":24,"author":{"gitId":"KaydenKhor"},"content":"","lastModifiedDate":"2021-08-28"},{"lineNumber":25,"author":{"gitId":"KaydenKhor"},"content":"Description of the outcome.","lastModifiedDate":"2021-08-28"},{"lineNumber":26,"author":{"gitId":"KaydenKhor"},"content":"","lastModifiedDate":"2021-08-28"},{"lineNumber":27,"author":{"gitId":"KaydenKhor"},"content":"```","lastModifiedDate":"2021-08-28"},{"lineNumber":28,"author":{"gitId":"KaydenKhor"},"content":"expected output","lastModifiedDate":"2021-08-28"},{"lineNumber":29,"author":{"gitId":"KaydenKhor"},"content":"```","lastModifiedDate":"2021-08-28"}],"authorContributionMap":{"KaydenKhor":29}},{"path":"src/production/TIC4001 - Individual Project/production/TIC4001 - Individual Project/README.md","fileType":"md","lines":[{"lineNumber":1,"author":{"gitId":"KaydenKhor"},"content":"# User Guide","lastModifiedDate":"2021-08-28"},{"lineNumber":2,"author":{"gitId":"KaydenKhor"},"content":"","lastModifiedDate":"2021-08-28"},{"lineNumber":3,"author":{"gitId":"KaydenKhor"},"content":"## Features ","lastModifiedDate":"2021-08-28"},{"lineNumber":4,"author":{"gitId":"KaydenKhor"},"content":"","lastModifiedDate":"2021-08-28"},{"lineNumber":5,"author":{"gitId":"KaydenKhor"},"content":"### Feature-ABC","lastModifiedDate":"2021-08-28"},{"lineNumber":6,"author":{"gitId":"KaydenKhor"},"content":"","lastModifiedDate":"2021-08-28"},{"lineNumber":7,"author":{"gitId":"KaydenKhor"},"content":"Description of the feature.","lastModifiedDate":"2021-08-28"},{"lineNumber":8,"author":{"gitId":"KaydenKhor"},"content":"","lastModifiedDate":"2021-08-28"},{"lineNumber":9,"author":{"gitId":"KaydenKhor"},"content":"### Feature-XYZ","lastModifiedDate":"2021-08-28"},{"lineNumber":10,"author":{"gitId":"KaydenKhor"},"content":"","lastModifiedDate":"2021-08-28"},{"lineNumber":11,"author":{"gitId":"KaydenKhor"},"content":"Description of the feature.","lastModifiedDate":"2021-08-28"},{"lineNumber":12,"author":{"gitId":"KaydenKhor"},"content":"","lastModifiedDate":"2021-08-28"},{"lineNumber":13,"author":{"gitId":"KaydenKhor"},"content":"## Usage","lastModifiedDate":"2021-08-28"},{"lineNumber":14,"author":{"gitId":"KaydenKhor"},"content":"","lastModifiedDate":"2021-08-28"},{"lineNumber":15,"author":{"gitId":"KaydenKhor"},"content":"### `Keyword` - Describe action","lastModifiedDate":"2021-08-28"},{"lineNumber":16,"author":{"gitId":"KaydenKhor"},"content":"","lastModifiedDate":"2021-08-28"},{"lineNumber":17,"author":{"gitId":"KaydenKhor"},"content":"Describe the action and its outcome.","lastModifiedDate":"2021-08-28"},{"lineNumber":18,"author":{"gitId":"KaydenKhor"},"content":"","lastModifiedDate":"2021-08-28"},{"lineNumber":19,"author":{"gitId":"KaydenKhor"},"content":"Example of usage: ","lastModifiedDate":"2021-08-28"},{"lineNumber":20,"author":{"gitId":"KaydenKhor"},"content":"","lastModifiedDate":"2021-08-28"},{"lineNumber":21,"author":{"gitId":"KaydenKhor"},"content":"`keyword (optional arguments)`","lastModifiedDate":"2021-08-28"},{"lineNumber":22,"author":{"gitId":"KaydenKhor"},"content":"","lastModifiedDate":"2021-08-28"},{"lineNumber":23,"author":{"gitId":"KaydenKhor"},"content":"Expected outcome:","lastModifiedDate":"2021-08-28"},{"lineNumber":24,"author":{"gitId":"KaydenKhor"},"content":"","lastModifiedDate":"2021-08-28"},{"lineNumber":25,"author":{"gitId":"KaydenKhor"},"content":"Description of the outcome.","lastModifiedDate":"2021-08-28"},{"lineNumber":26,"author":{"gitId":"KaydenKhor"},"content":"","lastModifiedDate":"2021-08-28"},{"lineNumber":27,"author":{"gitId":"KaydenKhor"},"content":"```","lastModifiedDate":"2021-08-28"},{"lineNumber":28,"author":{"gitId":"KaydenKhor"},"content":"expected output","lastModifiedDate":"2021-08-28"},{"lineNumber":29,"author":{"gitId":"KaydenKhor"},"content":"```","lastModifiedDate":"2021-08-28"}],"authorContributionMap":{"KaydenKhor":29}},{"path":"src/production/TIC4001 - Individual Project/production/TIC4001 - Individual Project/production/TIC4001 - Individual Project/README.md","fileType":"md","lines":[{"lineNumber":1,"author":{"gitId":"KaydenKhor"},"content":"# User Guide","lastModifiedDate":"2021-08-28"},{"lineNumber":2,"author":{"gitId":"KaydenKhor"},"content":"","lastModifiedDate":"2021-08-28"},{"lineNumber":3,"author":{"gitId":"KaydenKhor"},"content":"## Features ","lastModifiedDate":"2021-08-28"},{"lineNumber":4,"author":{"gitId":"KaydenKhor"},"content":"","lastModifiedDate":"2021-08-28"},{"lineNumber":5,"author":{"gitId":"KaydenKhor"},"content":"### Feature-ABC","lastModifiedDate":"2021-08-28"},{"lineNumber":6,"author":{"gitId":"KaydenKhor"},"content":"","lastModifiedDate":"2021-08-28"},{"lineNumber":7,"author":{"gitId":"KaydenKhor"},"content":"Description of the feature.","lastModifiedDate":"2021-08-28"},{"lineNumber":8,"author":{"gitId":"KaydenKhor"},"content":"","lastModifiedDate":"2021-08-28"},{"lineNumber":9,"author":{"gitId":"KaydenKhor"},"content":"### Feature-XYZ","lastModifiedDate":"2021-08-28"},{"lineNumber":10,"author":{"gitId":"KaydenKhor"},"content":"","lastModifiedDate":"2021-08-28"},{"lineNumber":11,"author":{"gitId":"KaydenKhor"},"content":"Description of the feature.","lastModifiedDate":"2021-08-28"},{"lineNumber":12,"author":{"gitId":"KaydenKhor"},"content":"","lastModifiedDate":"2021-08-28"},{"lineNumber":13,"author":{"gitId":"KaydenKhor"},"content":"## Usage","lastModifiedDate":"2021-08-28"},{"lineNumber":14,"author":{"gitId":"KaydenKhor"},"content":"","lastModifiedDate":"2021-08-28"},{"lineNumber":15,"author":{"gitId":"KaydenKhor"},"content":"### `Keyword` - Describe action","lastModifiedDate":"2021-08-28"},{"lineNumber":16,"author":{"gitId":"KaydenKhor"},"content":"","lastModifiedDate":"2021-08-28"},{"lineNumber":17,"author":{"gitId":"KaydenKhor"},"content":"Describe the action and its outcome.","lastModifiedDate":"2021-08-28"},{"lineNumber":18,"author":{"gitId":"KaydenKhor"},"content":"","lastModifiedDate":"2021-08-28"},{"lineNumber":19,"author":{"gitId":"KaydenKhor"},"content":"Example of usage: ","lastModifiedDate":"2021-08-28"},{"lineNumber":20,"author":{"gitId":"KaydenKhor"},"content":"","lastModifiedDate":"2021-08-28"},{"lineNumber":21,"author":{"gitId":"KaydenKhor"},"content":"`keyword (optional arguments)`","lastModifiedDate":"2021-08-28"},{"lineNumber":22,"author":{"gitId":"KaydenKhor"},"content":"","lastModifiedDate":"2021-08-28"},{"lineNumber":23,"author":{"gitId":"KaydenKhor"},"content":"Expected outcome:","lastModifiedDate":"2021-08-28"},{"lineNumber":24,"author":{"gitId":"KaydenKhor"},"content":"","lastModifiedDate":"2021-08-28"},{"lineNumber":25,"author":{"gitId":"KaydenKhor"},"content":"Description of the outcome.","lastModifiedDate":"2021-08-28"},{"lineNumber":26,"author":{"gitId":"KaydenKhor"},"content":"","lastModifiedDate":"2021-08-28"},{"lineNumber":27,"author":{"gitId":"KaydenKhor"},"content":"```","lastModifiedDate":"2021-08-28"},{"lineNumber":28,"author":{"gitId":"KaydenKhor"},"content":"expected output","lastModifiedDate":"2021-08-28"},{"lineNumber":29,"author":{"gitId":"KaydenKhor"},"content":"```","lastModifiedDate":"2021-08-28"}],"authorContributionMap":{"KaydenKhor":29}},{"path":"src/production/TIC4001 - Individual Project/production/TIC4001 - Individual Project/production/TIC4001 - Individual Project/production/TIC4001 - Individual Project/README.md","fileType":"md","lines":[{"lineNumber":1,"author":{"gitId":"KaydenKhor"},"content":"# User Guide","lastModifiedDate":"2021-08-28"},{"lineNumber":2,"author":{"gitId":"KaydenKhor"},"content":"","lastModifiedDate":"2021-08-28"},{"lineNumber":3,"author":{"gitId":"KaydenKhor"},"content":"## Features ","lastModifiedDate":"2021-08-28"},{"lineNumber":4,"author":{"gitId":"KaydenKhor"},"content":"","lastModifiedDate":"2021-08-28"},{"lineNumber":5,"author":{"gitId":"KaydenKhor"},"content":"### Feature-ABC","lastModifiedDate":"2021-08-28"},{"lineNumber":6,"author":{"gitId":"KaydenKhor"},"content":"","lastModifiedDate":"2021-08-28"},{"lineNumber":7,"author":{"gitId":"KaydenKhor"},"content":"Description of the feature.","lastModifiedDate":"2021-08-28"},{"lineNumber":8,"author":{"gitId":"KaydenKhor"},"content":"","lastModifiedDate":"2021-08-28"},{"lineNumber":9,"author":{"gitId":"KaydenKhor"},"content":"### Feature-XYZ","lastModifiedDate":"2021-08-28"},{"lineNumber":10,"author":{"gitId":"KaydenKhor"},"content":"","lastModifiedDate":"2021-08-28"},{"lineNumber":11,"author":{"gitId":"KaydenKhor"},"content":"Description of the feature.","lastModifiedDate":"2021-08-28"},{"lineNumber":12,"author":{"gitId":"KaydenKhor"},"content":"","lastModifiedDate":"2021-08-28"},{"lineNumber":13,"author":{"gitId":"KaydenKhor"},"content":"## Usage","lastModifiedDate":"2021-08-28"},{"lineNumber":14,"author":{"gitId":"KaydenKhor"},"content":"","lastModifiedDate":"2021-08-28"},{"lineNumber":15,"author":{"gitId":"KaydenKhor"},"content":"### `Keyword` - Describe action","lastModifiedDate":"2021-08-28"},{"lineNumber":16,"author":{"gitId":"KaydenKhor"},"content":"","lastModifiedDate":"2021-08-28"},{"lineNumber":17,"author":{"gitId":"KaydenKhor"},"content":"Describe the action and its outcome.","lastModifiedDate":"2021-08-28"},{"lineNumber":18,"author":{"gitId":"KaydenKhor"},"content":"","lastModifiedDate":"2021-08-28"},{"lineNumber":19,"author":{"gitId":"KaydenKhor"},"content":"Example of usage: ","lastModifiedDate":"2021-08-28"},{"lineNumber":20,"author":{"gitId":"KaydenKhor"},"content":"","lastModifiedDate":"2021-08-28"},{"lineNumber":21,"author":{"gitId":"KaydenKhor"},"content":"`keyword (optional arguments)`","lastModifiedDate":"2021-08-28"},{"lineNumber":22,"author":{"gitId":"KaydenKhor"},"content":"","lastModifiedDate":"2021-08-28"},{"lineNumber":23,"author":{"gitId":"KaydenKhor"},"content":"Expected outcome:","lastModifiedDate":"2021-08-28"},{"lineNumber":24,"author":{"gitId":"KaydenKhor"},"content":"","lastModifiedDate":"2021-08-28"},{"lineNumber":25,"author":{"gitId":"KaydenKhor"},"content":"Description of the outcome.","lastModifiedDate":"2021-08-28"},{"lineNumber":26,"author":{"gitId":"KaydenKhor"},"content":"","lastModifiedDate":"2021-08-28"},{"lineNumber":27,"author":{"gitId":"KaydenKhor"},"content":"```","lastModifiedDate":"2021-08-28"},{"lineNumber":28,"author":{"gitId":"KaydenKhor"},"content":"expected output","lastModifiedDate":"2021-08-28"},{"lineNumber":29,"author":{"gitId":"KaydenKhor"},"content":"```","lastModifiedDate":"2021-08-28"}],"authorContributionMap":{"KaydenKhor":29}},{"path":"src/production/TIC4001 - Individual Project/production/TIC4001 - Individual Project/production/TIC4001 - Individual Project/production/TIC4001 - Individual Project/production/TIC4001 - Individual Project/README.md","fileType":"md","lines":[{"lineNumber":1,"author":{"gitId":"KaydenKhor"},"content":"# User Guide","lastModifiedDate":"2021-08-28"},{"lineNumber":2,"author":{"gitId":"KaydenKhor"},"content":"","lastModifiedDate":"2021-08-28"},{"lineNumber":3,"author":{"gitId":"KaydenKhor"},"content":"## Features ","lastModifiedDate":"2021-08-28"},{"lineNumber":4,"author":{"gitId":"KaydenKhor"},"content":"","lastModifiedDate":"2021-08-28"},{"lineNumber":5,"author":{"gitId":"KaydenKhor"},"content":"### Feature-ABC","lastModifiedDate":"2021-08-28"},{"lineNumber":6,"author":{"gitId":"KaydenKhor"},"content":"","lastModifiedDate":"2021-08-28"},{"lineNumber":7,"author":{"gitId":"KaydenKhor"},"content":"Description of the feature.","lastModifiedDate":"2021-08-28"},{"lineNumber":8,"author":{"gitId":"KaydenKhor"},"content":"","lastModifiedDate":"2021-08-28"},{"lineNumber":9,"author":{"gitId":"KaydenKhor"},"content":"### Feature-XYZ","lastModifiedDate":"2021-08-28"},{"lineNumber":10,"author":{"gitId":"KaydenKhor"},"content":"","lastModifiedDate":"2021-08-28"},{"lineNumber":11,"author":{"gitId":"KaydenKhor"},"content":"Description of the feature.","lastModifiedDate":"2021-08-28"},{"lineNumber":12,"author":{"gitId":"KaydenKhor"},"content":"","lastModifiedDate":"2021-08-28"},{"lineNumber":13,"author":{"gitId":"KaydenKhor"},"content":"## Usage","lastModifiedDate":"2021-08-28"},{"lineNumber":14,"author":{"gitId":"KaydenKhor"},"content":"","lastModifiedDate":"2021-08-28"},{"lineNumber":15,"author":{"gitId":"KaydenKhor"},"content":"### `Keyword` - Describe action","lastModifiedDate":"2021-08-28"},{"lineNumber":16,"author":{"gitId":"KaydenKhor"},"content":"","lastModifiedDate":"2021-08-28"},{"lineNumber":17,"author":{"gitId":"KaydenKhor"},"content":"Describe the action and its outcome.","lastModifiedDate":"2021-08-28"},{"lineNumber":18,"author":{"gitId":"KaydenKhor"},"content":"","lastModifiedDate":"2021-08-28"},{"lineNumber":19,"author":{"gitId":"KaydenKhor"},"content":"Example of usage: ","lastModifiedDate":"2021-08-28"},{"lineNumber":20,"author":{"gitId":"KaydenKhor"},"content":"","lastModifiedDate":"2021-08-28"},{"lineNumber":21,"author":{"gitId":"KaydenKhor"},"content":"`keyword (optional arguments)`","lastModifiedDate":"2021-08-28"},{"lineNumber":22,"author":{"gitId":"KaydenKhor"},"content":"","lastModifiedDate":"2021-08-28"},{"lineNumber":23,"author":{"gitId":"KaydenKhor"},"content":"Expected outcome:","lastModifiedDate":"2021-08-28"},{"lineNumber":24,"author":{"gitId":"KaydenKhor"},"content":"","lastModifiedDate":"2021-08-28"},{"lineNumber":25,"author":{"gitId":"KaydenKhor"},"content":"Description of the outcome.","lastModifiedDate":"2021-08-28"},{"lineNumber":26,"author":{"gitId":"KaydenKhor"},"content":"","lastModifiedDate":"2021-08-28"},{"lineNumber":27,"author":{"gitId":"KaydenKhor"},"content":"```","lastModifiedDate":"2021-08-28"},{"lineNumber":28,"author":{"gitId":"KaydenKhor"},"content":"expected output","lastModifiedDate":"2021-08-28"},{"lineNumber":29,"author":{"gitId":"KaydenKhor"},"content":"```","lastModifiedDate":"2021-08-28"}],"authorContributionMap":{"KaydenKhor":29}},{"path":"text-ui-test/input.txt","fileType":"txt","lines":[{"lineNumber":1,"author":{"gitId":"KaydenKhor"},"content":"Im going to add package branch now.","lastModifiedDate":"2021-08-28"}],"authorContributionMap":{"KaydenKhor":1}}]
