{"authorDailyContributionsMap":{"KaydenKhor":[{"date":"2021-08-14","commitResults":[{"hash":"6285cedaef75a2031cba8becc2cbeb91bb09f8c3","messageTitle":"Level-0: Greet done by E0373956, A0194133J,  Khor Kee Yong","messageBody":"","tags":["Level0"],"fileTypesAndContributionMap":{"java":{"insertions":8,"deletions":1}}},{"hash":"06abebfedb833322f7cb568a7c128a4acc1766c8","messageTitle":"Level-1: echo done by E0373956, A0194133J,  Khor Kee Yong. Set Line variable as static variable","messageBody":"","tags":["Level-1"],"fileTypesAndContributionMap":{"java":{"insertions":22,"deletions":5}}},{"hash":"50b4ff930f1d21de83d62b00087b30d9eeeb6b5c","messageTitle":"Level-2: Add List done by E0373956, A0194133J,  Khor Kee Yong. Refactor a little code","messageBody":"","tags":["Level-2"],"fileTypesAndContributionMap":{"java":{"insertions":44,"deletions":9}}},{"hash":"d31eced3368e78b03836941a01e2acf734439e9b","messageTitle":"Level-3: Mark Task Done done by E0373956, A0194133J,  Khor Kee Yong. Added a new task class to handle all task object. Include command identifier. Haven\u0027t consider exception. Pure FR","messageBody":"","tags":["Level-3"],"fileTypesAndContributionMap":{"java":{"insertions":59,"deletions":14}}}]},{"date":"2021-08-21","commitResults":[{"hash":"b139e16e0727618c693079ab47f3c6bc1b5482bd","messageTitle":"Level-4: ToDos, Events, Deadlines: Done by E0373956, A0194133J,  Khor Kee Yong. Extension A-Inheritence: Added sub classes of Task to achieve polymorphism.","messageBody":"","tags":["Level-4","A-Inheritence"],"fileTypesAndContributionMap":{"java":{"insertions":65,"deletions":4}}}]},{"date":"2021-08-28","commitResults":[{"hash":"449e3af1372d11a0a180a9e17444ee30dfc3a792","messageTitle":"Level-5: Handle Errors Done by E0373956, A0194133J,  Khor Kee Yong. A-AbstractClasses: Made Task as abstract class. A-Packages: Organized Task package. A-CodeQuality: Improve Code Quality. A-CodingStrandard: Follow the coding standard A-Exceptions: Handled exceptions","messageBody":"","tags":["Level-5","A-Packages","A-Inheritance","A-Exceptions","A-CodingStandard","A-CodeQuality","A-AbstractClasses"],"fileTypesAndContributionMap":{"txt":{"insertions":1,"deletions":0},"java":{"insertions":64,"deletions":17},"md":{"insertions":145,"deletions":0}}},{"hash":"a828b5bed296b8d1ede8a5c911ad213a7babb4f5","messageTitle":"Added increment previously.","messageBody":"","fileTypesAndContributionMap":{"txt":{"insertions":1,"deletions":1}}},{"hash":"a03a958ffbe9d2d5cb661309d0767dcf666f87be","messageTitle":"Merged both branches","messageBody":"","fileTypesAndContributionMap":{"txt":{"insertions":1,"deletions":1}}},{"hash":"543c554b787ea6576548236a4de13fa0672e3c0d","messageTitle":"Previously make into abstract class but didn\u0027t use branches to increment.","messageBody":"","fileTypesAndContributionMap":{"java":{"insertions":1,"deletions":1}}},{"hash":"441025d7eed723e650b73b1c15aca8c448b77e49","messageTitle":"Test 1","messageBody":"","fileTypesAndContributionMap":{"txt":{"insertions":1,"deletions":1}}},{"hash":"1d9e3eb13b4eb808ac6288fb28cb92c1b2d8b6e3","messageTitle":"Revert \"Test 1\"","messageBody":"This reverts commit 441025d7eed723e650b73b1c15aca8c448b77e49.\n","fileTypesAndContributionMap":{"txt":{"insertions":1,"deletions":1}}},{"hash":"401071f897fbe1e2cf7cf21082b7f19e22f8dde6","messageTitle":"Move all task classes to package","messageBody":"","fileTypesAndContributionMap":{"java":{"insertions":1,"deletions":1}}},{"hash":"0ee185b0d2df47763035774592304020b3033bee","messageTitle":"New branch: branch-A-Package","messageBody":"","fileTypesAndContributionMap":{"txt":{"insertions":1,"deletions":1}}},{"hash":"facb822604d9925239137d98a1236520b6319eed","messageTitle":"Created new branch: branch-A-CodeQuality","messageBody":"","fileTypesAndContributionMap":{"java":{"insertions":1,"deletions":1}}},{"hash":"8a1b9e52d58d7e3eb58a8e20fc23055d69acfc2a","messageTitle":"no message","messageBody":"","fileTypesAndContributionMap":{"java":{"insertions":8,"deletions":1}}},{"hash":"d40e5a90355e01102df3ae4278f4ca9d20437ab0","messageTitle":"no message","messageBody":"","fileTypesAndContributionMap":{"java":{"insertions":0,"deletions":4}}},{"hash":"4b8f28b3e49e5e18d4f738f9dbc6c23b89868ba8","messageTitle":"Already Implemented LEVEL 5 previously. Just added in for branching purpose","messageBody":"","fileTypesAndContributionMap":{"java":{"insertions":0,"deletions":8}}}]},{"date":"2021-09-10","commitResults":[{"hash":"5573e4d5d1f711c82acdb252132563d6108e3e27","messageTitle":"Level-6: Delete Done by E0373956, A0194133J,  Khor Kee Yong.","messageBody":"","tags":["Level-6"],"fileTypesAndContributionMap":{"java":{"insertions":33,"deletions":0}}}]},{"date":"2021-09-17","commitResults":[{"hash":"a9de496e21b6de36397ba2faee402e36b67df2d2","messageTitle":"Level 7: Save done by Khor Kee Yong","messageBody":"","tags":["Level-7"],"fileTypesAndContributionMap":{"java":{"insertions":315,"deletions":4}}},{"hash":"b284d837cab523e1cba0c5485893fa507113851b","messageTitle":"Already added A-JAVADOC, just commit for branch creation sake.","messageBody":"","fileTypesAndContributionMap":{"java":{"insertions":1,"deletions":1}}},{"hash":"4566eeed0cb22bf633558ae693fe8107efb0b432","messageTitle":"Level-8: Date and time done by Khor Kee Yong","messageBody":"","tags":["Level-8"],"fileTypesAndContributionMap":{"txt":{"insertions":1,"deletions":0},"java":{"insertions":475,"deletions":319},"md":{"insertions":0,"deletions":116}}},{"hash":"d490568528908f8dafe4357063723e6ca788037c","messageTitle":"Level-9- Re-commit","messageBody":"","tags":["Level-9","A-JavaDoc"],"fileTypesAndContributionMap":{"txt":{"insertions":8,"deletions":0},"java":{"insertions":13,"deletions":1}}},{"hash":"cce8dea04233867592f4577b8a008fa8f0d8596a","messageTitle":"A-Jar Implementation","messageBody":"","tags":["A-Jar"],"fileTypesAndContributionMap":{"txt":{"insertions":8,"deletions":3}}},{"hash":"58f73a2a988fcadc0185bfbcf3aecd920a719eda","messageTitle":"Added A-JUnit.","messageBody":"","fileTypesAndContributionMap":{"java":{"insertions":16,"deletions":0}}},{"hash":"4d6999a7a41901279a7c447a54e2afd2dc6e3629","messageTitle":"Added A-JUnit and implement A-MoreOOP","messageBody":"","fileTypesAndContributionMap":{"txt":{"insertions":12,"deletions":4},"java":{"insertions":36,"deletions":5}}},{"hash":"8f637d47c0d3c5767e71b5a61749c4642c1f6146","messageTitle":"Final updates","messageBody":"","fileTypesAndContributionMap":{"txt":{"insertions":7,"deletions":7},"java":{"insertions":110,"deletions":15}}}]}]},"authorFileTypeContributionMap":{"KaydenKhor":{"java":868,"md":29,"fxml":0,"sh":0,"bat":0,"gradle":0,"txt":23}},"authorContributionVariance":{"KaydenKhor":54570.46},"authorDisplayNameMap":{"KaydenKhor":"TIC4001-F18-5 KHOR..YONG"}}
