[{"path":"src/main/java/Duke.java","fileType":"java","lines":[{"lineNumber":1,"author":{"gitId":"IcyNoPeople"},"content":"import java.util.Scanner;","lastModifiedDate":"2021-08-20"},{"lineNumber":2,"author":{"gitId":"IcyNoPeople"},"content":"","lastModifiedDate":"2021-08-20"},{"lineNumber":3,"author":{"gitId":"-"},"content":"public class Duke {","lastModifiedDate":"2019-07-29"},{"lineNumber":4,"author":{"gitId":"-"},"content":"    public static void main(String[] args) {","lastModifiedDate":"2019-07-29"},{"lineNumber":5,"author":{"gitId":"-"},"content":"        String logo \u003d \" ____        _        \\n\"","lastModifiedDate":"2019-07-29"},{"lineNumber":6,"author":{"gitId":"-"},"content":"                + \"|  _ \\\\ _   _| | _____ \\n\"","lastModifiedDate":"2019-07-29"},{"lineNumber":7,"author":{"gitId":"-"},"content":"                + \"| | | | | | | |/ / _ \\\\\\n\"","lastModifiedDate":"2019-07-29"},{"lineNumber":8,"author":{"gitId":"-"},"content":"                + \"| |_| | |_| |   \u003c  __/\\n\"","lastModifiedDate":"2019-07-29"},{"lineNumber":9,"author":{"gitId":"-"},"content":"                + \"|____/ \\\\__,_|_|\\\\_\\\\___|\\n\";","lastModifiedDate":"2019-07-29"},{"lineNumber":10,"author":{"gitId":"-"},"content":"        System.out.println(\"Hello from\\n\" + logo);","lastModifiedDate":"2019-07-29"},{"lineNumber":11,"author":{"gitId":"IcyNoPeople"},"content":"","lastModifiedDate":"2021-08-20"},{"lineNumber":12,"author":{"gitId":"IcyNoPeople"},"content":"        new Duke().run();","lastModifiedDate":"2021-08-20"},{"lineNumber":13,"author":{"gitId":"IcyNoPeople"},"content":"","lastModifiedDate":"2021-08-20"},{"lineNumber":14,"author":{"gitId":"IcyNoPeople"},"content":"","lastModifiedDate":"2021-08-20"},{"lineNumber":15,"author":{"gitId":"IcyNoPeople"},"content":"    }","lastModifiedDate":"2021-08-20"},{"lineNumber":16,"author":{"gitId":"IcyNoPeople"},"content":"","lastModifiedDate":"2021-08-20"},{"lineNumber":17,"author":{"gitId":"IcyNoPeople"},"content":"    public void run() {","lastModifiedDate":"2021-08-20"},{"lineNumber":18,"author":{"gitId":"IcyNoPeople"},"content":"        System.out.println(\"Hello! I\u0027m Duke \\n  \" +","lastModifiedDate":"2021-08-19"},{"lineNumber":19,"author":{"gitId":"IcyNoPeople"},"content":"                \"What can I do for you?\");","lastModifiedDate":"2021-08-19"},{"lineNumber":20,"author":{"gitId":"IcyNoPeople"},"content":"        System.out.println(\"____________________________________________________________\");","lastModifiedDate":"2021-08-19"},{"lineNumber":21,"author":{"gitId":"IcyNoPeople"},"content":"        System.out.println(\"Bye. Hope to see you again soon!\");","lastModifiedDate":"2021-08-19"},{"lineNumber":22,"author":{"gitId":"IcyNoPeople"},"content":"","lastModifiedDate":"2021-08-20"},{"lineNumber":23,"author":{"gitId":"IcyNoPeople"},"content":"        boolean isExit \u003d false;","lastModifiedDate":"2021-08-20"},{"lineNumber":24,"author":{"gitId":"IcyNoPeople"},"content":"        while (!isExit) {","lastModifiedDate":"2021-08-20"},{"lineNumber":25,"author":{"gitId":"IcyNoPeople"},"content":"","lastModifiedDate":"2021-08-20"},{"lineNumber":26,"author":{"gitId":"IcyNoPeople"},"content":"            String line;","lastModifiedDate":"2021-08-20"},{"lineNumber":27,"author":{"gitId":"IcyNoPeople"},"content":"            Scanner in \u003d new Scanner(System.in);","lastModifiedDate":"2021-08-20"},{"lineNumber":28,"author":{"gitId":"IcyNoPeople"},"content":"            System.out.println(\"Type something: \");","lastModifiedDate":"2021-08-20"},{"lineNumber":29,"author":{"gitId":"IcyNoPeople"},"content":"            line \u003d in.nextLine();","lastModifiedDate":"2021-08-20"},{"lineNumber":30,"author":{"gitId":"IcyNoPeople"},"content":"            System.out.println(\"____________________________________________________________\");","lastModifiedDate":"2021-08-20"},{"lineNumber":31,"author":{"gitId":"IcyNoPeople"},"content":"            if(line.toLowerCase().equalsIgnoreCase(\"bye\")){","lastModifiedDate":"2021-08-20"},{"lineNumber":32,"author":{"gitId":"IcyNoPeople"},"content":"                isExit \u003d true;","lastModifiedDate":"2021-08-20"},{"lineNumber":33,"author":{"gitId":"IcyNoPeople"},"content":"                System.out.println(\"See you!\");","lastModifiedDate":"2021-08-20"},{"lineNumber":34,"author":{"gitId":"IcyNoPeople"},"content":"                System.out.println(\"____________________________________________________________\");","lastModifiedDate":"2021-08-20"},{"lineNumber":35,"author":{"gitId":"IcyNoPeople"},"content":"                break;","lastModifiedDate":"2021-08-20"},{"lineNumber":36,"author":{"gitId":"IcyNoPeople"},"content":"            }","lastModifiedDate":"2021-08-20"},{"lineNumber":37,"author":{"gitId":"IcyNoPeople"},"content":"            System.out.println(line);","lastModifiedDate":"2021-08-20"},{"lineNumber":38,"author":{"gitId":"IcyNoPeople"},"content":"            System.out.println(\"____________________________________________________________\");","lastModifiedDate":"2021-08-20"},{"lineNumber":39,"author":{"gitId":"IcyNoPeople"},"content":"","lastModifiedDate":"2021-08-20"},{"lineNumber":40,"author":{"gitId":"IcyNoPeople"},"content":"        }","lastModifiedDate":"2021-08-20"},{"lineNumber":41,"author":{"gitId":"-"},"content":"    }","lastModifiedDate":"2019-07-29"},{"lineNumber":42,"author":{"gitId":"-"},"content":"}","lastModifiedDate":"2019-07-29"}],"authorContributionMap":{"IcyNoPeople":32,"-":10}}]
