[{"path":"src/main/java/Duke.java","fileType":"java","lines":[{"lineNumber":1,"author":{"gitId":"IcyNoPeople"},"content":"import Duke.DukeException.DukeException;","lastModifiedDate":"2021-08-29"},{"lineNumber":2,"author":{"gitId":"IcyNoPeople"},"content":"import Duke.Task.Deadline;","lastModifiedDate":"2021-08-29"},{"lineNumber":3,"author":{"gitId":"IcyNoPeople"},"content":"import Duke.Task.Event;","lastModifiedDate":"2021-08-29"},{"lineNumber":4,"author":{"gitId":"IcyNoPeople"},"content":"import Duke.Task.Task;","lastModifiedDate":"2021-08-29"},{"lineNumber":5,"author":{"gitId":"IcyNoPeople"},"content":"import Duke.Task.ToDo;","lastModifiedDate":"2021-08-29"},{"lineNumber":6,"author":{"gitId":"IcyNoPeople"},"content":"","lastModifiedDate":"2021-08-29"},{"lineNumber":7,"author":{"gitId":"IcyNoPeople"},"content":"import java.util.ArrayList;","lastModifiedDate":"2021-08-20"},{"lineNumber":8,"author":{"gitId":"IcyNoPeople"},"content":"import java.util.Scanner;","lastModifiedDate":"2021-08-20"},{"lineNumber":9,"author":{"gitId":"IcyNoPeople"},"content":"","lastModifiedDate":"2021-08-20"},{"lineNumber":10,"author":{"gitId":"IcyNoPeople"},"content":"","lastModifiedDate":"2021-08-20"},{"lineNumber":11,"author":{"gitId":"-"},"content":"public class Duke {","lastModifiedDate":"2019-07-29"},{"lineNumber":12,"author":{"gitId":"-"},"content":"    public static void main(String[] args) {","lastModifiedDate":"2019-07-29"},{"lineNumber":13,"author":{"gitId":"-"},"content":"        String logo \u003d \" ____        _        \\n\"","lastModifiedDate":"2019-07-29"},{"lineNumber":14,"author":{"gitId":"-"},"content":"                + \"|  _ \\\\ _   _| | _____ \\n\"","lastModifiedDate":"2019-07-29"},{"lineNumber":15,"author":{"gitId":"-"},"content":"                + \"| | | | | | | |/ / _ \\\\\\n\"","lastModifiedDate":"2019-07-29"},{"lineNumber":16,"author":{"gitId":"-"},"content":"                + \"| |_| | |_| |   \u003c  __/\\n\"","lastModifiedDate":"2019-07-29"},{"lineNumber":17,"author":{"gitId":"-"},"content":"                + \"|____/ \\\\__,_|_|\\\\_\\\\___|\\n\";","lastModifiedDate":"2019-07-29"},{"lineNumber":18,"author":{"gitId":"-"},"content":"        System.out.println(\"Hello from\\n\" + logo);","lastModifiedDate":"2019-07-29"},{"lineNumber":19,"author":{"gitId":"IcyNoPeople"},"content":"","lastModifiedDate":"2021-08-20"},{"lineNumber":20,"author":{"gitId":"IcyNoPeople"},"content":"        new Duke().run();","lastModifiedDate":"2021-08-20"},{"lineNumber":21,"author":{"gitId":"IcyNoPeople"},"content":"","lastModifiedDate":"2021-08-20"},{"lineNumber":22,"author":{"gitId":"IcyNoPeople"},"content":"","lastModifiedDate":"2021-08-20"},{"lineNumber":23,"author":{"gitId":"IcyNoPeople"},"content":"    }","lastModifiedDate":"2021-08-20"},{"lineNumber":24,"author":{"gitId":"IcyNoPeople"},"content":"","lastModifiedDate":"2021-08-20"},{"lineNumber":25,"author":{"gitId":"IcyNoPeople"},"content":"    public boolean readCommand(String line, ArrayList\u003cTask\u003e tasks){","lastModifiedDate":"2021-08-29"},{"lineNumber":26,"author":{"gitId":"IcyNoPeople"},"content":"        try{","lastModifiedDate":"2021-08-29"},{"lineNumber":27,"author":{"gitId":"IcyNoPeople"},"content":"            int spaceIndex \u003d line.indexOf(\" \");","lastModifiedDate":"2021-08-29"},{"lineNumber":28,"author":{"gitId":"IcyNoPeople"},"content":"            String instruction;","lastModifiedDate":"2021-08-29"},{"lineNumber":29,"author":{"gitId":"IcyNoPeople"},"content":"            switch(line.split(\" \")[0].toLowerCase()){","lastModifiedDate":"2021-08-20"},{"lineNumber":30,"author":{"gitId":"IcyNoPeople"},"content":"                case (\"list\"):","lastModifiedDate":"2021-08-20"},{"lineNumber":31,"author":{"gitId":"IcyNoPeople"},"content":"                    for (int i \u003d 0; i \u003c tasks.size(); i++) {","lastModifiedDate":"2021-08-20"},{"lineNumber":32,"author":{"gitId":"IcyNoPeople"},"content":"                        System.out.println((i + 1) + \". \" + tasks.get(i).toString());","lastModifiedDate":"2021-08-29"},{"lineNumber":33,"author":{"gitId":"IcyNoPeople"},"content":"                    }","lastModifiedDate":"2021-08-20"},{"lineNumber":34,"author":{"gitId":"IcyNoPeople"},"content":"                    System.out.println(\"____________________________________________________________\");","lastModifiedDate":"2021-08-20"},{"lineNumber":35,"author":{"gitId":"IcyNoPeople"},"content":"                    break;","lastModifiedDate":"2021-08-20"},{"lineNumber":36,"author":{"gitId":"IcyNoPeople"},"content":"                case (\"done\"):","lastModifiedDate":"2021-08-20"},{"lineNumber":37,"author":{"gitId":"IcyNoPeople"},"content":"                    int i \u003d Integer.parseInt(line.split(\" \")[1]);","lastModifiedDate":"2021-08-20"},{"lineNumber":38,"author":{"gitId":"IcyNoPeople"},"content":"                    tasks.get(i - 1).markAsDone();","lastModifiedDate":"2021-08-20"},{"lineNumber":39,"author":{"gitId":"IcyNoPeople"},"content":"                    System.out.println(\"Nice! I\u0027ve marked this task as done: \\n\" +","lastModifiedDate":"2021-08-20"},{"lineNumber":40,"author":{"gitId":"IcyNoPeople"},"content":"                            \"[\" + tasks.get(i - 1).getStatusIcon() + \"] \" + tasks.get(i - 1).getTask());","lastModifiedDate":"2021-08-29"},{"lineNumber":41,"author":{"gitId":"IcyNoPeople"},"content":"                    break;","lastModifiedDate":"2021-08-29"},{"lineNumber":42,"author":{"gitId":"IcyNoPeople"},"content":"","lastModifiedDate":"2021-08-29"},{"lineNumber":43,"author":{"gitId":"IcyNoPeople"},"content":"                case (\"deadline\"):","lastModifiedDate":"2021-08-29"},{"lineNumber":44,"author":{"gitId":"IcyNoPeople"},"content":"                    instruction \u003d line.substring(spaceIndex);","lastModifiedDate":"2021-08-29"},{"lineNumber":45,"author":{"gitId":"IcyNoPeople"},"content":"                    if(instruction.contains(\"/by\")){","lastModifiedDate":"2021-08-29"},{"lineNumber":46,"author":{"gitId":"IcyNoPeople"},"content":"                        String description \u003d instruction.split(\"/by\")[0];","lastModifiedDate":"2021-08-29"},{"lineNumber":47,"author":{"gitId":"IcyNoPeople"},"content":"                        String time \u003d instruction.split(\"/by\")[1];","lastModifiedDate":"2021-08-29"},{"lineNumber":48,"author":{"gitId":"IcyNoPeople"},"content":"                        tasks.add(new Deadline(description,time));","lastModifiedDate":"2021-08-29"},{"lineNumber":49,"author":{"gitId":"IcyNoPeople"},"content":"                        System.out.println(\"I have added the deadline task\");","lastModifiedDate":"2021-08-29"},{"lineNumber":50,"author":{"gitId":"IcyNoPeople"},"content":"                    }","lastModifiedDate":"2021-08-29"},{"lineNumber":51,"author":{"gitId":"IcyNoPeople"},"content":"                    else {","lastModifiedDate":"2021-08-29"},{"lineNumber":52,"author":{"gitId":"IcyNoPeople"},"content":"                        throw new DukeException(\"You forgot to include a date using /by\");","lastModifiedDate":"2021-08-29"},{"lineNumber":53,"author":{"gitId":"IcyNoPeople"},"content":"                    }","lastModifiedDate":"2021-08-29"},{"lineNumber":54,"author":{"gitId":"IcyNoPeople"},"content":"                    break;","lastModifiedDate":"2021-08-29"},{"lineNumber":55,"author":{"gitId":"IcyNoPeople"},"content":"","lastModifiedDate":"2021-08-29"},{"lineNumber":56,"author":{"gitId":"IcyNoPeople"},"content":"                case(\"event\"):","lastModifiedDate":"2021-08-29"},{"lineNumber":57,"author":{"gitId":"IcyNoPeople"},"content":"                    instruction \u003d line.substring(spaceIndex);","lastModifiedDate":"2021-08-29"},{"lineNumber":58,"author":{"gitId":"IcyNoPeople"},"content":"                    if(instruction.contains(\"/at\")){","lastModifiedDate":"2021-08-29"},{"lineNumber":59,"author":{"gitId":"IcyNoPeople"},"content":"                        String description \u003d instruction.split(\"/at\")[0];","lastModifiedDate":"2021-08-29"},{"lineNumber":60,"author":{"gitId":"IcyNoPeople"},"content":"                        String time \u003d instruction.split(\"/at\")[1];","lastModifiedDate":"2021-08-29"},{"lineNumber":61,"author":{"gitId":"IcyNoPeople"},"content":"                        tasks.add(new Event(description,time));","lastModifiedDate":"2021-08-29"},{"lineNumber":62,"author":{"gitId":"IcyNoPeople"},"content":"                        System.out.println(\"I have added the event task\");","lastModifiedDate":"2021-08-29"},{"lineNumber":63,"author":{"gitId":"IcyNoPeople"},"content":"                    }","lastModifiedDate":"2021-08-29"},{"lineNumber":64,"author":{"gitId":"IcyNoPeople"},"content":"                    else{","lastModifiedDate":"2021-08-29"},{"lineNumber":65,"author":{"gitId":"IcyNoPeople"},"content":"                        throw new DukeException(\"You forgot to include a date using /at\");","lastModifiedDate":"2021-08-29"},{"lineNumber":66,"author":{"gitId":"IcyNoPeople"},"content":"                    }","lastModifiedDate":"2021-08-29"},{"lineNumber":67,"author":{"gitId":"IcyNoPeople"},"content":"                    break;","lastModifiedDate":"2021-08-29"},{"lineNumber":68,"author":{"gitId":"IcyNoPeople"},"content":"","lastModifiedDate":"2021-08-29"},{"lineNumber":69,"author":{"gitId":"IcyNoPeople"},"content":"                case(\"todo\"):","lastModifiedDate":"2021-08-29"},{"lineNumber":70,"author":{"gitId":"IcyNoPeople"},"content":"                    instruction \u003d line.substring(spaceIndex);","lastModifiedDate":"2021-08-29"},{"lineNumber":71,"author":{"gitId":"IcyNoPeople"},"content":"                    tasks.add(new ToDo(instruction));","lastModifiedDate":"2021-08-29"},{"lineNumber":72,"author":{"gitId":"IcyNoPeople"},"content":"                    System.out.println(\"I have added the todo task\");","lastModifiedDate":"2021-08-29"},{"lineNumber":73,"author":{"gitId":"IcyNoPeople"},"content":"                    break;","lastModifiedDate":"2021-08-20"},{"lineNumber":74,"author":{"gitId":"IcyNoPeople"},"content":"","lastModifiedDate":"2021-08-29"},{"lineNumber":75,"author":{"gitId":"IcyNoPeople"},"content":"                case (\"bye\"):","lastModifiedDate":"2021-08-20"},{"lineNumber":76,"author":{"gitId":"IcyNoPeople"},"content":"                    System.out.println(\"See you!\");","lastModifiedDate":"2021-08-20"},{"lineNumber":77,"author":{"gitId":"IcyNoPeople"},"content":"                    System.out.println(\"____________________________________________________________\");","lastModifiedDate":"2021-08-20"},{"lineNumber":78,"author":{"gitId":"IcyNoPeople"},"content":"                    return true;","lastModifiedDate":"2021-08-29"},{"lineNumber":79,"author":{"gitId":"IcyNoPeople"},"content":"","lastModifiedDate":"2021-08-20"},{"lineNumber":80,"author":{"gitId":"IcyNoPeople"},"content":"                default:","lastModifiedDate":"2021-08-20"},{"lineNumber":81,"author":{"gitId":"IcyNoPeople"},"content":"                    throw new DukeException(\"Please key in a valid command\");","lastModifiedDate":"2021-08-29"},{"lineNumber":82,"author":{"gitId":"IcyNoPeople"},"content":"","lastModifiedDate":"2021-08-29"},{"lineNumber":83,"author":{"gitId":"IcyNoPeople"},"content":"","lastModifiedDate":"2021-08-20"},{"lineNumber":84,"author":{"gitId":"IcyNoPeople"},"content":"","lastModifiedDate":"2021-08-20"},{"lineNumber":85,"author":{"gitId":"IcyNoPeople"},"content":"            }","lastModifiedDate":"2021-08-20"},{"lineNumber":86,"author":{"gitId":"IcyNoPeople"},"content":"        }catch (DukeException e){","lastModifiedDate":"2021-08-29"},{"lineNumber":87,"author":{"gitId":"IcyNoPeople"},"content":"            System.out.println(\"error:\" + e.getMessage() + \". Please type again\");","lastModifiedDate":"2021-08-29"},{"lineNumber":88,"author":{"gitId":"IcyNoPeople"},"content":"            System.out.println(\"____________________________________________________________\");","lastModifiedDate":"2021-08-29"},{"lineNumber":89,"author":{"gitId":"IcyNoPeople"},"content":"        }catch (Exception e){","lastModifiedDate":"2021-08-20"},{"lineNumber":90,"author":{"gitId":"IcyNoPeople"},"content":"            System.out.println(\"error:\" + e.getMessage() + \". Please type again\");","lastModifiedDate":"2021-08-29"},{"lineNumber":91,"author":{"gitId":"IcyNoPeople"},"content":"        }","lastModifiedDate":"2021-08-20"},{"lineNumber":92,"author":{"gitId":"IcyNoPeople"},"content":"        return false;","lastModifiedDate":"2021-08-29"},{"lineNumber":93,"author":{"gitId":"IcyNoPeople"},"content":"    }","lastModifiedDate":"2021-08-29"},{"lineNumber":94,"author":{"gitId":"IcyNoPeople"},"content":"","lastModifiedDate":"2021-08-20"},{"lineNumber":95,"author":{"gitId":"IcyNoPeople"},"content":"    public void run() {","lastModifiedDate":"2021-08-29"},{"lineNumber":96,"author":{"gitId":"IcyNoPeople"},"content":"        System.out.println(\"Hello! I\u0027m Duke \\n  \" +","lastModifiedDate":"2021-08-29"},{"lineNumber":97,"author":{"gitId":"IcyNoPeople"},"content":"                \"What can I do for you?\");","lastModifiedDate":"2021-08-29"},{"lineNumber":98,"author":{"gitId":"IcyNoPeople"},"content":"        System.out.println(\"____________________________________________________________\");","lastModifiedDate":"2021-08-29"},{"lineNumber":99,"author":{"gitId":"IcyNoPeople"},"content":"        ArrayList\u003cTask\u003e tasks \u003d new ArrayList\u003c\u003e();","lastModifiedDate":"2021-08-29"},{"lineNumber":100,"author":{"gitId":"IcyNoPeople"},"content":"        boolean isExit \u003d false;","lastModifiedDate":"2021-08-29"},{"lineNumber":101,"author":{"gitId":"IcyNoPeople"},"content":"        while (!isExit) {","lastModifiedDate":"2021-08-29"},{"lineNumber":102,"author":{"gitId":"IcyNoPeople"},"content":"            String line;","lastModifiedDate":"2021-08-29"},{"lineNumber":103,"author":{"gitId":"IcyNoPeople"},"content":"            Scanner in \u003d new Scanner(System.in);","lastModifiedDate":"2021-08-29"},{"lineNumber":104,"author":{"gitId":"IcyNoPeople"},"content":"            System.out.println(\"Type something: \");","lastModifiedDate":"2021-08-29"},{"lineNumber":105,"author":{"gitId":"IcyNoPeople"},"content":"            line \u003d in.nextLine();","lastModifiedDate":"2021-08-29"},{"lineNumber":106,"author":{"gitId":"IcyNoPeople"},"content":"            System.out.println(\"____________________________________________________________\");","lastModifiedDate":"2021-08-29"},{"lineNumber":107,"author":{"gitId":"IcyNoPeople"},"content":"            isExit \u003d readCommand(line, tasks);","lastModifiedDate":"2021-08-29"},{"lineNumber":108,"author":{"gitId":"IcyNoPeople"},"content":"","lastModifiedDate":"2021-08-20"},{"lineNumber":109,"author":{"gitId":"IcyNoPeople"},"content":"","lastModifiedDate":"2021-08-20"},{"lineNumber":110,"author":{"gitId":"IcyNoPeople"},"content":"        }","lastModifiedDate":"2021-08-20"},{"lineNumber":111,"author":{"gitId":"-"},"content":"    }","lastModifiedDate":"2019-07-29"},{"lineNumber":112,"author":{"gitId":"-"},"content":"}","lastModifiedDate":"2019-07-29"}],"authorContributionMap":{"IcyNoPeople":102,"-":10}},{"path":"src/main/java/Duke/Command/Command.java","fileType":"java","lines":[{"lineNumber":1,"author":{"gitId":"IcyNoPeople"},"content":"package Duke.Command;","lastModifiedDate":"2021-08-29"},{"lineNumber":2,"author":{"gitId":"IcyNoPeople"},"content":"","lastModifiedDate":"2021-08-29"},{"lineNumber":3,"author":{"gitId":"IcyNoPeople"},"content":"import Duke.DukeException.DukeException;","lastModifiedDate":"2021-08-29"},{"lineNumber":4,"author":{"gitId":"IcyNoPeople"},"content":"import Duke.Task.Task;","lastModifiedDate":"2021-08-29"},{"lineNumber":5,"author":{"gitId":"IcyNoPeople"},"content":"","lastModifiedDate":"2021-08-29"},{"lineNumber":6,"author":{"gitId":"IcyNoPeople"},"content":"public abstract class Command {","lastModifiedDate":"2021-08-29"},{"lineNumber":7,"author":{"gitId":"IcyNoPeople"},"content":"    protected String taskItem;","lastModifiedDate":"2021-08-29"},{"lineNumber":8,"author":{"gitId":"IcyNoPeople"},"content":"    public Command(String taskItem){","lastModifiedDate":"2021-08-29"},{"lineNumber":9,"author":{"gitId":"IcyNoPeople"},"content":"        this.taskItem \u003d taskItem;","lastModifiedDate":"2021-08-29"},{"lineNumber":10,"author":{"gitId":"IcyNoPeople"},"content":"    }","lastModifiedDate":"2021-08-29"},{"lineNumber":11,"author":{"gitId":"IcyNoPeople"},"content":"","lastModifiedDate":"2021-08-29"},{"lineNumber":12,"author":{"gitId":"IcyNoPeople"},"content":"    public void execute(Task tasks) throws DukeException {","lastModifiedDate":"2021-08-29"},{"lineNumber":13,"author":{"gitId":"IcyNoPeople"},"content":"        throw new DukeException(\"Error for command execute!\");","lastModifiedDate":"2021-08-29"},{"lineNumber":14,"author":{"gitId":"IcyNoPeople"},"content":"    }","lastModifiedDate":"2021-08-29"},{"lineNumber":15,"author":{"gitId":"IcyNoPeople"},"content":"","lastModifiedDate":"2021-08-29"},{"lineNumber":16,"author":{"gitId":"IcyNoPeople"},"content":"    public boolean isExit(){","lastModifiedDate":"2021-08-29"},{"lineNumber":17,"author":{"gitId":"IcyNoPeople"},"content":"","lastModifiedDate":"2021-08-29"},{"lineNumber":18,"author":{"gitId":"IcyNoPeople"},"content":"        return false;","lastModifiedDate":"2021-08-29"},{"lineNumber":19,"author":{"gitId":"IcyNoPeople"},"content":"    }","lastModifiedDate":"2021-08-29"},{"lineNumber":20,"author":{"gitId":"IcyNoPeople"},"content":"","lastModifiedDate":"2021-08-29"},{"lineNumber":21,"author":{"gitId":"IcyNoPeople"},"content":"}","lastModifiedDate":"2021-08-29"}],"authorContributionMap":{"IcyNoPeople":21}},{"path":"src/main/java/Duke/DukeException/DukeException.java","fileType":"java","lines":[{"lineNumber":1,"author":{"gitId":"IcyNoPeople"},"content":"package Duke.DukeException;","lastModifiedDate":"2021-08-29"},{"lineNumber":2,"author":{"gitId":"IcyNoPeople"},"content":"","lastModifiedDate":"2021-08-29"},{"lineNumber":3,"author":{"gitId":"IcyNoPeople"},"content":"public class DukeException extends Exception{","lastModifiedDate":"2021-08-29"},{"lineNumber":4,"author":{"gitId":"IcyNoPeople"},"content":"","lastModifiedDate":"2021-08-29"},{"lineNumber":5,"author":{"gitId":"IcyNoPeople"},"content":"    public DukeException(String error){","lastModifiedDate":"2021-08-29"},{"lineNumber":6,"author":{"gitId":"IcyNoPeople"},"content":"            super(error);","lastModifiedDate":"2021-08-29"},{"lineNumber":7,"author":{"gitId":"IcyNoPeople"},"content":"        }","lastModifiedDate":"2021-08-29"},{"lineNumber":8,"author":{"gitId":"IcyNoPeople"},"content":"","lastModifiedDate":"2021-08-29"},{"lineNumber":9,"author":{"gitId":"IcyNoPeople"},"content":"","lastModifiedDate":"2021-08-29"},{"lineNumber":10,"author":{"gitId":"IcyNoPeople"},"content":"}","lastModifiedDate":"2021-08-29"}],"authorContributionMap":{"IcyNoPeople":10}},{"path":"src/main/java/Duke/Task/Deadline.java","fileType":"java","lines":[{"lineNumber":1,"author":{"gitId":"IcyNoPeople"},"content":"package Duke.Task;","lastModifiedDate":"2021-08-29"},{"lineNumber":2,"author":{"gitId":"IcyNoPeople"},"content":"","lastModifiedDate":"2021-08-29"},{"lineNumber":3,"author":{"gitId":"IcyNoPeople"},"content":"","lastModifiedDate":"2021-08-29"},{"lineNumber":4,"author":{"gitId":"IcyNoPeople"},"content":"","lastModifiedDate":"2021-08-29"},{"lineNumber":5,"author":{"gitId":"IcyNoPeople"},"content":"import java.time.LocalDate;","lastModifiedDate":"2021-08-29"},{"lineNumber":6,"author":{"gitId":"IcyNoPeople"},"content":"import java.time.LocalTime;","lastModifiedDate":"2021-08-29"},{"lineNumber":7,"author":{"gitId":"IcyNoPeople"},"content":"","lastModifiedDate":"2021-08-29"},{"lineNumber":8,"author":{"gitId":"IcyNoPeople"},"content":"public class Deadline extends Task {","lastModifiedDate":"2021-08-29"},{"lineNumber":9,"author":{"gitId":"IcyNoPeople"},"content":"    protected LocalDate taskDate;","lastModifiedDate":"2021-08-29"},{"lineNumber":10,"author":{"gitId":"IcyNoPeople"},"content":"    protected LocalTime taskTime;","lastModifiedDate":"2021-08-29"},{"lineNumber":11,"author":{"gitId":"IcyNoPeople"},"content":"    protected boolean hasTime \u003d false;","lastModifiedDate":"2021-08-29"},{"lineNumber":12,"author":{"gitId":"IcyNoPeople"},"content":"    protected String taskDateString;","lastModifiedDate":"2021-08-29"},{"lineNumber":13,"author":{"gitId":"IcyNoPeople"},"content":"","lastModifiedDate":"2021-08-29"},{"lineNumber":14,"author":{"gitId":"IcyNoPeople"},"content":"    public Deadline(String description, LocalDate taskDate) {","lastModifiedDate":"2021-08-29"},{"lineNumber":15,"author":{"gitId":"IcyNoPeople"},"content":"        super(description);","lastModifiedDate":"2021-08-29"},{"lineNumber":16,"author":{"gitId":"IcyNoPeople"},"content":"        this.taskDate \u003d taskDate;","lastModifiedDate":"2021-08-29"},{"lineNumber":17,"author":{"gitId":"IcyNoPeople"},"content":"    }","lastModifiedDate":"2021-08-29"},{"lineNumber":18,"author":{"gitId":"IcyNoPeople"},"content":"","lastModifiedDate":"2021-08-29"},{"lineNumber":19,"author":{"gitId":"IcyNoPeople"},"content":"    public Deadline(String description, String stringDate) {","lastModifiedDate":"2021-08-29"},{"lineNumber":20,"author":{"gitId":"IcyNoPeople"},"content":"        super(description);","lastModifiedDate":"2021-08-29"},{"lineNumber":21,"author":{"gitId":"IcyNoPeople"},"content":"        this.taskDateString \u003d stringDate;","lastModifiedDate":"2021-08-29"},{"lineNumber":22,"author":{"gitId":"IcyNoPeople"},"content":"    }","lastModifiedDate":"2021-08-29"},{"lineNumber":23,"author":{"gitId":"IcyNoPeople"},"content":"","lastModifiedDate":"2021-08-29"},{"lineNumber":24,"author":{"gitId":"IcyNoPeople"},"content":"","lastModifiedDate":"2021-08-29"},{"lineNumber":25,"author":{"gitId":"IcyNoPeople"},"content":"","lastModifiedDate":"2021-08-29"},{"lineNumber":26,"author":{"gitId":"IcyNoPeople"},"content":"","lastModifiedDate":"2021-08-29"},{"lineNumber":27,"author":{"gitId":"IcyNoPeople"},"content":"    @Override","lastModifiedDate":"2021-08-29"},{"lineNumber":28,"author":{"gitId":"IcyNoPeople"},"content":"    public String toString() {","lastModifiedDate":"2021-08-29"},{"lineNumber":29,"author":{"gitId":"IcyNoPeople"},"content":"        return \"[D]\" + super.toString() + \" (by: \" + taskDateString + \")\";","lastModifiedDate":"2021-08-29"},{"lineNumber":30,"author":{"gitId":"IcyNoPeople"},"content":"    }","lastModifiedDate":"2021-08-29"},{"lineNumber":31,"author":{"gitId":"IcyNoPeople"},"content":"}","lastModifiedDate":"2021-08-29"}],"authorContributionMap":{"IcyNoPeople":31}},{"path":"src/main/java/Duke/Task/Event.java","fileType":"java","lines":[{"lineNumber":1,"author":{"gitId":"IcyNoPeople"},"content":"package Duke.Task;","lastModifiedDate":"2021-08-29"},{"lineNumber":2,"author":{"gitId":"IcyNoPeople"},"content":"","lastModifiedDate":"2021-08-29"},{"lineNumber":3,"author":{"gitId":"IcyNoPeople"},"content":"","lastModifiedDate":"2021-08-29"},{"lineNumber":4,"author":{"gitId":"IcyNoPeople"},"content":"","lastModifiedDate":"2021-08-29"},{"lineNumber":5,"author":{"gitId":"IcyNoPeople"},"content":"import java.time.LocalDate;","lastModifiedDate":"2021-08-29"},{"lineNumber":6,"author":{"gitId":"IcyNoPeople"},"content":"import java.time.LocalTime;","lastModifiedDate":"2021-08-29"},{"lineNumber":7,"author":{"gitId":"IcyNoPeople"},"content":"","lastModifiedDate":"2021-08-29"},{"lineNumber":8,"author":{"gitId":"IcyNoPeople"},"content":"public class Event extends Task {","lastModifiedDate":"2021-08-29"},{"lineNumber":9,"author":{"gitId":"IcyNoPeople"},"content":"    protected LocalDate taskDate;","lastModifiedDate":"2021-08-29"},{"lineNumber":10,"author":{"gitId":"IcyNoPeople"},"content":"    protected LocalTime taskTime;","lastModifiedDate":"2021-08-29"},{"lineNumber":11,"author":{"gitId":"IcyNoPeople"},"content":"    protected boolean hasTime \u003d false;","lastModifiedDate":"2021-08-29"},{"lineNumber":12,"author":{"gitId":"IcyNoPeople"},"content":"    protected String taskDateString;","lastModifiedDate":"2021-08-29"},{"lineNumber":13,"author":{"gitId":"IcyNoPeople"},"content":"","lastModifiedDate":"2021-08-29"},{"lineNumber":14,"author":{"gitId":"IcyNoPeople"},"content":"    /**","lastModifiedDate":"2021-08-29"},{"lineNumber":15,"author":{"gitId":"IcyNoPeople"},"content":"     * Constructs the Duke.Task.Event class without a time","lastModifiedDate":"2021-08-29"},{"lineNumber":16,"author":{"gitId":"IcyNoPeople"},"content":"     * @param description the description the user input","lastModifiedDate":"2021-08-29"},{"lineNumber":17,"author":{"gitId":"IcyNoPeople"},"content":"     * @param taskDate the date that the user input","lastModifiedDate":"2021-08-29"},{"lineNumber":18,"author":{"gitId":"IcyNoPeople"},"content":"     */","lastModifiedDate":"2021-08-29"},{"lineNumber":19,"author":{"gitId":"IcyNoPeople"},"content":"    public Event(String description, LocalDate taskDate) {","lastModifiedDate":"2021-08-29"},{"lineNumber":20,"author":{"gitId":"IcyNoPeople"},"content":"        super(description);","lastModifiedDate":"2021-08-29"},{"lineNumber":21,"author":{"gitId":"IcyNoPeople"},"content":"        this.taskDate \u003d taskDate;","lastModifiedDate":"2021-08-29"},{"lineNumber":22,"author":{"gitId":"IcyNoPeople"},"content":"    }","lastModifiedDate":"2021-08-29"},{"lineNumber":23,"author":{"gitId":"IcyNoPeople"},"content":"","lastModifiedDate":"2021-08-29"},{"lineNumber":24,"author":{"gitId":"IcyNoPeople"},"content":"    public Event(String description, String taskDateString) {","lastModifiedDate":"2021-08-29"},{"lineNumber":25,"author":{"gitId":"IcyNoPeople"},"content":"        super(description);","lastModifiedDate":"2021-08-29"},{"lineNumber":26,"author":{"gitId":"IcyNoPeople"},"content":"        this.taskDateString \u003d taskDateString;","lastModifiedDate":"2021-08-29"},{"lineNumber":27,"author":{"gitId":"IcyNoPeople"},"content":"    }","lastModifiedDate":"2021-08-29"},{"lineNumber":28,"author":{"gitId":"IcyNoPeople"},"content":"","lastModifiedDate":"2021-08-29"},{"lineNumber":29,"author":{"gitId":"IcyNoPeople"},"content":"","lastModifiedDate":"2021-08-29"},{"lineNumber":30,"author":{"gitId":"IcyNoPeople"},"content":"","lastModifiedDate":"2021-08-29"},{"lineNumber":31,"author":{"gitId":"IcyNoPeople"},"content":"    @Override","lastModifiedDate":"2021-08-29"},{"lineNumber":32,"author":{"gitId":"IcyNoPeople"},"content":"    public String toString() {","lastModifiedDate":"2021-08-29"},{"lineNumber":33,"author":{"gitId":"IcyNoPeople"},"content":"        return \"[E]\" + super.toString() + \" (at: \" + taskDateString + \")\";","lastModifiedDate":"2021-08-29"},{"lineNumber":34,"author":{"gitId":"IcyNoPeople"},"content":"    }","lastModifiedDate":"2021-08-29"},{"lineNumber":35,"author":{"gitId":"IcyNoPeople"},"content":"}","lastModifiedDate":"2021-08-29"}],"authorContributionMap":{"IcyNoPeople":35}},{"path":"src/main/java/Duke/Task/Task.java","fileType":"java","lines":[{"lineNumber":1,"author":{"gitId":"IcyNoPeople"},"content":"package Duke.Task;","lastModifiedDate":"2021-08-29"},{"lineNumber":2,"author":{"gitId":"IcyNoPeople"},"content":"","lastModifiedDate":"2021-08-29"},{"lineNumber":3,"author":{"gitId":"IcyNoPeople"},"content":"public abstract class Task {","lastModifiedDate":"2021-08-29"},{"lineNumber":4,"author":{"gitId":"IcyNoPeople"},"content":"    protected String description;","lastModifiedDate":"2021-08-20"},{"lineNumber":5,"author":{"gitId":"IcyNoPeople"},"content":"    protected boolean isDone;","lastModifiedDate":"2021-08-20"},{"lineNumber":6,"author":{"gitId":"IcyNoPeople"},"content":"","lastModifiedDate":"2021-08-20"},{"lineNumber":7,"author":{"gitId":"IcyNoPeople"},"content":"    public Task(String description) {","lastModifiedDate":"2021-08-20"},{"lineNumber":8,"author":{"gitId":"IcyNoPeople"},"content":"        this.description \u003d description;","lastModifiedDate":"2021-08-20"},{"lineNumber":9,"author":{"gitId":"IcyNoPeople"},"content":"        this.isDone \u003d false;","lastModifiedDate":"2021-08-20"},{"lineNumber":10,"author":{"gitId":"IcyNoPeople"},"content":"    }","lastModifiedDate":"2021-08-20"},{"lineNumber":11,"author":{"gitId":"IcyNoPeople"},"content":"","lastModifiedDate":"2021-08-20"},{"lineNumber":12,"author":{"gitId":"IcyNoPeople"},"content":"    public String getStatusIcon() {","lastModifiedDate":"2021-08-20"},{"lineNumber":13,"author":{"gitId":"IcyNoPeople"},"content":"        return (isDone ? \"X\" : \" \"); // mark done task with X","lastModifiedDate":"2021-08-20"},{"lineNumber":14,"author":{"gitId":"IcyNoPeople"},"content":"    }","lastModifiedDate":"2021-08-20"},{"lineNumber":15,"author":{"gitId":"IcyNoPeople"},"content":"","lastModifiedDate":"2021-08-20"},{"lineNumber":16,"author":{"gitId":"IcyNoPeople"},"content":"    public void markAsDone(){","lastModifiedDate":"2021-08-20"},{"lineNumber":17,"author":{"gitId":"IcyNoPeople"},"content":"        isDone \u003d true;","lastModifiedDate":"2021-08-20"},{"lineNumber":18,"author":{"gitId":"IcyNoPeople"},"content":"    }","lastModifiedDate":"2021-08-20"},{"lineNumber":19,"author":{"gitId":"IcyNoPeople"},"content":"","lastModifiedDate":"2021-08-20"},{"lineNumber":20,"author":{"gitId":"IcyNoPeople"},"content":"    public String getDescription(){","lastModifiedDate":"2021-08-20"},{"lineNumber":21,"author":{"gitId":"IcyNoPeople"},"content":"        return description;","lastModifiedDate":"2021-08-20"},{"lineNumber":22,"author":{"gitId":"IcyNoPeople"},"content":"    }","lastModifiedDate":"2021-08-20"},{"lineNumber":23,"author":{"gitId":"IcyNoPeople"},"content":"","lastModifiedDate":"2021-08-20"},{"lineNumber":24,"author":{"gitId":"IcyNoPeople"},"content":"    public String getTask(){","lastModifiedDate":"2021-08-29"},{"lineNumber":25,"author":{"gitId":"IcyNoPeople"},"content":"        return description;","lastModifiedDate":"2021-08-29"},{"lineNumber":26,"author":{"gitId":"IcyNoPeople"},"content":"    }","lastModifiedDate":"2021-08-29"},{"lineNumber":27,"author":{"gitId":"IcyNoPeople"},"content":"","lastModifiedDate":"2021-08-29"},{"lineNumber":28,"author":{"gitId":"IcyNoPeople"},"content":"    public String toString() {","lastModifiedDate":"2021-08-29"},{"lineNumber":29,"author":{"gitId":"IcyNoPeople"},"content":"        return \" [\" + this.getStatusIcon() + \"] \" + this.getTask();","lastModifiedDate":"2021-08-29"},{"lineNumber":30,"author":{"gitId":"IcyNoPeople"},"content":"    }","lastModifiedDate":"2021-08-29"},{"lineNumber":31,"author":{"gitId":"IcyNoPeople"},"content":"","lastModifiedDate":"2021-08-29"},{"lineNumber":32,"author":{"gitId":"IcyNoPeople"},"content":"}","lastModifiedDate":"2021-08-20"}],"authorContributionMap":{"IcyNoPeople":32}},{"path":"src/main/java/Duke/Task/ToDo.java","fileType":"java","lines":[{"lineNumber":1,"author":{"gitId":"IcyNoPeople"},"content":"package Duke.Task;","lastModifiedDate":"2021-08-29"},{"lineNumber":2,"author":{"gitId":"IcyNoPeople"},"content":"","lastModifiedDate":"2021-08-29"},{"lineNumber":3,"author":{"gitId":"IcyNoPeople"},"content":"","lastModifiedDate":"2021-08-29"},{"lineNumber":4,"author":{"gitId":"IcyNoPeople"},"content":"","lastModifiedDate":"2021-08-29"},{"lineNumber":5,"author":{"gitId":"IcyNoPeople"},"content":"public class ToDo extends Task {","lastModifiedDate":"2021-08-29"},{"lineNumber":6,"author":{"gitId":"IcyNoPeople"},"content":"","lastModifiedDate":"2021-08-29"},{"lineNumber":7,"author":{"gitId":"IcyNoPeople"},"content":"    public ToDo(String thingsToDo) {","lastModifiedDate":"2021-08-29"},{"lineNumber":8,"author":{"gitId":"IcyNoPeople"},"content":"        super(thingsToDo);","lastModifiedDate":"2021-08-29"},{"lineNumber":9,"author":{"gitId":"IcyNoPeople"},"content":"","lastModifiedDate":"2021-08-29"},{"lineNumber":10,"author":{"gitId":"IcyNoPeople"},"content":"    }","lastModifiedDate":"2021-08-29"},{"lineNumber":11,"author":{"gitId":"IcyNoPeople"},"content":"","lastModifiedDate":"2021-08-29"},{"lineNumber":12,"author":{"gitId":"IcyNoPeople"},"content":"    @Override","lastModifiedDate":"2021-08-29"},{"lineNumber":13,"author":{"gitId":"IcyNoPeople"},"content":"    public String toString() {","lastModifiedDate":"2021-08-29"},{"lineNumber":14,"author":{"gitId":"IcyNoPeople"},"content":"        return \"[T]\" + super.toString();","lastModifiedDate":"2021-08-29"},{"lineNumber":15,"author":{"gitId":"IcyNoPeople"},"content":"    }","lastModifiedDate":"2021-08-29"},{"lineNumber":16,"author":{"gitId":"IcyNoPeople"},"content":"","lastModifiedDate":"2021-08-29"},{"lineNumber":17,"author":{"gitId":"IcyNoPeople"},"content":"}","lastModifiedDate":"2021-08-29"}],"authorContributionMap":{"IcyNoPeople":17}},{"path":"text-ui-test/input.txt","fileType":"txt","lines":[{"lineNumber":1,"author":{"gitId":"IcyNoPeople"},"content":"todo lol","lastModifiedDate":"2021-08-29"},{"lineNumber":2,"author":{"gitId":"IcyNoPeople"},"content":"event lol /at sep","lastModifiedDate":"2021-08-29"},{"lineNumber":3,"author":{"gitId":"IcyNoPeople"},"content":"deadline event /by today","lastModifiedDate":"2021-08-29"},{"lineNumber":4,"author":{"gitId":"IcyNoPeople"},"content":"list","lastModifiedDate":"2021-08-29"},{"lineNumber":5,"author":{"gitId":"IcyNoPeople"},"content":"done 3","lastModifiedDate":"2021-08-29"},{"lineNumber":6,"author":{"gitId":"IcyNoPeople"},"content":"list","lastModifiedDate":"2021-08-29"},{"lineNumber":7,"author":{"gitId":"IcyNoPeople"},"content":"bye","lastModifiedDate":"2021-08-29"}],"authorContributionMap":{"IcyNoPeople":7}}]
