{"authorDailyContributionsMap":{"IcyNoPeople":[{"date":"2021-08-19","commitResults":[{"hash":"3e8188158d0efd180f3d6bd2a232df020d440b9e","messageTitle":"Level 0","messageBody":"","tags":["level-0"],"fileTypesAndContributionMap":{"java":{"insertions":5,"deletions":0}}}]},{"date":"2021-08-20","commitResults":[{"hash":"60584962a4d04d7dd15f84341b15c856807948a6","messageTitle":"Level 1","messageBody":"","tags":["level-1"],"fileTypesAndContributionMap":{"java":{"insertions":28,"deletions":1}}},{"hash":"85ba1b314f3bc1310f1d8ea2bf1621aeff1aa471","messageTitle":"level 2","messageBody":"","tags":["level-2"],"fileTypesAndContributionMap":{"java":{"insertions":26,"deletions":9}}},{"hash":"0771d82352e48da2ee4b55d3780a8d7efa1b09e6","messageTitle":"level 3","messageBody":"","fileTypesAndContributionMap":{"java":{"insertions":52,"deletions":19}}},{"hash":"f7c0d5bf0cbc4d9208acf0a91a0a2ac4764ce835","messageTitle":"level-3","messageBody":"","tags":["level-3"],"fileTypesAndContributionMap":{"java":{"insertions":1,"deletions":1}}}]},{"date":"2021-08-29","commitResults":[{"hash":"3a9c65cb664a76499c8b835f74e30cd90f49c5c8","messageTitle":"level 4","messageBody":"","tags":["level-4","A-CodingStandard"],"fileTypesAndContributionMap":{"java":{"insertions":123,"deletions":9}}},{"hash":"02f186d1b578717927e9a543d87c47f746fa4883","messageTitle":"A-TextUiTesting","messageBody":"","tags":["A-TextUiTesting"],"fileTypesAndContributionMap":{"txt":{"insertions":7,"deletions":0}}}]}]},"authorFileTypeContributionMap":{"IcyNoPeople":{"java":196,"md":0,"fxml":0,"sh":0,"bat":0,"gradle":0,"txt":7}},"authorContributionVariance":{"IcyNoPeople":1635.9506},"authorDisplayNameMap":{"IcyNoPeople":"TIC4001-F18-1 LEOW.. HUI"}}
