{"authorDailyContributionsMap":{"IcyNoPeople":[{"date":"2021-08-19","commitResults":[{"hash":"3e8188158d0efd180f3d6bd2a232df020d440b9e","messageTitle":"Level 0","messageBody":"","fileTypesAndContributionMap":{"java":{"insertions":5,"deletions":0}}}]},{"date":"2021-08-20","commitResults":[{"hash":"60584962a4d04d7dd15f84341b15c856807948a6","messageTitle":"Level 1","messageBody":"","fileTypesAndContributionMap":{"java":{"insertions":28,"deletions":1}}}]}]},"authorFileTypeContributionMap":{"IcyNoPeople":{"java":32,"md":0,"fxml":0,"sh":0,"bat":0,"gradle":0,"txt":0}},"authorContributionVariance":{"IcyNoPeople":64.138885},"authorDisplayNameMap":{"IcyNoPeople":"LEOW.. HUI"}}
