{"authorDailyContributionsMap":{"IcyNoPeople":[{"date":"2021-08-19","commitResults":[{"hash":"3e8188158d0efd180f3d6bd2a232df020d440b9e","messageTitle":"Level 0","messageBody":"","tags":["level-0"],"fileTypesAndContributionMap":{"java":{"insertions":5,"deletions":0}}}]},{"date":"2021-08-20","commitResults":[{"hash":"60584962a4d04d7dd15f84341b15c856807948a6","messageTitle":"Level 1","messageBody":"","tags":["level-1"],"fileTypesAndContributionMap":{"java":{"insertions":28,"deletions":1}}},{"hash":"85ba1b314f3bc1310f1d8ea2bf1621aeff1aa471","messageTitle":"level 2","messageBody":"","tags":["level-2"],"fileTypesAndContributionMap":{"java":{"insertions":26,"deletions":9}}},{"hash":"0771d82352e48da2ee4b55d3780a8d7efa1b09e6","messageTitle":"level 3","messageBody":"","fileTypesAndContributionMap":{"java":{"insertions":52,"deletions":19}}},{"hash":"f7c0d5bf0cbc4d9208acf0a91a0a2ac4764ce835","messageTitle":"level-3","messageBody":"","tags":["level-3"],"fileTypesAndContributionMap":{"java":{"insertions":1,"deletions":1}}}]},{"date":"2021-08-29","commitResults":[{"hash":"3a9c65cb664a76499c8b835f74e30cd90f49c5c8","messageTitle":"level 4","messageBody":"","tags":["level-4","A-CodingStandard"],"fileTypesAndContributionMap":{"java":{"insertions":123,"deletions":9}}},{"hash":"02f186d1b578717927e9a543d87c47f746fa4883","messageTitle":"A-TextUiTesting","messageBody":"","tags":["A-TextUiTesting"],"fileTypesAndContributionMap":{"txt":{"insertions":7,"deletions":0}}},{"hash":"57b109989fc9e480dc6206c143997d82998f509a","messageTitle":"level 5","messageBody":"","tags":["level-5"],"fileTypesAndContributionMap":{"java":{"insertions":13,"deletions":3}}},{"hash":"269991541809b8b82856224dba69edec8c2e57f7","messageTitle":"A-CodeQuality","messageBody":"","tags":["A-CodeQuality"],"fileTypesAndContributionMap":{"java":{"insertions":7,"deletions":7}}},{"hash":"0883b9374b1cf2a51f045c0887d631903bf8cb5c","messageTitle":"A-CodeQuality 2","messageBody":"","fileTypesAndContributionMap":{"java":{"insertions":70,"deletions":69}}},{"hash":"c554ce1f753ab162ebe4157c7e940e60e647b701","messageTitle":"A-AbstractClasses","messageBody":"","tags":["A-AbstractClasses"],"fileTypesAndContributionMap":{"java":{"insertions":4,"deletions":5}}},{"hash":"e0106f7daf09e19f452a43d2f450a9333c633a4d","messageTitle":"A-Packages","messageBody":"","tags":["A-Packages"],"fileTypesAndContributionMap":{"java":{"insertions":43,"deletions":1}}}]},{"date":"2021-09-05","commitResults":[{"hash":"36ce2015ec5d67b832e5049bf135571d95d15229","messageTitle":"level-5 and re-package","messageBody":"","fileTypesAndContributionMap":{"java":{"insertions":13,"deletions":13}}}]},{"date":"2021-09-11","commitResults":[{"hash":"afe0cd82b34434ebc70c6b10bf544d5b3577791d","messageTitle":"level5","messageBody":"","fileTypesAndContributionMap":{"java":{"insertions":2,"deletions":2}}},{"hash":"bd8be006a6cf0b3f57ca1f514340b5b0adf0eb2a","messageTitle":"2","messageBody":"","fileTypesAndContributionMap":{"java":{"insertions":0,"deletions":1}}}]},{"date":"2021-09-12","commitResults":[{"hash":"d4b5f0797bab10254b6cb4020c273eea373cf5e4","messageTitle":"level 6","messageBody":"","fileTypesAndContributionMap":{"java":{"insertions":19,"deletions":0}}}]}]},"authorFileTypeContributionMap":{"IcyNoPeople":{"java":266,"md":0,"fxml":0,"sh":0,"bat":0,"gradle":0,"txt":7}},"authorContributionVariance":{"IcyNoPeople":4041.132},"authorDisplayNameMap":{"IcyNoPeople":"TIC4001-F18-1 LEOW.. HUI"}}
