{"authorDailyContributionsMap":{"IcyNoPeople":[{"date":"0008-09-19","commitResults":[{"hash":"45d302bcb41bacdbcb85939b50dd01afc20f287e","messageTitle":"a-jar files","messageBody":"","tags":["A-Jar"],"fileTypesAndContributionMap":{"java":{"insertions":3,"deletions":3}}}]},{"date":"2021-08-19","commitResults":[{"hash":"3e8188158d0efd180f3d6bd2a232df020d440b9e","messageTitle":"Level 0","messageBody":"","tags":["level-0"],"fileTypesAndContributionMap":{"java":{"insertions":5,"deletions":0}}}]},{"date":"2021-08-20","commitResults":[{"hash":"60584962a4d04d7dd15f84341b15c856807948a6","messageTitle":"Level 1","messageBody":"","tags":["level-1"],"fileTypesAndContributionMap":{"java":{"insertions":28,"deletions":1}}},{"hash":"85ba1b314f3bc1310f1d8ea2bf1621aeff1aa471","messageTitle":"level 2","messageBody":"","tags":["level-2"],"fileTypesAndContributionMap":{"java":{"insertions":26,"deletions":9}}},{"hash":"0771d82352e48da2ee4b55d3780a8d7efa1b09e6","messageTitle":"level 3","messageBody":"","fileTypesAndContributionMap":{"java":{"insertions":52,"deletions":19}}},{"hash":"f7c0d5bf0cbc4d9208acf0a91a0a2ac4764ce835","messageTitle":"level-3","messageBody":"","tags":["level-3"],"fileTypesAndContributionMap":{"java":{"insertions":1,"deletions":1}}}]},{"date":"2021-08-29","commitResults":[{"hash":"3a9c65cb664a76499c8b835f74e30cd90f49c5c8","messageTitle":"level 4","messageBody":"","tags":["level-4","A-CodingStandard"],"fileTypesAndContributionMap":{"java":{"insertions":123,"deletions":9}}},{"hash":"02f186d1b578717927e9a543d87c47f746fa4883","messageTitle":"A-TextUiTesting","messageBody":"","tags":["A-TextUiTesting"],"fileTypesAndContributionMap":{"txt":{"insertions":7,"deletions":0}}},{"hash":"57b109989fc9e480dc6206c143997d82998f509a","messageTitle":"level 5","messageBody":"","tags":["level-5"],"fileTypesAndContributionMap":{"java":{"insertions":13,"deletions":3}}},{"hash":"269991541809b8b82856224dba69edec8c2e57f7","messageTitle":"A-CodeQuality","messageBody":"","tags":["A-CodeQuality"],"fileTypesAndContributionMap":{"java":{"insertions":7,"deletions":7}}},{"hash":"0883b9374b1cf2a51f045c0887d631903bf8cb5c","messageTitle":"A-CodeQuality 2","messageBody":"","fileTypesAndContributionMap":{"java":{"insertions":70,"deletions":69}}},{"hash":"c554ce1f753ab162ebe4157c7e940e60e647b701","messageTitle":"A-AbstractClasses","messageBody":"","tags":["A-AbstractClasses"],"fileTypesAndContributionMap":{"java":{"insertions":4,"deletions":5}}},{"hash":"e0106f7daf09e19f452a43d2f450a9333c633a4d","messageTitle":"A-Packages","messageBody":"","tags":["A-Packages"],"fileTypesAndContributionMap":{"java":{"insertions":43,"deletions":1}}}]},{"date":"2021-09-05","commitResults":[{"hash":"36ce2015ec5d67b832e5049bf135571d95d15229","messageTitle":"level-5 and re-package","messageBody":"","fileTypesAndContributionMap":{"java":{"insertions":13,"deletions":13}}}]},{"date":"2021-09-11","commitResults":[{"hash":"afe0cd82b34434ebc70c6b10bf544d5b3577791d","messageTitle":"level5","messageBody":"","fileTypesAndContributionMap":{"java":{"insertions":2,"deletions":2}}},{"hash":"bd8be006a6cf0b3f57ca1f514340b5b0adf0eb2a","messageTitle":"2","messageBody":"","fileTypesAndContributionMap":{"java":{"insertions":0,"deletions":1}}}]},{"date":"2021-09-12","commitResults":[{"hash":"d4b5f0797bab10254b6cb4020c273eea373cf5e4","messageTitle":"level 6","messageBody":"","tags":["level-6"],"fileTypesAndContributionMap":{"java":{"insertions":19,"deletions":0}}}]},{"date":"2021-09-19","commitResults":[{"hash":"16ef8e3e067260fda7628b5fc231421923acd78b","messageTitle":"level-7","messageBody":"","tags":["Level-7"],"fileTypesAndContributionMap":{"txt":{"insertions":2,"deletions":0},"java":{"insertions":168,"deletions":5}}},{"hash":"a3c67bbba93213623ee8f58d2d298c0ca097ce68","messageTitle":"A-JavaDoc","messageBody":"","tags":["A-JavaDoc"],"fileTypesAndContributionMap":{"java":{"insertions":72,"deletions":12}}},{"hash":"04008b9e2d4c4feabb87d91dc0cc59893cd58508","messageTitle":"k","messageBody":"","fileTypesAndContributionMap":{"java":{"insertions":0,"deletions":6}}},{"hash":"4d2d9416b2ab1ab7e5cd43d8732e9d04f61f27f0","messageTitle":"k","messageBody":"","fileTypesAndContributionMap":{"java":{"insertions":0,"deletions":1}}},{"hash":"cda8a9e527a0c39f17af5454311f56c898295185","messageTitle":"k","messageBody":"","fileTypesAndContributionMap":{"java":{"insertions":1,"deletions":14}}}]},{"date":"2021-09-26","commitResults":[{"hash":"528d80424bff756647f2870f7ddc3e722d1cff6d","messageTitle":"more oop","messageBody":"","tags":["A-MoreOOP"],"fileTypesAndContributionMap":{"txt":{"insertions":2,"deletions":0},"java":{"insertions":1011,"deletions":256}}},{"hash":"4ac0d370736fb19d3280f3c76710d9c045bda97d","messageTitle":"bug fixing","messageBody":"","fileTypesAndContributionMap":{"txt":{"insertions":5,"deletions":0},"java":{"insertions":13,"deletions":10}}},{"hash":"7aeb9f3bf6a60cd11e65579741a044156551f0f6","messageTitle":"Level-8","messageBody":"","tags":["Level-8"],"fileTypesAndContributionMap":{"txt":{"insertions":1,"deletions":0},"java":{"insertions":50,"deletions":30}}},{"hash":"855771a715c17c909163f18a450a7774fae6ac6c","messageTitle":"level-9","messageBody":"","tags":["Level-9"],"fileTypesAndContributionMap":{"txt":{"insertions":2,"deletions":0},"java":{"insertions":68,"deletions":1}}},{"hash":"497c5f1764d4254af526559c0148ed5f41d430cf","messageTitle":"j-unit","messageBody":"","tags":["A-JUnit"],"fileTypesAndContributionMap":{"java":{"insertions":173,"deletions":17}}},{"hash":"03dd7f29536d4f27a29d0da099876e322ba0e79a","messageTitle":"Bug fix","messageBody":"","fileTypesAndContributionMap":{"java":{"insertions":16,"deletions":15}}},{"hash":"565d56cebe93a3cd592490e2ddbbdf6584b982e3","messageTitle":"Update README.md","messageBody":"","fileTypesAndContributionMap":{"md":{"insertions":1,"deletions":1}}},{"hash":"e28b41dbb5117f0ef4d8876d90fbf52925a6ba7b","messageTitle":"find","messageBody":"","fileTypesAndContributionMap":{"java":{"insertions":0,"deletions":60}}},{"hash":"6361b4c3120801901c977a758e783a9c9d986ef2","messageTitle":"find","messageBody":"","fileTypesAndContributionMap":{"java":{"insertions":60,"deletions":0}}},{"hash":"d5c4d3360e64b5148f132804a368fbc646e43bfa","messageTitle":"Update README.md","messageBody":"","fileTypesAndContributionMap":{"md":{"insertions":227,"deletions":9}}},{"hash":"5a5ea0a18b837d6970527632c983fae4f4d05735","messageTitle":"updates","messageBody":"","fileTypesAndContributionMap":{"txt":{"insertions":3,"deletions":5},"java":{"insertions":111,"deletions":2}}}]},{"date":"2021-09-27","commitResults":[{"hash":"e397aebdc2c48be93dcb86b207eb0fb56ff1d120","messageTitle":"remove files","messageBody":"","tags":["A-Release"],"fileTypesAndContributionMap":{"txt":{"insertions":0,"deletions":4}}},{"hash":"5f9a5d1381c77349a298152cd2c3a66bf32056be","messageTitle":"j-doc","messageBody":"","fileTypesAndContributionMap":{"java":{"insertions":112,"deletions":12}}}]}]},"authorFileTypeContributionMap":{"IcyNoPeople":{"java":1691,"md":227,"fxml":0,"sh":0,"bat":0,"gradle":0,"txt":11}},"authorContributionVariance":{"IcyNoPeople":3886.2769},"authorDisplayNameMap":{"IcyNoPeople":"TIC4001-F18-1 LEOW.. HUI"}}
