[{"path":"src/main/java/Command.java","fileType":"java","lines":[{"lineNumber":1,"author":{"gitId":"zyjarvis"},"content":"public class Command {","lastModifiedDate":"2021-08-21"},{"lineNumber":2,"author":{"gitId":"zyjarvis"},"content":"    protected String fullCommand;","lastModifiedDate":"2021-08-21"},{"lineNumber":3,"author":{"gitId":"zyjarvis"},"content":"    protected boolean isExit;","lastModifiedDate":"2021-08-21"},{"lineNumber":4,"author":{"gitId":"zyjarvis"},"content":"","lastModifiedDate":"2021-08-21"},{"lineNumber":5,"author":{"gitId":"zyjarvis"},"content":"    public Command(String fullCommand) {","lastModifiedDate":"2021-08-21"},{"lineNumber":6,"author":{"gitId":"zyjarvis"},"content":"        this.fullCommand \u003d fullCommand;","lastModifiedDate":"2021-08-21"},{"lineNumber":7,"author":{"gitId":"zyjarvis"},"content":"        this.isExit \u003d false;","lastModifiedDate":"2021-08-21"},{"lineNumber":8,"author":{"gitId":"zyjarvis"},"content":"    }","lastModifiedDate":"2021-08-21"},{"lineNumber":9,"author":{"gitId":"zyjarvis"},"content":"","lastModifiedDate":"2021-08-21"},{"lineNumber":10,"author":{"gitId":"zyjarvis"},"content":"    public void execute(TaskList taskList) {","lastModifiedDate":"2021-08-22"},{"lineNumber":11,"author":{"gitId":"zyjarvis"},"content":"        String command \u003d Parser.command(fullCommand);","lastModifiedDate":"2021-08-22"},{"lineNumber":12,"author":{"gitId":"zyjarvis"},"content":"","lastModifiedDate":"2021-08-21"},{"lineNumber":13,"author":{"gitId":"zyjarvis"},"content":"        switch (command) {","lastModifiedDate":"2021-08-21"},{"lineNumber":14,"author":{"gitId":"zyjarvis"},"content":"            case \"list\":","lastModifiedDate":"2021-08-22"},{"lineNumber":15,"author":{"gitId":"zyjarvis"},"content":"                UI.listMessage(taskList.taskList);","lastModifiedDate":"2021-08-22"},{"lineNumber":16,"author":{"gitId":"zyjarvis"},"content":"                break;","lastModifiedDate":"2021-08-22"},{"lineNumber":17,"author":{"gitId":"zyjarvis"},"content":"            case \"done\":","lastModifiedDate":"2021-08-22"},{"lineNumber":18,"author":{"gitId":"zyjarvis"},"content":"                taskList.doneCommand(fullCommand);","lastModifiedDate":"2021-08-22"},{"lineNumber":19,"author":{"gitId":"zyjarvis"},"content":"                break;","lastModifiedDate":"2021-08-22"},{"lineNumber":20,"author":{"gitId":"zyjarvis"},"content":"            case \"bye\":","lastModifiedDate":"2021-08-21"},{"lineNumber":21,"author":{"gitId":"zyjarvis"},"content":"                UI.byeMessage();","lastModifiedDate":"2021-08-21"},{"lineNumber":22,"author":{"gitId":"zyjarvis"},"content":"                isExit \u003d true;","lastModifiedDate":"2021-08-21"},{"lineNumber":23,"author":{"gitId":"zyjarvis"},"content":"                break;","lastModifiedDate":"2021-08-21"},{"lineNumber":24,"author":{"gitId":"zyjarvis"},"content":"            default:","lastModifiedDate":"2021-08-21"},{"lineNumber":25,"author":{"gitId":"zyjarvis"},"content":"                taskList.addTaskCommand(fullCommand);","lastModifiedDate":"2021-08-22"},{"lineNumber":26,"author":{"gitId":"zyjarvis"},"content":"                break;","lastModifiedDate":"2021-08-21"},{"lineNumber":27,"author":{"gitId":"zyjarvis"},"content":"        }","lastModifiedDate":"2021-08-21"},{"lineNumber":28,"author":{"gitId":"zyjarvis"},"content":"    }","lastModifiedDate":"2021-08-21"},{"lineNumber":29,"author":{"gitId":"zyjarvis"},"content":"}","lastModifiedDate":"2021-08-21"}],"authorContributionMap":{"zyjarvis":29}},{"path":"src/main/java/Duke.java","fileType":"java","lines":[{"lineNumber":1,"author":{"gitId":"zyjarvis"},"content":"import java.util.ArrayList;","lastModifiedDate":"2021-08-22"},{"lineNumber":2,"author":{"gitId":"zyjarvis"},"content":"","lastModifiedDate":"2021-08-22"},{"lineNumber":3,"author":{"gitId":"-"},"content":"public class Duke {","lastModifiedDate":"2019-07-29"},{"lineNumber":4,"author":{"gitId":"zyjarvis"},"content":"    private UI ui;","lastModifiedDate":"2021-08-22"},{"lineNumber":5,"author":{"gitId":"zyjarvis"},"content":"    private TaskList taskList;","lastModifiedDate":"2021-08-22"},{"lineNumber":6,"author":{"gitId":"zyjarvis"},"content":"","lastModifiedDate":"2021-08-22"},{"lineNumber":7,"author":{"gitId":"zyjarvis"},"content":"    private Duke(){","lastModifiedDate":"2021-08-22"},{"lineNumber":8,"author":{"gitId":"zyjarvis"},"content":"        this.ui \u003d new UI();","lastModifiedDate":"2021-08-22"},{"lineNumber":9,"author":{"gitId":"zyjarvis"},"content":"        ArrayList\u003cTask\u003e tasks \u003d new ArrayList\u003c\u003e();","lastModifiedDate":"2021-08-22"},{"lineNumber":10,"author":{"gitId":"zyjarvis"},"content":"        this.taskList \u003d new TaskList(tasks);","lastModifiedDate":"2021-08-22"},{"lineNumber":11,"author":{"gitId":"zyjarvis"},"content":"    }","lastModifiedDate":"2021-08-22"},{"lineNumber":12,"author":{"gitId":"zyjarvis"},"content":"","lastModifiedDate":"2021-08-21"},{"lineNumber":13,"author":{"gitId":"zyjarvis"},"content":"    private void run() {","lastModifiedDate":"2021-08-21"},{"lineNumber":14,"author":{"gitId":"zyjarvis"},"content":"        ui.welcome();","lastModifiedDate":"2021-08-21"},{"lineNumber":15,"author":{"gitId":"zyjarvis"},"content":"        boolean isExit \u003d false;","lastModifiedDate":"2021-08-21"},{"lineNumber":16,"author":{"gitId":"zyjarvis"},"content":"        while(!isExit) {","lastModifiedDate":"2021-08-21"},{"lineNumber":17,"author":{"gitId":"zyjarvis"},"content":"            String fullCommand \u003d UI.readCommand();","lastModifiedDate":"2021-08-21"},{"lineNumber":18,"author":{"gitId":"zyjarvis"},"content":"            Command c \u003d new Command(fullCommand);","lastModifiedDate":"2021-08-21"},{"lineNumber":19,"author":{"gitId":"zyjarvis"},"content":"            ui.splitLine();","lastModifiedDate":"2021-08-22"},{"lineNumber":20,"author":{"gitId":"zyjarvis"},"content":"            c.execute(taskList);","lastModifiedDate":"2021-08-22"},{"lineNumber":21,"author":{"gitId":"zyjarvis"},"content":"            isExit \u003d c.isExit;","lastModifiedDate":"2021-08-21"},{"lineNumber":22,"author":{"gitId":"zyjarvis"},"content":"            ui.splitLine();","lastModifiedDate":"2021-08-22"},{"lineNumber":23,"author":{"gitId":"zyjarvis"},"content":"        }","lastModifiedDate":"2021-08-21"},{"lineNumber":24,"author":{"gitId":"zyjarvis"},"content":"    }","lastModifiedDate":"2021-08-21"},{"lineNumber":25,"author":{"gitId":"zyjarvis"},"content":"","lastModifiedDate":"2021-08-21"},{"lineNumber":26,"author":{"gitId":"-"},"content":"    public static void main(String[] args) {","lastModifiedDate":"2021-08-21"},{"lineNumber":27,"author":{"gitId":"zyjarvis"},"content":"        new Duke().run();","lastModifiedDate":"2021-08-21"},{"lineNumber":28,"author":{"gitId":"-"},"content":"    }","lastModifiedDate":"2019-07-29"},{"lineNumber":29,"author":{"gitId":"-"},"content":"}","lastModifiedDate":"2019-07-29"}],"authorContributionMap":{"zyjarvis":25,"-":4}},{"path":"src/main/java/Parser.java","fileType":"java","lines":[{"lineNumber":1,"author":{"gitId":"zyjarvis"},"content":"public class Parser {","lastModifiedDate":"2021-08-22"},{"lineNumber":2,"author":{"gitId":"zyjarvis"},"content":"    public static String command(String fullCommand) {","lastModifiedDate":"2021-08-22"},{"lineNumber":3,"author":{"gitId":"zyjarvis"},"content":"        return fullCommand.split(\" \")[0].toLowerCase();","lastModifiedDate":"2021-08-22"},{"lineNumber":4,"author":{"gitId":"zyjarvis"},"content":"    }","lastModifiedDate":"2021-08-22"},{"lineNumber":5,"author":{"gitId":"zyjarvis"},"content":"","lastModifiedDate":"2021-08-22"},{"lineNumber":6,"author":{"gitId":"zyjarvis"},"content":"    public static int taskNumber(String fullCommand) {","lastModifiedDate":"2021-08-22"},{"lineNumber":7,"author":{"gitId":"zyjarvis"},"content":"        int index \u003d Integer.parseInt(fullCommand.split(\" \")[1]) - 1;","lastModifiedDate":"2021-08-22"},{"lineNumber":8,"author":{"gitId":"zyjarvis"},"content":"        assert index \u003e\u003d 0: \"The index of task must be greater than 0\";","lastModifiedDate":"2021-08-22"},{"lineNumber":9,"author":{"gitId":"zyjarvis"},"content":"        return index;","lastModifiedDate":"2021-08-22"},{"lineNumber":10,"author":{"gitId":"zyjarvis"},"content":"    }","lastModifiedDate":"2021-08-22"},{"lineNumber":11,"author":{"gitId":"zyjarvis"},"content":"}","lastModifiedDate":"2021-08-22"}],"authorContributionMap":{"zyjarvis":11}},{"path":"src/main/java/Task.java","fileType":"java","lines":[{"lineNumber":1,"author":{"gitId":"zyjarvis"},"content":"public class Task {","lastModifiedDate":"2021-08-22"},{"lineNumber":2,"author":{"gitId":"zyjarvis"},"content":"    protected String description;","lastModifiedDate":"2021-08-22"},{"lineNumber":3,"author":{"gitId":"zyjarvis"},"content":"    protected boolean isDone;","lastModifiedDate":"2021-08-22"},{"lineNumber":4,"author":{"gitId":"zyjarvis"},"content":"","lastModifiedDate":"2021-08-22"},{"lineNumber":5,"author":{"gitId":"zyjarvis"},"content":"    public Task(String description) {","lastModifiedDate":"2021-08-22"},{"lineNumber":6,"author":{"gitId":"zyjarvis"},"content":"        this.description \u003d description;","lastModifiedDate":"2021-08-22"},{"lineNumber":7,"author":{"gitId":"zyjarvis"},"content":"        this.isDone \u003d false;","lastModifiedDate":"2021-08-22"},{"lineNumber":8,"author":{"gitId":"zyjarvis"},"content":"    }","lastModifiedDate":"2021-08-22"},{"lineNumber":9,"author":{"gitId":"zyjarvis"},"content":"","lastModifiedDate":"2021-08-22"},{"lineNumber":10,"author":{"gitId":"zyjarvis"},"content":"    public void markAsDone(){","lastModifiedDate":"2021-08-22"},{"lineNumber":11,"author":{"gitId":"zyjarvis"},"content":"        isDone \u003d true;","lastModifiedDate":"2021-08-22"},{"lineNumber":12,"author":{"gitId":"zyjarvis"},"content":"    }","lastModifiedDate":"2021-08-22"},{"lineNumber":13,"author":{"gitId":"zyjarvis"},"content":"","lastModifiedDate":"2021-08-22"},{"lineNumber":14,"author":{"gitId":"zyjarvis"},"content":"    public String getStatusIcon() {","lastModifiedDate":"2021-08-22"},{"lineNumber":15,"author":{"gitId":"zyjarvis"},"content":"        return (isDone ? \"\\u2713\" : \"\\u2718\");","lastModifiedDate":"2021-08-22"},{"lineNumber":16,"author":{"gitId":"zyjarvis"},"content":"    }","lastModifiedDate":"2021-08-22"},{"lineNumber":17,"author":{"gitId":"zyjarvis"},"content":"","lastModifiedDate":"2021-08-22"},{"lineNumber":18,"author":{"gitId":"zyjarvis"},"content":"    public String toString() {","lastModifiedDate":"2021-08-22"},{"lineNumber":19,"author":{"gitId":"zyjarvis"},"content":"        return \"[\" + getStatusIcon() + \"] \" + description;","lastModifiedDate":"2021-08-22"},{"lineNumber":20,"author":{"gitId":"zyjarvis"},"content":"    }","lastModifiedDate":"2021-08-22"},{"lineNumber":21,"author":{"gitId":"zyjarvis"},"content":"}","lastModifiedDate":"2021-08-22"}],"authorContributionMap":{"zyjarvis":21}},{"path":"src/main/java/TaskList.java","fileType":"java","lines":[{"lineNumber":1,"author":{"gitId":"zyjarvis"},"content":"import java.util.ArrayList;","lastModifiedDate":"2021-08-22"},{"lineNumber":2,"author":{"gitId":"zyjarvis"},"content":"","lastModifiedDate":"2021-08-22"},{"lineNumber":3,"author":{"gitId":"zyjarvis"},"content":"public class TaskList {","lastModifiedDate":"2021-08-22"},{"lineNumber":4,"author":{"gitId":"zyjarvis"},"content":"    protected ArrayList\u003cTask\u003e taskList;","lastModifiedDate":"2021-08-22"},{"lineNumber":5,"author":{"gitId":"zyjarvis"},"content":"","lastModifiedDate":"2021-08-22"},{"lineNumber":6,"author":{"gitId":"zyjarvis"},"content":"    public TaskList(ArrayList\u003cTask\u003e taskList){","lastModifiedDate":"2021-08-22"},{"lineNumber":7,"author":{"gitId":"zyjarvis"},"content":"        this.taskList \u003d taskList;","lastModifiedDate":"2021-08-22"},{"lineNumber":8,"author":{"gitId":"zyjarvis"},"content":"    }","lastModifiedDate":"2021-08-22"},{"lineNumber":9,"author":{"gitId":"zyjarvis"},"content":"","lastModifiedDate":"2021-08-22"},{"lineNumber":10,"author":{"gitId":"zyjarvis"},"content":"    public void addTaskCommand (String fullCommand) {","lastModifiedDate":"2021-08-22"},{"lineNumber":11,"author":{"gitId":"zyjarvis"},"content":"        String description \u003d fullCommand;","lastModifiedDate":"2021-08-22"},{"lineNumber":12,"author":{"gitId":"zyjarvis"},"content":"        Task t \u003d new Task(description);","lastModifiedDate":"2021-08-22"},{"lineNumber":13,"author":{"gitId":"zyjarvis"},"content":"        taskList.add(t);","lastModifiedDate":"2021-08-22"},{"lineNumber":14,"author":{"gitId":"zyjarvis"},"content":"        UI.addMessage(t.description);","lastModifiedDate":"2021-08-22"},{"lineNumber":15,"author":{"gitId":"zyjarvis"},"content":"    }","lastModifiedDate":"2021-08-22"},{"lineNumber":16,"author":{"gitId":"zyjarvis"},"content":"","lastModifiedDate":"2021-08-22"},{"lineNumber":17,"author":{"gitId":"zyjarvis"},"content":"    public void doneCommand (String fullCommand) {","lastModifiedDate":"2021-08-22"},{"lineNumber":18,"author":{"gitId":"zyjarvis"},"content":"        taskList.get(Parser.taskNumber(fullCommand)).markAsDone();","lastModifiedDate":"2021-08-22"},{"lineNumber":19,"author":{"gitId":"zyjarvis"},"content":"        UI.doneMessage(taskList, Parser.taskNumber(fullCommand));","lastModifiedDate":"2021-08-22"},{"lineNumber":20,"author":{"gitId":"zyjarvis"},"content":"    }","lastModifiedDate":"2021-08-22"},{"lineNumber":21,"author":{"gitId":"zyjarvis"},"content":"}","lastModifiedDate":"2021-08-22"}],"authorContributionMap":{"zyjarvis":21}},{"path":"src/main/java/UI.java","fileType":"java","lines":[{"lineNumber":1,"author":{"gitId":"zyjarvis"},"content":"import java.util.ArrayList;","lastModifiedDate":"2021-08-22"},{"lineNumber":2,"author":{"gitId":"zyjarvis"},"content":"import java.util.Scanner;","lastModifiedDate":"2021-08-21"},{"lineNumber":3,"author":{"gitId":"zyjarvis"},"content":"","lastModifiedDate":"2021-08-21"},{"lineNumber":4,"author":{"gitId":"zyjarvis"},"content":"public class UI {","lastModifiedDate":"2021-08-21"},{"lineNumber":5,"author":{"gitId":"zyjarvis"},"content":"    public static void welcome() {","lastModifiedDate":"2021-08-21"},{"lineNumber":6,"author":{"gitId":"zyjarvis"},"content":"        String logo \u003d \" ____        _        \\n\"","lastModifiedDate":"2021-08-21"},{"lineNumber":7,"author":{"gitId":"zyjarvis"},"content":"                + \"|  _ \\\\ _   _| | _____ \\n\"","lastModifiedDate":"2021-08-21"},{"lineNumber":8,"author":{"gitId":"zyjarvis"},"content":"                + \"| | | | | | | |/ / _ \\\\\\n\"","lastModifiedDate":"2021-08-21"},{"lineNumber":9,"author":{"gitId":"zyjarvis"},"content":"                + \"| |_| | |_| |   \u003c  __/\\n\"","lastModifiedDate":"2021-08-21"},{"lineNumber":10,"author":{"gitId":"zyjarvis"},"content":"                + \"|____/ \\\\__,_|_|\\\\_\\\\___|\";","lastModifiedDate":"2021-08-21"},{"lineNumber":11,"author":{"gitId":"zyjarvis"},"content":"        System.out.println(\"Hello from\\n\" + logo);","lastModifiedDate":"2021-08-21"},{"lineNumber":12,"author":{"gitId":"zyjarvis"},"content":"        splitLine();","lastModifiedDate":"2021-08-21"},{"lineNumber":13,"author":{"gitId":"zyjarvis"},"content":"        System.out.println(\"Hello! I\u0027m Duke\");","lastModifiedDate":"2021-08-21"},{"lineNumber":14,"author":{"gitId":"zyjarvis"},"content":"        System.out.println(\"What can I do for you?\");","lastModifiedDate":"2021-08-21"},{"lineNumber":15,"author":{"gitId":"zyjarvis"},"content":"        splitLine();","lastModifiedDate":"2021-08-21"},{"lineNumber":16,"author":{"gitId":"zyjarvis"},"content":"    }","lastModifiedDate":"2021-08-21"},{"lineNumber":17,"author":{"gitId":"zyjarvis"},"content":"","lastModifiedDate":"2021-08-22"},{"lineNumber":18,"author":{"gitId":"zyjarvis"},"content":"    public static void addMessage(String fullCommand) {","lastModifiedDate":"2021-08-22"},{"lineNumber":19,"author":{"gitId":"zyjarvis"},"content":"        System.out.println(\"added: \" + fullCommand);","lastModifiedDate":"2021-08-22"},{"lineNumber":20,"author":{"gitId":"zyjarvis"},"content":"    }","lastModifiedDate":"2021-08-22"},{"lineNumber":21,"author":{"gitId":"zyjarvis"},"content":"","lastModifiedDate":"2021-08-22"},{"lineNumber":22,"author":{"gitId":"zyjarvis"},"content":"    public static void listMessage(ArrayList\u003cTask\u003e tasks) {","lastModifiedDate":"2021-08-22"},{"lineNumber":23,"author":{"gitId":"zyjarvis"},"content":"        System.out.println(\"Here are the tasks in your list:\");","lastModifiedDate":"2021-08-22"},{"lineNumber":24,"author":{"gitId":"zyjarvis"},"content":"        for (int i \u003d 0; i \u003c tasks.size(); i++) {","lastModifiedDate":"2021-08-22"},{"lineNumber":25,"author":{"gitId":"zyjarvis"},"content":"            System.out.println(i + 1 + \".\" + tasks.get(i).toString());","lastModifiedDate":"2021-08-22"},{"lineNumber":26,"author":{"gitId":"zyjarvis"},"content":"        }","lastModifiedDate":"2021-08-22"},{"lineNumber":27,"author":{"gitId":"zyjarvis"},"content":"    }","lastModifiedDate":"2021-08-22"},{"lineNumber":28,"author":{"gitId":"zyjarvis"},"content":"","lastModifiedDate":"2021-08-21"},{"lineNumber":29,"author":{"gitId":"zyjarvis"},"content":"    public static void doneMessage(ArrayList\u003cTask\u003e tasks, int index) {","lastModifiedDate":"2021-08-22"},{"lineNumber":30,"author":{"gitId":"zyjarvis"},"content":"        System.out.println(\"Nice! I\u0027ve marked this task as done:\");","lastModifiedDate":"2021-08-22"},{"lineNumber":31,"author":{"gitId":"zyjarvis"},"content":"        System.out.println(\"  \" + tasks.get(index).toString());","lastModifiedDate":"2021-08-22"},{"lineNumber":32,"author":{"gitId":"zyjarvis"},"content":"    }","lastModifiedDate":"2021-08-21"},{"lineNumber":33,"author":{"gitId":"zyjarvis"},"content":"","lastModifiedDate":"2021-08-21"},{"lineNumber":34,"author":{"gitId":"zyjarvis"},"content":"    public static void byeMessage() {","lastModifiedDate":"2021-08-22"},{"lineNumber":35,"author":{"gitId":"zyjarvis"},"content":"        System.out.println(\"Bye. Hope to see you again soon!\");","lastModifiedDate":"2021-08-22"},{"lineNumber":36,"author":{"gitId":"zyjarvis"},"content":"    }","lastModifiedDate":"2021-08-21"},{"lineNumber":37,"author":{"gitId":"zyjarvis"},"content":"","lastModifiedDate":"2021-08-21"},{"lineNumber":38,"author":{"gitId":"zyjarvis"},"content":"    public static void splitLine(){","lastModifiedDate":"2021-08-21"},{"lineNumber":39,"author":{"gitId":"zyjarvis"},"content":"        System.out.println(\"--------------------------------------------------------\");","lastModifiedDate":"2021-08-21"},{"lineNumber":40,"author":{"gitId":"zyjarvis"},"content":"    }","lastModifiedDate":"2021-08-21"},{"lineNumber":41,"author":{"gitId":"zyjarvis"},"content":"","lastModifiedDate":"2021-08-21"},{"lineNumber":42,"author":{"gitId":"zyjarvis"},"content":"    public static String readCommand() {","lastModifiedDate":"2021-08-21"},{"lineNumber":43,"author":{"gitId":"zyjarvis"},"content":"        Scanner in \u003d new Scanner(System.in);","lastModifiedDate":"2021-08-21"},{"lineNumber":44,"author":{"gitId":"zyjarvis"},"content":"        String fullCommand \u003d in.nextLine();","lastModifiedDate":"2021-08-21"},{"lineNumber":45,"author":{"gitId":"zyjarvis"},"content":"        assert fullCommand.length() \u003e 0: \"The command can\u0027t be empty!\";","lastModifiedDate":"2021-08-21"},{"lineNumber":46,"author":{"gitId":"zyjarvis"},"content":"        return fullCommand;","lastModifiedDate":"2021-08-21"},{"lineNumber":47,"author":{"gitId":"zyjarvis"},"content":"    }","lastModifiedDate":"2021-08-21"},{"lineNumber":48,"author":{"gitId":"zyjarvis"},"content":"}","lastModifiedDate":"2021-08-21"}],"authorContributionMap":{"zyjarvis":48}}]
