[{"path":"README.md","fileType":"md","lines":[{"lineNumber":1,"author":{"gitId":"zyjarvis"},"content":"# duke.Duke project template","lastModifiedDate":"2021-08-30"},{"lineNumber":2,"author":{"gitId":"-"},"content":"","lastModifiedDate":"2020-05-25"},{"lineNumber":3,"author":{"gitId":"-"},"content":"This is a project template for a greenfield Java project. It\u0027s named after the Java mascot _Duke_. Given below are instructions on how to use it.","lastModifiedDate":"2020-05-25"},{"lineNumber":4,"author":{"gitId":"-"},"content":"","lastModifiedDate":"2020-05-25"},{"lineNumber":5,"author":{"gitId":"-"},"content":"## Setting up in Intellij","lastModifiedDate":"2020-05-25"},{"lineNumber":6,"author":{"gitId":"-"},"content":"","lastModifiedDate":"2020-05-25"},{"lineNumber":7,"author":{"gitId":"-"},"content":"Prerequisites: JDK 11, update Intellij to the most recent version.","lastModifiedDate":"2020-05-25"},{"lineNumber":8,"author":{"gitId":"-"},"content":"","lastModifiedDate":"2020-05-25"},{"lineNumber":9,"author":{"gitId":"-"},"content":"1. Open Intellij (if you are not in the welcome screen, click `File` \u003e `Close Project` to close the existing project first)","lastModifiedDate":"2021-01-17"},{"lineNumber":10,"author":{"gitId":"-"},"content":"1. Open the project into Intellij as follows:","lastModifiedDate":"2021-01-17"},{"lineNumber":11,"author":{"gitId":"-"},"content":"   1. Click `Open`.","lastModifiedDate":"2021-01-17"},{"lineNumber":12,"author":{"gitId":"-"},"content":"   1. Select the project directory, and click `OK`.","lastModifiedDate":"2021-01-17"},{"lineNumber":13,"author":{"gitId":"-"},"content":"   1. If there are any further prompts, accept the defaults.","lastModifiedDate":"2020-05-25"},{"lineNumber":14,"author":{"gitId":"-"},"content":"1. Configure the project to use **JDK 11** (not other versions) as explained in [here](https://www.jetbrains.com/help/idea/sdk.html#set-up-jdk).\u003cbr\u003e","lastModifiedDate":"2021-07-29"},{"lineNumber":15,"author":{"gitId":"-"},"content":"   In the same dialog, set the **Project language level** field to the `SDK default` option.","lastModifiedDate":"2021-07-29"},{"lineNumber":16,"author":{"gitId":"zyjarvis"},"content":"3. After that, locate the `src/main/java/duke.Duke.java` file, right-click it, and choose `Run duke.Duke.main()` (if the code editor is showing compile errors, try restarting the IDE). If the setup is correct, you should see something like the below as the output:","lastModifiedDate":"2021-08-30"},{"lineNumber":17,"author":{"gitId":"-"},"content":"   ```","lastModifiedDate":"2020-05-25"},{"lineNumber":18,"author":{"gitId":"-"},"content":"   Hello from","lastModifiedDate":"2020-05-25"},{"lineNumber":19,"author":{"gitId":"-"},"content":"    ____        _        ","lastModifiedDate":"2020-05-25"},{"lineNumber":20,"author":{"gitId":"-"},"content":"   |  _ \\ _   _| | _____ ","lastModifiedDate":"2020-05-25"},{"lineNumber":21,"author":{"gitId":"-"},"content":"   | | | | | | | |/ / _ \\","lastModifiedDate":"2020-05-25"},{"lineNumber":22,"author":{"gitId":"-"},"content":"   | |_| | |_| |   \u003c  __/","lastModifiedDate":"2020-05-25"},{"lineNumber":23,"author":{"gitId":"-"},"content":"   |____/ \\__,_|_|\\_\\___|","lastModifiedDate":"2020-05-25"},{"lineNumber":24,"author":{"gitId":"-"},"content":"   ```","lastModifiedDate":"2020-05-25"}],"authorContributionMap":{"zyjarvis":2,"-":22}},{"path":"src/main/java/duke/Duke.java","fileType":"java","lines":[{"lineNumber":1,"author":{"gitId":"zyjarvis"},"content":"package duke;","lastModifiedDate":"2021-08-30"},{"lineNumber":2,"author":{"gitId":"zyjarvis"},"content":"","lastModifiedDate":"2021-08-30"},{"lineNumber":3,"author":{"gitId":"zyjarvis"},"content":"import duke.task.Task;","lastModifiedDate":"2021-08-30"},{"lineNumber":4,"author":{"gitId":"zyjarvis"},"content":"","lastModifiedDate":"2021-08-30"},{"lineNumber":5,"author":{"gitId":"zyjarvis"},"content":"import java.util.ArrayList;","lastModifiedDate":"2021-08-22"},{"lineNumber":6,"author":{"gitId":"zyjarvis"},"content":"","lastModifiedDate":"2021-08-22"},{"lineNumber":7,"author":{"gitId":"-"},"content":"public class Duke {","lastModifiedDate":"2019-07-29"},{"lineNumber":8,"author":{"gitId":"zyjarvis"},"content":"    private UI ui;","lastModifiedDate":"2021-08-22"},{"lineNumber":9,"author":{"gitId":"zyjarvis"},"content":"    private TaskList taskList;","lastModifiedDate":"2021-08-22"},{"lineNumber":10,"author":{"gitId":"zyjarvis"},"content":"","lastModifiedDate":"2021-08-22"},{"lineNumber":11,"author":{"gitId":"zyjarvis"},"content":"    private Duke(){","lastModifiedDate":"2021-08-22"},{"lineNumber":12,"author":{"gitId":"zyjarvis"},"content":"        this.ui \u003d new UI();","lastModifiedDate":"2021-08-22"},{"lineNumber":13,"author":{"gitId":"zyjarvis"},"content":"        ArrayList\u003cTask\u003e tasks \u003d new ArrayList\u003c\u003e();","lastModifiedDate":"2021-08-22"},{"lineNumber":14,"author":{"gitId":"zyjarvis"},"content":"        this.taskList \u003d new TaskList(tasks);","lastModifiedDate":"2021-08-22"},{"lineNumber":15,"author":{"gitId":"zyjarvis"},"content":"    }","lastModifiedDate":"2021-08-22"},{"lineNumber":16,"author":{"gitId":"zyjarvis"},"content":"","lastModifiedDate":"2021-08-21"},{"lineNumber":17,"author":{"gitId":"zyjarvis"},"content":"    private void run() {","lastModifiedDate":"2021-08-21"},{"lineNumber":18,"author":{"gitId":"zyjarvis"},"content":"        ui.welcome();","lastModifiedDate":"2021-08-21"},{"lineNumber":19,"author":{"gitId":"zyjarvis"},"content":"        boolean isExit \u003d false;","lastModifiedDate":"2021-08-21"},{"lineNumber":20,"author":{"gitId":"zyjarvis"},"content":"        while(!isExit) {","lastModifiedDate":"2021-08-21"},{"lineNumber":21,"author":{"gitId":"zyjarvis"},"content":"            try {","lastModifiedDate":"2021-08-29"},{"lineNumber":22,"author":{"gitId":"zyjarvis"},"content":"                String fullCommand \u003d ui.readCommand();","lastModifiedDate":"2021-08-26"},{"lineNumber":23,"author":{"gitId":"zyjarvis"},"content":"                Execution execution \u003d new Execution(fullCommand);","lastModifiedDate":"2021-08-29"},{"lineNumber":24,"author":{"gitId":"zyjarvis"},"content":"                ui.splitLine();","lastModifiedDate":"2021-08-22"},{"lineNumber":25,"author":{"gitId":"zyjarvis"},"content":"                execution.execute(taskList);","lastModifiedDate":"2021-08-29"},{"lineNumber":26,"author":{"gitId":"zyjarvis"},"content":"                isExit \u003d execution.isExit;","lastModifiedDate":"2021-08-29"},{"lineNumber":27,"author":{"gitId":"zyjarvis"},"content":"            } catch (Exception e) {","lastModifiedDate":"2021-08-29"},{"lineNumber":28,"author":{"gitId":"zyjarvis"},"content":"                System.out.println(\"OOPS!!! I\u0027m sorry, but I don\u0027t know what that means :-(\");","lastModifiedDate":"2021-08-29"},{"lineNumber":29,"author":{"gitId":"zyjarvis"},"content":"            } finally {","lastModifiedDate":"2021-08-29"},{"lineNumber":30,"author":{"gitId":"zyjarvis"},"content":"                ui.splitLine();","lastModifiedDate":"2021-08-22"},{"lineNumber":31,"author":{"gitId":"zyjarvis"},"content":"            }","lastModifiedDate":"2021-08-21"},{"lineNumber":32,"author":{"gitId":"zyjarvis"},"content":"        }","lastModifiedDate":"2021-08-21"},{"lineNumber":33,"author":{"gitId":"zyjarvis"},"content":"    }","lastModifiedDate":"2021-08-29"},{"lineNumber":34,"author":{"gitId":"zyjarvis"},"content":"","lastModifiedDate":"2021-08-21"},{"lineNumber":35,"author":{"gitId":"zyjarvis"},"content":"    public static void main(String[] args) {","lastModifiedDate":"2021-08-21"},{"lineNumber":36,"author":{"gitId":"zyjarvis"},"content":"        new Duke().run();","lastModifiedDate":"2021-08-21"},{"lineNumber":37,"author":{"gitId":"-"},"content":"    }","lastModifiedDate":"2019-07-29"},{"lineNumber":38,"author":{"gitId":"-"},"content":"}","lastModifiedDate":"2019-07-29"}],"authorContributionMap":{"zyjarvis":35,"-":3}},{"path":"src/main/java/duke/Execution.java","fileType":"java","lines":[{"lineNumber":1,"author":{"gitId":"zyjarvis"},"content":"package duke;","lastModifiedDate":"2021-08-30"},{"lineNumber":2,"author":{"gitId":"zyjarvis"},"content":"","lastModifiedDate":"2021-08-30"},{"lineNumber":3,"author":{"gitId":"zyjarvis"},"content":"import duke.command.*;","lastModifiedDate":"2021-08-30"},{"lineNumber":4,"author":{"gitId":"zyjarvis"},"content":"import duke.exception.CommandException;","lastModifiedDate":"2021-08-30"},{"lineNumber":5,"author":{"gitId":"zyjarvis"},"content":"","lastModifiedDate":"2021-08-30"},{"lineNumber":6,"author":{"gitId":"zyjarvis"},"content":"public class Execution {","lastModifiedDate":"2021-08-29"},{"lineNumber":7,"author":{"gitId":"zyjarvis"},"content":"    protected String fullCommand;","lastModifiedDate":"2021-08-29"},{"lineNumber":8,"author":{"gitId":"zyjarvis"},"content":"    protected String command;","lastModifiedDate":"2021-08-29"},{"lineNumber":9,"author":{"gitId":"zyjarvis"},"content":"    protected boolean isExit;","lastModifiedDate":"2021-08-29"},{"lineNumber":10,"author":{"gitId":"zyjarvis"},"content":"","lastModifiedDate":"2021-08-29"},{"lineNumber":11,"author":{"gitId":"zyjarvis"},"content":"    public Execution(String fullCommand) {","lastModifiedDate":"2021-08-29"},{"lineNumber":12,"author":{"gitId":"zyjarvis"},"content":"        this.fullCommand \u003d fullCommand;","lastModifiedDate":"2021-08-29"},{"lineNumber":13,"author":{"gitId":"zyjarvis"},"content":"        this.command \u003d Parser.command(fullCommand);","lastModifiedDate":"2021-08-29"},{"lineNumber":14,"author":{"gitId":"zyjarvis"},"content":"        this.isExit \u003d false;","lastModifiedDate":"2021-08-29"},{"lineNumber":15,"author":{"gitId":"zyjarvis"},"content":"    }","lastModifiedDate":"2021-08-29"},{"lineNumber":16,"author":{"gitId":"zyjarvis"},"content":"","lastModifiedDate":"2021-08-29"},{"lineNumber":17,"author":{"gitId":"zyjarvis"},"content":"    private static void CheckCommand(String command) throws CommandException {","lastModifiedDate":"2021-08-30"},{"lineNumber":18,"author":{"gitId":"zyjarvis"},"content":"        if ( !(command.equals(\"todo\" ) || command.equals( \"deadline\") || command.equals( \"event\")","lastModifiedDate":"2021-08-29"},{"lineNumber":19,"author":{"gitId":"zyjarvis"},"content":"                || command.equals( \"bye\") || command.equals( \"list\") || command.equals( \"done\")) ) {","lastModifiedDate":"2021-08-29"},{"lineNumber":20,"author":{"gitId":"zyjarvis"},"content":"            throw new CommandException();","lastModifiedDate":"2021-08-29"},{"lineNumber":21,"author":{"gitId":"zyjarvis"},"content":"        }","lastModifiedDate":"2021-08-29"},{"lineNumber":22,"author":{"gitId":"zyjarvis"},"content":"    }","lastModifiedDate":"2021-08-29"},{"lineNumber":23,"author":{"gitId":"zyjarvis"},"content":"","lastModifiedDate":"2021-08-29"},{"lineNumber":24,"author":{"gitId":"zyjarvis"},"content":"    public void execute(TaskList taskList) {","lastModifiedDate":"2021-08-29"},{"lineNumber":25,"author":{"gitId":"zyjarvis"},"content":"        try {","lastModifiedDate":"2021-08-29"},{"lineNumber":26,"author":{"gitId":"zyjarvis"},"content":"            CheckCommand(command);","lastModifiedDate":"2021-08-30"},{"lineNumber":27,"author":{"gitId":"zyjarvis"},"content":"        } catch (CommandException e) {","lastModifiedDate":"2021-08-29"},{"lineNumber":28,"author":{"gitId":"zyjarvis"},"content":"            System.out.println(\"OOPS!!! Pls key in the valid command\");","lastModifiedDate":"2021-08-29"},{"lineNumber":29,"author":{"gitId":"zyjarvis"},"content":"        }","lastModifiedDate":"2021-08-29"},{"lineNumber":30,"author":{"gitId":"zyjarvis"},"content":"","lastModifiedDate":"2021-08-29"},{"lineNumber":31,"author":{"gitId":"zyjarvis"},"content":"        switch (command) {","lastModifiedDate":"2021-08-29"},{"lineNumber":32,"author":{"gitId":"zyjarvis"},"content":"            case \"list\":","lastModifiedDate":"2021-08-29"},{"lineNumber":33,"author":{"gitId":"zyjarvis"},"content":"                new ListCommand(fullCommand).run(taskList);","lastModifiedDate":"2021-08-30"},{"lineNumber":34,"author":{"gitId":"zyjarvis"},"content":"                break;","lastModifiedDate":"2021-08-29"},{"lineNumber":35,"author":{"gitId":"zyjarvis"},"content":"            case \"done\":","lastModifiedDate":"2021-08-29"},{"lineNumber":36,"author":{"gitId":"zyjarvis"},"content":"                new DoneCommand(fullCommand).run(taskList);","lastModifiedDate":"2021-08-30"},{"lineNumber":37,"author":{"gitId":"zyjarvis"},"content":"                break;","lastModifiedDate":"2021-08-29"},{"lineNumber":38,"author":{"gitId":"zyjarvis"},"content":"            case \"bye\":","lastModifiedDate":"2021-08-29"},{"lineNumber":39,"author":{"gitId":"zyjarvis"},"content":"                new ByeCommand(fullCommand).run(taskList);","lastModifiedDate":"2021-08-30"},{"lineNumber":40,"author":{"gitId":"zyjarvis"},"content":"                isExit \u003d true;","lastModifiedDate":"2021-08-29"},{"lineNumber":41,"author":{"gitId":"zyjarvis"},"content":"                break;","lastModifiedDate":"2021-08-29"},{"lineNumber":42,"author":{"gitId":"zyjarvis"},"content":"            case \"todo\":","lastModifiedDate":"2021-08-29"},{"lineNumber":43,"author":{"gitId":"zyjarvis"},"content":"                new AddTodoCommand(fullCommand).run(taskList);","lastModifiedDate":"2021-08-30"},{"lineNumber":44,"author":{"gitId":"zyjarvis"},"content":"                break;","lastModifiedDate":"2021-08-29"},{"lineNumber":45,"author":{"gitId":"zyjarvis"},"content":"            case \"deadline\":","lastModifiedDate":"2021-08-29"},{"lineNumber":46,"author":{"gitId":"zyjarvis"},"content":"                new AddDeadlineCommand(fullCommand).run(taskList);","lastModifiedDate":"2021-08-30"},{"lineNumber":47,"author":{"gitId":"zyjarvis"},"content":"                break;","lastModifiedDate":"2021-08-29"},{"lineNumber":48,"author":{"gitId":"zyjarvis"},"content":"            case \"event\":","lastModifiedDate":"2021-08-29"},{"lineNumber":49,"author":{"gitId":"zyjarvis"},"content":"                new AddEventCommand(fullCommand).run(taskList);","lastModifiedDate":"2021-08-30"},{"lineNumber":50,"author":{"gitId":"zyjarvis"},"content":"                break;","lastModifiedDate":"2021-08-29"},{"lineNumber":51,"author":{"gitId":"zyjarvis"},"content":"        }","lastModifiedDate":"2021-08-29"},{"lineNumber":52,"author":{"gitId":"zyjarvis"},"content":"    }","lastModifiedDate":"2021-08-29"},{"lineNumber":53,"author":{"gitId":"zyjarvis"},"content":"}","lastModifiedDate":"2021-08-29"}],"authorContributionMap":{"zyjarvis":53}},{"path":"src/main/java/duke/Parser.java","fileType":"java","lines":[{"lineNumber":1,"author":{"gitId":"zyjarvis"},"content":"package duke;","lastModifiedDate":"2021-08-30"},{"lineNumber":2,"author":{"gitId":"zyjarvis"},"content":"","lastModifiedDate":"2021-08-30"},{"lineNumber":3,"author":{"gitId":"zyjarvis"},"content":"public class Parser {","lastModifiedDate":"2021-08-22"},{"lineNumber":4,"author":{"gitId":"zyjarvis"},"content":"    public static String command(String fullCommand) {","lastModifiedDate":"2021-08-22"},{"lineNumber":5,"author":{"gitId":"zyjarvis"},"content":"        return fullCommand.split(\" \")[0].toLowerCase();","lastModifiedDate":"2021-08-22"},{"lineNumber":6,"author":{"gitId":"zyjarvis"},"content":"    }","lastModifiedDate":"2021-08-22"},{"lineNumber":7,"author":{"gitId":"zyjarvis"},"content":"","lastModifiedDate":"2021-08-22"},{"lineNumber":8,"author":{"gitId":"zyjarvis"},"content":"    public static int taskNumber(String fullCommand) {","lastModifiedDate":"2021-08-22"},{"lineNumber":9,"author":{"gitId":"zyjarvis"},"content":"        int index \u003d Integer.parseInt(fullCommand.split(\" \")[1]) - 1;","lastModifiedDate":"2021-08-22"},{"lineNumber":10,"author":{"gitId":"zyjarvis"},"content":"        return index;","lastModifiedDate":"2021-08-22"},{"lineNumber":11,"author":{"gitId":"zyjarvis"},"content":"    }","lastModifiedDate":"2021-08-22"},{"lineNumber":12,"author":{"gitId":"zyjarvis"},"content":"","lastModifiedDate":"2021-08-24"},{"lineNumber":13,"author":{"gitId":"zyjarvis"},"content":"    public static String description(String fullCommand) {","lastModifiedDate":"2021-08-24"},{"lineNumber":14,"author":{"gitId":"zyjarvis"},"content":"        String[] s1 \u003d fullCommand.split(\" \");","lastModifiedDate":"2021-08-24"},{"lineNumber":15,"author":{"gitId":"zyjarvis"},"content":"        String[] s2 \u003d fullCommand.split(\" /\");","lastModifiedDate":"2021-08-24"},{"lineNumber":16,"author":{"gitId":"zyjarvis"},"content":"        return s2[0].replace(s1[0] + \" \", \"\");","lastModifiedDate":"2021-08-24"},{"lineNumber":17,"author":{"gitId":"zyjarvis"},"content":"    }","lastModifiedDate":"2021-08-24"},{"lineNumber":18,"author":{"gitId":"zyjarvis"},"content":"","lastModifiedDate":"2021-08-24"},{"lineNumber":19,"author":{"gitId":"zyjarvis"},"content":"    public static String date(String fullCommand) {","lastModifiedDate":"2021-08-25"},{"lineNumber":20,"author":{"gitId":"zyjarvis"},"content":"        String[] s1 \u003d fullCommand.split(\" /\");","lastModifiedDate":"2021-08-25"},{"lineNumber":21,"author":{"gitId":"zyjarvis"},"content":"        String[] s2 \u003d s1[1].split(\" \");","lastModifiedDate":"2021-08-25"},{"lineNumber":22,"author":{"gitId":"zyjarvis"},"content":"        return s1[1].replace(s2[0] + \" \", \"\");","lastModifiedDate":"2021-08-25"},{"lineNumber":23,"author":{"gitId":"zyjarvis"},"content":"    }","lastModifiedDate":"2021-08-24"},{"lineNumber":24,"author":{"gitId":"zyjarvis"},"content":"}","lastModifiedDate":"2021-08-22"}],"authorContributionMap":{"zyjarvis":24}},{"path":"src/main/java/duke/TaskList.java","fileType":"java","lines":[{"lineNumber":1,"author":{"gitId":"zyjarvis"},"content":"package duke;","lastModifiedDate":"2021-08-30"},{"lineNumber":2,"author":{"gitId":"zyjarvis"},"content":"","lastModifiedDate":"2021-08-30"},{"lineNumber":3,"author":{"gitId":"zyjarvis"},"content":"import duke.task.Deadline;","lastModifiedDate":"2021-08-30"},{"lineNumber":4,"author":{"gitId":"zyjarvis"},"content":"import duke.task.Event;","lastModifiedDate":"2021-08-30"},{"lineNumber":5,"author":{"gitId":"zyjarvis"},"content":"import duke.task.Task;","lastModifiedDate":"2021-08-30"},{"lineNumber":6,"author":{"gitId":"zyjarvis"},"content":"import duke.task.Todo;","lastModifiedDate":"2021-08-30"},{"lineNumber":7,"author":{"gitId":"zyjarvis"},"content":"","lastModifiedDate":"2021-08-30"},{"lineNumber":8,"author":{"gitId":"zyjarvis"},"content":"import java.util.ArrayList;","lastModifiedDate":"2021-08-22"},{"lineNumber":9,"author":{"gitId":"zyjarvis"},"content":"","lastModifiedDate":"2021-08-22"},{"lineNumber":10,"author":{"gitId":"zyjarvis"},"content":"public class TaskList {","lastModifiedDate":"2021-08-22"},{"lineNumber":11,"author":{"gitId":"zyjarvis"},"content":"    public ArrayList\u003cTask\u003e tasks;","lastModifiedDate":"2021-08-30"},{"lineNumber":12,"author":{"gitId":"zyjarvis"},"content":"    public int size;","lastModifiedDate":"2021-08-30"},{"lineNumber":13,"author":{"gitId":"zyjarvis"},"content":"","lastModifiedDate":"2021-08-22"},{"lineNumber":14,"author":{"gitId":"zyjarvis"},"content":"    public TaskList(ArrayList\u003cTask\u003e tasks) {","lastModifiedDate":"2021-08-29"},{"lineNumber":15,"author":{"gitId":"zyjarvis"},"content":"        this.tasks \u003d tasks;","lastModifiedDate":"2021-08-29"},{"lineNumber":16,"author":{"gitId":"zyjarvis"},"content":"        this.size \u003d tasks.size();","lastModifiedDate":"2021-08-29"},{"lineNumber":17,"author":{"gitId":"zyjarvis"},"content":"    }","lastModifiedDate":"2021-08-22"},{"lineNumber":18,"author":{"gitId":"zyjarvis"},"content":"","lastModifiedDate":"2021-08-22"},{"lineNumber":19,"author":{"gitId":"zyjarvis"},"content":"    public void done(int index) {","lastModifiedDate":"2021-08-30"},{"lineNumber":20,"author":{"gitId":"zyjarvis"},"content":"        tasks.get(index).markAsDone();","lastModifiedDate":"2021-08-30"},{"lineNumber":21,"author":{"gitId":"zyjarvis"},"content":"    }","lastModifiedDate":"2021-08-22"},{"lineNumber":22,"author":{"gitId":"zyjarvis"},"content":"","lastModifiedDate":"2021-08-24"},{"lineNumber":23,"author":{"gitId":"zyjarvis"},"content":"    public void addTodo(String description) {","lastModifiedDate":"2021-08-30"},{"lineNumber":24,"author":{"gitId":"zyjarvis"},"content":"        Task task \u003d new Todo(description);","lastModifiedDate":"2021-08-30"},{"lineNumber":25,"author":{"gitId":"zyjarvis"},"content":"        tasks.add(task);","lastModifiedDate":"2021-08-30"},{"lineNumber":26,"author":{"gitId":"zyjarvis"},"content":"        size++;","lastModifiedDate":"2021-08-29"},{"lineNumber":27,"author":{"gitId":"zyjarvis"},"content":"    }","lastModifiedDate":"2021-08-24"},{"lineNumber":28,"author":{"gitId":"zyjarvis"},"content":"","lastModifiedDate":"2021-08-24"},{"lineNumber":29,"author":{"gitId":"zyjarvis"},"content":"    public void addDeadline(String description, String date) {","lastModifiedDate":"2021-08-30"},{"lineNumber":30,"author":{"gitId":"zyjarvis"},"content":"        Task task \u003d new Deadline(description, date);","lastModifiedDate":"2021-08-30"},{"lineNumber":31,"author":{"gitId":"zyjarvis"},"content":"        tasks.add(task);","lastModifiedDate":"2021-08-30"},{"lineNumber":32,"author":{"gitId":"zyjarvis"},"content":"        size++;","lastModifiedDate":"2021-08-29"},{"lineNumber":33,"author":{"gitId":"zyjarvis"},"content":"    }","lastModifiedDate":"2021-08-24"},{"lineNumber":34,"author":{"gitId":"zyjarvis"},"content":"","lastModifiedDate":"2021-08-24"},{"lineNumber":35,"author":{"gitId":"zyjarvis"},"content":"    public void addEvent(String description, String date) {","lastModifiedDate":"2021-08-30"},{"lineNumber":36,"author":{"gitId":"zyjarvis"},"content":"        Task task \u003d new Event(description, date);","lastModifiedDate":"2021-08-30"},{"lineNumber":37,"author":{"gitId":"zyjarvis"},"content":"        tasks.add(task);","lastModifiedDate":"2021-08-30"},{"lineNumber":38,"author":{"gitId":"zyjarvis"},"content":"        size++;","lastModifiedDate":"2021-08-29"},{"lineNumber":39,"author":{"gitId":"zyjarvis"},"content":"    }","lastModifiedDate":"2021-08-24"},{"lineNumber":40,"author":{"gitId":"zyjarvis"},"content":"}","lastModifiedDate":"2021-08-22"}],"authorContributionMap":{"zyjarvis":40}},{"path":"src/main/java/duke/UI.java","fileType":"java","lines":[{"lineNumber":1,"author":{"gitId":"zyjarvis"},"content":"package duke;","lastModifiedDate":"2021-08-30"},{"lineNumber":2,"author":{"gitId":"zyjarvis"},"content":"","lastModifiedDate":"2021-08-30"},{"lineNumber":3,"author":{"gitId":"zyjarvis"},"content":"import duke.task.Task;","lastModifiedDate":"2021-08-30"},{"lineNumber":4,"author":{"gitId":"zyjarvis"},"content":"","lastModifiedDate":"2021-08-30"},{"lineNumber":5,"author":{"gitId":"zyjarvis"},"content":"import java.util.ArrayList;","lastModifiedDate":"2021-08-22"},{"lineNumber":6,"author":{"gitId":"zyjarvis"},"content":"import java.util.Scanner;","lastModifiedDate":"2021-08-21"},{"lineNumber":7,"author":{"gitId":"zyjarvis"},"content":"","lastModifiedDate":"2021-08-21"},{"lineNumber":8,"author":{"gitId":"zyjarvis"},"content":"public class UI {","lastModifiedDate":"2021-08-21"},{"lineNumber":9,"author":{"gitId":"zyjarvis"},"content":"    public static void welcome() {","lastModifiedDate":"2021-08-21"},{"lineNumber":10,"author":{"gitId":"zyjarvis"},"content":"        String logo \u003d \" ____        _        \\n\"","lastModifiedDate":"2021-08-21"},{"lineNumber":11,"author":{"gitId":"zyjarvis"},"content":"                + \"|  _ \\\\ _   _| | _____ \\n\"","lastModifiedDate":"2021-08-21"},{"lineNumber":12,"author":{"gitId":"zyjarvis"},"content":"                + \"| | | | | | | |/ / _ \\\\\\n\"","lastModifiedDate":"2021-08-21"},{"lineNumber":13,"author":{"gitId":"zyjarvis"},"content":"                + \"| |_| | |_| |   \u003c  __/\\n\"","lastModifiedDate":"2021-08-21"},{"lineNumber":14,"author":{"gitId":"zyjarvis"},"content":"                + \"|____/ \\\\__,_|_|\\\\_\\\\___|\";","lastModifiedDate":"2021-08-21"},{"lineNumber":15,"author":{"gitId":"zyjarvis"},"content":"        System.out.println(\"Hello from\\n\" + logo);","lastModifiedDate":"2021-08-21"},{"lineNumber":16,"author":{"gitId":"zyjarvis"},"content":"        splitLine();","lastModifiedDate":"2021-08-21"},{"lineNumber":17,"author":{"gitId":"zyjarvis"},"content":"        System.out.println(\"Hello! I\u0027m duke.Duke\");","lastModifiedDate":"2021-08-30"},{"lineNumber":18,"author":{"gitId":"zyjarvis"},"content":"        System.out.println(\"What can I do for you?\");","lastModifiedDate":"2021-08-21"},{"lineNumber":19,"author":{"gitId":"zyjarvis"},"content":"        splitLine();","lastModifiedDate":"2021-08-21"},{"lineNumber":20,"author":{"gitId":"zyjarvis"},"content":"    }","lastModifiedDate":"2021-08-21"},{"lineNumber":21,"author":{"gitId":"zyjarvis"},"content":"","lastModifiedDate":"2021-08-22"},{"lineNumber":22,"author":{"gitId":"zyjarvis"},"content":"    public static void addMessage(Task task, int size) {","lastModifiedDate":"2021-08-30"},{"lineNumber":23,"author":{"gitId":"zyjarvis"},"content":"        System.out.println(\"Got it. I\u0027ve added this task: \");","lastModifiedDate":"2021-08-24"},{"lineNumber":24,"author":{"gitId":"zyjarvis"},"content":"        System.out.println(\"  \" + task.toString());","lastModifiedDate":"2021-08-30"},{"lineNumber":25,"author":{"gitId":"zyjarvis"},"content":"        System.out.println(\"Now you have \" + size + \" tasks in the list.\");","lastModifiedDate":"2021-08-24"},{"lineNumber":26,"author":{"gitId":"zyjarvis"},"content":"    }","lastModifiedDate":"2021-08-22"},{"lineNumber":27,"author":{"gitId":"zyjarvis"},"content":"","lastModifiedDate":"2021-08-22"},{"lineNumber":28,"author":{"gitId":"zyjarvis"},"content":"    public static void listMessage(ArrayList\u003cTask\u003e tasks) {","lastModifiedDate":"2021-08-22"},{"lineNumber":29,"author":{"gitId":"zyjarvis"},"content":"        System.out.println(\"Here are the tasks in your list:\");","lastModifiedDate":"2021-08-22"},{"lineNumber":30,"author":{"gitId":"zyjarvis"},"content":"        for (int i \u003d 0; i \u003c tasks.size(); i++) {","lastModifiedDate":"2021-08-22"},{"lineNumber":31,"author":{"gitId":"zyjarvis"},"content":"            System.out.println(i + 1 + \".\" + tasks.get(i).toString());","lastModifiedDate":"2021-08-22"},{"lineNumber":32,"author":{"gitId":"zyjarvis"},"content":"        }","lastModifiedDate":"2021-08-22"},{"lineNumber":33,"author":{"gitId":"zyjarvis"},"content":"    }","lastModifiedDate":"2021-08-22"},{"lineNumber":34,"author":{"gitId":"zyjarvis"},"content":"","lastModifiedDate":"2021-08-21"},{"lineNumber":35,"author":{"gitId":"zyjarvis"},"content":"    public static void doneMessage(ArrayList\u003cTask\u003e tasks, int index) {","lastModifiedDate":"2021-08-22"},{"lineNumber":36,"author":{"gitId":"zyjarvis"},"content":"        System.out.println(\"Nice! I\u0027ve marked this task as done:\");","lastModifiedDate":"2021-08-22"},{"lineNumber":37,"author":{"gitId":"zyjarvis"},"content":"        System.out.println(\"  \" + tasks.get(index).toString());","lastModifiedDate":"2021-08-22"},{"lineNumber":38,"author":{"gitId":"zyjarvis"},"content":"    }","lastModifiedDate":"2021-08-21"},{"lineNumber":39,"author":{"gitId":"zyjarvis"},"content":"","lastModifiedDate":"2021-08-21"},{"lineNumber":40,"author":{"gitId":"zyjarvis"},"content":"    public static void byeMessage() {","lastModifiedDate":"2021-08-22"},{"lineNumber":41,"author":{"gitId":"zyjarvis"},"content":"        System.out.println(\"Bye. Hope to see you again soon!\");","lastModifiedDate":"2021-08-22"},{"lineNumber":42,"author":{"gitId":"zyjarvis"},"content":"    }","lastModifiedDate":"2021-08-21"},{"lineNumber":43,"author":{"gitId":"zyjarvis"},"content":"","lastModifiedDate":"2021-08-21"},{"lineNumber":44,"author":{"gitId":"zyjarvis"},"content":"    public static void splitLine(){","lastModifiedDate":"2021-08-21"},{"lineNumber":45,"author":{"gitId":"zyjarvis"},"content":"        System.out.println(\"--------------------------------------------------------\");","lastModifiedDate":"2021-08-21"},{"lineNumber":46,"author":{"gitId":"zyjarvis"},"content":"    }","lastModifiedDate":"2021-08-21"},{"lineNumber":47,"author":{"gitId":"zyjarvis"},"content":"","lastModifiedDate":"2021-08-21"},{"lineNumber":48,"author":{"gitId":"zyjarvis"},"content":"    public static String readCommand() {","lastModifiedDate":"2021-08-21"},{"lineNumber":49,"author":{"gitId":"zyjarvis"},"content":"        Scanner in \u003d new Scanner(System.in);","lastModifiedDate":"2021-08-21"},{"lineNumber":50,"author":{"gitId":"zyjarvis"},"content":"        String fullCommand \u003d in.nextLine();","lastModifiedDate":"2021-08-21"},{"lineNumber":51,"author":{"gitId":"zyjarvis"},"content":"        return fullCommand;","lastModifiedDate":"2021-08-21"},{"lineNumber":52,"author":{"gitId":"zyjarvis"},"content":"    }","lastModifiedDate":"2021-08-21"},{"lineNumber":53,"author":{"gitId":"zyjarvis"},"content":"}","lastModifiedDate":"2021-08-21"}],"authorContributionMap":{"zyjarvis":53}},{"path":"src/main/java/duke/command/AddDeadlineCommand.java","fileType":"java","lines":[{"lineNumber":1,"author":{"gitId":"zyjarvis"},"content":"package duke.command;","lastModifiedDate":"2021-08-30"},{"lineNumber":2,"author":{"gitId":"zyjarvis"},"content":"","lastModifiedDate":"2021-08-30"},{"lineNumber":3,"author":{"gitId":"zyjarvis"},"content":"import duke.Parser;","lastModifiedDate":"2021-08-30"},{"lineNumber":4,"author":{"gitId":"zyjarvis"},"content":"import duke.TaskList;","lastModifiedDate":"2021-08-30"},{"lineNumber":5,"author":{"gitId":"zyjarvis"},"content":"import duke.UI;","lastModifiedDate":"2021-08-30"},{"lineNumber":6,"author":{"gitId":"zyjarvis"},"content":"import duke.exception.LackOfDateException;","lastModifiedDate":"2021-08-30"},{"lineNumber":7,"author":{"gitId":"zyjarvis"},"content":"import duke.exception.LackOfDescriptionException;","lastModifiedDate":"2021-08-30"},{"lineNumber":8,"author":{"gitId":"zyjarvis"},"content":"","lastModifiedDate":"2021-08-30"},{"lineNumber":9,"author":{"gitId":"zyjarvis"},"content":"public class AddDeadlineCommand extends Command {","lastModifiedDate":"2021-08-30"},{"lineNumber":10,"author":{"gitId":"zyjarvis"},"content":"    public AddDeadlineCommand(String fullCommand) {","lastModifiedDate":"2021-08-30"},{"lineNumber":11,"author":{"gitId":"zyjarvis"},"content":"        super(fullCommand);","lastModifiedDate":"2021-08-30"},{"lineNumber":12,"author":{"gitId":"zyjarvis"},"content":"    }","lastModifiedDate":"2021-08-30"},{"lineNumber":13,"author":{"gitId":"zyjarvis"},"content":"","lastModifiedDate":"2021-08-30"},{"lineNumber":14,"author":{"gitId":"zyjarvis"},"content":"    private static void CheckDescription(String fullCommand) throws LackOfDescriptionException {","lastModifiedDate":"2021-08-30"},{"lineNumber":15,"author":{"gitId":"zyjarvis"},"content":"        if (fullCommand.trim().equals(\"deadline\") ) {","lastModifiedDate":"2021-08-30"},{"lineNumber":16,"author":{"gitId":"zyjarvis"},"content":"            throw new LackOfDescriptionException();","lastModifiedDate":"2021-08-30"},{"lineNumber":17,"author":{"gitId":"zyjarvis"},"content":"        }","lastModifiedDate":"2021-08-30"},{"lineNumber":18,"author":{"gitId":"zyjarvis"},"content":"    }","lastModifiedDate":"2021-08-30"},{"lineNumber":19,"author":{"gitId":"zyjarvis"},"content":"","lastModifiedDate":"2021-08-30"},{"lineNumber":20,"author":{"gitId":"zyjarvis"},"content":"    private static void CheckDate(String fullCommand, String description) throws LackOfDateException {","lastModifiedDate":"2021-08-30"},{"lineNumber":21,"author":{"gitId":"zyjarvis"},"content":"        if ( fullCommand.equals(\"deadline \" + description)","lastModifiedDate":"2021-08-30"},{"lineNumber":22,"author":{"gitId":"zyjarvis"},"content":"                || fullCommand.trim().equals(\"deadline \" + description + \" /by\") ) {","lastModifiedDate":"2021-08-30"},{"lineNumber":23,"author":{"gitId":"zyjarvis"},"content":"            throw new LackOfDateException();","lastModifiedDate":"2021-08-30"},{"lineNumber":24,"author":{"gitId":"zyjarvis"},"content":"        }","lastModifiedDate":"2021-08-30"},{"lineNumber":25,"author":{"gitId":"zyjarvis"},"content":"    }","lastModifiedDate":"2021-08-30"},{"lineNumber":26,"author":{"gitId":"zyjarvis"},"content":"","lastModifiedDate":"2021-08-30"},{"lineNumber":27,"author":{"gitId":"zyjarvis"},"content":"    public void run(TaskList taskList) {","lastModifiedDate":"2021-08-30"},{"lineNumber":28,"author":{"gitId":"zyjarvis"},"content":"        try {","lastModifiedDate":"2021-08-30"},{"lineNumber":29,"author":{"gitId":"zyjarvis"},"content":"            CheckDescription(fullCommand);","lastModifiedDate":"2021-08-30"},{"lineNumber":30,"author":{"gitId":"zyjarvis"},"content":"            String description \u003d Parser.description(fullCommand);","lastModifiedDate":"2021-08-30"},{"lineNumber":31,"author":{"gitId":"zyjarvis"},"content":"            CheckDate(fullCommand, description);","lastModifiedDate":"2021-08-30"},{"lineNumber":32,"author":{"gitId":"zyjarvis"},"content":"            String date \u003d Parser.date(fullCommand);","lastModifiedDate":"2021-08-30"},{"lineNumber":33,"author":{"gitId":"zyjarvis"},"content":"            taskList.addDeadline(description, date);","lastModifiedDate":"2021-08-30"},{"lineNumber":34,"author":{"gitId":"zyjarvis"},"content":"            int size \u003d taskList.size;","lastModifiedDate":"2021-08-30"},{"lineNumber":35,"author":{"gitId":"zyjarvis"},"content":"            UI.addMessage(taskList.tasks.get(size - 1), size);","lastModifiedDate":"2021-08-30"},{"lineNumber":36,"author":{"gitId":"zyjarvis"},"content":"        } catch (LackOfDescriptionException e) {","lastModifiedDate":"2021-08-30"},{"lineNumber":37,"author":{"gitId":"zyjarvis"},"content":"            System.out.println(\"OOPS!!! Pls key in the description for the task\");","lastModifiedDate":"2021-08-30"},{"lineNumber":38,"author":{"gitId":"zyjarvis"},"content":"        } catch (LackOfDateException e) {","lastModifiedDate":"2021-08-30"},{"lineNumber":39,"author":{"gitId":"zyjarvis"},"content":"            System.out.println(\"OOPS!!! Pls key in the date for the task\");","lastModifiedDate":"2021-08-30"},{"lineNumber":40,"author":{"gitId":"zyjarvis"},"content":"        }","lastModifiedDate":"2021-08-30"},{"lineNumber":41,"author":{"gitId":"zyjarvis"},"content":"    }","lastModifiedDate":"2021-08-30"},{"lineNumber":42,"author":{"gitId":"zyjarvis"},"content":"}","lastModifiedDate":"2021-08-30"}],"authorContributionMap":{"zyjarvis":42}},{"path":"src/main/java/duke/command/AddEventCommand.java","fileType":"java","lines":[{"lineNumber":1,"author":{"gitId":"zyjarvis"},"content":"package duke.command;","lastModifiedDate":"2021-08-30"},{"lineNumber":2,"author":{"gitId":"zyjarvis"},"content":"","lastModifiedDate":"2021-08-30"},{"lineNumber":3,"author":{"gitId":"zyjarvis"},"content":"import duke.Parser;","lastModifiedDate":"2021-08-30"},{"lineNumber":4,"author":{"gitId":"zyjarvis"},"content":"import duke.TaskList;","lastModifiedDate":"2021-08-30"},{"lineNumber":5,"author":{"gitId":"zyjarvis"},"content":"import duke.UI;","lastModifiedDate":"2021-08-30"},{"lineNumber":6,"author":{"gitId":"zyjarvis"},"content":"import duke.exception.LackOfDateException;","lastModifiedDate":"2021-08-30"},{"lineNumber":7,"author":{"gitId":"zyjarvis"},"content":"import duke.exception.LackOfDescriptionException;","lastModifiedDate":"2021-08-30"},{"lineNumber":8,"author":{"gitId":"zyjarvis"},"content":"","lastModifiedDate":"2021-08-30"},{"lineNumber":9,"author":{"gitId":"zyjarvis"},"content":"public class AddEventCommand extends Command {","lastModifiedDate":"2021-08-30"},{"lineNumber":10,"author":{"gitId":"zyjarvis"},"content":"    public AddEventCommand(String fullCommand) {","lastModifiedDate":"2021-08-30"},{"lineNumber":11,"author":{"gitId":"zyjarvis"},"content":"        super(fullCommand);","lastModifiedDate":"2021-08-30"},{"lineNumber":12,"author":{"gitId":"zyjarvis"},"content":"    }","lastModifiedDate":"2021-08-30"},{"lineNumber":13,"author":{"gitId":"zyjarvis"},"content":"","lastModifiedDate":"2021-08-30"},{"lineNumber":14,"author":{"gitId":"zyjarvis"},"content":"    private static void CheckDescription(String fullCommand) throws LackOfDescriptionException {","lastModifiedDate":"2021-08-30"},{"lineNumber":15,"author":{"gitId":"zyjarvis"},"content":"        if (fullCommand.trim().equals(\"event\") ) {","lastModifiedDate":"2021-08-30"},{"lineNumber":16,"author":{"gitId":"zyjarvis"},"content":"            throw new LackOfDescriptionException();","lastModifiedDate":"2021-08-30"},{"lineNumber":17,"author":{"gitId":"zyjarvis"},"content":"        }","lastModifiedDate":"2021-08-30"},{"lineNumber":18,"author":{"gitId":"zyjarvis"},"content":"    }","lastModifiedDate":"2021-08-30"},{"lineNumber":19,"author":{"gitId":"zyjarvis"},"content":"","lastModifiedDate":"2021-08-30"},{"lineNumber":20,"author":{"gitId":"zyjarvis"},"content":"    private static void CheckDate(String fullCommand, String description) throws LackOfDateException {","lastModifiedDate":"2021-08-30"},{"lineNumber":21,"author":{"gitId":"zyjarvis"},"content":"        if ( fullCommand.equals(\"deadline \" + description)","lastModifiedDate":"2021-08-30"},{"lineNumber":22,"author":{"gitId":"zyjarvis"},"content":"                || fullCommand.trim().equals(\"deadline \" + description + \" /at\") ) {","lastModifiedDate":"2021-08-30"},{"lineNumber":23,"author":{"gitId":"zyjarvis"},"content":"            throw new LackOfDateException();","lastModifiedDate":"2021-08-30"},{"lineNumber":24,"author":{"gitId":"zyjarvis"},"content":"        }","lastModifiedDate":"2021-08-30"},{"lineNumber":25,"author":{"gitId":"zyjarvis"},"content":"    }","lastModifiedDate":"2021-08-30"},{"lineNumber":26,"author":{"gitId":"zyjarvis"},"content":"","lastModifiedDate":"2021-08-30"},{"lineNumber":27,"author":{"gitId":"zyjarvis"},"content":"    public void run(TaskList taskList) {","lastModifiedDate":"2021-08-30"},{"lineNumber":28,"author":{"gitId":"zyjarvis"},"content":"        try {","lastModifiedDate":"2021-08-30"},{"lineNumber":29,"author":{"gitId":"zyjarvis"},"content":"            CheckDescription(fullCommand);","lastModifiedDate":"2021-08-30"},{"lineNumber":30,"author":{"gitId":"zyjarvis"},"content":"            String description \u003d Parser.description(fullCommand);","lastModifiedDate":"2021-08-30"},{"lineNumber":31,"author":{"gitId":"zyjarvis"},"content":"            CheckDate(fullCommand, description);","lastModifiedDate":"2021-08-30"},{"lineNumber":32,"author":{"gitId":"zyjarvis"},"content":"            String date \u003d Parser.date(fullCommand);","lastModifiedDate":"2021-08-30"},{"lineNumber":33,"author":{"gitId":"zyjarvis"},"content":"            taskList.addEvent(description, date);","lastModifiedDate":"2021-08-30"},{"lineNumber":34,"author":{"gitId":"zyjarvis"},"content":"            int size \u003d taskList.size;","lastModifiedDate":"2021-08-30"},{"lineNumber":35,"author":{"gitId":"zyjarvis"},"content":"            UI.addMessage(taskList.tasks.get(size - 1), size);","lastModifiedDate":"2021-08-30"},{"lineNumber":36,"author":{"gitId":"zyjarvis"},"content":"        } catch (LackOfDescriptionException e) {","lastModifiedDate":"2021-08-30"},{"lineNumber":37,"author":{"gitId":"zyjarvis"},"content":"            System.out.println(\"OOPS!!! Pls key in the description for the task\");","lastModifiedDate":"2021-08-30"},{"lineNumber":38,"author":{"gitId":"zyjarvis"},"content":"        } catch (LackOfDateException e) {","lastModifiedDate":"2021-08-30"},{"lineNumber":39,"author":{"gitId":"zyjarvis"},"content":"            System.out.println(\"OOPS!!! Pls key in the date for the task\");","lastModifiedDate":"2021-08-30"},{"lineNumber":40,"author":{"gitId":"zyjarvis"},"content":"        }","lastModifiedDate":"2021-08-30"},{"lineNumber":41,"author":{"gitId":"zyjarvis"},"content":"    }","lastModifiedDate":"2021-08-30"},{"lineNumber":42,"author":{"gitId":"zyjarvis"},"content":"}","lastModifiedDate":"2021-08-30"}],"authorContributionMap":{"zyjarvis":42}},{"path":"src/main/java/duke/command/AddTodoCommand.java","fileType":"java","lines":[{"lineNumber":1,"author":{"gitId":"zyjarvis"},"content":"package duke.command;","lastModifiedDate":"2021-08-30"},{"lineNumber":2,"author":{"gitId":"zyjarvis"},"content":"","lastModifiedDate":"2021-08-30"},{"lineNumber":3,"author":{"gitId":"zyjarvis"},"content":"import duke.Parser;","lastModifiedDate":"2021-08-30"},{"lineNumber":4,"author":{"gitId":"zyjarvis"},"content":"import duke.TaskList;","lastModifiedDate":"2021-08-30"},{"lineNumber":5,"author":{"gitId":"zyjarvis"},"content":"import duke.UI;","lastModifiedDate":"2021-08-30"},{"lineNumber":6,"author":{"gitId":"zyjarvis"},"content":"import duke.exception.LackOfDescriptionException;","lastModifiedDate":"2021-08-30"},{"lineNumber":7,"author":{"gitId":"zyjarvis"},"content":"","lastModifiedDate":"2021-08-30"},{"lineNumber":8,"author":{"gitId":"zyjarvis"},"content":"public class AddTodoCommand extends Command {","lastModifiedDate":"2021-08-30"},{"lineNumber":9,"author":{"gitId":"zyjarvis"},"content":"    public AddTodoCommand(String fullCommand) {","lastModifiedDate":"2021-08-30"},{"lineNumber":10,"author":{"gitId":"zyjarvis"},"content":"        super(fullCommand);","lastModifiedDate":"2021-08-30"},{"lineNumber":11,"author":{"gitId":"zyjarvis"},"content":"    }","lastModifiedDate":"2021-08-30"},{"lineNumber":12,"author":{"gitId":"zyjarvis"},"content":"","lastModifiedDate":"2021-08-30"},{"lineNumber":13,"author":{"gitId":"zyjarvis"},"content":"    private static void CheckDescription(String fullCommand) throws LackOfDescriptionException {","lastModifiedDate":"2021-08-30"},{"lineNumber":14,"author":{"gitId":"zyjarvis"},"content":"        if (fullCommand.trim().equals(\"todo\") ) {","lastModifiedDate":"2021-08-30"},{"lineNumber":15,"author":{"gitId":"zyjarvis"},"content":"            throw new LackOfDescriptionException();","lastModifiedDate":"2021-08-30"},{"lineNumber":16,"author":{"gitId":"zyjarvis"},"content":"        }","lastModifiedDate":"2021-08-30"},{"lineNumber":17,"author":{"gitId":"zyjarvis"},"content":"    }","lastModifiedDate":"2021-08-30"},{"lineNumber":18,"author":{"gitId":"zyjarvis"},"content":"","lastModifiedDate":"2021-08-30"},{"lineNumber":19,"author":{"gitId":"zyjarvis"},"content":"    public void run(TaskList taskList) {","lastModifiedDate":"2021-08-30"},{"lineNumber":20,"author":{"gitId":"zyjarvis"},"content":"        try {","lastModifiedDate":"2021-08-30"},{"lineNumber":21,"author":{"gitId":"zyjarvis"},"content":"            CheckDescription(fullCommand);","lastModifiedDate":"2021-08-30"},{"lineNumber":22,"author":{"gitId":"zyjarvis"},"content":"            String description \u003d Parser.description(fullCommand);","lastModifiedDate":"2021-08-30"},{"lineNumber":23,"author":{"gitId":"zyjarvis"},"content":"            taskList.addTodo(description);","lastModifiedDate":"2021-08-30"},{"lineNumber":24,"author":{"gitId":"zyjarvis"},"content":"            int size \u003d taskList.size;","lastModifiedDate":"2021-08-30"},{"lineNumber":25,"author":{"gitId":"zyjarvis"},"content":"            UI.addMessage(taskList.tasks.get(size - 1), size);","lastModifiedDate":"2021-08-30"},{"lineNumber":26,"author":{"gitId":"zyjarvis"},"content":"        } catch (LackOfDescriptionException e) {","lastModifiedDate":"2021-08-30"},{"lineNumber":27,"author":{"gitId":"zyjarvis"},"content":"            System.out.println(\"OOPS!!! Pls key in the description for the task\");","lastModifiedDate":"2021-08-30"},{"lineNumber":28,"author":{"gitId":"zyjarvis"},"content":"        }","lastModifiedDate":"2021-08-30"},{"lineNumber":29,"author":{"gitId":"zyjarvis"},"content":"    }","lastModifiedDate":"2021-08-30"},{"lineNumber":30,"author":{"gitId":"zyjarvis"},"content":"}","lastModifiedDate":"2021-08-30"}],"authorContributionMap":{"zyjarvis":30}},{"path":"src/main/java/duke/command/ByeCommand.java","fileType":"java","lines":[{"lineNumber":1,"author":{"gitId":"zyjarvis"},"content":"package duke.command;","lastModifiedDate":"2021-08-30"},{"lineNumber":2,"author":{"gitId":"zyjarvis"},"content":"","lastModifiedDate":"2021-08-30"},{"lineNumber":3,"author":{"gitId":"zyjarvis"},"content":"import duke.TaskList;","lastModifiedDate":"2021-08-30"},{"lineNumber":4,"author":{"gitId":"zyjarvis"},"content":"import duke.UI;","lastModifiedDate":"2021-08-30"},{"lineNumber":5,"author":{"gitId":"zyjarvis"},"content":"","lastModifiedDate":"2021-08-30"},{"lineNumber":6,"author":{"gitId":"zyjarvis"},"content":"public class ByeCommand extends Command {","lastModifiedDate":"2021-08-30"},{"lineNumber":7,"author":{"gitId":"zyjarvis"},"content":"    public ByeCommand(String fullCommand) {","lastModifiedDate":"2021-08-30"},{"lineNumber":8,"author":{"gitId":"zyjarvis"},"content":"        super(fullCommand);","lastModifiedDate":"2021-08-30"},{"lineNumber":9,"author":{"gitId":"zyjarvis"},"content":"    }","lastModifiedDate":"2021-08-30"},{"lineNumber":10,"author":{"gitId":"zyjarvis"},"content":"","lastModifiedDate":"2021-08-30"},{"lineNumber":11,"author":{"gitId":"zyjarvis"},"content":"    public void run(TaskList taskList) {","lastModifiedDate":"2021-08-30"},{"lineNumber":12,"author":{"gitId":"zyjarvis"},"content":"        UI.byeMessage();","lastModifiedDate":"2021-08-30"},{"lineNumber":13,"author":{"gitId":"zyjarvis"},"content":"    }","lastModifiedDate":"2021-08-30"},{"lineNumber":14,"author":{"gitId":"zyjarvis"},"content":"}","lastModifiedDate":"2021-08-30"}],"authorContributionMap":{"zyjarvis":14}},{"path":"src/main/java/duke/command/Command.java","fileType":"java","lines":[{"lineNumber":1,"author":{"gitId":"zyjarvis"},"content":"package duke.command;","lastModifiedDate":"2021-08-30"},{"lineNumber":2,"author":{"gitId":"zyjarvis"},"content":"","lastModifiedDate":"2021-08-30"},{"lineNumber":3,"author":{"gitId":"zyjarvis"},"content":"import duke.TaskList;","lastModifiedDate":"2021-08-30"},{"lineNumber":4,"author":{"gitId":"zyjarvis"},"content":"","lastModifiedDate":"2021-08-30"},{"lineNumber":5,"author":{"gitId":"zyjarvis"},"content":"public abstract class Command {","lastModifiedDate":"2021-08-30"},{"lineNumber":6,"author":{"gitId":"zyjarvis"},"content":"    protected String fullCommand;","lastModifiedDate":"2021-08-30"},{"lineNumber":7,"author":{"gitId":"zyjarvis"},"content":"","lastModifiedDate":"2021-08-30"},{"lineNumber":8,"author":{"gitId":"zyjarvis"},"content":"    public Command(String fullCommand) {","lastModifiedDate":"2021-08-30"},{"lineNumber":9,"author":{"gitId":"zyjarvis"},"content":"        this.fullCommand \u003d fullCommand;","lastModifiedDate":"2021-08-30"},{"lineNumber":10,"author":{"gitId":"zyjarvis"},"content":"    }","lastModifiedDate":"2021-08-30"},{"lineNumber":11,"author":{"gitId":"zyjarvis"},"content":"","lastModifiedDate":"2021-08-30"},{"lineNumber":12,"author":{"gitId":"zyjarvis"},"content":"    public abstract void run(TaskList taskList);","lastModifiedDate":"2021-08-30"},{"lineNumber":13,"author":{"gitId":"zyjarvis"},"content":"}","lastModifiedDate":"2021-08-30"}],"authorContributionMap":{"zyjarvis":13}},{"path":"src/main/java/duke/command/DoneCommand.java","fileType":"java","lines":[{"lineNumber":1,"author":{"gitId":"zyjarvis"},"content":"package duke.command;","lastModifiedDate":"2021-08-30"},{"lineNumber":2,"author":{"gitId":"zyjarvis"},"content":"","lastModifiedDate":"2021-08-30"},{"lineNumber":3,"author":{"gitId":"zyjarvis"},"content":"import duke.Parser;","lastModifiedDate":"2021-08-30"},{"lineNumber":4,"author":{"gitId":"zyjarvis"},"content":"import duke.TaskList;","lastModifiedDate":"2021-08-30"},{"lineNumber":5,"author":{"gitId":"zyjarvis"},"content":"import duke.UI;","lastModifiedDate":"2021-08-30"},{"lineNumber":6,"author":{"gitId":"zyjarvis"},"content":"import duke.exception.LackOfIndexException;","lastModifiedDate":"2021-08-30"},{"lineNumber":7,"author":{"gitId":"zyjarvis"},"content":"","lastModifiedDate":"2021-08-30"},{"lineNumber":8,"author":{"gitId":"zyjarvis"},"content":"public class DoneCommand extends Command {","lastModifiedDate":"2021-08-30"},{"lineNumber":9,"author":{"gitId":"zyjarvis"},"content":"    public DoneCommand(String fullCommand) {","lastModifiedDate":"2021-08-30"},{"lineNumber":10,"author":{"gitId":"zyjarvis"},"content":"        super(fullCommand);","lastModifiedDate":"2021-08-30"},{"lineNumber":11,"author":{"gitId":"zyjarvis"},"content":"    }","lastModifiedDate":"2021-08-30"},{"lineNumber":12,"author":{"gitId":"zyjarvis"},"content":"","lastModifiedDate":"2021-08-30"},{"lineNumber":13,"author":{"gitId":"zyjarvis"},"content":"    private static void CheckElement(String fullCommand) throws LackOfIndexException {","lastModifiedDate":"2021-08-30"},{"lineNumber":14,"author":{"gitId":"zyjarvis"},"content":"        if (fullCommand.trim().equals(\"done\") ) {","lastModifiedDate":"2021-08-30"},{"lineNumber":15,"author":{"gitId":"zyjarvis"},"content":"            throw new LackOfIndexException();","lastModifiedDate":"2021-08-30"},{"lineNumber":16,"author":{"gitId":"zyjarvis"},"content":"        }","lastModifiedDate":"2021-08-30"},{"lineNumber":17,"author":{"gitId":"zyjarvis"},"content":"    }","lastModifiedDate":"2021-08-30"},{"lineNumber":18,"author":{"gitId":"zyjarvis"},"content":"","lastModifiedDate":"2021-08-30"},{"lineNumber":19,"author":{"gitId":"zyjarvis"},"content":"    public void run(TaskList taskList) {","lastModifiedDate":"2021-08-30"},{"lineNumber":20,"author":{"gitId":"zyjarvis"},"content":"        try {","lastModifiedDate":"2021-08-30"},{"lineNumber":21,"author":{"gitId":"zyjarvis"},"content":"            CheckElement(fullCommand);","lastModifiedDate":"2021-08-30"},{"lineNumber":22,"author":{"gitId":"zyjarvis"},"content":"            int index \u003d Parser.taskNumber(fullCommand);","lastModifiedDate":"2021-08-30"},{"lineNumber":23,"author":{"gitId":"zyjarvis"},"content":"            taskList.done(index);","lastModifiedDate":"2021-08-30"},{"lineNumber":24,"author":{"gitId":"zyjarvis"},"content":"            UI.doneMessage(taskList.tasks, index);","lastModifiedDate":"2021-08-30"},{"lineNumber":25,"author":{"gitId":"zyjarvis"},"content":"        } catch (LackOfIndexException e) {","lastModifiedDate":"2021-08-30"},{"lineNumber":26,"author":{"gitId":"zyjarvis"},"content":"            System.out.println(\"OOPS!!! Pls key in the number of the task\");","lastModifiedDate":"2021-08-30"},{"lineNumber":27,"author":{"gitId":"zyjarvis"},"content":"        } catch (IndexOutOfBoundsException e) {","lastModifiedDate":"2021-08-30"},{"lineNumber":28,"author":{"gitId":"zyjarvis"},"content":"            System.out.println(\"OOPS!!! The number of task is invalid! Please key in again!\");","lastModifiedDate":"2021-08-30"},{"lineNumber":29,"author":{"gitId":"zyjarvis"},"content":"        }","lastModifiedDate":"2021-08-30"},{"lineNumber":30,"author":{"gitId":"zyjarvis"},"content":"    }","lastModifiedDate":"2021-08-30"},{"lineNumber":31,"author":{"gitId":"zyjarvis"},"content":"}","lastModifiedDate":"2021-08-30"}],"authorContributionMap":{"zyjarvis":31}},{"path":"src/main/java/duke/command/ListCommand.java","fileType":"java","lines":[{"lineNumber":1,"author":{"gitId":"zyjarvis"},"content":"package duke.command;","lastModifiedDate":"2021-08-30"},{"lineNumber":2,"author":{"gitId":"zyjarvis"},"content":"","lastModifiedDate":"2021-08-30"},{"lineNumber":3,"author":{"gitId":"zyjarvis"},"content":"import duke.TaskList;","lastModifiedDate":"2021-08-30"},{"lineNumber":4,"author":{"gitId":"zyjarvis"},"content":"import duke.UI;","lastModifiedDate":"2021-08-30"},{"lineNumber":5,"author":{"gitId":"zyjarvis"},"content":"","lastModifiedDate":"2021-08-30"},{"lineNumber":6,"author":{"gitId":"zyjarvis"},"content":"public class ListCommand extends Command {","lastModifiedDate":"2021-08-30"},{"lineNumber":7,"author":{"gitId":"zyjarvis"},"content":"    public ListCommand(String fullCommand) {","lastModifiedDate":"2021-08-30"},{"lineNumber":8,"author":{"gitId":"zyjarvis"},"content":"        super(fullCommand);","lastModifiedDate":"2021-08-30"},{"lineNumber":9,"author":{"gitId":"zyjarvis"},"content":"    }","lastModifiedDate":"2021-08-30"},{"lineNumber":10,"author":{"gitId":"zyjarvis"},"content":"","lastModifiedDate":"2021-08-30"},{"lineNumber":11,"author":{"gitId":"zyjarvis"},"content":"    public void run(TaskList taskList) {","lastModifiedDate":"2021-08-30"},{"lineNumber":12,"author":{"gitId":"zyjarvis"},"content":"        UI.listMessage(taskList.tasks);","lastModifiedDate":"2021-08-30"},{"lineNumber":13,"author":{"gitId":"zyjarvis"},"content":"    }","lastModifiedDate":"2021-08-30"},{"lineNumber":14,"author":{"gitId":"zyjarvis"},"content":"}","lastModifiedDate":"2021-08-30"}],"authorContributionMap":{"zyjarvis":14}},{"path":"src/main/java/duke/exception/CommandException.java","fileType":"java","lines":[{"lineNumber":1,"author":{"gitId":"zyjarvis"},"content":"package duke.exception;","lastModifiedDate":"2021-08-30"},{"lineNumber":2,"author":{"gitId":"zyjarvis"},"content":"","lastModifiedDate":"2021-08-30"},{"lineNumber":3,"author":{"gitId":"zyjarvis"},"content":"public class CommandException extends DukeException {","lastModifiedDate":"2021-08-29"},{"lineNumber":4,"author":{"gitId":"zyjarvis"},"content":"}","lastModifiedDate":"2021-08-29"}],"authorContributionMap":{"zyjarvis":4}},{"path":"src/main/java/duke/exception/DukeException.java","fileType":"java","lines":[{"lineNumber":1,"author":{"gitId":"zyjarvis"},"content":"package duke.exception;","lastModifiedDate":"2021-08-30"},{"lineNumber":2,"author":{"gitId":"zyjarvis"},"content":"","lastModifiedDate":"2021-08-30"},{"lineNumber":3,"author":{"gitId":"zyjarvis"},"content":"public class DukeException extends Exception {","lastModifiedDate":"2021-08-29"},{"lineNumber":4,"author":{"gitId":"zyjarvis"},"content":"}","lastModifiedDate":"2021-08-29"}],"authorContributionMap":{"zyjarvis":4}},{"path":"src/main/java/duke/exception/LackOfDateException.java","fileType":"java","lines":[{"lineNumber":1,"author":{"gitId":"zyjarvis"},"content":"package duke.exception;","lastModifiedDate":"2021-08-30"},{"lineNumber":2,"author":{"gitId":"zyjarvis"},"content":"","lastModifiedDate":"2021-08-30"},{"lineNumber":3,"author":{"gitId":"zyjarvis"},"content":"public class LackOfDateException extends DukeException {","lastModifiedDate":"2021-08-30"},{"lineNumber":4,"author":{"gitId":"zyjarvis"},"content":"}","lastModifiedDate":"2021-08-30"}],"authorContributionMap":{"zyjarvis":4}},{"path":"src/main/java/duke/exception/LackOfDescriptionException.java","fileType":"java","lines":[{"lineNumber":1,"author":{"gitId":"zyjarvis"},"content":"package duke.exception;","lastModifiedDate":"2021-08-30"},{"lineNumber":2,"author":{"gitId":"zyjarvis"},"content":"","lastModifiedDate":"2021-08-30"},{"lineNumber":3,"author":{"gitId":"zyjarvis"},"content":"public class LackOfDescriptionException  extends DukeException {","lastModifiedDate":"2021-08-30"},{"lineNumber":4,"author":{"gitId":"zyjarvis"},"content":"}","lastModifiedDate":"2021-08-30"}],"authorContributionMap":{"zyjarvis":4}},{"path":"src/main/java/duke/exception/LackOfIndexException.java","fileType":"java","lines":[{"lineNumber":1,"author":{"gitId":"zyjarvis"},"content":"package duke.exception;","lastModifiedDate":"2021-08-30"},{"lineNumber":2,"author":{"gitId":"zyjarvis"},"content":"","lastModifiedDate":"2021-08-30"},{"lineNumber":3,"author":{"gitId":"zyjarvis"},"content":"public class LackOfIndexException  extends DukeException {","lastModifiedDate":"2021-08-30"},{"lineNumber":4,"author":{"gitId":"zyjarvis"},"content":"}","lastModifiedDate":"2021-08-30"}],"authorContributionMap":{"zyjarvis":4}},{"path":"src/main/java/duke/task/Deadline.java","fileType":"java","lines":[{"lineNumber":1,"author":{"gitId":"zyjarvis"},"content":"package duke.task;","lastModifiedDate":"2021-08-30"},{"lineNumber":2,"author":{"gitId":"zyjarvis"},"content":"","lastModifiedDate":"2021-08-30"},{"lineNumber":3,"author":{"gitId":"zyjarvis"},"content":"public class Deadline extends Task {","lastModifiedDate":"2021-08-24"},{"lineNumber":4,"author":{"gitId":"zyjarvis"},"content":"    protected String date;","lastModifiedDate":"2021-08-24"},{"lineNumber":5,"author":{"gitId":"zyjarvis"},"content":"","lastModifiedDate":"2021-08-24"},{"lineNumber":6,"author":{"gitId":"zyjarvis"},"content":"    public Deadline(String description, String date) {","lastModifiedDate":"2021-08-24"},{"lineNumber":7,"author":{"gitId":"zyjarvis"},"content":"        super(description);","lastModifiedDate":"2021-08-24"},{"lineNumber":8,"author":{"gitId":"zyjarvis"},"content":"        this.date \u003d date;","lastModifiedDate":"2021-08-24"},{"lineNumber":9,"author":{"gitId":"zyjarvis"},"content":"    }","lastModifiedDate":"2021-08-24"},{"lineNumber":10,"author":{"gitId":"zyjarvis"},"content":"","lastModifiedDate":"2021-08-24"},{"lineNumber":11,"author":{"gitId":"zyjarvis"},"content":"    @Override","lastModifiedDate":"2021-08-24"},{"lineNumber":12,"author":{"gitId":"zyjarvis"},"content":"    public String toString() {","lastModifiedDate":"2021-08-24"},{"lineNumber":13,"author":{"gitId":"zyjarvis"},"content":"        return \"[D]\" + super.toString() + \" (by: \" + date + \")\";","lastModifiedDate":"2021-08-24"},{"lineNumber":14,"author":{"gitId":"zyjarvis"},"content":"    }","lastModifiedDate":"2021-08-24"},{"lineNumber":15,"author":{"gitId":"zyjarvis"},"content":"}","lastModifiedDate":"2021-08-24"}],"authorContributionMap":{"zyjarvis":15}},{"path":"src/main/java/duke/task/Event.java","fileType":"java","lines":[{"lineNumber":1,"author":{"gitId":"zyjarvis"},"content":"package duke.task;","lastModifiedDate":"2021-08-30"},{"lineNumber":2,"author":{"gitId":"zyjarvis"},"content":"","lastModifiedDate":"2021-08-24"},{"lineNumber":3,"author":{"gitId":"zyjarvis"},"content":"public class Event extends Task {","lastModifiedDate":"2021-08-24"},{"lineNumber":4,"author":{"gitId":"zyjarvis"},"content":"    protected String date;","lastModifiedDate":"2021-08-24"},{"lineNumber":5,"author":{"gitId":"zyjarvis"},"content":"","lastModifiedDate":"2021-08-24"},{"lineNumber":6,"author":{"gitId":"zyjarvis"},"content":"    public Event (String description, String date) {","lastModifiedDate":"2021-08-24"},{"lineNumber":7,"author":{"gitId":"zyjarvis"},"content":"        super(description);","lastModifiedDate":"2021-08-24"},{"lineNumber":8,"author":{"gitId":"zyjarvis"},"content":"        this.date \u003d date;","lastModifiedDate":"2021-08-24"},{"lineNumber":9,"author":{"gitId":"zyjarvis"},"content":"    }","lastModifiedDate":"2021-08-24"},{"lineNumber":10,"author":{"gitId":"zyjarvis"},"content":"","lastModifiedDate":"2021-08-24"},{"lineNumber":11,"author":{"gitId":"zyjarvis"},"content":"    @Override","lastModifiedDate":"2021-08-24"},{"lineNumber":12,"author":{"gitId":"zyjarvis"},"content":"    public String toString() {","lastModifiedDate":"2021-08-24"},{"lineNumber":13,"author":{"gitId":"zyjarvis"},"content":"        return \"[E]\" + super.toString() + \" (at: \" + date + \")\";","lastModifiedDate":"2021-08-24"},{"lineNumber":14,"author":{"gitId":"zyjarvis"},"content":"    }","lastModifiedDate":"2021-08-24"},{"lineNumber":15,"author":{"gitId":"zyjarvis"},"content":"}","lastModifiedDate":"2021-08-24"}],"authorContributionMap":{"zyjarvis":15}},{"path":"src/main/java/duke/task/Task.java","fileType":"java","lines":[{"lineNumber":1,"author":{"gitId":"zyjarvis"},"content":"package duke.task;","lastModifiedDate":"2021-08-30"},{"lineNumber":2,"author":{"gitId":"zyjarvis"},"content":"","lastModifiedDate":"2021-08-30"},{"lineNumber":3,"author":{"gitId":"zyjarvis"},"content":"public class Task {","lastModifiedDate":"2021-08-22"},{"lineNumber":4,"author":{"gitId":"zyjarvis"},"content":"    protected String description;","lastModifiedDate":"2021-08-22"},{"lineNumber":5,"author":{"gitId":"zyjarvis"},"content":"    protected boolean isDone;","lastModifiedDate":"2021-08-22"},{"lineNumber":6,"author":{"gitId":"zyjarvis"},"content":"","lastModifiedDate":"2021-08-22"},{"lineNumber":7,"author":{"gitId":"zyjarvis"},"content":"    public Task(String description) {","lastModifiedDate":"2021-08-22"},{"lineNumber":8,"author":{"gitId":"zyjarvis"},"content":"        this.description \u003d description;","lastModifiedDate":"2021-08-22"},{"lineNumber":9,"author":{"gitId":"zyjarvis"},"content":"        this.isDone \u003d false;","lastModifiedDate":"2021-08-22"},{"lineNumber":10,"author":{"gitId":"zyjarvis"},"content":"    }","lastModifiedDate":"2021-08-22"},{"lineNumber":11,"author":{"gitId":"zyjarvis"},"content":"","lastModifiedDate":"2021-08-22"},{"lineNumber":12,"author":{"gitId":"zyjarvis"},"content":"    public void markAsDone(){","lastModifiedDate":"2021-08-22"},{"lineNumber":13,"author":{"gitId":"zyjarvis"},"content":"        isDone \u003d true;","lastModifiedDate":"2021-08-22"},{"lineNumber":14,"author":{"gitId":"zyjarvis"},"content":"    }","lastModifiedDate":"2021-08-22"},{"lineNumber":15,"author":{"gitId":"zyjarvis"},"content":"","lastModifiedDate":"2021-08-22"},{"lineNumber":16,"author":{"gitId":"zyjarvis"},"content":"    public String getStatusIcon() {","lastModifiedDate":"2021-08-22"},{"lineNumber":17,"author":{"gitId":"zyjarvis"},"content":"        return (isDone ? \"\\u2713\" : \"\\u2718\");","lastModifiedDate":"2021-08-22"},{"lineNumber":18,"author":{"gitId":"zyjarvis"},"content":"    }","lastModifiedDate":"2021-08-22"},{"lineNumber":19,"author":{"gitId":"zyjarvis"},"content":"","lastModifiedDate":"2021-08-22"},{"lineNumber":20,"author":{"gitId":"zyjarvis"},"content":"    public String toString() {","lastModifiedDate":"2021-08-22"},{"lineNumber":21,"author":{"gitId":"zyjarvis"},"content":"        return \"[\" + getStatusIcon() + \"] \" + description;","lastModifiedDate":"2021-08-22"},{"lineNumber":22,"author":{"gitId":"zyjarvis"},"content":"    }","lastModifiedDate":"2021-08-22"},{"lineNumber":23,"author":{"gitId":"zyjarvis"},"content":"}","lastModifiedDate":"2021-08-22"}],"authorContributionMap":{"zyjarvis":23}},{"path":"src/main/java/duke/task/Todo.java","fileType":"java","lines":[{"lineNumber":1,"author":{"gitId":"zyjarvis"},"content":"package duke.task;","lastModifiedDate":"2021-08-30"},{"lineNumber":2,"author":{"gitId":"zyjarvis"},"content":"","lastModifiedDate":"2021-08-30"},{"lineNumber":3,"author":{"gitId":"zyjarvis"},"content":"public class Todo extends Task {","lastModifiedDate":"2021-08-24"},{"lineNumber":4,"author":{"gitId":"zyjarvis"},"content":"    public Todo(String description){","lastModifiedDate":"2021-08-24"},{"lineNumber":5,"author":{"gitId":"zyjarvis"},"content":"        super(description);","lastModifiedDate":"2021-08-24"},{"lineNumber":6,"author":{"gitId":"zyjarvis"},"content":"    }","lastModifiedDate":"2021-08-24"},{"lineNumber":7,"author":{"gitId":"zyjarvis"},"content":"","lastModifiedDate":"2021-08-24"},{"lineNumber":8,"author":{"gitId":"zyjarvis"},"content":"    @Override","lastModifiedDate":"2021-08-24"},{"lineNumber":9,"author":{"gitId":"zyjarvis"},"content":"    public String toString() {","lastModifiedDate":"2021-08-24"},{"lineNumber":10,"author":{"gitId":"zyjarvis"},"content":"        return \"[T]\" + super.toString();","lastModifiedDate":"2021-08-24"},{"lineNumber":11,"author":{"gitId":"zyjarvis"},"content":"    }","lastModifiedDate":"2021-08-24"},{"lineNumber":12,"author":{"gitId":"zyjarvis"},"content":"}","lastModifiedDate":"2021-08-24"}],"authorContributionMap":{"zyjarvis":12}},{"path":"text-ui-test/input.txt","fileType":"txt","lines":[{"lineNumber":1,"author":{"gitId":"zyjarvis"},"content":"bye","lastModifiedDate":"2021-08-25"}],"authorContributionMap":{"zyjarvis":1}},{"path":"text-ui-test/runtest.bat","fileType":"bat","lines":[{"lineNumber":1,"author":{"gitId":"-"},"content":"@ECHO OFF","lastModifiedDate":"2020-05-25"},{"lineNumber":2,"author":{"gitId":"-"},"content":"","lastModifiedDate":"2020-05-25"},{"lineNumber":3,"author":{"gitId":"-"},"content":"REM create bin directory if it doesn\u0027t exist","lastModifiedDate":"2020-05-25"},{"lineNumber":4,"author":{"gitId":"-"},"content":"if not exist ..\\bin mkdir ..\\bin","lastModifiedDate":"2020-05-25"},{"lineNumber":5,"author":{"gitId":"-"},"content":"","lastModifiedDate":"2020-05-25"},{"lineNumber":6,"author":{"gitId":"-"},"content":"REM delete output from previous run","lastModifiedDate":"2020-05-25"},{"lineNumber":7,"author":{"gitId":"-"},"content":"if exist ACTUAL.TXT del ACTUAL.TXT","lastModifiedDate":"2020-08-25"},{"lineNumber":8,"author":{"gitId":"-"},"content":"","lastModifiedDate":"2020-05-25"},{"lineNumber":9,"author":{"gitId":"-"},"content":"REM compile the code into the bin folder","lastModifiedDate":"2020-05-25"},{"lineNumber":10,"author":{"gitId":"-"},"content":"javac  -cp ..\\src\\main\\java -Xlint:none -d ..\\bin ..\\src\\main\\java\\*.java","lastModifiedDate":"2020-08-25"},{"lineNumber":11,"author":{"gitId":"-"},"content":"IF ERRORLEVEL 1 (","lastModifiedDate":"2020-05-25"},{"lineNumber":12,"author":{"gitId":"-"},"content":"    echo ********** BUILD FAILURE **********","lastModifiedDate":"2020-05-25"},{"lineNumber":13,"author":{"gitId":"-"},"content":"    exit /b 1","lastModifiedDate":"2020-05-25"},{"lineNumber":14,"author":{"gitId":"-"},"content":")","lastModifiedDate":"2020-05-25"},{"lineNumber":15,"author":{"gitId":"-"},"content":"REM no error here, errorlevel \u003d\u003d 0","lastModifiedDate":"2020-05-25"},{"lineNumber":16,"author":{"gitId":"-"},"content":"","lastModifiedDate":"2020-05-25"},{"lineNumber":17,"author":{"gitId":"-"},"content":"REM run the program, feed commands from input.txt file and redirect the output to the ACTUAL.TXT","lastModifiedDate":"2020-05-25"},{"lineNumber":18,"author":{"gitId":"zyjarvis"},"content":"java -classpath ..\\bin duke.Duke \u003c input.txt \u003e ACTUAL.TXT","lastModifiedDate":"2021-08-30"},{"lineNumber":19,"author":{"gitId":"-"},"content":"","lastModifiedDate":"2020-05-25"},{"lineNumber":20,"author":{"gitId":"-"},"content":"REM compare the output to the expected output","lastModifiedDate":"2020-05-25"},{"lineNumber":21,"author":{"gitId":"-"},"content":"FC ACTUAL.TXT EXPECTED.TXT","lastModifiedDate":"2020-05-25"}],"authorContributionMap":{"zyjarvis":1,"-":20}}]
