[{"path":"src/main/java/Command.java","fileType":"java","lines":[{"lineNumber":1,"author":{"gitId":"zyjarvis"},"content":"public class Command {","lastModifiedDate":"2021-08-21"},{"lineNumber":2,"author":{"gitId":"zyjarvis"},"content":"    protected String fullCommand;","lastModifiedDate":"2021-08-21"},{"lineNumber":3,"author":{"gitId":"zyjarvis"},"content":"    protected boolean isExit;","lastModifiedDate":"2021-08-21"},{"lineNumber":4,"author":{"gitId":"zyjarvis"},"content":"","lastModifiedDate":"2021-08-21"},{"lineNumber":5,"author":{"gitId":"zyjarvis"},"content":"    public Command(String fullCommand) {","lastModifiedDate":"2021-08-21"},{"lineNumber":6,"author":{"gitId":"zyjarvis"},"content":"        this.fullCommand \u003d fullCommand;","lastModifiedDate":"2021-08-21"},{"lineNumber":7,"author":{"gitId":"zyjarvis"},"content":"        this.isExit \u003d false;","lastModifiedDate":"2021-08-21"},{"lineNumber":8,"author":{"gitId":"zyjarvis"},"content":"    }","lastModifiedDate":"2021-08-21"},{"lineNumber":9,"author":{"gitId":"zyjarvis"},"content":"","lastModifiedDate":"2021-08-21"},{"lineNumber":10,"author":{"gitId":"zyjarvis"},"content":"    public void execute() {","lastModifiedDate":"2021-08-21"},{"lineNumber":11,"author":{"gitId":"zyjarvis"},"content":"        String command \u003d fullCommand;","lastModifiedDate":"2021-08-21"},{"lineNumber":12,"author":{"gitId":"zyjarvis"},"content":"","lastModifiedDate":"2021-08-21"},{"lineNumber":13,"author":{"gitId":"zyjarvis"},"content":"        switch (command) {","lastModifiedDate":"2021-08-21"},{"lineNumber":14,"author":{"gitId":"zyjarvis"},"content":"            case \"bye\":","lastModifiedDate":"2021-08-21"},{"lineNumber":15,"author":{"gitId":"zyjarvis"},"content":"                UI.byeMessage();","lastModifiedDate":"2021-08-21"},{"lineNumber":16,"author":{"gitId":"zyjarvis"},"content":"                isExit \u003d true;","lastModifiedDate":"2021-08-21"},{"lineNumber":17,"author":{"gitId":"zyjarvis"},"content":"                break;","lastModifiedDate":"2021-08-21"},{"lineNumber":18,"author":{"gitId":"zyjarvis"},"content":"            default:","lastModifiedDate":"2021-08-21"},{"lineNumber":19,"author":{"gitId":"zyjarvis"},"content":"                UI.echoMessage(command);","lastModifiedDate":"2021-08-21"},{"lineNumber":20,"author":{"gitId":"zyjarvis"},"content":"                isExit \u003d false;","lastModifiedDate":"2021-08-21"},{"lineNumber":21,"author":{"gitId":"zyjarvis"},"content":"                break;","lastModifiedDate":"2021-08-21"},{"lineNumber":22,"author":{"gitId":"zyjarvis"},"content":"        }","lastModifiedDate":"2021-08-21"},{"lineNumber":23,"author":{"gitId":"zyjarvis"},"content":"    }","lastModifiedDate":"2021-08-21"},{"lineNumber":24,"author":{"gitId":"zyjarvis"},"content":"}","lastModifiedDate":"2021-08-21"}],"authorContributionMap":{"zyjarvis":24}},{"path":"src/main/java/Duke.java","fileType":"java","lines":[{"lineNumber":1,"author":{"gitId":"-"},"content":"public class Duke {","lastModifiedDate":"2019-07-29"},{"lineNumber":2,"author":{"gitId":"zyjarvis"},"content":"    private Duke(){ }","lastModifiedDate":"2021-08-21"},{"lineNumber":3,"author":{"gitId":"zyjarvis"},"content":"","lastModifiedDate":"2021-08-21"},{"lineNumber":4,"author":{"gitId":"zyjarvis"},"content":"    private void run(){","lastModifiedDate":"2021-08-21"},{"lineNumber":5,"author":{"gitId":"zyjarvis"},"content":"        UI ui \u003d new UI();","lastModifiedDate":"2021-08-21"},{"lineNumber":6,"author":{"gitId":"zyjarvis"},"content":"        ui.welcome();","lastModifiedDate":"2021-08-21"},{"lineNumber":7,"author":{"gitId":"zyjarvis"},"content":"        boolean isExit \u003d false;","lastModifiedDate":"2021-08-21"},{"lineNumber":8,"author":{"gitId":"zyjarvis"},"content":"        while(!isExit){","lastModifiedDate":"2021-08-21"},{"lineNumber":9,"author":{"gitId":"zyjarvis"},"content":"            String fullCommand \u003d UI.readCommand();","lastModifiedDate":"2021-08-21"},{"lineNumber":10,"author":{"gitId":"zyjarvis"},"content":"            Command c \u003d new Command(fullCommand);","lastModifiedDate":"2021-08-21"},{"lineNumber":11,"author":{"gitId":"zyjarvis"},"content":"            c.execute();","lastModifiedDate":"2021-08-21"},{"lineNumber":12,"author":{"gitId":"zyjarvis"},"content":"            isExit \u003d c.isExit;","lastModifiedDate":"2021-08-21"},{"lineNumber":13,"author":{"gitId":"zyjarvis"},"content":"        }","lastModifiedDate":"2021-08-21"},{"lineNumber":14,"author":{"gitId":"zyjarvis"},"content":"    }","lastModifiedDate":"2021-08-21"},{"lineNumber":15,"author":{"gitId":"zyjarvis"},"content":"","lastModifiedDate":"2021-08-21"},{"lineNumber":16,"author":{"gitId":"-"},"content":"    public static void main(String[] args) {","lastModifiedDate":"2021-08-21"},{"lineNumber":17,"author":{"gitId":"zyjarvis"},"content":"        new Duke().run();","lastModifiedDate":"2021-08-21"},{"lineNumber":18,"author":{"gitId":"-"},"content":"    }","lastModifiedDate":"2019-07-29"},{"lineNumber":19,"author":{"gitId":"-"},"content":"}","lastModifiedDate":"2019-07-29"}],"authorContributionMap":{"zyjarvis":15,"-":4}},{"path":"src/main/java/UI.java","fileType":"java","lines":[{"lineNumber":1,"author":{"gitId":"zyjarvis"},"content":"import java.util.Scanner;","lastModifiedDate":"2021-08-21"},{"lineNumber":2,"author":{"gitId":"zyjarvis"},"content":"","lastModifiedDate":"2021-08-21"},{"lineNumber":3,"author":{"gitId":"zyjarvis"},"content":"public class UI {","lastModifiedDate":"2021-08-21"},{"lineNumber":4,"author":{"gitId":"zyjarvis"},"content":"    public static void welcome(){","lastModifiedDate":"2021-08-21"},{"lineNumber":5,"author":{"gitId":"zyjarvis"},"content":"        splitLine();","lastModifiedDate":"2021-08-21"},{"lineNumber":6,"author":{"gitId":"zyjarvis"},"content":"        String logo \u003d \" ____        _        \\n\"","lastModifiedDate":"2021-08-21"},{"lineNumber":7,"author":{"gitId":"zyjarvis"},"content":"                + \"|  _ \\\\ _   _| | _____ \\n\"","lastModifiedDate":"2021-08-21"},{"lineNumber":8,"author":{"gitId":"zyjarvis"},"content":"                + \"| | | | | | | |/ / _ \\\\\\n\"","lastModifiedDate":"2021-08-21"},{"lineNumber":9,"author":{"gitId":"zyjarvis"},"content":"                + \"| |_| | |_| |   \u003c  __/\\n\"","lastModifiedDate":"2021-08-21"},{"lineNumber":10,"author":{"gitId":"zyjarvis"},"content":"                + \"|____/ \\\\__,_|_|\\\\_\\\\___|\";","lastModifiedDate":"2021-08-21"},{"lineNumber":11,"author":{"gitId":"zyjarvis"},"content":"        System.out.println(\"Hello from\\n\" + logo);","lastModifiedDate":"2021-08-21"},{"lineNumber":12,"author":{"gitId":"zyjarvis"},"content":"        splitLine();","lastModifiedDate":"2021-08-21"},{"lineNumber":13,"author":{"gitId":"zyjarvis"},"content":"        System.out.println(\"Hello! I\u0027m Duke\");","lastModifiedDate":"2021-08-21"},{"lineNumber":14,"author":{"gitId":"zyjarvis"},"content":"        System.out.println(\"What can I do for you?\");","lastModifiedDate":"2021-08-21"},{"lineNumber":15,"author":{"gitId":"zyjarvis"},"content":"        splitLine();","lastModifiedDate":"2021-08-21"},{"lineNumber":16,"author":{"gitId":"zyjarvis"},"content":"    }","lastModifiedDate":"2021-08-21"},{"lineNumber":17,"author":{"gitId":"zyjarvis"},"content":"","lastModifiedDate":"2021-08-21"},{"lineNumber":18,"author":{"gitId":"zyjarvis"},"content":"    public static void byeMessage(){","lastModifiedDate":"2021-08-21"},{"lineNumber":19,"author":{"gitId":"zyjarvis"},"content":"        splitLine();","lastModifiedDate":"2021-08-21"},{"lineNumber":20,"author":{"gitId":"zyjarvis"},"content":"        System.out.println(\"Bye. Hope to see you again soon!\");","lastModifiedDate":"2021-08-21"},{"lineNumber":21,"author":{"gitId":"zyjarvis"},"content":"        splitLine();","lastModifiedDate":"2021-08-21"},{"lineNumber":22,"author":{"gitId":"zyjarvis"},"content":"    }","lastModifiedDate":"2021-08-21"},{"lineNumber":23,"author":{"gitId":"zyjarvis"},"content":"","lastModifiedDate":"2021-08-21"},{"lineNumber":24,"author":{"gitId":"zyjarvis"},"content":"    public static void echoMessage(String fullCommand){","lastModifiedDate":"2021-08-21"},{"lineNumber":25,"author":{"gitId":"zyjarvis"},"content":"        splitLine();","lastModifiedDate":"2021-08-21"},{"lineNumber":26,"author":{"gitId":"zyjarvis"},"content":"        System.out.println(fullCommand);","lastModifiedDate":"2021-08-21"},{"lineNumber":27,"author":{"gitId":"zyjarvis"},"content":"        splitLine();","lastModifiedDate":"2021-08-21"},{"lineNumber":28,"author":{"gitId":"zyjarvis"},"content":"    }","lastModifiedDate":"2021-08-21"},{"lineNumber":29,"author":{"gitId":"zyjarvis"},"content":"","lastModifiedDate":"2021-08-21"},{"lineNumber":30,"author":{"gitId":"zyjarvis"},"content":"    public static void splitLine(){","lastModifiedDate":"2021-08-21"},{"lineNumber":31,"author":{"gitId":"zyjarvis"},"content":"        System.out.println(\"--------------------------------------------------------\");","lastModifiedDate":"2021-08-21"},{"lineNumber":32,"author":{"gitId":"zyjarvis"},"content":"    }","lastModifiedDate":"2021-08-21"},{"lineNumber":33,"author":{"gitId":"zyjarvis"},"content":"","lastModifiedDate":"2021-08-21"},{"lineNumber":34,"author":{"gitId":"zyjarvis"},"content":"    public static String readCommand() {","lastModifiedDate":"2021-08-21"},{"lineNumber":35,"author":{"gitId":"zyjarvis"},"content":"        Scanner in \u003d new Scanner(System.in);","lastModifiedDate":"2021-08-21"},{"lineNumber":36,"author":{"gitId":"zyjarvis"},"content":"        String fullCommand \u003d in.nextLine();","lastModifiedDate":"2021-08-21"},{"lineNumber":37,"author":{"gitId":"zyjarvis"},"content":"        assert fullCommand.length() \u003e 0: \"The command can\u0027t be empty!\";","lastModifiedDate":"2021-08-21"},{"lineNumber":38,"author":{"gitId":"zyjarvis"},"content":"        return fullCommand;","lastModifiedDate":"2021-08-21"},{"lineNumber":39,"author":{"gitId":"zyjarvis"},"content":"    }","lastModifiedDate":"2021-08-21"},{"lineNumber":40,"author":{"gitId":"zyjarvis"},"content":"}","lastModifiedDate":"2021-08-21"}],"authorContributionMap":{"zyjarvis":40}}]
