{"authorDailyContributionsMap":{"zyjarvis":[{"date":"2021-08-21","commitResults":[{"hash":"d18beed29004372f363c1c641a4caf9a166ee750","messageTitle":"Level 0. Greet","messageBody":"","tags":["Level-0"],"fileTypesAndContributionMap":{"java":{"insertions":35,"deletions":6}}},{"hash":"bb0b7b67a2639310326198cc93b790b3bbaea5d0","messageTitle":"Level 1. Greet, Echo, Exit","messageBody":"","tags":["Level-1"],"fileTypesAndContributionMap":{"java":{"insertions":55,"deletions":11}}}]},{"date":"2021-08-22","commitResults":[{"hash":"54ce9ac4bd6742316d0e43fe0c3464d95f721436","messageTitle":"Level 2. Add, List","messageBody":"","tags":["Level-2"],"fileTypesAndContributionMap":{"java":{"insertions":59,"deletions":8}}},{"hash":"87b4b3566cfa98188819de7ca1a223866b58dce2","messageTitle":"Level 3. Mark as Done","messageBody":"","tags":["Level-3"],"fileTypesAndContributionMap":{"java":{"insertions":42,"deletions":17}}}]},{"date":"2021-08-24","commitResults":[{"hash":"8a09b3bf86ec4e9194c5c603eface406f067a93c","messageTitle":"Level 4. ToDos, Events, Deadlines","messageBody":"","tags":["Level-4"],"fileTypesAndContributionMap":{"java":{"insertions":87,"deletions":11}}}]},{"date":"2021-08-25","commitResults":[{"hash":"3f4465b6ed7391d1ec52f611073b84ca15eae605","messageTitle":"A-TextUiTesting","messageBody":"","tags":["A-TextUiTesting"],"fileTypesAndContributionMap":{"txt":{"insertions":2,"deletions":0},"java":{"insertions":6,"deletions":8}}}]}]},"authorFileTypeContributionMap":{"zyjarvis":{"java":229,"md":0,"fxml":0,"sh":0,"bat":0,"gradle":0,"txt":2}},"authorContributionVariance":{"zyjarvis":1770.7126},"authorDisplayNameMap":{"zyjarvis":"ZHAN.. YUN"}}
