{"authorDailyContributionsMap":{"zyjarvis":[{"date":"2021-08-21","commitResults":[{"hash":"d18beed29004372f363c1c641a4caf9a166ee750","messageTitle":"Level 0. Greet","messageBody":"","tags":["Level-0"],"fileTypesAndContributionMap":{"java":{"insertions":35,"deletions":6}}},{"hash":"bb0b7b67a2639310326198cc93b790b3bbaea5d0","messageTitle":"Level 1. Greet, Echo, Exit","messageBody":"","tags":["Level-1"],"fileTypesAndContributionMap":{"java":{"insertions":55,"deletions":11}}}]},{"date":"2021-08-22","commitResults":[{"hash":"54ce9ac4bd6742316d0e43fe0c3464d95f721436","messageTitle":"Level 2. Add, List","messageBody":"","tags":["Level-2"],"fileTypesAndContributionMap":{"java":{"insertions":59,"deletions":8}}},{"hash":"87b4b3566cfa98188819de7ca1a223866b58dce2","messageTitle":"Level 3. Mark as Done","messageBody":"","tags":["Level-3"],"fileTypesAndContributionMap":{"java":{"insertions":42,"deletions":17}}}]},{"date":"2021-08-24","commitResults":[{"hash":"8a09b3bf86ec4e9194c5c603eface406f067a93c","messageTitle":"Level 4. ToDos, Events, Deadlines","messageBody":"","tags":["Level-4","A-Inheritance"],"fileTypesAndContributionMap":{"java":{"insertions":87,"deletions":11}}}]},{"date":"2021-08-25","commitResults":[{"hash":"3f4465b6ed7391d1ec52f611073b84ca15eae605","messageTitle":"A-TextUiTesting","messageBody":"","tags":["A-TextUiTesting"],"fileTypesAndContributionMap":{"txt":{"insertions":2,"deletions":0},"java":{"insertions":6,"deletions":8}}}]},{"date":"2021-08-26","commitResults":[{"hash":"93d6982f5162f90dc0d7a7478e351ab211112e7b","messageTitle":"A-CodingStandard","messageBody":"","tags":["A-CodingStandard"],"fileTypesAndContributionMap":{"txt":{"insertions":0,"deletions":1},"java":{"insertions":4,"deletions":4}}}]},{"date":"2021-08-29","commitResults":[{"hash":"fb1a444535cd34cde5bd60f21a7a46851ee7becc","messageTitle":"Level 5. Handle Errors","messageBody":"","tags":["Level-5","A-Exceptions"],"fileTypesAndContributionMap":{"java":{"insertions":93,"deletions":42}}},{"hash":"b728456d6520416071a59a268e3f9c12a1ecea68","messageTitle":"A-CodeQuality","messageBody":"","tags":["A-CodeQuality"],"fileTypesAndContributionMap":{"java":{"insertions":17,"deletions":12}}}]},{"date":"2021-08-30","commitResults":[{"hash":"c088db43d768f4ecf16caf7a6f7496ce2ab2bcdb","messageTitle":"A-AbstractClasses","messageBody":"","tags":["A-AbstractClasses"],"fileTypesAndContributionMap":{"java":{"insertions":172,"deletions":64}}},{"hash":"1f0e7710fd745d117002b218203042e71f66d688","messageTitle":"A-Packages","messageBody":"","tags":["A-Packages"],"fileTypesAndContributionMap":{"java":{"insertions":86,"deletions":4},"bat":{"insertions":1,"deletions":1},"md":{"insertions":2,"deletions":2}}}]},{"date":"2021-09-06","commitResults":[{"hash":"9a922a5d3991ee9bd2505f54861997d080fe3898","messageTitle":"Level 6. Delete","messageBody":"","tags":["Level-6","A-Collections"],"fileTypesAndContributionMap":{"java":{"insertions":91,"deletions":46}}},{"hash":"787a9bebcaa7efbcfc21c6fb0ae2422f622eada4","messageTitle":"Level 7. Save","messageBody":"","fileTypesAndContributionMap":{"txt":{"insertions":5,"deletions":0},"java":{"insertions":120,"deletions":27}}},{"hash":"beff41dd9f749fcbd12927f2caca0e902588c4f9","messageTitle":"A-JavaDoc","messageBody":"","fileTypesAndContributionMap":{"java":{"insertions":140,"deletions":32}}}]},{"date":"2021-09-07","commitResults":[{"hash":"3d90dc28f3a0fa1046420f50cff89f92e379d123","messageTitle":"A-JavaDoc (Updated)","messageBody":"","fileTypesAndContributionMap":{"java":{"insertions":112,"deletions":22}}},{"hash":"7a8605d0cf07b75236eb3b07336cb6da4f321b09","messageTitle":"A-Jar","messageBody":"","tags":["A-MoreOOP","A-Jar"],"fileTypesAndContributionMap":{"txt":{"insertions":1,"deletions":2}}}]},{"date":"2021-09-12","commitResults":[{"hash":"cd8bc4fec96c85223f55528ebb095a97d7ded360","messageTitle":"Level 8. Dates and Times","messageBody":"","fileTypesAndContributionMap":{"txt":{"insertions":1,"deletions":1},"java":{"insertions":89,"deletions":19}}},{"hash":"5f9d96e0feeb3da46bcdae38dc645af472b93ee1","messageTitle":"Level 9. Find","messageBody":"","fileTypesAndContributionMap":{"txt":{"insertions":1,"deletions":1},"java":{"insertions":80,"deletions":6}}}]}]},"authorFileTypeContributionMap":{"zyjarvis":{"java":956,"md":2,"fxml":0,"sh":0,"bat":1,"gradle":0,"txt":5}},"authorContributionVariance":{"zyjarvis":10493.792},"authorDisplayNameMap":{"zyjarvis":"TIC4001-F18-2 ZHAN.. YUN"}}
