{"authorDailyContributionsMap":{"thisisdax":[{"date":"2021-08-29","commitResults":[{"hash":"1d4d31c339d06a4804d210ec437b2d6fa821bdc1","messageTitle":"level-0","messageBody":"","tags":["Level-0"],"fileTypesAndContributionMap":{"java":{"insertions":6,"deletions":0}}},{"hash":"89d0f2e0a28fe49907f36d00b5fd0ffcfa148c41","messageTitle":"level-1","messageBody":"","tags":["Level-1"],"fileTypesAndContributionMap":{"java":{"insertions":18,"deletions":5}}}]},{"date":"2021-08-30","commitResults":[{"hash":"a9145e789632fac37fb2839450b761538b625694","messageTitle":"level-2","messageBody":"","tags":["Level-2"],"fileTypesAndContributionMap":{"java":{"insertions":54,"deletions":10}}},{"hash":"b22e77b45ff1c22132d29bfcc93604461bdc6756","messageTitle":"level-3","messageBody":"","tags":["Level-3"],"fileTypesAndContributionMap":{"java":{"insertions":35,"deletions":2}}}]},{"date":"2021-09-27","commitResults":[{"hash":"b1f1fb9ae378845a8d7945df6f50a0a3c2abfa32","messageTitle":"level-4","messageBody":"","tags":["Level-4"],"fileTypesAndContributionMap":{"java":{"insertions":199,"deletions":67}}}]},{"date":"2021-10-03","commitResults":[{"hash":"f0d77f2d7f0192996b113d77ef36080914cbb94a","messageTitle":"level-5","messageBody":"","fileTypesAndContributionMap":{"java":{"insertions":4,"deletions":0}}},{"hash":"f068b33208ef71538d2787e5cfeb241fae580e3d","messageTitle":"level-5.1","messageBody":"","tags":["Level-5"],"fileTypesAndContributionMap":{"java":{"insertions":63,"deletions":28}}},{"hash":"c5e0fcd2d4b37c7f573229f8236854f05c4989a8","messageTitle":"A-AbstractClasses","messageBody":"","tags":["A-CodeQuality","A-AbstractClasses"],"fileTypesAndContributionMap":{"java":{"insertions":3,"deletions":1}}},{"hash":"71c56850b2a65f368be1133da75ca25e45303ff1","messageTitle":"A-Packages","messageBody":"","fileTypesAndContributionMap":{"java":{"insertions":8,"deletions":8}}},{"hash":"61ab170b0ec810e3ae632850962a0cda6107cefb","messageTitle":"level-6","messageBody":"","fileTypesAndContributionMap":{"java":{"insertions":20,"deletions":1}}}]},{"date":"2021-10-04","commitResults":[{"hash":"4adad5cfa659372149fccf4f1cbe9a282b1aa1db","messageTitle":"level-7","messageBody":"","fileTypesAndContributionMap":{"txt":{"insertions":5,"deletions":0},"java":{"insertions":139,"deletions":5}}},{"hash":"827ef3e7ade0cba2672d80c9834f3423b115f439","messageTitle":"A-JavaDoc","messageBody":"","tags":["A-JavaDoc"],"fileTypesAndContributionMap":{"java":{"insertions":28,"deletions":24}}},{"hash":"c7198a0e4e17d3fb58fa4f9f487b9daaac990b7b","messageTitle":"code clean up","messageBody":"","tags":["v0.1","Level-7","A-Jar"],"fileTypesAndContributionMap":{"java":{"insertions":9,"deletions":9}}},{"hash":"8d4e4f6ba86fe266f14033030cc9937122a676fa","messageTitle":"A-MoreOOP","messageBody":"","tags":["A-MoreOOP"],"fileTypesAndContributionMap":{"txt":{"insertions":1,"deletions":1},"java":{"insertions":41,"deletions":27}}},{"hash":"a0d70d7bdf0159398e73cf19024138be521ffccc","messageTitle":"level-9","messageBody":"","tags":["Level-9"],"fileTypesAndContributionMap":{"txt":{"insertions":2,"deletions":0},"java":{"insertions":22,"deletions":0}}},{"hash":"b566136b6e2a99c02f059b138369a1f30f1f301c","messageTitle":"A-JUnit","messageBody":"","tags":["A-JUnit"],"fileTypesAndContributionMap":{"java":{"insertions":35,"deletions":0}}},{"hash":"c27ce16e46a591e8077540d29ef698414f4b6f06","messageTitle":"A-UserGuide","messageBody":"","tags":["v0.2"],"fileTypesAndContributionMap":{"txt":{"insertions":2,"deletions":2},"java":{"insertions":28,"deletions":0},"md":{"insertions":17,"deletions":0}}},{"hash":"4cc70e0a5636f00e2f3aedfe039eadcf295c3dbc","messageTitle":"update A-UserGuide","messageBody":"","tags":["A-UserGuide"],"fileTypesAndContributionMap":{"txt":{"insertions":2,"deletions":0},"java":{"insertions":1,"deletions":0},"md":{"insertions":121,"deletions":27}}}]}]},"authorFileTypeContributionMap":{"thisisdax":{"java":526,"md":111,"fxml":0,"sh":0,"bat":0,"gradle":0,"txt":9}},"authorContributionVariance":{"thisisdax":6669.0312},"authorDisplayNameMap":{"thisisdax":"TIC4001-F18-6 TAN .. HUA"}}
