{"authorDailyContributionsMap":{"thisisdax":[{"date":"2021-08-29","commitResults":[{"hash":"1d4d31c339d06a4804d210ec437b2d6fa821bdc1","messageTitle":"level-0","messageBody":"","tags":["Level-0"],"fileTypesAndContributionMap":{"java":{"insertions":6,"deletions":0}}},{"hash":"89d0f2e0a28fe49907f36d00b5fd0ffcfa148c41","messageTitle":"level-1","messageBody":"","tags":["Level-1"],"fileTypesAndContributionMap":{"java":{"insertions":18,"deletions":5}}}]},{"date":"2021-08-30","commitResults":[{"hash":"a9145e789632fac37fb2839450b761538b625694","messageTitle":"level-2","messageBody":"","tags":["Level-2"],"fileTypesAndContributionMap":{"java":{"insertions":54,"deletions":10}}},{"hash":"b22e77b45ff1c22132d29bfcc93604461bdc6756","messageTitle":"level-3","messageBody":"","tags":["Level-3"],"fileTypesAndContributionMap":{"java":{"insertions":35,"deletions":2}}}]},{"date":"2021-09-27","commitResults":[{"hash":"b1f1fb9ae378845a8d7945df6f50a0a3c2abfa32","messageTitle":"level-4","messageBody":"","tags":["Level-4"],"fileTypesAndContributionMap":{"java":{"insertions":199,"deletions":67}}}]}]},"authorFileTypeContributionMap":{"thisisdax":{"java":228,"md":0,"fxml":0,"sh":0,"bat":0,"gradle":0,"txt":0}},"authorContributionVariance":{"thisisdax":1573.2336},"authorDisplayNameMap":{"thisisdax":"TIC4001-F18-6 TAN .. HUA"}}
