[{"path":"src/main/java/basic/Duke.java","fileType":"java","lines":[{"lineNumber":1,"author":{"gitId":"chenghuiyuan"},"content":"","lastModifiedDate":"2021-08-14"},{"lineNumber":2,"author":{"gitId":"chenghuiyuan"},"content":"package basic;","lastModifiedDate":"2021-08-14"},{"lineNumber":3,"author":{"gitId":"chenghuiyuan"},"content":"","lastModifiedDate":"2021-08-14"},{"lineNumber":4,"author":{"gitId":"chenghuiyuan"},"content":"import command.Command;","lastModifiedDate":"2021-08-28"},{"lineNumber":5,"author":{"gitId":"chenghuiyuan"},"content":"","lastModifiedDate":"2021-08-14"},{"lineNumber":6,"author":{"gitId":"chenghuiyuan"},"content":"import java.util.ArrayList;","lastModifiedDate":"2021-08-14"},{"lineNumber":7,"author":{"gitId":"chenghuiyuan"},"content":"","lastModifiedDate":"2021-08-14"},{"lineNumber":8,"author":{"gitId":"chenghuiyuan"},"content":"/**","lastModifiedDate":"2021-08-28"},{"lineNumber":9,"author":{"gitId":"chenghuiyuan"},"content":" * Runs basic.Duke program as long as isExit is false","lastModifiedDate":"2021-08-28"},{"lineNumber":10,"author":{"gitId":"chenghuiyuan"},"content":" */","lastModifiedDate":"2021-08-28"},{"lineNumber":11,"author":{"gitId":"chenghuiyuan"},"content":"public class Duke {","lastModifiedDate":"2021-08-14"},{"lineNumber":12,"author":{"gitId":"chenghuiyuan"},"content":"    private Ui ui;","lastModifiedDate":"2021-08-28"},{"lineNumber":13,"author":{"gitId":"chenghuiyuan"},"content":"    private TaskList tasks;","lastModifiedDate":"2021-08-28"},{"lineNumber":14,"author":{"gitId":"chenghuiyuan"},"content":"","lastModifiedDate":"2021-08-14"},{"lineNumber":15,"author":{"gitId":"chenghuiyuan"},"content":"    Duke(){","lastModifiedDate":"2021-08-28"},{"lineNumber":16,"author":{"gitId":"chenghuiyuan"},"content":"        ArrayList\u003cString\u003e array \u003d new ArrayList\u003cString\u003e();","lastModifiedDate":"2021-08-14"},{"lineNumber":17,"author":{"gitId":"chenghuiyuan"},"content":"        tasks \u003d new TaskList(array);","lastModifiedDate":"2021-08-28"},{"lineNumber":18,"author":{"gitId":"chenghuiyuan"},"content":"        ui \u003d new Ui();","lastModifiedDate":"2021-08-28"},{"lineNumber":19,"author":{"gitId":"chenghuiyuan"},"content":"    }","lastModifiedDate":"2021-08-14"},{"lineNumber":20,"author":{"gitId":"chenghuiyuan"},"content":"","lastModifiedDate":"2021-08-14"},{"lineNumber":21,"author":{"gitId":"chenghuiyuan"},"content":"    private void run() {","lastModifiedDate":"2021-08-28"},{"lineNumber":22,"author":{"gitId":"chenghuiyuan"},"content":"        ui.showWelcome();","lastModifiedDate":"2021-08-28"},{"lineNumber":23,"author":{"gitId":"chenghuiyuan"},"content":"","lastModifiedDate":"2021-08-14"},{"lineNumber":24,"author":{"gitId":"chenghuiyuan"},"content":"        boolean isExit \u003d false;","lastModifiedDate":"2021-08-28"},{"lineNumber":25,"author":{"gitId":"chenghuiyuan"},"content":"","lastModifiedDate":"2021-08-14"},{"lineNumber":26,"author":{"gitId":"chenghuiyuan"},"content":"        while (!isExit) {","lastModifiedDate":"2021-08-28"},{"lineNumber":27,"author":{"gitId":"chenghuiyuan"},"content":"            try {","lastModifiedDate":"2021-08-28"},{"lineNumber":28,"author":{"gitId":"chenghuiyuan"},"content":"                String fullCommand \u003d ui.readCommand();","lastModifiedDate":"2021-08-28"},{"lineNumber":29,"author":{"gitId":"chenghuiyuan"},"content":"                Command c \u003d Parser.parse(fullCommand);","lastModifiedDate":"2021-08-28"},{"lineNumber":30,"author":{"gitId":"chenghuiyuan"},"content":"                c.execute(tasks, ui);","lastModifiedDate":"2021-08-28"},{"lineNumber":31,"author":{"gitId":"chenghuiyuan"},"content":"                isExit \u003d c.isExit();","lastModifiedDate":"2021-08-28"},{"lineNumber":32,"author":{"gitId":"chenghuiyuan"},"content":"            } catch (Exception e) {","lastModifiedDate":"2021-08-28"},{"lineNumber":33,"author":{"gitId":"chenghuiyuan"},"content":"                ui.printException(e);","lastModifiedDate":"2021-08-28"},{"lineNumber":34,"author":{"gitId":"chenghuiyuan"},"content":"            }","lastModifiedDate":"2021-08-14"},{"lineNumber":35,"author":{"gitId":"chenghuiyuan"},"content":"        }","lastModifiedDate":"2021-08-14"},{"lineNumber":36,"author":{"gitId":"chenghuiyuan"},"content":"    }","lastModifiedDate":"2021-08-14"},{"lineNumber":37,"author":{"gitId":"chenghuiyuan"},"content":"","lastModifiedDate":"2021-08-14"},{"lineNumber":38,"author":{"gitId":"chenghuiyuan"},"content":"    public static void main(String[] args) {","lastModifiedDate":"2021-08-28"},{"lineNumber":39,"author":{"gitId":"chenghuiyuan"},"content":"        new Duke().run();","lastModifiedDate":"2021-08-14"},{"lineNumber":40,"author":{"gitId":"chenghuiyuan"},"content":"    }","lastModifiedDate":"2021-08-14"},{"lineNumber":41,"author":{"gitId":"chenghuiyuan"},"content":"}","lastModifiedDate":"2021-08-14"}],"authorContributionMap":{"chenghuiyuan":41}},{"path":"src/main/java/basic/Parser.java","fileType":"java","lines":[{"lineNumber":1,"author":{"gitId":"chenghuiyuan"},"content":"package basic;","lastModifiedDate":"2021-08-28"},{"lineNumber":2,"author":{"gitId":"chenghuiyuan"},"content":"","lastModifiedDate":"2021-08-28"},{"lineNumber":3,"author":{"gitId":"chenghuiyuan"},"content":"import command.*;","lastModifiedDate":"2021-08-28"},{"lineNumber":4,"author":{"gitId":"chenghuiyuan"},"content":"","lastModifiedDate":"2021-08-28"},{"lineNumber":5,"author":{"gitId":"chenghuiyuan"},"content":"/**","lastModifiedDate":"2021-08-28"},{"lineNumber":6,"author":{"gitId":"chenghuiyuan"},"content":" * Parses user input.","lastModifiedDate":"2021-08-28"},{"lineNumber":7,"author":{"gitId":"chenghuiyuan"},"content":" */","lastModifiedDate":"2021-08-28"},{"lineNumber":8,"author":{"gitId":"chenghuiyuan"},"content":"public class Parser {","lastModifiedDate":"2021-08-28"},{"lineNumber":9,"author":{"gitId":"chenghuiyuan"},"content":"    protected static Ui ui \u003d new Ui();","lastModifiedDate":"2021-08-28"},{"lineNumber":10,"author":{"gitId":"chenghuiyuan"},"content":"","lastModifiedDate":"2021-08-28"},{"lineNumber":11,"author":{"gitId":"chenghuiyuan"},"content":"    /**","lastModifiedDate":"2021-08-28"},{"lineNumber":12,"author":{"gitId":"chenghuiyuan"},"content":"     * Parses user input into command for execution.","lastModifiedDate":"2021-08-28"},{"lineNumber":13,"author":{"gitId":"chenghuiyuan"},"content":"     *","lastModifiedDate":"2021-08-28"},{"lineNumber":14,"author":{"gitId":"chenghuiyuan"},"content":"     * @param userInput full user input string","lastModifiedDate":"2021-08-28"},{"lineNumber":15,"author":{"gitId":"chenghuiyuan"},"content":"     * @return the command based on the user input","lastModifiedDate":"2021-08-28"},{"lineNumber":16,"author":{"gitId":"chenghuiyuan"},"content":"     */","lastModifiedDate":"2021-08-28"},{"lineNumber":17,"author":{"gitId":"chenghuiyuan"},"content":"    static Command parse(String userInput) {","lastModifiedDate":"2021-08-28"},{"lineNumber":18,"author":{"gitId":"chenghuiyuan"},"content":"        if (userInput.toLowerCase().equals(\"bye\")||userInput.toLowerCase().equals(\"exit\") ) {","lastModifiedDate":"2021-09-10"},{"lineNumber":19,"author":{"gitId":"chenghuiyuan"},"content":"            return new ExitCommand();","lastModifiedDate":"2021-08-28"},{"lineNumber":20,"author":{"gitId":"chenghuiyuan"},"content":"        } else if (userInput.toLowerCase().equals(\"list\")) {","lastModifiedDate":"2021-08-28"},{"lineNumber":21,"author":{"gitId":"chenghuiyuan"},"content":"            return new ListCommand();","lastModifiedDate":"2021-08-28"},{"lineNumber":22,"author":{"gitId":"chenghuiyuan"},"content":"        } else if (userInput.toLowerCase().contains(\"done\")) {","lastModifiedDate":"2021-08-28"},{"lineNumber":23,"author":{"gitId":"chenghuiyuan"},"content":"            return new MarkAsDoneCommand(userInput);","lastModifiedDate":"2021-08-28"},{"lineNumber":24,"author":{"gitId":"chenghuiyuan"},"content":"        } else if (userInput.toLowerCase().contains(\"todo\") \u0026\u0026 !userInput.toLowerCase().contains(\"event\") \u0026\u0026 !userInput.toLowerCase().contains(\"deadline\")) {","lastModifiedDate":"2021-08-28"},{"lineNumber":25,"author":{"gitId":"chenghuiyuan"},"content":"            return new AddTodoCommand(userInput);","lastModifiedDate":"2021-08-28"},{"lineNumber":26,"author":{"gitId":"chenghuiyuan"},"content":"        } else if ((userInput.toLowerCase().substring(0,1).equals(\"d\")  \u0026\u0026 !userInput.toLowerCase().contains(\"date\") \u0026\u0026 !userInput.toLowerCase().contains(\"delete\"))||","lastModifiedDate":"2021-08-28"},{"lineNumber":27,"author":{"gitId":"chenghuiyuan"},"content":"                userInput.toLowerCase().contains(\"deadline\") \u0026\u0026 !userInput.toLowerCase().contains(\"event\") \u0026\u0026 !userInput.toLowerCase().contains(\"todo\")) {","lastModifiedDate":"2021-08-28"},{"lineNumber":28,"author":{"gitId":"chenghuiyuan"},"content":"            return new AddDeadlineCommand(userInput);","lastModifiedDate":"2021-08-28"},{"lineNumber":29,"author":{"gitId":"chenghuiyuan"},"content":"        } else if (userInput.toLowerCase().substring(0,1).equals(\"e\") ||","lastModifiedDate":"2021-08-28"},{"lineNumber":30,"author":{"gitId":"chenghuiyuan"},"content":"                userInput.toLowerCase().contains(\"event\") \u0026\u0026 !userInput.toLowerCase().contains(\"deadline\") \u0026\u0026 !userInput.toLowerCase().contains(\"todo\")) {","lastModifiedDate":"2021-08-28"},{"lineNumber":31,"author":{"gitId":"chenghuiyuan"},"content":"            return new AddEventCommand(userInput);","lastModifiedDate":"2021-08-28"},{"lineNumber":32,"author":{"gitId":"chenghuiyuan"},"content":"        } else {","lastModifiedDate":"2021-08-28"},{"lineNumber":33,"author":{"gitId":"chenghuiyuan"},"content":"            return new Command();","lastModifiedDate":"2021-08-28"},{"lineNumber":34,"author":{"gitId":"chenghuiyuan"},"content":"        }","lastModifiedDate":"2021-08-28"},{"lineNumber":35,"author":{"gitId":"chenghuiyuan"},"content":"    }","lastModifiedDate":"2021-08-28"},{"lineNumber":36,"author":{"gitId":"chenghuiyuan"},"content":"","lastModifiedDate":"2021-08-28"},{"lineNumber":37,"author":{"gitId":"chenghuiyuan"},"content":"}","lastModifiedDate":"2021-08-28"}],"authorContributionMap":{"chenghuiyuan":37}},{"path":"src/main/java/basic/TaskList.java","fileType":"java","lines":[{"lineNumber":1,"author":{"gitId":"chenghuiyuan"},"content":"package basic;","lastModifiedDate":"2021-08-14"},{"lineNumber":2,"author":{"gitId":"chenghuiyuan"},"content":"","lastModifiedDate":"2021-08-14"},{"lineNumber":3,"author":{"gitId":"chenghuiyuan"},"content":"import task.Task;","lastModifiedDate":"2021-08-14"},{"lineNumber":4,"author":{"gitId":"chenghuiyuan"},"content":"","lastModifiedDate":"2021-08-14"},{"lineNumber":5,"author":{"gitId":"chenghuiyuan"},"content":"import java.util.ArrayList;","lastModifiedDate":"2021-08-14"},{"lineNumber":6,"author":{"gitId":"chenghuiyuan"},"content":"","lastModifiedDate":"2021-08-14"},{"lineNumber":7,"author":{"gitId":"chenghuiyuan"},"content":"public class TaskList {","lastModifiedDate":"2021-08-14"},{"lineNumber":8,"author":{"gitId":"chenghuiyuan"},"content":"    /**","lastModifiedDate":"2021-08-14"},{"lineNumber":9,"author":{"gitId":"chenghuiyuan"},"content":"     * Constructs a new task list and initialises it with an empty ArrayList.","lastModifiedDate":"2021-08-14"},{"lineNumber":10,"author":{"gitId":"chenghuiyuan"},"content":"     */","lastModifiedDate":"2021-08-14"},{"lineNumber":11,"author":{"gitId":"chenghuiyuan"},"content":"    public ArrayList\u003cTask\u003e tasks \u003d new ArrayList\u003cTask\u003e();","lastModifiedDate":"2021-08-28"},{"lineNumber":12,"author":{"gitId":"chenghuiyuan"},"content":"","lastModifiedDate":"2021-08-14"},{"lineNumber":13,"author":{"gitId":"chenghuiyuan"},"content":"    /**","lastModifiedDate":"2021-08-14"},{"lineNumber":14,"author":{"gitId":"chenghuiyuan"},"content":"     * Checks if the task was marked as done","lastModifiedDate":"2021-08-14"},{"lineNumber":15,"author":{"gitId":"chenghuiyuan"},"content":"     *","lastModifiedDate":"2021-08-14"},{"lineNumber":16,"author":{"gitId":"chenghuiyuan"},"content":"     * @param myString one task in the txt file","lastModifiedDate":"2021-08-14"},{"lineNumber":17,"author":{"gitId":"chenghuiyuan"},"content":"     * @return true if the tasks was marked as done, else return false","lastModifiedDate":"2021-08-14"},{"lineNumber":18,"author":{"gitId":"chenghuiyuan"},"content":"     */","lastModifiedDate":"2021-08-14"},{"lineNumber":19,"author":{"gitId":"chenghuiyuan"},"content":"    private boolean isDone(String myString) {","lastModifiedDate":"2021-08-14"},{"lineNumber":20,"author":{"gitId":"chenghuiyuan"},"content":"        return !myString.toLowerCase().contains(\"[✘]\");","lastModifiedDate":"2021-08-14"},{"lineNumber":21,"author":{"gitId":"chenghuiyuan"},"content":"    }","lastModifiedDate":"2021-08-14"},{"lineNumber":22,"author":{"gitId":"chenghuiyuan"},"content":"","lastModifiedDate":"2021-08-14"},{"lineNumber":23,"author":{"gitId":"chenghuiyuan"},"content":"    /**","lastModifiedDate":"2021-08-14"},{"lineNumber":24,"author":{"gitId":"chenghuiyuan"},"content":"     * Converts all strings in the txt file to tasks","lastModifiedDate":"2021-08-14"},{"lineNumber":25,"author":{"gitId":"chenghuiyuan"},"content":"     *","lastModifiedDate":"2021-08-14"},{"lineNumber":26,"author":{"gitId":"chenghuiyuan"},"content":"     * @param list task list in string form.","lastModifiedDate":"2021-08-14"},{"lineNumber":27,"author":{"gitId":"chenghuiyuan"},"content":"     */","lastModifiedDate":"2021-08-14"},{"lineNumber":28,"author":{"gitId":"chenghuiyuan"},"content":"    public TaskList(ArrayList\u003cString\u003e list) {","lastModifiedDate":"2021-08-14"},{"lineNumber":29,"author":{"gitId":"chenghuiyuan"},"content":"        for (String s : list) {","lastModifiedDate":"2021-08-14"},{"lineNumber":30,"author":{"gitId":"chenghuiyuan"},"content":"            if (isDone(s)) {","lastModifiedDate":"2021-08-14"},{"lineNumber":31,"author":{"gitId":"chenghuiyuan"},"content":"                returnTask(sizeOfTask() - 1).isDone \u003d true;","lastModifiedDate":"2021-08-14"},{"lineNumber":32,"author":{"gitId":"chenghuiyuan"},"content":"            }","lastModifiedDate":"2021-08-14"},{"lineNumber":33,"author":{"gitId":"chenghuiyuan"},"content":"        }","lastModifiedDate":"2021-08-14"},{"lineNumber":34,"author":{"gitId":"chenghuiyuan"},"content":"    }","lastModifiedDate":"2021-08-14"},{"lineNumber":35,"author":{"gitId":"chenghuiyuan"},"content":"","lastModifiedDate":"2021-08-14"},{"lineNumber":36,"author":{"gitId":"chenghuiyuan"},"content":"    ArrayList\u003cTask\u003e returnList() {","lastModifiedDate":"2021-08-14"},{"lineNumber":37,"author":{"gitId":"chenghuiyuan"},"content":"        return tasks;","lastModifiedDate":"2021-08-28"},{"lineNumber":38,"author":{"gitId":"chenghuiyuan"},"content":"    }","lastModifiedDate":"2021-08-14"},{"lineNumber":39,"author":{"gitId":"chenghuiyuan"},"content":"","lastModifiedDate":"2021-08-14"},{"lineNumber":40,"author":{"gitId":"chenghuiyuan"},"content":"    /**","lastModifiedDate":"2021-08-14"},{"lineNumber":41,"author":{"gitId":"chenghuiyuan"},"content":"     * Returns the task from the specified index from the task list.","lastModifiedDate":"2021-08-14"},{"lineNumber":42,"author":{"gitId":"chenghuiyuan"},"content":"     *","lastModifiedDate":"2021-08-14"},{"lineNumber":43,"author":{"gitId":"chenghuiyuan"},"content":"     * @param num The index the task.","lastModifiedDate":"2021-08-14"},{"lineNumber":44,"author":{"gitId":"chenghuiyuan"},"content":"     * @return Task The task at the specified index.","lastModifiedDate":"2021-08-14"},{"lineNumber":45,"author":{"gitId":"chenghuiyuan"},"content":"     */","lastModifiedDate":"2021-08-14"},{"lineNumber":46,"author":{"gitId":"chenghuiyuan"},"content":"    public Task returnTask(int num) {","lastModifiedDate":"2021-08-14"},{"lineNumber":47,"author":{"gitId":"chenghuiyuan"},"content":"        return tasks.get(num);","lastModifiedDate":"2021-08-28"},{"lineNumber":48,"author":{"gitId":"chenghuiyuan"},"content":"    }","lastModifiedDate":"2021-08-14"},{"lineNumber":49,"author":{"gitId":"chenghuiyuan"},"content":"","lastModifiedDate":"2021-08-14"},{"lineNumber":50,"author":{"gitId":"chenghuiyuan"},"content":"    /**","lastModifiedDate":"2021-08-14"},{"lineNumber":51,"author":{"gitId":"chenghuiyuan"},"content":"     * Adds a task to the task list.","lastModifiedDate":"2021-08-14"},{"lineNumber":52,"author":{"gitId":"chenghuiyuan"},"content":"     *","lastModifiedDate":"2021-08-14"},{"lineNumber":53,"author":{"gitId":"chenghuiyuan"},"content":"     * @param task1 The task that is required to be added to the task list.","lastModifiedDate":"2021-08-14"},{"lineNumber":54,"author":{"gitId":"chenghuiyuan"},"content":"     */","lastModifiedDate":"2021-08-14"},{"lineNumber":55,"author":{"gitId":"chenghuiyuan"},"content":"    public void addTask(Task task1) {        ","lastModifiedDate":"2021-08-14"},{"lineNumber":56,"author":{"gitId":"chenghuiyuan"},"content":"        tasks.add(task1);","lastModifiedDate":"2021-08-28"},{"lineNumber":57,"author":{"gitId":"chenghuiyuan"},"content":"    }","lastModifiedDate":"2021-08-14"},{"lineNumber":58,"author":{"gitId":"chenghuiyuan"},"content":"","lastModifiedDate":"2021-08-14"},{"lineNumber":59,"author":{"gitId":"chenghuiyuan"},"content":"    /**","lastModifiedDate":"2021-08-14"},{"lineNumber":60,"author":{"gitId":"chenghuiyuan"},"content":"     * Deletes a task from the task list.","lastModifiedDate":"2021-08-14"},{"lineNumber":61,"author":{"gitId":"chenghuiyuan"},"content":"     *","lastModifiedDate":"2021-08-14"},{"lineNumber":62,"author":{"gitId":"chenghuiyuan"},"content":"     * @param num The index of a task that is required to be removed from the task list.","lastModifiedDate":"2021-08-14"},{"lineNumber":63,"author":{"gitId":"chenghuiyuan"},"content":"     */","lastModifiedDate":"2021-08-14"},{"lineNumber":64,"author":{"gitId":"chenghuiyuan"},"content":"    public void deleteTask(int num) {","lastModifiedDate":"2021-08-14"},{"lineNumber":65,"author":{"gitId":"chenghuiyuan"},"content":"        tasks.remove(num);","lastModifiedDate":"2021-08-28"},{"lineNumber":66,"author":{"gitId":"chenghuiyuan"},"content":"    }","lastModifiedDate":"2021-08-14"},{"lineNumber":67,"author":{"gitId":"chenghuiyuan"},"content":"","lastModifiedDate":"2021-08-14"},{"lineNumber":68,"author":{"gitId":"chenghuiyuan"},"content":"    /**","lastModifiedDate":"2021-08-14"},{"lineNumber":69,"author":{"gitId":"chenghuiyuan"},"content":"     * Returns the size of the current task list.","lastModifiedDate":"2021-08-14"},{"lineNumber":70,"author":{"gitId":"chenghuiyuan"},"content":"     *","lastModifiedDate":"2021-08-14"},{"lineNumber":71,"author":{"gitId":"chenghuiyuan"},"content":"     * @return int  The size of the current task list.","lastModifiedDate":"2021-08-14"},{"lineNumber":72,"author":{"gitId":"chenghuiyuan"},"content":"     */","lastModifiedDate":"2021-08-14"},{"lineNumber":73,"author":{"gitId":"chenghuiyuan"},"content":"    public int sizeOfTask() {","lastModifiedDate":"2021-08-14"},{"lineNumber":74,"author":{"gitId":"chenghuiyuan"},"content":"        return tasks.size();","lastModifiedDate":"2021-08-28"},{"lineNumber":75,"author":{"gitId":"chenghuiyuan"},"content":"    }","lastModifiedDate":"2021-08-14"},{"lineNumber":76,"author":{"gitId":"chenghuiyuan"},"content":"","lastModifiedDate":"2021-08-14"},{"lineNumber":77,"author":{"gitId":"chenghuiyuan"},"content":"}","lastModifiedDate":"2021-08-14"}],"authorContributionMap":{"chenghuiyuan":77}},{"path":"src/main/java/basic/Ui.java","fileType":"java","lines":[{"lineNumber":1,"author":{"gitId":"chenghuiyuan"},"content":"package basic;","lastModifiedDate":"2021-08-28"},{"lineNumber":2,"author":{"gitId":"chenghuiyuan"},"content":"","lastModifiedDate":"2021-08-28"},{"lineNumber":3,"author":{"gitId":"chenghuiyuan"},"content":"import task.Task;","lastModifiedDate":"2021-08-28"},{"lineNumber":4,"author":{"gitId":"chenghuiyuan"},"content":"","lastModifiedDate":"2021-08-28"},{"lineNumber":5,"author":{"gitId":"chenghuiyuan"},"content":"import java.util.Scanner;","lastModifiedDate":"2021-08-28"},{"lineNumber":6,"author":{"gitId":"chenghuiyuan"},"content":"","lastModifiedDate":"2021-08-28"},{"lineNumber":7,"author":{"gitId":"chenghuiyuan"},"content":"/**","lastModifiedDate":"2021-08-28"},{"lineNumber":8,"author":{"gitId":"chenghuiyuan"},"content":" * Text UI of the application.","lastModifiedDate":"2021-08-28"},{"lineNumber":9,"author":{"gitId":"chenghuiyuan"},"content":" */","lastModifiedDate":"2021-08-28"},{"lineNumber":10,"author":{"gitId":"chenghuiyuan"},"content":"public class Ui {","lastModifiedDate":"2021-08-28"},{"lineNumber":11,"author":{"gitId":"chenghuiyuan"},"content":"    private void showLine() {","lastModifiedDate":"2021-08-28"},{"lineNumber":12,"author":{"gitId":"chenghuiyuan"},"content":"        System.out.println(\"___________________________________________\");","lastModifiedDate":"2021-08-28"},{"lineNumber":13,"author":{"gitId":"chenghuiyuan"},"content":"    }","lastModifiedDate":"2021-08-28"},{"lineNumber":14,"author":{"gitId":"chenghuiyuan"},"content":"","lastModifiedDate":"2021-08-28"},{"lineNumber":15,"author":{"gitId":"chenghuiyuan"},"content":"    /**","lastModifiedDate":"2021-08-28"},{"lineNumber":16,"author":{"gitId":"chenghuiyuan"},"content":"     * Generates and prints the welcome message upon the start of the application.","lastModifiedDate":"2021-08-28"},{"lineNumber":17,"author":{"gitId":"chenghuiyuan"},"content":"     */","lastModifiedDate":"2021-08-28"},{"lineNumber":18,"author":{"gitId":"chenghuiyuan"},"content":"    void showWelcome() {","lastModifiedDate":"2021-08-28"},{"lineNumber":19,"author":{"gitId":"chenghuiyuan"},"content":"        String logo \u003d \" ____        _        \\n\"","lastModifiedDate":"2021-08-28"},{"lineNumber":20,"author":{"gitId":"chenghuiyuan"},"content":"                + \"|  _ \\\\ _   _| | _____ \\n\"","lastModifiedDate":"2021-08-28"},{"lineNumber":21,"author":{"gitId":"chenghuiyuan"},"content":"                + \"| | | | | | | |/ / _ \\\\\\n\"","lastModifiedDate":"2021-08-28"},{"lineNumber":22,"author":{"gitId":"chenghuiyuan"},"content":"                + \"| |_| | |_| |   \u003c  __/\\n\"","lastModifiedDate":"2021-08-28"},{"lineNumber":23,"author":{"gitId":"chenghuiyuan"},"content":"                + \"|____/ \\\\__,_|_|\\\\_\\\\___|\\n\";","lastModifiedDate":"2021-08-28"},{"lineNumber":24,"author":{"gitId":"chenghuiyuan"},"content":"        System.out.println(\"Hellooooooo from\\n\" + logo);","lastModifiedDate":"2021-08-28"},{"lineNumber":25,"author":{"gitId":"chenghuiyuan"},"content":"        showLine();","lastModifiedDate":"2021-08-28"},{"lineNumber":26,"author":{"gitId":"chenghuiyuan"},"content":"        System.out.println(\"Hello! I\u0027m Duke\\nWhat can I do for you?\");","lastModifiedDate":"2021-08-28"},{"lineNumber":27,"author":{"gitId":"chenghuiyuan"},"content":"        showLine();","lastModifiedDate":"2021-08-28"},{"lineNumber":28,"author":{"gitId":"chenghuiyuan"},"content":"    }","lastModifiedDate":"2021-08-28"},{"lineNumber":29,"author":{"gitId":"chenghuiyuan"},"content":"","lastModifiedDate":"2021-08-28"},{"lineNumber":30,"author":{"gitId":"chenghuiyuan"},"content":"    /**","lastModifiedDate":"2021-08-28"},{"lineNumber":31,"author":{"gitId":"chenghuiyuan"},"content":"     * Prompts for the command and reads the text entered by the user.","lastModifiedDate":"2021-08-28"},{"lineNumber":32,"author":{"gitId":"chenghuiyuan"},"content":"     *","lastModifiedDate":"2021-08-28"},{"lineNumber":33,"author":{"gitId":"chenghuiyuan"},"content":"     * @return command (full line) entered by the user","lastModifiedDate":"2021-08-28"},{"lineNumber":34,"author":{"gitId":"chenghuiyuan"},"content":"     */","lastModifiedDate":"2021-08-28"},{"lineNumber":35,"author":{"gitId":"chenghuiyuan"},"content":"    String readCommand() {","lastModifiedDate":"2021-08-28"},{"lineNumber":36,"author":{"gitId":"chenghuiyuan"},"content":"        Scanner input \u003d new Scanner(System.in);","lastModifiedDate":"2021-08-28"},{"lineNumber":37,"author":{"gitId":"chenghuiyuan"},"content":"        String myString \u003d \"\";","lastModifiedDate":"2021-08-28"},{"lineNumber":38,"author":{"gitId":"chenghuiyuan"},"content":"        myString +\u003d input.nextLine();","lastModifiedDate":"2021-08-28"},{"lineNumber":39,"author":{"gitId":"chenghuiyuan"},"content":"        return myString;","lastModifiedDate":"2021-08-28"},{"lineNumber":40,"author":{"gitId":"chenghuiyuan"},"content":"    }","lastModifiedDate":"2021-08-28"},{"lineNumber":41,"author":{"gitId":"chenghuiyuan"},"content":"","lastModifiedDate":"2021-08-28"},{"lineNumber":42,"author":{"gitId":"chenghuiyuan"},"content":"    public void showBye() {","lastModifiedDate":"2021-08-28"},{"lineNumber":43,"author":{"gitId":"chenghuiyuan"},"content":"        System.out.println(\"   Bye. Hope to see you again soon!\");","lastModifiedDate":"2021-08-28"},{"lineNumber":44,"author":{"gitId":"chenghuiyuan"},"content":"        showLine();","lastModifiedDate":"2021-08-28"},{"lineNumber":45,"author":{"gitId":"chenghuiyuan"},"content":"    }","lastModifiedDate":"2021-08-28"},{"lineNumber":46,"author":{"gitId":"chenghuiyuan"},"content":"","lastModifiedDate":"2021-08-28"},{"lineNumber":47,"author":{"gitId":"chenghuiyuan"},"content":"    public void showDone() {","lastModifiedDate":"2021-08-28"},{"lineNumber":48,"author":{"gitId":"chenghuiyuan"},"content":"        System.out.print(\"   \" + \"Nice! I\u0027ve marked this task as done: \\n\" + \"   \");","lastModifiedDate":"2021-08-28"},{"lineNumber":49,"author":{"gitId":"chenghuiyuan"},"content":"    }","lastModifiedDate":"2021-08-28"},{"lineNumber":50,"author":{"gitId":"chenghuiyuan"},"content":"","lastModifiedDate":"2021-08-28"},{"lineNumber":51,"author":{"gitId":"chenghuiyuan"},"content":"    public void printEmptyLine() {","lastModifiedDate":"2021-08-28"},{"lineNumber":52,"author":{"gitId":"chenghuiyuan"},"content":"        System.out.println(\"\\n\");","lastModifiedDate":"2021-08-28"},{"lineNumber":53,"author":{"gitId":"chenghuiyuan"},"content":"    }","lastModifiedDate":"2021-08-28"},{"lineNumber":54,"author":{"gitId":"chenghuiyuan"},"content":"","lastModifiedDate":"2021-08-28"},{"lineNumber":55,"author":{"gitId":"chenghuiyuan"},"content":"    public void showAdded() {","lastModifiedDate":"2021-08-28"},{"lineNumber":56,"author":{"gitId":"chenghuiyuan"},"content":"        System.out.print(\"   \" + \"Got it. I\u0027ve added this task:\\n\" + \"   \");","lastModifiedDate":"2021-08-28"},{"lineNumber":57,"author":{"gitId":"chenghuiyuan"},"content":"    }","lastModifiedDate":"2021-08-28"},{"lineNumber":58,"author":{"gitId":"chenghuiyuan"},"content":"","lastModifiedDate":"2021-08-28"},{"lineNumber":59,"author":{"gitId":"chenghuiyuan"},"content":"    /**","lastModifiedDate":"2021-08-28"},{"lineNumber":60,"author":{"gitId":"chenghuiyuan"},"content":"     * Shows a list of tasks to the user, formatted as an indexed list.","lastModifiedDate":"2021-08-28"},{"lineNumber":61,"author":{"gitId":"chenghuiyuan"},"content":"     */","lastModifiedDate":"2021-08-28"},{"lineNumber":62,"author":{"gitId":"chenghuiyuan"},"content":"    public void printTask(TaskList tasks) {","lastModifiedDate":"2021-08-28"},{"lineNumber":63,"author":{"gitId":"chenghuiyuan"},"content":"        for (int j \u003d 1; j \u003c\u003d tasks.sizeOfTask(); j++) {","lastModifiedDate":"2021-08-28"},{"lineNumber":64,"author":{"gitId":"chenghuiyuan"},"content":"            System.out.print(\"   \" + j + \".\");","lastModifiedDate":"2021-08-28"},{"lineNumber":65,"author":{"gitId":"chenghuiyuan"},"content":"            System.out.println(tasks.returnTask(j - 1));","lastModifiedDate":"2021-08-28"},{"lineNumber":66,"author":{"gitId":"chenghuiyuan"},"content":"        }","lastModifiedDate":"2021-08-28"},{"lineNumber":67,"author":{"gitId":"chenghuiyuan"},"content":"    }","lastModifiedDate":"2021-08-28"},{"lineNumber":68,"author":{"gitId":"chenghuiyuan"},"content":"","lastModifiedDate":"2021-08-28"},{"lineNumber":69,"author":{"gitId":"chenghuiyuan"},"content":"    /**","lastModifiedDate":"2021-08-28"},{"lineNumber":70,"author":{"gitId":"chenghuiyuan"},"content":"     * Shows a list of tasks to the user, formatted as an indexed list.","lastModifiedDate":"2021-08-28"},{"lineNumber":71,"author":{"gitId":"chenghuiyuan"},"content":"     */","lastModifiedDate":"2021-08-28"},{"lineNumber":72,"author":{"gitId":"chenghuiyuan"},"content":"    public void printMatchingTask(Task tasks, int index) {","lastModifiedDate":"2021-08-28"},{"lineNumber":73,"author":{"gitId":"chenghuiyuan"},"content":"        System.out.print(\"   \" + index + \".\");","lastModifiedDate":"2021-08-28"},{"lineNumber":74,"author":{"gitId":"chenghuiyuan"},"content":"        System.out.println(tasks.toString());","lastModifiedDate":"2021-08-28"},{"lineNumber":75,"author":{"gitId":"chenghuiyuan"},"content":"    }","lastModifiedDate":"2021-08-28"},{"lineNumber":76,"author":{"gitId":"chenghuiyuan"},"content":"","lastModifiedDate":"2021-08-28"},{"lineNumber":77,"author":{"gitId":"chenghuiyuan"},"content":"    public void printTask(Task task) {","lastModifiedDate":"2021-08-28"},{"lineNumber":78,"author":{"gitId":"chenghuiyuan"},"content":"        System.out.println(task);","lastModifiedDate":"2021-08-28"},{"lineNumber":79,"author":{"gitId":"chenghuiyuan"},"content":"    }","lastModifiedDate":"2021-08-28"},{"lineNumber":80,"author":{"gitId":"chenghuiyuan"},"content":"","lastModifiedDate":"2021-08-28"},{"lineNumber":81,"author":{"gitId":"chenghuiyuan"},"content":"    public void printTaskNum(TaskList tasks, Task task) {","lastModifiedDate":"2021-08-28"},{"lineNumber":82,"author":{"gitId":"chenghuiyuan"},"content":"        System.out.println(task + \"\\n   Now you have \" + tasks.sizeOfTask() + \" tasks in the list.\\n\");","lastModifiedDate":"2021-08-28"},{"lineNumber":83,"author":{"gitId":"chenghuiyuan"},"content":"    }","lastModifiedDate":"2021-08-28"},{"lineNumber":84,"author":{"gitId":"chenghuiyuan"},"content":"","lastModifiedDate":"2021-08-28"},{"lineNumber":85,"author":{"gitId":"chenghuiyuan"},"content":"    void printException(Exception e) {","lastModifiedDate":"2021-08-28"},{"lineNumber":86,"author":{"gitId":"chenghuiyuan"},"content":"        System.out.println(e.toString());","lastModifiedDate":"2021-08-28"},{"lineNumber":87,"author":{"gitId":"chenghuiyuan"},"content":"        printEmptyLine();","lastModifiedDate":"2021-08-28"},{"lineNumber":88,"author":{"gitId":"chenghuiyuan"},"content":"    }","lastModifiedDate":"2021-08-28"},{"lineNumber":89,"author":{"gitId":"chenghuiyuan"},"content":"}","lastModifiedDate":"2021-08-28"}],"authorContributionMap":{"chenghuiyuan":89}},{"path":"src/main/java/command/AddDeadlineCommand.java","fileType":"java","lines":[{"lineNumber":1,"author":{"gitId":"chenghuiyuan"},"content":"package command;","lastModifiedDate":"2021-08-28"},{"lineNumber":2,"author":{"gitId":"chenghuiyuan"},"content":"","lastModifiedDate":"2021-08-28"},{"lineNumber":3,"author":{"gitId":"chenghuiyuan"},"content":"import exception.EmptyException;","lastModifiedDate":"2021-09-10"},{"lineNumber":4,"author":{"gitId":"chenghuiyuan"},"content":"import basic.TaskList;","lastModifiedDate":"2021-08-28"},{"lineNumber":5,"author":{"gitId":"chenghuiyuan"},"content":"import basic.Ui;","lastModifiedDate":"2021-08-28"},{"lineNumber":6,"author":{"gitId":"chenghuiyuan"},"content":"import task.Deadline;","lastModifiedDate":"2021-08-28"},{"lineNumber":7,"author":{"gitId":"chenghuiyuan"},"content":"","lastModifiedDate":"2021-08-28"},{"lineNumber":8,"author":{"gitId":"chenghuiyuan"},"content":"/**","lastModifiedDate":"2021-08-28"},{"lineNumber":9,"author":{"gitId":"chenghuiyuan"},"content":" * Adds a deadline task to the task list.","lastModifiedDate":"2021-08-28"},{"lineNumber":10,"author":{"gitId":"chenghuiyuan"},"content":" */","lastModifiedDate":"2021-08-28"},{"lineNumber":11,"author":{"gitId":"chenghuiyuan"},"content":"public class AddDeadlineCommand extends Command {","lastModifiedDate":"2021-08-28"},{"lineNumber":12,"author":{"gitId":"chenghuiyuan"},"content":"","lastModifiedDate":"2021-08-28"},{"lineNumber":13,"author":{"gitId":"chenghuiyuan"},"content":"    private String input;","lastModifiedDate":"2021-08-28"},{"lineNumber":14,"author":{"gitId":"chenghuiyuan"},"content":"","lastModifiedDate":"2021-08-28"},{"lineNumber":15,"author":{"gitId":"chenghuiyuan"},"content":"    /**","lastModifiedDate":"2021-08-28"},{"lineNumber":16,"author":{"gitId":"chenghuiyuan"},"content":"     * @param input A String inputted by the user.","lastModifiedDate":"2021-08-28"},{"lineNumber":17,"author":{"gitId":"chenghuiyuan"},"content":"     */","lastModifiedDate":"2021-08-28"},{"lineNumber":18,"author":{"gitId":"chenghuiyuan"},"content":"    public AddDeadlineCommand(String input) {","lastModifiedDate":"2021-08-28"},{"lineNumber":19,"author":{"gitId":"chenghuiyuan"},"content":"        this.input \u003d input;","lastModifiedDate":"2021-08-28"},{"lineNumber":20,"author":{"gitId":"chenghuiyuan"},"content":"    }","lastModifiedDate":"2021-08-28"},{"lineNumber":21,"author":{"gitId":"chenghuiyuan"},"content":"","lastModifiedDate":"2021-08-28"},{"lineNumber":22,"author":{"gitId":"chenghuiyuan"},"content":"    /**","lastModifiedDate":"2021-08-28"},{"lineNumber":23,"author":{"gitId":"chenghuiyuan"},"content":"     * @param tasks   The tasks stored in an ArrayList.","lastModifiedDate":"2021-08-28"},{"lineNumber":24,"author":{"gitId":"chenghuiyuan"},"content":"     * @param ui      The User Interface (UI).","lastModifiedDate":"2021-08-28"},{"lineNumber":25,"author":{"gitId":"chenghuiyuan"},"content":"     * @throws EmptyException If an empty description is inputted.","lastModifiedDate":"2021-09-10"},{"lineNumber":26,"author":{"gitId":"chenghuiyuan"},"content":"     */","lastModifiedDate":"2021-08-28"},{"lineNumber":27,"author":{"gitId":"chenghuiyuan"},"content":"    @Override","lastModifiedDate":"2021-08-28"},{"lineNumber":28,"author":{"gitId":"chenghuiyuan"},"content":"    public void execute(TaskList tasks, Ui ui ) throws EmptyException {","lastModifiedDate":"2021-09-10"},{"lineNumber":29,"author":{"gitId":"chenghuiyuan"},"content":"        int position;","lastModifiedDate":"2021-09-10"},{"lineNumber":30,"author":{"gitId":"chenghuiyuan"},"content":"        input \u003d input.toLowerCase();","lastModifiedDate":"2021-08-28"},{"lineNumber":31,"author":{"gitId":"chenghuiyuan"},"content":"        if (input.contains(\"deadline\")) {","lastModifiedDate":"2021-08-28"},{"lineNumber":32,"author":{"gitId":"chenghuiyuan"},"content":"            input \u003d input.replace(\"deadline\", \"\");","lastModifiedDate":"2021-08-28"},{"lineNumber":33,"author":{"gitId":"chenghuiyuan"},"content":"        }","lastModifiedDate":"2021-08-28"},{"lineNumber":34,"author":{"gitId":"chenghuiyuan"},"content":"        else{","lastModifiedDate":"2021-08-28"},{"lineNumber":35,"author":{"gitId":"chenghuiyuan"},"content":"            input \u003d input.replaceFirst(\"d\", \"\");","lastModifiedDate":"2021-08-28"},{"lineNumber":36,"author":{"gitId":"chenghuiyuan"},"content":"        }","lastModifiedDate":"2021-08-28"},{"lineNumber":37,"author":{"gitId":"chenghuiyuan"},"content":"        if (input.contains(\"/by\")) {","lastModifiedDate":"2021-09-10"},{"lineNumber":38,"author":{"gitId":"chenghuiyuan"},"content":"            position \u003d input.indexOf(\"/by\");","lastModifiedDate":"2021-09-10"},{"lineNumber":39,"author":{"gitId":"chenghuiyuan"},"content":"        }","lastModifiedDate":"2021-09-10"},{"lineNumber":40,"author":{"gitId":"chenghuiyuan"},"content":"        else {","lastModifiedDate":"2021-09-10"},{"lineNumber":41,"author":{"gitId":"chenghuiyuan"},"content":"            position \u003d -1;","lastModifiedDate":"2021-09-10"},{"lineNumber":42,"author":{"gitId":"chenghuiyuan"},"content":"        }","lastModifiedDate":"2021-09-10"},{"lineNumber":43,"author":{"gitId":"chenghuiyuan"},"content":"        boolean isInputEmpty \u003d input.substring(0, position - 1).equals(\"\");","lastModifiedDate":"2021-09-10"},{"lineNumber":44,"author":{"gitId":"chenghuiyuan"},"content":"        boolean isInputEmptySpace \u003d input.substring(0, position - 2).equals(\" \");","lastModifiedDate":"2021-09-10"},{"lineNumber":45,"author":{"gitId":"chenghuiyuan"},"content":"        // Add task if command contains \"/by\" and descriptions","lastModifiedDate":"2021-09-10"},{"lineNumber":46,"author":{"gitId":"chenghuiyuan"},"content":"        if (position !\u003d -1 \u0026\u0026 (!isInputEmpty || !isInputEmptySpace )) {","lastModifiedDate":"2021-09-10"},{"lineNumber":47,"author":{"gitId":"chenghuiyuan"},"content":"            String date \u003d input.substring(position + 4);","lastModifiedDate":"2021-08-28"},{"lineNumber":48,"author":{"gitId":"chenghuiyuan"},"content":"            input \u003d input.substring(0, position - 1);","lastModifiedDate":"2021-08-28"},{"lineNumber":49,"author":{"gitId":"chenghuiyuan"},"content":"            Deadline deadline \u003d new Deadline(input, date);","lastModifiedDate":"2021-08-28"},{"lineNumber":50,"author":{"gitId":"chenghuiyuan"},"content":"            tasks.addTask(deadline);","lastModifiedDate":"2021-08-28"},{"lineNumber":51,"author":{"gitId":"chenghuiyuan"},"content":"            ui.showAdded();","lastModifiedDate":"2021-08-28"},{"lineNumber":52,"author":{"gitId":"chenghuiyuan"},"content":"            ui.printTaskNum(tasks, deadline);","lastModifiedDate":"2021-08-28"},{"lineNumber":53,"author":{"gitId":"chenghuiyuan"},"content":"        }","lastModifiedDate":"2021-08-28"},{"lineNumber":54,"author":{"gitId":"chenghuiyuan"},"content":"        else {","lastModifiedDate":"2021-09-10"},{"lineNumber":55,"author":{"gitId":"chenghuiyuan"},"content":"            throw new EmptyException(\"a deadline\");","lastModifiedDate":"2021-09-10"},{"lineNumber":56,"author":{"gitId":"chenghuiyuan"},"content":"        }","lastModifiedDate":"2021-09-10"},{"lineNumber":57,"author":{"gitId":"chenghuiyuan"},"content":"    }","lastModifiedDate":"2021-08-28"},{"lineNumber":58,"author":{"gitId":"chenghuiyuan"},"content":"","lastModifiedDate":"2021-08-28"},{"lineNumber":59,"author":{"gitId":"chenghuiyuan"},"content":"}","lastModifiedDate":"2021-08-28"}],"authorContributionMap":{"chenghuiyuan":59}},{"path":"src/main/java/command/AddEventCommand.java","fileType":"java","lines":[{"lineNumber":1,"author":{"gitId":"chenghuiyuan"},"content":"package command;","lastModifiedDate":"2021-08-28"},{"lineNumber":2,"author":{"gitId":"chenghuiyuan"},"content":"","lastModifiedDate":"2021-08-28"},{"lineNumber":3,"author":{"gitId":"chenghuiyuan"},"content":"import exception.EmptyException;","lastModifiedDate":"2021-09-10"},{"lineNumber":4,"author":{"gitId":"chenghuiyuan"},"content":"import basic.TaskList;","lastModifiedDate":"2021-08-28"},{"lineNumber":5,"author":{"gitId":"chenghuiyuan"},"content":"import basic.Ui;","lastModifiedDate":"2021-08-28"},{"lineNumber":6,"author":{"gitId":"chenghuiyuan"},"content":"import task.Event;","lastModifiedDate":"2021-08-28"},{"lineNumber":7,"author":{"gitId":"chenghuiyuan"},"content":"","lastModifiedDate":"2021-08-28"},{"lineNumber":8,"author":{"gitId":"chenghuiyuan"},"content":"/**","lastModifiedDate":"2021-08-28"},{"lineNumber":9,"author":{"gitId":"chenghuiyuan"},"content":" * Adds an event task to the task list.","lastModifiedDate":"2021-08-28"},{"lineNumber":10,"author":{"gitId":"chenghuiyuan"},"content":" */","lastModifiedDate":"2021-08-28"},{"lineNumber":11,"author":{"gitId":"chenghuiyuan"},"content":"public class AddEventCommand extends Command {","lastModifiedDate":"2021-08-28"},{"lineNumber":12,"author":{"gitId":"chenghuiyuan"},"content":"    private String input;","lastModifiedDate":"2021-08-28"},{"lineNumber":13,"author":{"gitId":"chenghuiyuan"},"content":"","lastModifiedDate":"2021-08-28"},{"lineNumber":14,"author":{"gitId":"chenghuiyuan"},"content":"    /**","lastModifiedDate":"2021-08-28"},{"lineNumber":15,"author":{"gitId":"chenghuiyuan"},"content":"     * @param input A String inputted by the user.","lastModifiedDate":"2021-08-28"},{"lineNumber":16,"author":{"gitId":"chenghuiyuan"},"content":"     */","lastModifiedDate":"2021-08-28"},{"lineNumber":17,"author":{"gitId":"chenghuiyuan"},"content":"    public AddEventCommand(String input) {","lastModifiedDate":"2021-08-28"},{"lineNumber":18,"author":{"gitId":"chenghuiyuan"},"content":"        this.input \u003d input;","lastModifiedDate":"2021-08-28"},{"lineNumber":19,"author":{"gitId":"chenghuiyuan"},"content":"    }","lastModifiedDate":"2021-08-28"},{"lineNumber":20,"author":{"gitId":"chenghuiyuan"},"content":"","lastModifiedDate":"2021-08-28"},{"lineNumber":21,"author":{"gitId":"chenghuiyuan"},"content":"    /**","lastModifiedDate":"2021-08-28"},{"lineNumber":22,"author":{"gitId":"chenghuiyuan"},"content":"     * @param tasks   The tasks stored in an ArrayList.","lastModifiedDate":"2021-08-28"},{"lineNumber":23,"author":{"gitId":"chenghuiyuan"},"content":"     * @param ui      The User Interface (UI).","lastModifiedDate":"2021-08-28"},{"lineNumber":24,"author":{"gitId":"chenghuiyuan"},"content":"     * @throws EmptyException If an empty description is inputted.","lastModifiedDate":"2021-09-10"},{"lineNumber":25,"author":{"gitId":"chenghuiyuan"},"content":"     */","lastModifiedDate":"2021-08-28"},{"lineNumber":26,"author":{"gitId":"chenghuiyuan"},"content":"    @Override","lastModifiedDate":"2021-08-28"},{"lineNumber":27,"author":{"gitId":"chenghuiyuan"},"content":"    public void execute(TaskList tasks, Ui ui) throws EmptyException {","lastModifiedDate":"2021-09-10"},{"lineNumber":28,"author":{"gitId":"chenghuiyuan"},"content":"        int position;","lastModifiedDate":"2021-09-10"},{"lineNumber":29,"author":{"gitId":"chenghuiyuan"},"content":"        input \u003d input.toLowerCase();","lastModifiedDate":"2021-08-28"},{"lineNumber":30,"author":{"gitId":"chenghuiyuan"},"content":"","lastModifiedDate":"2021-09-10"},{"lineNumber":31,"author":{"gitId":"chenghuiyuan"},"content":"        if (input.contains(\"event\")){","lastModifiedDate":"2021-08-28"},{"lineNumber":32,"author":{"gitId":"chenghuiyuan"},"content":"            input \u003d input.replace(\"event\", \"\");","lastModifiedDate":"2021-08-28"},{"lineNumber":33,"author":{"gitId":"chenghuiyuan"},"content":"        }","lastModifiedDate":"2021-08-28"},{"lineNumber":34,"author":{"gitId":"chenghuiyuan"},"content":"        else{","lastModifiedDate":"2021-08-28"},{"lineNumber":35,"author":{"gitId":"chenghuiyuan"},"content":"            input \u003d input.replaceFirst(\"e\", \"\");","lastModifiedDate":"2021-08-28"},{"lineNumber":36,"author":{"gitId":"chenghuiyuan"},"content":"        }","lastModifiedDate":"2021-08-28"},{"lineNumber":37,"author":{"gitId":"chenghuiyuan"},"content":"        if (input.contains(\"/at\")) {","lastModifiedDate":"2021-09-10"},{"lineNumber":38,"author":{"gitId":"chenghuiyuan"},"content":"            position \u003d input.indexOf(\"/at\");","lastModifiedDate":"2021-09-10"},{"lineNumber":39,"author":{"gitId":"chenghuiyuan"},"content":"        }","lastModifiedDate":"2021-09-10"},{"lineNumber":40,"author":{"gitId":"chenghuiyuan"},"content":"        else {","lastModifiedDate":"2021-09-10"},{"lineNumber":41,"author":{"gitId":"chenghuiyuan"},"content":"            position \u003d -1;","lastModifiedDate":"2021-09-10"},{"lineNumber":42,"author":{"gitId":"chenghuiyuan"},"content":"        }","lastModifiedDate":"2021-09-10"},{"lineNumber":43,"author":{"gitId":"chenghuiyuan"},"content":"","lastModifiedDate":"2021-08-28"},{"lineNumber":44,"author":{"gitId":"chenghuiyuan"},"content":"        boolean isInputEmpty \u003d input.substring(0, position - 1).equals(\"\");","lastModifiedDate":"2021-09-10"},{"lineNumber":45,"author":{"gitId":"chenghuiyuan"},"content":"        boolean isInputEmptySpace \u003d input.substring(0, position - 2).equals(\" \");","lastModifiedDate":"2021-09-10"},{"lineNumber":46,"author":{"gitId":"chenghuiyuan"},"content":"        // Add task if command contains \"/by\" and descriptions","lastModifiedDate":"2021-09-10"},{"lineNumber":47,"author":{"gitId":"chenghuiyuan"},"content":"        if (position !\u003d -1 \u0026\u0026 (!isInputEmpty || !isInputEmptySpace )) {","lastModifiedDate":"2021-09-10"},{"lineNumber":48,"author":{"gitId":"chenghuiyuan"},"content":"            String date \u003d input.substring(position + 4);","lastModifiedDate":"2021-08-28"},{"lineNumber":49,"author":{"gitId":"chenghuiyuan"},"content":"            input \u003d input.substring(0, position - 1);","lastModifiedDate":"2021-08-28"},{"lineNumber":50,"author":{"gitId":"chenghuiyuan"},"content":"            Event event \u003d new Event(input, date);","lastModifiedDate":"2021-08-28"},{"lineNumber":51,"author":{"gitId":"chenghuiyuan"},"content":"            tasks.addTask(event);","lastModifiedDate":"2021-08-28"},{"lineNumber":52,"author":{"gitId":"chenghuiyuan"},"content":"            ui.showAdded();","lastModifiedDate":"2021-08-28"},{"lineNumber":53,"author":{"gitId":"chenghuiyuan"},"content":"            ui.printTaskNum(tasks, event);","lastModifiedDate":"2021-08-28"},{"lineNumber":54,"author":{"gitId":"chenghuiyuan"},"content":"        }","lastModifiedDate":"2021-08-28"},{"lineNumber":55,"author":{"gitId":"chenghuiyuan"},"content":"        else {","lastModifiedDate":"2021-09-10"},{"lineNumber":56,"author":{"gitId":"chenghuiyuan"},"content":"            throw new EmptyException(\"an event\");","lastModifiedDate":"2021-09-10"},{"lineNumber":57,"author":{"gitId":"chenghuiyuan"},"content":"        }","lastModifiedDate":"2021-09-10"},{"lineNumber":58,"author":{"gitId":"chenghuiyuan"},"content":"    }","lastModifiedDate":"2021-08-28"},{"lineNumber":59,"author":{"gitId":"chenghuiyuan"},"content":"","lastModifiedDate":"2021-08-28"},{"lineNumber":60,"author":{"gitId":"chenghuiyuan"},"content":"}","lastModifiedDate":"2021-08-28"},{"lineNumber":61,"author":{"gitId":"chenghuiyuan"},"content":"","lastModifiedDate":"2021-08-28"},{"lineNumber":62,"author":{"gitId":"chenghuiyuan"},"content":"","lastModifiedDate":"2021-08-28"}],"authorContributionMap":{"chenghuiyuan":62}},{"path":"src/main/java/command/AddTodoCommand.java","fileType":"java","lines":[{"lineNumber":1,"author":{"gitId":"chenghuiyuan"},"content":"package command;","lastModifiedDate":"2021-08-28"},{"lineNumber":2,"author":{"gitId":"chenghuiyuan"},"content":"","lastModifiedDate":"2021-08-28"},{"lineNumber":3,"author":{"gitId":"chenghuiyuan"},"content":"import exception.EmptyException;","lastModifiedDate":"2021-09-10"},{"lineNumber":4,"author":{"gitId":"chenghuiyuan"},"content":"import basic.TaskList;","lastModifiedDate":"2021-08-28"},{"lineNumber":5,"author":{"gitId":"chenghuiyuan"},"content":"import basic.Ui;","lastModifiedDate":"2021-08-28"},{"lineNumber":6,"author":{"gitId":"chenghuiyuan"},"content":"import task.Todo;","lastModifiedDate":"2021-08-28"},{"lineNumber":7,"author":{"gitId":"chenghuiyuan"},"content":"","lastModifiedDate":"2021-08-28"},{"lineNumber":8,"author":{"gitId":"chenghuiyuan"},"content":"/**","lastModifiedDate":"2021-08-28"},{"lineNumber":9,"author":{"gitId":"chenghuiyuan"},"content":" * Adds a todo task to the task list.","lastModifiedDate":"2021-08-28"},{"lineNumber":10,"author":{"gitId":"chenghuiyuan"},"content":" */","lastModifiedDate":"2021-08-28"},{"lineNumber":11,"author":{"gitId":"chenghuiyuan"},"content":"public class AddTodoCommand extends Command {","lastModifiedDate":"2021-08-28"},{"lineNumber":12,"author":{"gitId":"chenghuiyuan"},"content":"    protected static Ui ui \u003d new Ui();","lastModifiedDate":"2021-08-28"},{"lineNumber":13,"author":{"gitId":"chenghuiyuan"},"content":"    private String input;","lastModifiedDate":"2021-08-28"},{"lineNumber":14,"author":{"gitId":"chenghuiyuan"},"content":"","lastModifiedDate":"2021-08-28"},{"lineNumber":15,"author":{"gitId":"chenghuiyuan"},"content":"    /**","lastModifiedDate":"2021-08-28"},{"lineNumber":16,"author":{"gitId":"chenghuiyuan"},"content":"     * @param input A String inputted by the user.","lastModifiedDate":"2021-08-28"},{"lineNumber":17,"author":{"gitId":"chenghuiyuan"},"content":"     */","lastModifiedDate":"2021-08-28"},{"lineNumber":18,"author":{"gitId":"chenghuiyuan"},"content":"    public AddTodoCommand(String input) {","lastModifiedDate":"2021-08-28"},{"lineNumber":19,"author":{"gitId":"chenghuiyuan"},"content":"        this.input \u003d input;","lastModifiedDate":"2021-08-28"},{"lineNumber":20,"author":{"gitId":"chenghuiyuan"},"content":"    }","lastModifiedDate":"2021-08-28"},{"lineNumber":21,"author":{"gitId":"chenghuiyuan"},"content":"","lastModifiedDate":"2021-08-28"},{"lineNumber":22,"author":{"gitId":"chenghuiyuan"},"content":"    /**","lastModifiedDate":"2021-08-28"},{"lineNumber":23,"author":{"gitId":"chenghuiyuan"},"content":"     * @param tasks   The tasks stored in an ArrayList.","lastModifiedDate":"2021-08-28"},{"lineNumber":24,"author":{"gitId":"chenghuiyuan"},"content":"     * @param ui      The User Interface (UI).","lastModifiedDate":"2021-08-28"},{"lineNumber":25,"author":{"gitId":"chenghuiyuan"},"content":"     * @throws EmptyException If an empty description is inputted.","lastModifiedDate":"2021-09-10"},{"lineNumber":26,"author":{"gitId":"chenghuiyuan"},"content":"     */","lastModifiedDate":"2021-08-28"},{"lineNumber":27,"author":{"gitId":"chenghuiyuan"},"content":"    @Override","lastModifiedDate":"2021-08-28"},{"lineNumber":28,"author":{"gitId":"chenghuiyuan"},"content":"    public void execute(TaskList tasks, Ui ui) throws EmptyException  {","lastModifiedDate":"2021-09-10"},{"lineNumber":29,"author":{"gitId":"chenghuiyuan"},"content":"        input \u003d input.toLowerCase();","lastModifiedDate":"2021-08-28"},{"lineNumber":30,"author":{"gitId":"chenghuiyuan"},"content":"        if (input.contains(\"todo\")){","lastModifiedDate":"2021-08-28"},{"lineNumber":31,"author":{"gitId":"chenghuiyuan"},"content":"            input \u003d input.replace(\"todo\", \"\");","lastModifiedDate":"2021-08-28"},{"lineNumber":32,"author":{"gitId":"chenghuiyuan"},"content":"        }","lastModifiedDate":"2021-08-28"},{"lineNumber":33,"author":{"gitId":"chenghuiyuan"},"content":"        if (!input.equals(\"\") \u0026\u0026 !input.equals(\" \")) {","lastModifiedDate":"2021-08-28"},{"lineNumber":34,"author":{"gitId":"chenghuiyuan"},"content":"            Todo todo \u003d new Todo(input);","lastModifiedDate":"2021-08-28"},{"lineNumber":35,"author":{"gitId":"chenghuiyuan"},"content":"            tasks.addTask(todo);","lastModifiedDate":"2021-08-28"},{"lineNumber":36,"author":{"gitId":"chenghuiyuan"},"content":"            ui.showAdded();","lastModifiedDate":"2021-08-28"},{"lineNumber":37,"author":{"gitId":"chenghuiyuan"},"content":"            ui.printTaskNum(tasks, todo);","lastModifiedDate":"2021-08-28"},{"lineNumber":38,"author":{"gitId":"chenghuiyuan"},"content":"        }","lastModifiedDate":"2021-08-28"},{"lineNumber":39,"author":{"gitId":"chenghuiyuan"},"content":"        else {","lastModifiedDate":"2021-09-10"},{"lineNumber":40,"author":{"gitId":"chenghuiyuan"},"content":"            throw new EmptyException(\"a todo\");","lastModifiedDate":"2021-09-10"},{"lineNumber":41,"author":{"gitId":"chenghuiyuan"},"content":"        }","lastModifiedDate":"2021-09-10"},{"lineNumber":42,"author":{"gitId":"chenghuiyuan"},"content":"    }","lastModifiedDate":"2021-08-28"},{"lineNumber":43,"author":{"gitId":"chenghuiyuan"},"content":"","lastModifiedDate":"2021-08-28"},{"lineNumber":44,"author":{"gitId":"chenghuiyuan"},"content":"}","lastModifiedDate":"2021-08-28"}],"authorContributionMap":{"chenghuiyuan":44}},{"path":"src/main/java/command/Command.java","fileType":"java","lines":[{"lineNumber":1,"author":{"gitId":"chenghuiyuan"},"content":"package command;","lastModifiedDate":"2021-08-28"},{"lineNumber":2,"author":{"gitId":"chenghuiyuan"},"content":"","lastModifiedDate":"2021-08-28"},{"lineNumber":3,"author":{"gitId":"chenghuiyuan"},"content":"import exception.DukeException;","lastModifiedDate":"2021-08-28"},{"lineNumber":4,"author":{"gitId":"chenghuiyuan"},"content":"import exception.EmptyException;","lastModifiedDate":"2021-09-10"},{"lineNumber":5,"author":{"gitId":"chenghuiyuan"},"content":"import basic.TaskList;","lastModifiedDate":"2021-08-28"},{"lineNumber":6,"author":{"gitId":"chenghuiyuan"},"content":"import basic.Ui;","lastModifiedDate":"2021-08-28"},{"lineNumber":7,"author":{"gitId":"chenghuiyuan"},"content":"","lastModifiedDate":"2021-08-28"},{"lineNumber":8,"author":{"gitId":"chenghuiyuan"},"content":"/**","lastModifiedDate":"2021-08-28"},{"lineNumber":9,"author":{"gitId":"chenghuiyuan"},"content":" * Represents an executable command.","lastModifiedDate":"2021-08-28"},{"lineNumber":10,"author":{"gitId":"chenghuiyuan"},"content":" */","lastModifiedDate":"2021-08-28"},{"lineNumber":11,"author":{"gitId":"chenghuiyuan"},"content":"","lastModifiedDate":"2021-08-28"},{"lineNumber":12,"author":{"gitId":"chenghuiyuan"},"content":"public class Command {","lastModifiedDate":"2021-08-28"},{"lineNumber":13,"author":{"gitId":"chenghuiyuan"},"content":"    protected static Ui ui \u003d new Ui();","lastModifiedDate":"2021-08-28"},{"lineNumber":14,"author":{"gitId":"chenghuiyuan"},"content":"","lastModifiedDate":"2021-08-28"},{"lineNumber":15,"author":{"gitId":"chenghuiyuan"},"content":"    public boolean isExit() {","lastModifiedDate":"2021-08-28"},{"lineNumber":16,"author":{"gitId":"chenghuiyuan"},"content":"        return false;","lastModifiedDate":"2021-08-28"},{"lineNumber":17,"author":{"gitId":"chenghuiyuan"},"content":"    }","lastModifiedDate":"2021-08-28"},{"lineNumber":18,"author":{"gitId":"chenghuiyuan"},"content":"","lastModifiedDate":"2021-08-28"},{"lineNumber":19,"author":{"gitId":"chenghuiyuan"},"content":"    public void execute(TaskList tasks, Ui ui) throws DukeException, EmptyException  {","lastModifiedDate":"2021-09-10"},{"lineNumber":20,"author":{"gitId":"chenghuiyuan"},"content":"        throw new DukeException(\"☹ OOPS!!! I\u0027m sorry, but I don\u0027t know what that means.\");","lastModifiedDate":"2021-08-28"},{"lineNumber":21,"author":{"gitId":"chenghuiyuan"},"content":"    }","lastModifiedDate":"2021-08-28"},{"lineNumber":22,"author":{"gitId":"chenghuiyuan"},"content":"","lastModifiedDate":"2021-08-28"},{"lineNumber":23,"author":{"gitId":"chenghuiyuan"},"content":"}","lastModifiedDate":"2021-08-28"},{"lineNumber":24,"author":{"gitId":"chenghuiyuan"},"content":"","lastModifiedDate":"2021-08-28"},{"lineNumber":25,"author":{"gitId":"chenghuiyuan"},"content":"","lastModifiedDate":"2021-08-28"}],"authorContributionMap":{"chenghuiyuan":25}},{"path":"src/main/java/command/ExitCommand.java","fileType":"java","lines":[{"lineNumber":1,"author":{"gitId":"chenghuiyuan"},"content":"package command;","lastModifiedDate":"2021-08-28"},{"lineNumber":2,"author":{"gitId":"chenghuiyuan"},"content":"","lastModifiedDate":"2021-08-28"},{"lineNumber":3,"author":{"gitId":"chenghuiyuan"},"content":"import basic.TaskList;","lastModifiedDate":"2021-08-28"},{"lineNumber":4,"author":{"gitId":"chenghuiyuan"},"content":"import basic.Ui;","lastModifiedDate":"2021-08-28"},{"lineNumber":5,"author":{"gitId":"chenghuiyuan"},"content":"","lastModifiedDate":"2021-08-28"},{"lineNumber":6,"author":{"gitId":"chenghuiyuan"},"content":"/**","lastModifiedDate":"2021-08-28"},{"lineNumber":7,"author":{"gitId":"chenghuiyuan"},"content":" * Terminates the program.","lastModifiedDate":"2021-08-28"},{"lineNumber":8,"author":{"gitId":"chenghuiyuan"},"content":" */","lastModifiedDate":"2021-08-28"},{"lineNumber":9,"author":{"gitId":"chenghuiyuan"},"content":"","lastModifiedDate":"2021-08-28"},{"lineNumber":10,"author":{"gitId":"chenghuiyuan"},"content":"public class ExitCommand extends Command {","lastModifiedDate":"2021-08-28"},{"lineNumber":11,"author":{"gitId":"chenghuiyuan"},"content":"    protected static Ui ui \u003d new Ui();","lastModifiedDate":"2021-08-28"},{"lineNumber":12,"author":{"gitId":"chenghuiyuan"},"content":"","lastModifiedDate":"2021-08-28"},{"lineNumber":13,"author":{"gitId":"chenghuiyuan"},"content":"    private static void exit() {","lastModifiedDate":"2021-08-28"},{"lineNumber":14,"author":{"gitId":"chenghuiyuan"},"content":"        ui.showBye();","lastModifiedDate":"2021-08-28"},{"lineNumber":15,"author":{"gitId":"chenghuiyuan"},"content":"        System.exit(0);","lastModifiedDate":"2021-08-28"},{"lineNumber":16,"author":{"gitId":"chenghuiyuan"},"content":"    }","lastModifiedDate":"2021-08-28"},{"lineNumber":17,"author":{"gitId":"chenghuiyuan"},"content":"","lastModifiedDate":"2021-08-28"},{"lineNumber":18,"author":{"gitId":"chenghuiyuan"},"content":"    @Override","lastModifiedDate":"2021-08-28"},{"lineNumber":19,"author":{"gitId":"chenghuiyuan"},"content":"    public boolean isExit() {","lastModifiedDate":"2021-08-28"},{"lineNumber":20,"author":{"gitId":"chenghuiyuan"},"content":"        ExitCommand exitCommand \u003d new ExitCommand();","lastModifiedDate":"2021-08-28"},{"lineNumber":21,"author":{"gitId":"chenghuiyuan"},"content":"        exit();","lastModifiedDate":"2021-08-28"},{"lineNumber":22,"author":{"gitId":"chenghuiyuan"},"content":"        return true;","lastModifiedDate":"2021-08-28"},{"lineNumber":23,"author":{"gitId":"chenghuiyuan"},"content":"    }","lastModifiedDate":"2021-08-28"},{"lineNumber":24,"author":{"gitId":"chenghuiyuan"},"content":"","lastModifiedDate":"2021-08-28"},{"lineNumber":25,"author":{"gitId":"chenghuiyuan"},"content":"    @Override","lastModifiedDate":"2021-08-28"},{"lineNumber":26,"author":{"gitId":"chenghuiyuan"},"content":"    public void execute(TaskList tasks, Ui ui) {","lastModifiedDate":"2021-08-28"},{"lineNumber":27,"author":{"gitId":"chenghuiyuan"},"content":"","lastModifiedDate":"2021-08-28"},{"lineNumber":28,"author":{"gitId":"chenghuiyuan"},"content":"    }","lastModifiedDate":"2021-08-28"},{"lineNumber":29,"author":{"gitId":"chenghuiyuan"},"content":"","lastModifiedDate":"2021-08-28"},{"lineNumber":30,"author":{"gitId":"chenghuiyuan"},"content":"}","lastModifiedDate":"2021-08-28"}],"authorContributionMap":{"chenghuiyuan":30}},{"path":"src/main/java/command/ListCommand.java","fileType":"java","lines":[{"lineNumber":1,"author":{"gitId":"chenghuiyuan"},"content":"package command;","lastModifiedDate":"2021-08-28"},{"lineNumber":2,"author":{"gitId":"chenghuiyuan"},"content":"","lastModifiedDate":"2021-08-28"},{"lineNumber":3,"author":{"gitId":"chenghuiyuan"},"content":"import exception.DukeException;","lastModifiedDate":"2021-08-28"},{"lineNumber":4,"author":{"gitId":"chenghuiyuan"},"content":"import basic.TaskList;","lastModifiedDate":"2021-08-28"},{"lineNumber":5,"author":{"gitId":"chenghuiyuan"},"content":"import basic.Ui;","lastModifiedDate":"2021-08-28"},{"lineNumber":6,"author":{"gitId":"chenghuiyuan"},"content":"","lastModifiedDate":"2021-08-28"},{"lineNumber":7,"author":{"gitId":"chenghuiyuan"},"content":"/**","lastModifiedDate":"2021-08-28"},{"lineNumber":8,"author":{"gitId":"chenghuiyuan"},"content":" * Lists all tasks in the task list to the user.","lastModifiedDate":"2021-08-28"},{"lineNumber":9,"author":{"gitId":"chenghuiyuan"},"content":" */","lastModifiedDate":"2021-08-28"},{"lineNumber":10,"author":{"gitId":"chenghuiyuan"},"content":"public class ListCommand extends Command {","lastModifiedDate":"2021-08-28"},{"lineNumber":11,"author":{"gitId":"chenghuiyuan"},"content":"    protected static Ui ui \u003d new Ui();","lastModifiedDate":"2021-08-28"},{"lineNumber":12,"author":{"gitId":"chenghuiyuan"},"content":"","lastModifiedDate":"2021-08-28"},{"lineNumber":13,"author":{"gitId":"chenghuiyuan"},"content":"    /**","lastModifiedDate":"2021-08-28"},{"lineNumber":14,"author":{"gitId":"chenghuiyuan"},"content":"     * @param tasks   The tasks stored in an ArrayList.","lastModifiedDate":"2021-08-28"},{"lineNumber":15,"author":{"gitId":"chenghuiyuan"},"content":"     * @param ui      The User Interface (UI).","lastModifiedDate":"2021-08-28"},{"lineNumber":16,"author":{"gitId":"chenghuiyuan"},"content":"     */","lastModifiedDate":"2021-08-28"},{"lineNumber":17,"author":{"gitId":"chenghuiyuan"},"content":"    @Override","lastModifiedDate":"2021-08-28"},{"lineNumber":18,"author":{"gitId":"chenghuiyuan"},"content":"    public void execute(TaskList tasks, Ui ui) throws DukeException {","lastModifiedDate":"2021-08-28"},{"lineNumber":19,"author":{"gitId":"chenghuiyuan"},"content":"        if (tasks.sizeOfTask() \u003d\u003d 0) {","lastModifiedDate":"2021-08-28"},{"lineNumber":20,"author":{"gitId":"chenghuiyuan"},"content":"            throw new DukeException(\"☹ The list is empty.\");","lastModifiedDate":"2021-08-28"},{"lineNumber":21,"author":{"gitId":"chenghuiyuan"},"content":"        }","lastModifiedDate":"2021-08-28"},{"lineNumber":22,"author":{"gitId":"chenghuiyuan"},"content":"        ui.printTask(tasks);","lastModifiedDate":"2021-08-28"},{"lineNumber":23,"author":{"gitId":"chenghuiyuan"},"content":"        ui.printEmptyLine();","lastModifiedDate":"2021-08-28"},{"lineNumber":24,"author":{"gitId":"chenghuiyuan"},"content":"    }","lastModifiedDate":"2021-08-28"},{"lineNumber":25,"author":{"gitId":"chenghuiyuan"},"content":"","lastModifiedDate":"2021-08-28"},{"lineNumber":26,"author":{"gitId":"chenghuiyuan"},"content":"}","lastModifiedDate":"2021-08-28"}],"authorContributionMap":{"chenghuiyuan":26}},{"path":"src/main/java/command/MarkAsDoneCommand.java","fileType":"java","lines":[{"lineNumber":1,"author":{"gitId":"chenghuiyuan"},"content":"package command;","lastModifiedDate":"2021-08-28"},{"lineNumber":2,"author":{"gitId":"chenghuiyuan"},"content":"","lastModifiedDate":"2021-08-28"},{"lineNumber":3,"author":{"gitId":"chenghuiyuan"},"content":"import exception.DukeException;","lastModifiedDate":"2021-08-28"},{"lineNumber":4,"author":{"gitId":"chenghuiyuan"},"content":"import basic.TaskList;","lastModifiedDate":"2021-08-28"},{"lineNumber":5,"author":{"gitId":"chenghuiyuan"},"content":"import basic.Ui;","lastModifiedDate":"2021-08-28"},{"lineNumber":6,"author":{"gitId":"chenghuiyuan"},"content":"","lastModifiedDate":"2021-08-28"},{"lineNumber":7,"author":{"gitId":"chenghuiyuan"},"content":"/**","lastModifiedDate":"2021-08-28"},{"lineNumber":8,"author":{"gitId":"chenghuiyuan"},"content":" * Marks a task identified using it\u0027s index as done.","lastModifiedDate":"2021-08-28"},{"lineNumber":9,"author":{"gitId":"chenghuiyuan"},"content":" */","lastModifiedDate":"2021-08-28"},{"lineNumber":10,"author":{"gitId":"chenghuiyuan"},"content":"public class MarkAsDoneCommand extends Command {","lastModifiedDate":"2021-08-28"},{"lineNumber":11,"author":{"gitId":"chenghuiyuan"},"content":"    protected static Ui ui \u003d new Ui();","lastModifiedDate":"2021-08-28"},{"lineNumber":12,"author":{"gitId":"chenghuiyuan"},"content":"    private String input;","lastModifiedDate":"2021-08-28"},{"lineNumber":13,"author":{"gitId":"chenghuiyuan"},"content":"","lastModifiedDate":"2021-08-28"},{"lineNumber":14,"author":{"gitId":"chenghuiyuan"},"content":"    public MarkAsDoneCommand(String input) {","lastModifiedDate":"2021-08-28"},{"lineNumber":15,"author":{"gitId":"chenghuiyuan"},"content":"        this.input \u003d input;","lastModifiedDate":"2021-08-28"},{"lineNumber":16,"author":{"gitId":"chenghuiyuan"},"content":"    }","lastModifiedDate":"2021-08-28"},{"lineNumber":17,"author":{"gitId":"chenghuiyuan"},"content":"","lastModifiedDate":"2021-08-28"},{"lineNumber":18,"author":{"gitId":"chenghuiyuan"},"content":"    /**","lastModifiedDate":"2021-08-28"},{"lineNumber":19,"author":{"gitId":"chenghuiyuan"},"content":"     * @param tasks   The tasks stored in an ArrayList.","lastModifiedDate":"2021-08-28"},{"lineNumber":20,"author":{"gitId":"chenghuiyuan"},"content":"     * @param ui      The User Interface (UI).","lastModifiedDate":"2021-08-28"},{"lineNumber":21,"author":{"gitId":"chenghuiyuan"},"content":"     */","lastModifiedDate":"2021-08-28"},{"lineNumber":22,"author":{"gitId":"chenghuiyuan"},"content":"    @Override","lastModifiedDate":"2021-08-28"},{"lineNumber":23,"author":{"gitId":"chenghuiyuan"},"content":"    public void execute(TaskList tasks, Ui ui) throws DukeException {","lastModifiedDate":"2021-08-28"},{"lineNumber":24,"author":{"gitId":"chenghuiyuan"},"content":"        String editedInput \u003d input.toLowerCase().replace(\"done \", \"\");","lastModifiedDate":"2021-08-28"},{"lineNumber":25,"author":{"gitId":"chenghuiyuan"},"content":"        assert editedInput.replaceAll(\"[\\\\D]\", \"\").equals(editedInput) : \"wrong format key in numeric number instead\";","lastModifiedDate":"2021-08-28"},{"lineNumber":26,"author":{"gitId":"chenghuiyuan"},"content":"        int num \u003d 0;","lastModifiedDate":"2021-08-28"},{"lineNumber":27,"author":{"gitId":"chenghuiyuan"},"content":"        //replacing all the non digit elements","lastModifiedDate":"2021-08-28"},{"lineNumber":28,"author":{"gitId":"chenghuiyuan"},"content":"        num \u003d Integer.parseInt(input.replaceAll(\"[\\\\D]\", \"\"));","lastModifiedDate":"2021-08-28"},{"lineNumber":29,"author":{"gitId":"chenghuiyuan"},"content":"        if (num \u003e 0 \u0026\u0026 num \u003c\u003d tasks.sizeOfTask()) {","lastModifiedDate":"2021-08-28"},{"lineNumber":30,"author":{"gitId":"chenghuiyuan"},"content":"            tasks.returnTask(num - 1).isDone \u003d true;","lastModifiedDate":"2021-08-28"},{"lineNumber":31,"author":{"gitId":"chenghuiyuan"},"content":"        }","lastModifiedDate":"2021-08-28"},{"lineNumber":32,"author":{"gitId":"chenghuiyuan"},"content":"","lastModifiedDate":"2021-08-28"},{"lineNumber":33,"author":{"gitId":"chenghuiyuan"},"content":"        if (num \u003e 0 \u0026\u0026 num \u003c\u003d tasks.sizeOfTask()) {","lastModifiedDate":"2021-08-28"},{"lineNumber":34,"author":{"gitId":"chenghuiyuan"},"content":"            ui.showDone();","lastModifiedDate":"2021-08-28"},{"lineNumber":35,"author":{"gitId":"chenghuiyuan"},"content":"            ui.printTask(tasks.returnTask(num - 1));","lastModifiedDate":"2021-08-28"},{"lineNumber":36,"author":{"gitId":"chenghuiyuan"},"content":"            ui.printEmptyLine();","lastModifiedDate":"2021-08-28"},{"lineNumber":37,"author":{"gitId":"chenghuiyuan"},"content":"        } else {","lastModifiedDate":"2021-08-28"},{"lineNumber":38,"author":{"gitId":"chenghuiyuan"},"content":"            throw new DukeException(\"☹ Item not found.\");","lastModifiedDate":"2021-08-28"},{"lineNumber":39,"author":{"gitId":"chenghuiyuan"},"content":"        }","lastModifiedDate":"2021-08-28"},{"lineNumber":40,"author":{"gitId":"chenghuiyuan"},"content":"    }","lastModifiedDate":"2021-08-28"},{"lineNumber":41,"author":{"gitId":"chenghuiyuan"},"content":"","lastModifiedDate":"2021-08-28"},{"lineNumber":42,"author":{"gitId":"chenghuiyuan"},"content":"}","lastModifiedDate":"2021-08-28"}],"authorContributionMap":{"chenghuiyuan":42}},{"path":"src/main/java/exception/DukeException.java","fileType":"java","lines":[{"lineNumber":1,"author":{"gitId":"chenghuiyuan"},"content":"package exception;","lastModifiedDate":"2021-08-14"},{"lineNumber":2,"author":{"gitId":"chenghuiyuan"},"content":"","lastModifiedDate":"2021-08-14"},{"lineNumber":3,"author":{"gitId":"chenghuiyuan"},"content":"/**","lastModifiedDate":"2021-08-14"},{"lineNumber":4,"author":{"gitId":"chenghuiyuan"},"content":" * Signals an error caused by missing a task\u0027s description.","lastModifiedDate":"2021-08-14"},{"lineNumber":5,"author":{"gitId":"chenghuiyuan"},"content":" */","lastModifiedDate":"2021-08-14"},{"lineNumber":6,"author":{"gitId":"chenghuiyuan"},"content":"public class DukeException extends Exception {","lastModifiedDate":"2021-08-14"},{"lineNumber":7,"author":{"gitId":"chenghuiyuan"},"content":"    public DukeException(String message) {","lastModifiedDate":"2021-08-14"},{"lineNumber":8,"author":{"gitId":"chenghuiyuan"},"content":"        super(message);","lastModifiedDate":"2021-08-14"},{"lineNumber":9,"author":{"gitId":"chenghuiyuan"},"content":"    }","lastModifiedDate":"2021-08-14"},{"lineNumber":10,"author":{"gitId":"chenghuiyuan"},"content":"}","lastModifiedDate":"2021-08-14"}],"authorContributionMap":{"chenghuiyuan":10}},{"path":"src/main/java/exception/EmptyException.java","fileType":"java","lines":[{"lineNumber":1,"author":{"gitId":"chenghuiyuan"},"content":"package exception;","lastModifiedDate":"2021-09-10"},{"lineNumber":2,"author":{"gitId":"chenghuiyuan"},"content":"","lastModifiedDate":"2021-09-10"},{"lineNumber":3,"author":{"gitId":"chenghuiyuan"},"content":"public class EmptyException extends Exception {","lastModifiedDate":"2021-09-10"},{"lineNumber":4,"author":{"gitId":"chenghuiyuan"},"content":"    public EmptyException(String type) {","lastModifiedDate":"2021-09-10"},{"lineNumber":5,"author":{"gitId":"chenghuiyuan"},"content":"        super(\"☹ OOPS!!! The description of \" + type + \" cannot be empty.\");","lastModifiedDate":"2021-09-10"},{"lineNumber":6,"author":{"gitId":"chenghuiyuan"},"content":"    }","lastModifiedDate":"2021-09-10"},{"lineNumber":7,"author":{"gitId":"chenghuiyuan"},"content":"}","lastModifiedDate":"2021-09-10"}],"authorContributionMap":{"chenghuiyuan":7}},{"path":"src/main/java/task/Deadline.java","fileType":"java","lines":[{"lineNumber":1,"author":{"gitId":"chenghuiyuan"},"content":"package task;","lastModifiedDate":"2021-08-28"},{"lineNumber":2,"author":{"gitId":"chenghuiyuan"},"content":"","lastModifiedDate":"2021-08-28"},{"lineNumber":3,"author":{"gitId":"chenghuiyuan"},"content":"","lastModifiedDate":"2021-08-28"},{"lineNumber":4,"author":{"gitId":"chenghuiyuan"},"content":"public class Deadline extends Task {","lastModifiedDate":"2021-08-28"},{"lineNumber":5,"author":{"gitId":"chenghuiyuan"},"content":"    private String by;","lastModifiedDate":"2021-08-28"},{"lineNumber":6,"author":{"gitId":"chenghuiyuan"},"content":"","lastModifiedDate":"2021-08-28"},{"lineNumber":7,"author":{"gitId":"chenghuiyuan"},"content":"    public Deadline(String description, String by) {","lastModifiedDate":"2021-08-28"},{"lineNumber":8,"author":{"gitId":"chenghuiyuan"},"content":"        super(description);","lastModifiedDate":"2021-08-28"},{"lineNumber":9,"author":{"gitId":"chenghuiyuan"},"content":"        this.by \u003d by;","lastModifiedDate":"2021-08-28"},{"lineNumber":10,"author":{"gitId":"chenghuiyuan"},"content":"    }","lastModifiedDate":"2021-08-28"},{"lineNumber":11,"author":{"gitId":"chenghuiyuan"},"content":"","lastModifiedDate":"2021-08-28"},{"lineNumber":12,"author":{"gitId":"chenghuiyuan"},"content":"    @Override","lastModifiedDate":"2021-08-28"},{"lineNumber":13,"author":{"gitId":"chenghuiyuan"},"content":"    public String toString() {","lastModifiedDate":"2021-08-28"},{"lineNumber":14,"author":{"gitId":"chenghuiyuan"},"content":"        return \"[D]\" + super.toString() + \" (by: \" + by + \")\";","lastModifiedDate":"2021-08-28"},{"lineNumber":15,"author":{"gitId":"chenghuiyuan"},"content":"    }","lastModifiedDate":"2021-08-28"},{"lineNumber":16,"author":{"gitId":"chenghuiyuan"},"content":"","lastModifiedDate":"2021-08-28"},{"lineNumber":17,"author":{"gitId":"chenghuiyuan"},"content":"}","lastModifiedDate":"2021-08-28"}],"authorContributionMap":{"chenghuiyuan":17}},{"path":"src/main/java/task/Event.java","fileType":"java","lines":[{"lineNumber":1,"author":{"gitId":"chenghuiyuan"},"content":"package task;","lastModifiedDate":"2021-08-28"},{"lineNumber":2,"author":{"gitId":"chenghuiyuan"},"content":"","lastModifiedDate":"2021-08-28"},{"lineNumber":3,"author":{"gitId":"chenghuiyuan"},"content":"","lastModifiedDate":"2021-08-28"},{"lineNumber":4,"author":{"gitId":"chenghuiyuan"},"content":"public class Event extends Task {","lastModifiedDate":"2021-08-28"},{"lineNumber":5,"author":{"gitId":"chenghuiyuan"},"content":"    private String at;","lastModifiedDate":"2021-08-28"},{"lineNumber":6,"author":{"gitId":"chenghuiyuan"},"content":"","lastModifiedDate":"2021-08-28"},{"lineNumber":7,"author":{"gitId":"chenghuiyuan"},"content":"    public Event(String description, String at) {","lastModifiedDate":"2021-08-28"},{"lineNumber":8,"author":{"gitId":"chenghuiyuan"},"content":"        super(description);","lastModifiedDate":"2021-08-28"},{"lineNumber":9,"author":{"gitId":"chenghuiyuan"},"content":"        this.at \u003d at;","lastModifiedDate":"2021-08-28"},{"lineNumber":10,"author":{"gitId":"chenghuiyuan"},"content":"    }","lastModifiedDate":"2021-08-28"},{"lineNumber":11,"author":{"gitId":"chenghuiyuan"},"content":"","lastModifiedDate":"2021-08-28"},{"lineNumber":12,"author":{"gitId":"chenghuiyuan"},"content":"    @Override","lastModifiedDate":"2021-08-28"},{"lineNumber":13,"author":{"gitId":"chenghuiyuan"},"content":"    public String toString() {","lastModifiedDate":"2021-08-28"},{"lineNumber":14,"author":{"gitId":"chenghuiyuan"},"content":"        return \"[E]\" + super.toString() + \" (at: \" + at + \")\";","lastModifiedDate":"2021-08-28"},{"lineNumber":15,"author":{"gitId":"chenghuiyuan"},"content":"    }","lastModifiedDate":"2021-08-28"},{"lineNumber":16,"author":{"gitId":"chenghuiyuan"},"content":"","lastModifiedDate":"2021-08-28"},{"lineNumber":17,"author":{"gitId":"chenghuiyuan"},"content":"}","lastModifiedDate":"2021-08-28"}],"authorContributionMap":{"chenghuiyuan":17}},{"path":"src/main/java/task/Task.java","fileType":"java","lines":[{"lineNumber":1,"author":{"gitId":"chenghuiyuan"},"content":"package task;","lastModifiedDate":"2021-08-14"},{"lineNumber":2,"author":{"gitId":"chenghuiyuan"},"content":"","lastModifiedDate":"2021-08-14"},{"lineNumber":3,"author":{"gitId":"chenghuiyuan"},"content":"public abstract class Task {","lastModifiedDate":"2021-09-10"},{"lineNumber":4,"author":{"gitId":"chenghuiyuan"},"content":"    public String description;","lastModifiedDate":"2021-08-14"},{"lineNumber":5,"author":{"gitId":"chenghuiyuan"},"content":"    public boolean isDone;","lastModifiedDate":"2021-08-14"},{"lineNumber":6,"author":{"gitId":"chenghuiyuan"},"content":"","lastModifiedDate":"2021-08-14"},{"lineNumber":7,"author":{"gitId":"chenghuiyuan"},"content":"    public Task(String description) {","lastModifiedDate":"2021-08-14"},{"lineNumber":8,"author":{"gitId":"chenghuiyuan"},"content":"        this.description \u003d description;","lastModifiedDate":"2021-08-14"},{"lineNumber":9,"author":{"gitId":"chenghuiyuan"},"content":"        this.isDone \u003d false;","lastModifiedDate":"2021-08-14"},{"lineNumber":10,"author":{"gitId":"chenghuiyuan"},"content":"    }","lastModifiedDate":"2021-08-14"},{"lineNumber":11,"author":{"gitId":"chenghuiyuan"},"content":"","lastModifiedDate":"2021-08-14"},{"lineNumber":12,"author":{"gitId":"chenghuiyuan"},"content":"    private String getStatusIcon() {","lastModifiedDate":"2021-08-14"},{"lineNumber":13,"author":{"gitId":"chenghuiyuan"},"content":"        return (isDone ? \"✓\" : \"✘\"); //return tick or X symbols","lastModifiedDate":"2021-08-14"},{"lineNumber":14,"author":{"gitId":"chenghuiyuan"},"content":"    }","lastModifiedDate":"2021-08-14"},{"lineNumber":15,"author":{"gitId":"chenghuiyuan"},"content":"","lastModifiedDate":"2021-08-14"},{"lineNumber":16,"author":{"gitId":"chenghuiyuan"},"content":"    public String toString() {","lastModifiedDate":"2021-08-14"},{"lineNumber":17,"author":{"gitId":"chenghuiyuan"},"content":"        return \"[\" + getStatusIcon() + \"]\" + description;","lastModifiedDate":"2021-08-14"},{"lineNumber":18,"author":{"gitId":"chenghuiyuan"},"content":"    }","lastModifiedDate":"2021-08-14"},{"lineNumber":19,"author":{"gitId":"chenghuiyuan"},"content":"}","lastModifiedDate":"2021-08-14"}],"authorContributionMap":{"chenghuiyuan":19}},{"path":"src/main/java/task/Todo.java","fileType":"java","lines":[{"lineNumber":1,"author":{"gitId":"chenghuiyuan"},"content":"package task;","lastModifiedDate":"2021-08-28"},{"lineNumber":2,"author":{"gitId":"chenghuiyuan"},"content":"","lastModifiedDate":"2021-08-28"},{"lineNumber":3,"author":{"gitId":"chenghuiyuan"},"content":"public class Todo extends Task {","lastModifiedDate":"2021-08-28"},{"lineNumber":4,"author":{"gitId":"chenghuiyuan"},"content":"    public Todo(String description) {","lastModifiedDate":"2021-08-28"},{"lineNumber":5,"author":{"gitId":"chenghuiyuan"},"content":"        super(description);","lastModifiedDate":"2021-08-28"},{"lineNumber":6,"author":{"gitId":"chenghuiyuan"},"content":"    }","lastModifiedDate":"2021-08-28"},{"lineNumber":7,"author":{"gitId":"chenghuiyuan"},"content":"","lastModifiedDate":"2021-08-28"},{"lineNumber":8,"author":{"gitId":"chenghuiyuan"},"content":"    @Override","lastModifiedDate":"2021-08-28"},{"lineNumber":9,"author":{"gitId":"chenghuiyuan"},"content":"    public String toString() {","lastModifiedDate":"2021-08-28"},{"lineNumber":10,"author":{"gitId":"chenghuiyuan"},"content":"        return \"[T]\" + super.toString();","lastModifiedDate":"2021-08-28"},{"lineNumber":11,"author":{"gitId":"chenghuiyuan"},"content":"    }","lastModifiedDate":"2021-08-28"},{"lineNumber":12,"author":{"gitId":"chenghuiyuan"},"content":"","lastModifiedDate":"2021-08-28"},{"lineNumber":13,"author":{"gitId":"chenghuiyuan"},"content":"}","lastModifiedDate":"2021-08-28"}],"authorContributionMap":{"chenghuiyuan":13}}]
