{"authorDailyContributionsMap":{"chenghuiyuan":[{"date":"2021-08-14","commitResults":[{"hash":"b64083c1d3df96f54575ab775c130091730b15cd","messageTitle":"Level-0: Greet","messageBody":"","tags":["Level-0"],"fileTypesAndContributionMap":{"java":{"insertions":29,"deletions":0}}},{"hash":"c01fdc73bc832d831e57b6732a43236860d1a17e","messageTitle":"Level-1: Greet, Echo, Exit","messageBody":"","tags":["Level-1"],"fileTypesAndContributionMap":{"java":{"insertions":2,"deletions":10}}},{"hash":"033dfbdb0a9efed587086d160c8e4356cd713ef1","messageTitle":" Level-2: Add, List","messageBody":"","tags":["Level-2"],"fileTypesAndContributionMap":{"java":{"insertions":11,"deletions":2}}},{"hash":"6b786ff45eaea857b931b392fd8674c9527a66a8","messageTitle":"Level-3: Mark as Done","messageBody":"","tags":["Level-3"],"fileTypesAndContributionMap":{"java":{"insertions":198,"deletions":40}}}]},{"date":"2021-08-28","commitResults":[{"hash":"4daf8e358c4091e95258e55b177e6d7d0b70a2c5","messageTitle":"Add Level 4. ToDos, Events, Deadlines","messageBody":"","tags":["Level-4"],"fileTypesAndContributionMap":{"java":{"insertions":501,"deletions":59}}},{"hash":"87cfcfd4f1d690d0cd4bd57f88647a66fe1d3cfc","messageTitle":"Follow coding standard","messageBody":"","tags":["A-CodingStandard"],"fileTypesAndContributionMap":{"java":{"insertions":6,"deletions":60}}}]},{"date":"2021-09-10","commitResults":[{"hash":"b9639deffa0ad26e817409d5b1efd9c5ed3870b2","messageTitle":"Handle exceptions","messageBody":"","tags":["Level-5"],"fileTypesAndContributionMap":{"java":{"insertions":45,"deletions":9}}},{"hash":"07a75fca7b4731760d64fe347b3f9c793b2d3f9b","messageTitle":"Improve code quality","messageBody":"","tags":["A-CodeQuality"],"fileTypesAndContributionMap":{"java":{"insertions":8,"deletions":2}}},{"hash":"8ec998020ec86b79c530d854a0b084298d0ffed3","messageTitle":"Convert Task to abstract class","messageBody":"","tags":["A-Packages","A-AbstractClasses"],"fileTypesAndContributionMap":{"java":{"insertions":2,"deletions":15}}}]},{"date":"2021-09-15","commitResults":[{"hash":"4657eba3ab4245545b30f28afc54a2c66f706577","messageTitle":"Add delete command","messageBody":"","tags":["Level-6"],"fileTypesAndContributionMap":{"java":{"insertions":45,"deletions":0}}}]},{"date":"2021-09-17","commitResults":[{"hash":"3ca7a13759050c62a79d0f7a41386aa9746f9996","messageTitle":"Add storage class","messageBody":"","tags":["Level-7"],"fileTypesAndContributionMap":{"java":{"insertions":157,"deletions":16}}},{"hash":"525616ebb90b8e61a1488ac99bbb6ffdc4f04856","messageTitle":"Add JavaDoc comments","messageBody":"","tags":["A-MoreOOP","A-JavaDoc","A-Jar"],"fileTypesAndContributionMap":{"java":{"insertions":44,"deletions":4}}}]},{"date":"2021-09-23","commitResults":[{"hash":"6c6e6840f4fb8327274f77fa4cdffb7396770722","messageTitle":"Add find command","messageBody":"","fileTypesAndContributionMap":{"java":{"insertions":58,"deletions":0}}},{"hash":"34f45cb5a72d63577394ceafe13786df73824d1c","messageTitle":"Add JUnit tests","messageBody":"","fileTypesAndContributionMap":{"java":{"insertions":48,"deletions":0}}}]}]},"authorFileTypeContributionMap":{"chenghuiyuan":{"java":947,"md":0,"fxml":0,"sh":0,"bat":0,"gradle":0,"txt":0}},"authorContributionVariance":{"chenghuiyuan":10976.99},"authorDisplayNameMap":{"chenghuiyuan":"TIC4001-F18-6 CHEN..YUAN"}}
