{"authorDailyContributionsMap":{"chenghuiyuan":[{"date":"2021-08-14","commitResults":[{"hash":"b64083c1d3df96f54575ab775c130091730b15cd","messageTitle":"Level-0: Greet","messageBody":"","tags":["Level-0"],"fileTypesAndContributionMap":{"java":{"insertions":29,"deletions":0}}},{"hash":"c01fdc73bc832d831e57b6732a43236860d1a17e","messageTitle":"Level-1: Greet, Echo, Exit","messageBody":"","tags":["Level-1"],"fileTypesAndContributionMap":{"java":{"insertions":2,"deletions":10}}},{"hash":"033dfbdb0a9efed587086d160c8e4356cd713ef1","messageTitle":" Level-2: Add, List","messageBody":"","tags":["Level-2"],"fileTypesAndContributionMap":{"java":{"insertions":11,"deletions":2}}},{"hash":"6b786ff45eaea857b931b392fd8674c9527a66a8","messageTitle":"Level-3: Mark as Done","messageBody":"","tags":["Level-3"],"fileTypesAndContributionMap":{"java":{"insertions":198,"deletions":40}}}]}]},"authorFileTypeContributionMap":{"chenghuiyuan":{"java":198,"md":0,"fxml":0,"sh":0,"bat":0,"gradle":0,"txt":0}},"authorContributionVariance":{"chenghuiyuan":11842.222},"authorDisplayNameMap":{"chenghuiyuan":"TIC4001-F18-6 CHEN..YUAN"}}
