[{"path":"src/main/java/Duke.java","fileType":"java","lines":[{"lineNumber":1,"author":{"gitId":"jr-mojito"},"content":"import java.util.Scanner;","lastModifiedDate":"2021-08-20"},{"lineNumber":2,"author":{"gitId":"jr-mojito"},"content":"","lastModifiedDate":"2021-08-20"},{"lineNumber":3,"author":{"gitId":"-"},"content":"public class Duke {","lastModifiedDate":"2019-07-29"},{"lineNumber":4,"author":{"gitId":"-"},"content":"    public static void main(String[] args) {","lastModifiedDate":"2019-07-29"},{"lineNumber":5,"author":{"gitId":"-"},"content":"        String logo \u003d \" ____        _        \\n\"","lastModifiedDate":"2019-07-29"},{"lineNumber":6,"author":{"gitId":"-"},"content":"                + \"|  _ \\\\ _   _| | _____ \\n\"","lastModifiedDate":"2019-07-29"},{"lineNumber":7,"author":{"gitId":"-"},"content":"                + \"| | | | | | | |/ / _ \\\\\\n\"","lastModifiedDate":"2019-07-29"},{"lineNumber":8,"author":{"gitId":"-"},"content":"                + \"| |_| | |_| |   \u003c  __/\\n\"","lastModifiedDate":"2019-07-29"},{"lineNumber":9,"author":{"gitId":"-"},"content":"                + \"|____/ \\\\__,_|_|\\\\_\\\\___|\\n\";","lastModifiedDate":"2019-07-29"},{"lineNumber":10,"author":{"gitId":"jr-mojito"},"content":"","lastModifiedDate":"2021-08-20"},{"lineNumber":11,"author":{"gitId":"jr-mojito"},"content":"        System.out.println(\"-------------------------------\");","lastModifiedDate":"2021-08-20"},{"lineNumber":12,"author":{"gitId":"jr-mojito"},"content":"        System.out.println(\"Hello! I\u0027m Duke\\n\" +","lastModifiedDate":"2021-08-20"},{"lineNumber":13,"author":{"gitId":"jr-mojito"},"content":"                \"What can I do for you?\");","lastModifiedDate":"2021-08-20"},{"lineNumber":14,"author":{"gitId":"jr-mojito"},"content":"","lastModifiedDate":"2021-08-20"},{"lineNumber":15,"author":{"gitId":"jr-mojito"},"content":"","lastModifiedDate":"2021-08-20"},{"lineNumber":16,"author":{"gitId":"jr-mojito"},"content":"        System.out.println(\"-------------------------------\");","lastModifiedDate":"2021-08-20"},{"lineNumber":17,"author":{"gitId":"jr-mojito"},"content":"","lastModifiedDate":"2021-08-20"},{"lineNumber":18,"author":{"gitId":"jr-mojito"},"content":"        String echo \u003d \" \";","lastModifiedDate":"2021-08-20"},{"lineNumber":19,"author":{"gitId":"jr-mojito"},"content":"","lastModifiedDate":"2021-08-20"},{"lineNumber":20,"author":{"gitId":"jr-mojito"},"content":"        Scanner input \u003d new Scanner(System.in);","lastModifiedDate":"2021-08-20"},{"lineNumber":21,"author":{"gitId":"jr-mojito"},"content":"        while (!echo.equals(\"bye\")) {","lastModifiedDate":"2021-08-20"},{"lineNumber":22,"author":{"gitId":"jr-mojito"},"content":"            echo \u003d input.nextLine();","lastModifiedDate":"2021-08-20"},{"lineNumber":23,"author":{"gitId":"jr-mojito"},"content":"            if(!echo.equals(\"bye\")){","lastModifiedDate":"2021-08-20"},{"lineNumber":24,"author":{"gitId":"jr-mojito"},"content":"                System.out.println(\"-------------------------------\");","lastModifiedDate":"2021-08-20"},{"lineNumber":25,"author":{"gitId":"jr-mojito"},"content":"                System.out.println(\"    \" + echo);","lastModifiedDate":"2021-08-20"},{"lineNumber":26,"author":{"gitId":"jr-mojito"},"content":"                System.out.println(\"-------------------------------\");","lastModifiedDate":"2021-08-20"},{"lineNumber":27,"author":{"gitId":"jr-mojito"},"content":"            }","lastModifiedDate":"2021-08-20"},{"lineNumber":28,"author":{"gitId":"jr-mojito"},"content":"","lastModifiedDate":"2021-08-20"},{"lineNumber":29,"author":{"gitId":"jr-mojito"},"content":"        }","lastModifiedDate":"2021-08-20"},{"lineNumber":30,"author":{"gitId":"jr-mojito"},"content":"","lastModifiedDate":"2021-08-20"},{"lineNumber":31,"author":{"gitId":"jr-mojito"},"content":"        System.out.println(\"-------------------------------\");","lastModifiedDate":"2021-08-20"},{"lineNumber":32,"author":{"gitId":"jr-mojito"},"content":"        System.out.println(\"Bye. Hope to see you again soon!\");","lastModifiedDate":"2021-08-20"},{"lineNumber":33,"author":{"gitId":"jr-mojito"},"content":"        System.out.println(\"-------------------------------\");","lastModifiedDate":"2021-08-20"},{"lineNumber":34,"author":{"gitId":"-"},"content":"    }","lastModifiedDate":"2019-07-29"},{"lineNumber":35,"author":{"gitId":"-"},"content":"}","lastModifiedDate":"2019-07-29"}],"authorContributionMap":{"jr-mojito":26,"-":9}}]
