[{"path":"src/main/java/Duke.java","fileType":"java","lines":[{"lineNumber":1,"author":{"gitId":"jr-mojito"},"content":"import Duke.Command.Deadline;","lastModifiedDate":"2021-10-04"},{"lineNumber":2,"author":{"gitId":"jr-mojito"},"content":"import Duke.Command.Event;","lastModifiedDate":"2021-10-04"},{"lineNumber":3,"author":{"gitId":"jr-mojito"},"content":"import Duke.Command.Todo;","lastModifiedDate":"2021-10-04"},{"lineNumber":4,"author":{"gitId":"jr-mojito"},"content":"import Duke.Task.Task;","lastModifiedDate":"2021-10-04"},{"lineNumber":5,"author":{"gitId":"jr-mojito"},"content":"import Duke.Task.Tasks;","lastModifiedDate":"2021-10-04"},{"lineNumber":6,"author":{"gitId":"jr-mojito"},"content":"","lastModifiedDate":"2021-09-22"},{"lineNumber":7,"author":{"gitId":"jr-mojito"},"content":"import java.io.File;","lastModifiedDate":"2021-10-08"},{"lineNumber":8,"author":{"gitId":"jr-mojito"},"content":"import java.io.FileNotFoundException;","lastModifiedDate":"2021-10-08"},{"lineNumber":9,"author":{"gitId":"jr-mojito"},"content":"import java.io.FileWriter;","lastModifiedDate":"2021-10-08"},{"lineNumber":10,"author":{"gitId":"jr-mojito"},"content":"import java.io.IOException;","lastModifiedDate":"2021-10-08"},{"lineNumber":11,"author":{"gitId":"jr-mojito"},"content":"import java.util.ArrayList;","lastModifiedDate":"2021-08-26"},{"lineNumber":12,"author":{"gitId":"jr-mojito"},"content":"import java.util.Iterator;","lastModifiedDate":"2021-10-08"},{"lineNumber":13,"author":{"gitId":"jr-mojito"},"content":"import java.util.Scanner;","lastModifiedDate":"2021-08-20"},{"lineNumber":14,"author":{"gitId":"jr-mojito"},"content":"","lastModifiedDate":"2021-08-20"},{"lineNumber":15,"author":{"gitId":"jr-mojito"},"content":"","lastModifiedDate":"2021-09-05"},{"lineNumber":16,"author":{"gitId":"jr-mojito"},"content":"/**","lastModifiedDate":"2021-10-08"},{"lineNumber":17,"author":{"gitId":"jr-mojito"},"content":" * The Duke program implements an application that","lastModifiedDate":"2021-10-08"},{"lineNumber":18,"author":{"gitId":"jr-mojito"},"content":" * a personal Assistant Chatbot that helps to keep track various of daily items.","lastModifiedDate":"2021-10-08"},{"lineNumber":19,"author":{"gitId":"jr-mojito"},"content":" *","lastModifiedDate":"2021-10-08"},{"lineNumber":20,"author":{"gitId":"jr-mojito"},"content":" * @author  jr-mojito","lastModifiedDate":"2021-10-08"},{"lineNumber":21,"author":{"gitId":"jr-mojito"},"content":" * @version 1.0","lastModifiedDate":"2021-10-08"},{"lineNumber":22,"author":{"gitId":"jr-mojito"},"content":" * @since   2021-08-16","lastModifiedDate":"2021-10-08"},{"lineNumber":23,"author":{"gitId":"jr-mojito"},"content":" */","lastModifiedDate":"2021-10-08"},{"lineNumber":24,"author":{"gitId":"-"},"content":"public class Duke  {","lastModifiedDate":"2019-07-29"},{"lineNumber":25,"author":{"gitId":"-"},"content":"    public static void main(String[] args){","lastModifiedDate":"2019-07-29"},{"lineNumber":26,"author":{"gitId":"-"},"content":"        String logo \u003d \" ____        _\\n\"","lastModifiedDate":"2019-07-29"},{"lineNumber":27,"author":{"gitId":"-"},"content":"                + \"|  _ \\\\ _   _| | _____\\n\"","lastModifiedDate":"2019-07-29"},{"lineNumber":28,"author":{"gitId":"-"},"content":"                + \"| | | | | | | |/ / _ \\\\\\n\"","lastModifiedDate":"2019-07-29"},{"lineNumber":29,"author":{"gitId":"-"},"content":"                + \"| |_| | |_| |   \u003c  __/\\n\"","lastModifiedDate":"2019-07-29"},{"lineNumber":30,"author":{"gitId":"-"},"content":"                + \"|____/ \\\\__,_|_|\\\\_\\\\___|\\n\";","lastModifiedDate":"2019-07-29"},{"lineNumber":31,"author":{"gitId":"jr-mojito"},"content":"        System.out.println(logo);","lastModifiedDate":"2021-09-22"},{"lineNumber":32,"author":{"gitId":"jr-mojito"},"content":"        System.out.println(\"-------------------------------\");","lastModifiedDate":"2021-08-20"},{"lineNumber":33,"author":{"gitId":"jr-mojito"},"content":"        System.out.println(\"Hello! I\u0027m Duke\\n\" +","lastModifiedDate":"2021-08-20"},{"lineNumber":34,"author":{"gitId":"jr-mojito"},"content":"                \"What can I do for you?\");","lastModifiedDate":"2021-08-20"},{"lineNumber":35,"author":{"gitId":"jr-mojito"},"content":"        System.out.println(\"-------------------------------\");","lastModifiedDate":"2021-08-20"},{"lineNumber":36,"author":{"gitId":"jr-mojito"},"content":"","lastModifiedDate":"2021-08-20"},{"lineNumber":37,"author":{"gitId":"jr-mojito"},"content":"        String echo \u003d \" \";","lastModifiedDate":"2021-08-20"},{"lineNumber":38,"author":{"gitId":"jr-mojito"},"content":"        ArrayList\u003cTask\u003e addedList \u003d new ArrayList\u003c\u003e();","lastModifiedDate":"2021-09-22"},{"lineNumber":39,"author":{"gitId":"jr-mojito"},"content":"","lastModifiedDate":"2021-08-20"},{"lineNumber":40,"author":{"gitId":"jr-mojito"},"content":"        Scanner input \u003d new Scanner(System.in);","lastModifiedDate":"2021-08-20"},{"lineNumber":41,"author":{"gitId":"jr-mojito"},"content":"        Tasks tasks\u003d new Tasks(\"\");","lastModifiedDate":"2021-10-01"},{"lineNumber":42,"author":{"gitId":"jr-mojito"},"content":"","lastModifiedDate":"2021-09-05"},{"lineNumber":43,"author":{"gitId":"jr-mojito"},"content":"        while (!echo.equals(\"bye\")) {","lastModifiedDate":"2021-08-20"},{"lineNumber":44,"author":{"gitId":"jr-mojito"},"content":"","lastModifiedDate":"2021-10-04"},{"lineNumber":45,"author":{"gitId":"jr-mojito"},"content":"            echo \u003d input.nextLine();","lastModifiedDate":"2021-08-20"},{"lineNumber":46,"author":{"gitId":"jr-mojito"},"content":"            String[] cli \u003d new String[100];","lastModifiedDate":"2021-10-08"},{"lineNumber":47,"author":{"gitId":"jr-mojito"},"content":"            cli \u003d echo.split(\" \");","lastModifiedDate":"2021-10-08"},{"lineNumber":48,"author":{"gitId":"jr-mojito"},"content":"            String firstCommand \u003d cli[0];","lastModifiedDate":"2021-10-08"},{"lineNumber":49,"author":{"gitId":"jr-mojito"},"content":"","lastModifiedDate":"2021-09-05"},{"lineNumber":50,"author":{"gitId":"jr-mojito"},"content":"            switch (firstCommand){","lastModifiedDate":"2021-10-08"},{"lineNumber":51,"author":{"gitId":"jr-mojito"},"content":"                case(\"list\"):","lastModifiedDate":"2021-10-01"},{"lineNumber":52,"author":{"gitId":"jr-mojito"},"content":"                    tasks.getList(addedList);","lastModifiedDate":"2021-10-01"},{"lineNumber":53,"author":{"gitId":"jr-mojito"},"content":"                    break;","lastModifiedDate":"2021-10-01"},{"lineNumber":54,"author":{"gitId":"jr-mojito"},"content":"","lastModifiedDate":"2021-09-05"},{"lineNumber":55,"author":{"gitId":"jr-mojito"},"content":"                case(\"done\"):","lastModifiedDate":"2021-10-01"},{"lineNumber":56,"author":{"gitId":"jr-mojito"},"content":"                    try{","lastModifiedDate":"2021-10-04"},{"lineNumber":57,"author":{"gitId":"jr-mojito"},"content":"                        if(cli[1]!\u003d\"\"){","lastModifiedDate":"2021-10-08"},{"lineNumber":58,"author":{"gitId":"jr-mojito"},"content":"                            String doneIndex \u003d echo.substring(5);","lastModifiedDate":"2021-09-05"},{"lineNumber":59,"author":{"gitId":"jr-mojito"},"content":"                            tasks.addDone(Integer.parseInt(doneIndex));","lastModifiedDate":"2021-10-01"},{"lineNumber":60,"author":{"gitId":"jr-mojito"},"content":"                            System.out.println(\"-------------------------------\");","lastModifiedDate":"2021-09-05"},{"lineNumber":61,"author":{"gitId":"jr-mojito"},"content":"                            System.out.println(\"    \"+ \"Nice! I\u0027ve marked this task as done:\");","lastModifiedDate":"2021-09-05"},{"lineNumber":62,"author":{"gitId":"jr-mojito"},"content":"                            System.out.println(\"    \"+ tasks.markAsDone(Integer.parseInt(doneIndex)));","lastModifiedDate":"2021-10-01"},{"lineNumber":63,"author":{"gitId":"jr-mojito"},"content":"                            System.out.println(\"-------------------------------\");","lastModifiedDate":"2021-08-26"},{"lineNumber":64,"author":{"gitId":"jr-mojito"},"content":"                        }","lastModifiedDate":"2021-10-04"},{"lineNumber":65,"author":{"gitId":"jr-mojito"},"content":"                    } catch (IndexOutOfBoundsException e){","lastModifiedDate":"2021-10-04"},{"lineNumber":66,"author":{"gitId":"jr-mojito"},"content":"                        System.out.println(\"☹ OOPS!!! The number of a done cannot be empty.\");","lastModifiedDate":"2021-10-04"},{"lineNumber":67,"author":{"gitId":"jr-mojito"},"content":"                    }","lastModifiedDate":"2021-10-04"},{"lineNumber":68,"author":{"gitId":"jr-mojito"},"content":"                    break;","lastModifiedDate":"2021-10-01"},{"lineNumber":69,"author":{"gitId":"jr-mojito"},"content":"","lastModifiedDate":"2021-09-22"},{"lineNumber":70,"author":{"gitId":"jr-mojito"},"content":"                case(\"todo\"):","lastModifiedDate":"2021-10-01"},{"lineNumber":71,"author":{"gitId":"jr-mojito"},"content":"                    try{","lastModifiedDate":"2021-10-04"},{"lineNumber":72,"author":{"gitId":"jr-mojito"},"content":"                        if(cli[1]!\u003d\"\"){","lastModifiedDate":"2021-10-08"},{"lineNumber":73,"author":{"gitId":"jr-mojito"},"content":"                            String todoIndex \u003d echo.substring(5);","lastModifiedDate":"2021-09-22"},{"lineNumber":74,"author":{"gitId":"jr-mojito"},"content":"","lastModifiedDate":"2021-09-22"},{"lineNumber":75,"author":{"gitId":"jr-mojito"},"content":"                            Todo todo \u003d new Todo(echo.substring(5));","lastModifiedDate":"2021-09-22"},{"lineNumber":76,"author":{"gitId":"jr-mojito"},"content":"                            Task task \u003d new Task(false, todo.toString());","lastModifiedDate":"2021-09-22"},{"lineNumber":77,"author":{"gitId":"jr-mojito"},"content":"","lastModifiedDate":"2021-09-22"},{"lineNumber":78,"author":{"gitId":"jr-mojito"},"content":"                            addedList.add(task);","lastModifiedDate":"2021-09-22"},{"lineNumber":79,"author":{"gitId":"jr-mojito"},"content":"","lastModifiedDate":"2021-09-22"},{"lineNumber":80,"author":{"gitId":"jr-mojito"},"content":"                            System.out.println(\"-------------------------------\");","lastModifiedDate":"2021-09-22"},{"lineNumber":81,"author":{"gitId":"jr-mojito"},"content":"                            System.out.println(\"    \" + \"Got it. I\u0027ve added this task:\");","lastModifiedDate":"2021-09-22"},{"lineNumber":82,"author":{"gitId":"jr-mojito"},"content":"                            System.out.println(\"    \" + echo.substring(5) );","lastModifiedDate":"2021-09-22"},{"lineNumber":83,"author":{"gitId":"jr-mojito"},"content":"                            System.out.println(\"-------------------------------\");","lastModifiedDate":"2021-09-22"},{"lineNumber":84,"author":{"gitId":"jr-mojito"},"content":"                            System.out.println(\"    \" + \"Now you have \" + tasks.getNumOfList() + \" tasks in the list.\");","lastModifiedDate":"2021-10-01"},{"lineNumber":85,"author":{"gitId":"jr-mojito"},"content":"","lastModifiedDate":"2021-10-04"},{"lineNumber":86,"author":{"gitId":"jr-mojito"},"content":"                        }","lastModifiedDate":"2021-10-04"},{"lineNumber":87,"author":{"gitId":"jr-mojito"},"content":"                    } catch (ArrayIndexOutOfBoundsException e){","lastModifiedDate":"2021-10-04"},{"lineNumber":88,"author":{"gitId":"jr-mojito"},"content":"                        System.out.println(\"☹ OOPS!!! The description of a todo cannot be empty.\");","lastModifiedDate":"2021-10-04"},{"lineNumber":89,"author":{"gitId":"jr-mojito"},"content":"                    }","lastModifiedDate":"2021-10-04"},{"lineNumber":90,"author":{"gitId":"jr-mojito"},"content":"                    break;","lastModifiedDate":"2021-10-01"},{"lineNumber":91,"author":{"gitId":"jr-mojito"},"content":"","lastModifiedDate":"2021-09-22"},{"lineNumber":92,"author":{"gitId":"jr-mojito"},"content":"                case(\"event\"):","lastModifiedDate":"2021-10-01"},{"lineNumber":93,"author":{"gitId":"jr-mojito"},"content":"                    try {","lastModifiedDate":"2021-10-04"},{"lineNumber":94,"author":{"gitId":"jr-mojito"},"content":"                        if (cli[1] !\u003d \"\") {","lastModifiedDate":"2021-10-08"},{"lineNumber":95,"author":{"gitId":"jr-mojito"},"content":"                            int task_stringIndex_After_taskWord \u003d 0;","lastModifiedDate":"2021-09-22"},{"lineNumber":96,"author":{"gitId":"jr-mojito"},"content":"                            String task_words \u003d\"\", by_words \u003d \" \";","lastModifiedDate":"2021-09-22"},{"lineNumber":97,"author":{"gitId":"jr-mojito"},"content":"","lastModifiedDate":"2021-09-22"},{"lineNumber":98,"author":{"gitId":"jr-mojito"},"content":"                            task_stringIndex_After_taskWord \u003d echo.indexOf(\" \");","lastModifiedDate":"2021-09-22"},{"lineNumber":99,"author":{"gitId":"jr-mojito"},"content":"                            int by_string \u003d echo.indexOf(\"/\");","lastModifiedDate":"2021-09-22"},{"lineNumber":100,"author":{"gitId":"jr-mojito"},"content":"                            by_words \u003d echo.substring(by_string + 3);","lastModifiedDate":"2021-09-22"},{"lineNumber":101,"author":{"gitId":"jr-mojito"},"content":"","lastModifiedDate":"2021-09-22"},{"lineNumber":102,"author":{"gitId":"jr-mojito"},"content":"                            if (echo.contains(\"/\")) {","lastModifiedDate":"2021-09-22"},{"lineNumber":103,"author":{"gitId":"jr-mojito"},"content":"                                by_string \u003d echo.indexOf(\"/\");","lastModifiedDate":"2021-09-22"},{"lineNumber":104,"author":{"gitId":"jr-mojito"},"content":"                                task_words \u003d echo.substring(task_stringIndex_After_taskWord, by_string);","lastModifiedDate":"2021-09-22"},{"lineNumber":105,"author":{"gitId":"jr-mojito"},"content":"                            }","lastModifiedDate":"2021-09-22"},{"lineNumber":106,"author":{"gitId":"jr-mojito"},"content":"                            else if(echo.contains(\"bye\")){","lastModifiedDate":"2021-09-22"},{"lineNumber":107,"author":{"gitId":"jr-mojito"},"content":"                            }","lastModifiedDate":"2021-08-20"},{"lineNumber":108,"author":{"gitId":"jr-mojito"},"content":"                            else{","lastModifiedDate":"2021-09-22"},{"lineNumber":109,"author":{"gitId":"jr-mojito"},"content":"                                task_words \u003d echo.substring(task_stringIndex_After_taskWord);","lastModifiedDate":"2021-09-22"},{"lineNumber":110,"author":{"gitId":"jr-mojito"},"content":"                            }","lastModifiedDate":"2021-09-22"},{"lineNumber":111,"author":{"gitId":"jr-mojito"},"content":"","lastModifiedDate":"2021-09-22"},{"lineNumber":112,"author":{"gitId":"jr-mojito"},"content":"                            Event event \u003d new Event(task_words, by_words );","lastModifiedDate":"2021-09-22"},{"lineNumber":113,"author":{"gitId":"jr-mojito"},"content":"                            Task task \u003d new Task(false, event.toString());","lastModifiedDate":"2021-10-04"},{"lineNumber":114,"author":{"gitId":"jr-mojito"},"content":"","lastModifiedDate":"2021-09-22"},{"lineNumber":115,"author":{"gitId":"jr-mojito"},"content":"                            addedList.add(task);","lastModifiedDate":"2021-09-22"},{"lineNumber":116,"author":{"gitId":"jr-mojito"},"content":"","lastModifiedDate":"2021-08-20"},{"lineNumber":117,"author":{"gitId":"jr-mojito"},"content":"                            System.out.println(\"-------------------------------\");","lastModifiedDate":"2021-08-20"},{"lineNumber":118,"author":{"gitId":"jr-mojito"},"content":"                            System.out.println(\"    \" + \"Got it. I\u0027ve added this task:\");","lastModifiedDate":"2021-09-22"},{"lineNumber":119,"author":{"gitId":"jr-mojito"},"content":"                            System.out.println(\"    \" + echo.substring(6) );","lastModifiedDate":"2021-09-22"},{"lineNumber":120,"author":{"gitId":"jr-mojito"},"content":"                            System.out.println(\"-------------------------------\");","lastModifiedDate":"2021-08-20"},{"lineNumber":121,"author":{"gitId":"jr-mojito"},"content":"                            System.out.println(\"    \" + \"Now you have \" + tasks.getNumOfList() + \" tasks in the list.\");","lastModifiedDate":"2021-10-01"},{"lineNumber":122,"author":{"gitId":"jr-mojito"},"content":"                        }","lastModifiedDate":"2021-10-04"},{"lineNumber":123,"author":{"gitId":"jr-mojito"},"content":"                    } catch (IndexOutOfBoundsException e) {","lastModifiedDate":"2021-10-04"},{"lineNumber":124,"author":{"gitId":"jr-mojito"},"content":"                        System.out.println(\"☹ OOPS!!! The event description cannot be empty.\");","lastModifiedDate":"2021-10-04"},{"lineNumber":125,"author":{"gitId":"jr-mojito"},"content":"                    }","lastModifiedDate":"2021-10-04"},{"lineNumber":126,"author":{"gitId":"jr-mojito"},"content":"                    break;","lastModifiedDate":"2021-10-01"},{"lineNumber":127,"author":{"gitId":"jr-mojito"},"content":"","lastModifiedDate":"2021-09-22"},{"lineNumber":128,"author":{"gitId":"jr-mojito"},"content":"                case(\"deadline\"):","lastModifiedDate":"2021-10-01"},{"lineNumber":129,"author":{"gitId":"jr-mojito"},"content":"                    try {","lastModifiedDate":"2021-10-04"},{"lineNumber":130,"author":{"gitId":"jr-mojito"},"content":"                        if (cli[1] !\u003d \"\") {","lastModifiedDate":"2021-10-08"},{"lineNumber":131,"author":{"gitId":"jr-mojito"},"content":"                            //                    int task_stringIndex_After_taskWord \u003d 0;","lastModifiedDate":"2021-10-01"},{"lineNumber":132,"author":{"gitId":"jr-mojito"},"content":"                            String task_words \u003d\"\";","lastModifiedDate":"2021-10-04"},{"lineNumber":133,"author":{"gitId":"jr-mojito"},"content":"                            String by_words \u003d \" \";","lastModifiedDate":"2021-10-04"},{"lineNumber":134,"author":{"gitId":"jr-mojito"},"content":"","lastModifiedDate":"2021-09-22"},{"lineNumber":135,"author":{"gitId":"jr-mojito"},"content":"                            int task_stringIndex_After_taskWord \u003d echo.indexOf(\" \");","lastModifiedDate":"2021-10-04"},{"lineNumber":136,"author":{"gitId":"jr-mojito"},"content":"                            int by_string \u003d echo.indexOf(\"/\");","lastModifiedDate":"2021-10-04"},{"lineNumber":137,"author":{"gitId":"jr-mojito"},"content":"                            by_words \u003d echo.substring(by_string + 3);","lastModifiedDate":"2021-09-22"},{"lineNumber":138,"author":{"gitId":"jr-mojito"},"content":"","lastModifiedDate":"2021-09-22"},{"lineNumber":139,"author":{"gitId":"jr-mojito"},"content":"                            if (echo.contains(\"/\")) {","lastModifiedDate":"2021-09-22"},{"lineNumber":140,"author":{"gitId":"jr-mojito"},"content":"                                by_string \u003d echo.indexOf(\"/\");","lastModifiedDate":"2021-09-22"},{"lineNumber":141,"author":{"gitId":"jr-mojito"},"content":"                                task_words \u003d echo.substring(task_stringIndex_After_taskWord, by_string);","lastModifiedDate":"2021-09-22"},{"lineNumber":142,"author":{"gitId":"-"},"content":"                            }","lastModifiedDate":"2019-07-29"},{"lineNumber":143,"author":{"gitId":"jr-mojito"},"content":"                            else if(echo.contains(\"bye\")){","lastModifiedDate":"2021-09-22"},{"lineNumber":144,"author":{"gitId":"jr-mojito"},"content":"                            }","lastModifiedDate":"2021-09-22"},{"lineNumber":145,"author":{"gitId":"jr-mojito"},"content":"                            else{","lastModifiedDate":"2021-09-22"},{"lineNumber":146,"author":{"gitId":"jr-mojito"},"content":"                                task_words \u003d echo.substring(task_stringIndex_After_taskWord);","lastModifiedDate":"2021-09-22"},{"lineNumber":147,"author":{"gitId":"jr-mojito"},"content":"                            }","lastModifiedDate":"2021-09-22"},{"lineNumber":148,"author":{"gitId":"jr-mojito"},"content":"","lastModifiedDate":"2021-09-22"},{"lineNumber":149,"author":{"gitId":"jr-mojito"},"content":"                            Deadline deadline \u003d new Deadline(task_words, by_words );","lastModifiedDate":"2021-09-22"},{"lineNumber":150,"author":{"gitId":"jr-mojito"},"content":"                            Task task \u003d new Task(false, deadline.toString());","lastModifiedDate":"2021-10-04"},{"lineNumber":151,"author":{"gitId":"jr-mojito"},"content":"","lastModifiedDate":"2021-09-22"},{"lineNumber":152,"author":{"gitId":"jr-mojito"},"content":"                            addedList.add(task);","lastModifiedDate":"2021-09-22"},{"lineNumber":153,"author":{"gitId":"jr-mojito"},"content":"","lastModifiedDate":"2021-09-05"},{"lineNumber":154,"author":{"gitId":"jr-mojito"},"content":"                            System.out.println(\"-------------------------------\");","lastModifiedDate":"2021-09-22"},{"lineNumber":155,"author":{"gitId":"jr-mojito"},"content":"                            System.out.println(\"    \" + \"Got it. I\u0027ve added this task:\");","lastModifiedDate":"2021-09-22"},{"lineNumber":156,"author":{"gitId":"jr-mojito"},"content":"                            System.out.println(\"    \" + echo.substring(9) );","lastModifiedDate":"2021-09-22"},{"lineNumber":157,"author":{"gitId":"jr-mojito"},"content":"                            System.out.println(\"-------------------------------\");","lastModifiedDate":"2021-09-22"},{"lineNumber":158,"author":{"gitId":"jr-mojito"},"content":"                            System.out.println(\"    \" + \"Now you have \" + tasks.getNumOfList() + \" tasks in the list.\");","lastModifiedDate":"2021-10-01"},{"lineNumber":159,"author":{"gitId":"jr-mojito"},"content":"                        }","lastModifiedDate":"2021-10-04"},{"lineNumber":160,"author":{"gitId":"jr-mojito"},"content":"                    } catch (IndexOutOfBoundsException e) {","lastModifiedDate":"2021-10-04"},{"lineNumber":161,"author":{"gitId":"jr-mojito"},"content":"                        System.out.println(\"☹ OOPS!!! The deadline description cannot be empty.\");","lastModifiedDate":"2021-10-04"},{"lineNumber":162,"author":{"gitId":"jr-mojito"},"content":"                    }","lastModifiedDate":"2021-10-04"},{"lineNumber":163,"author":{"gitId":"jr-mojito"},"content":"                    break;","lastModifiedDate":"2021-10-01"},{"lineNumber":164,"author":{"gitId":"jr-mojito"},"content":"","lastModifiedDate":"2021-09-22"},{"lineNumber":165,"author":{"gitId":"jr-mojito"},"content":"                case(\"delete\"):","lastModifiedDate":"2021-10-08"},{"lineNumber":166,"author":{"gitId":"jr-mojito"},"content":"                    tasks.removeTaskList(Integer.valueOf(cli[1]));","lastModifiedDate":"2021-10-08"},{"lineNumber":167,"author":{"gitId":"jr-mojito"},"content":"                    break;","lastModifiedDate":"2021-10-08"},{"lineNumber":168,"author":{"gitId":"jr-mojito"},"content":"","lastModifiedDate":"2021-10-08"},{"lineNumber":169,"author":{"gitId":"jr-mojito"},"content":"                case (\"save\"):","lastModifiedDate":"2021-10-08"},{"lineNumber":170,"author":{"gitId":"jr-mojito"},"content":"                    try {","lastModifiedDate":"2021-10-08"},{"lineNumber":171,"author":{"gitId":"jr-mojito"},"content":"                        FileWriter fw \u003d new FileWriter(\"./dukesave.txt\");","lastModifiedDate":"2021-10-09"},{"lineNumber":172,"author":{"gitId":"jr-mojito"},"content":"                        File f \u003d new File(\"dukesave.txt\");","lastModifiedDate":"2021-10-08"},{"lineNumber":173,"author":{"gitId":"jr-mojito"},"content":"","lastModifiedDate":"2021-10-08"},{"lineNumber":174,"author":{"gitId":"jr-mojito"},"content":"                        int index1 \u003d 0;","lastModifiedDate":"2021-10-08"},{"lineNumber":175,"author":{"gitId":"jr-mojito"},"content":"                        System.out.println(\"-------------------------------\");","lastModifiedDate":"2021-10-08"},{"lineNumber":176,"author":{"gitId":"jr-mojito"},"content":"                        Iterator itr \u003d addedList.iterator();","lastModifiedDate":"2021-10-08"},{"lineNumber":177,"author":{"gitId":"jr-mojito"},"content":"                        while (itr.hasNext()){","lastModifiedDate":"2021-10-08"},{"lineNumber":178,"author":{"gitId":"jr-mojito"},"content":"                            Task t \u003d (Task)itr.next();","lastModifiedDate":"2021-10-08"},{"lineNumber":179,"author":{"gitId":"jr-mojito"},"content":"                            fw.write(\"  \" + ++index1 +\"[\" + (t.status ?\"\\u2713\": \"\\u2718\") +\"]\" + t.desc + System.lineSeparator());","lastModifiedDate":"2021-10-08"},{"lineNumber":180,"author":{"gitId":"jr-mojito"},"content":"                        }","lastModifiedDate":"2021-10-08"},{"lineNumber":181,"author":{"gitId":"jr-mojito"},"content":"","lastModifiedDate":"2021-10-08"},{"lineNumber":182,"author":{"gitId":"jr-mojito"},"content":"                        System.out.println(\"File save successfully to dukesave.txt\");","lastModifiedDate":"2021-10-08"},{"lineNumber":183,"author":{"gitId":"jr-mojito"},"content":"                        System.out.println(\"-------------------------------\");","lastModifiedDate":"2021-10-08"},{"lineNumber":184,"author":{"gitId":"jr-mojito"},"content":"                        fw.close();","lastModifiedDate":"2021-10-08"},{"lineNumber":185,"author":{"gitId":"jr-mojito"},"content":"                    } catch (FileNotFoundException e) {","lastModifiedDate":"2021-10-08"},{"lineNumber":186,"author":{"gitId":"jr-mojito"},"content":"                        System.out.println(\"File not found\");","lastModifiedDate":"2021-10-08"},{"lineNumber":187,"author":{"gitId":"jr-mojito"},"content":"                    } catch (IOException e) {","lastModifiedDate":"2021-10-08"},{"lineNumber":188,"author":{"gitId":"jr-mojito"},"content":"                        System.out.println(\"Something went wrong\" + e.getMessage());","lastModifiedDate":"2021-10-08"},{"lineNumber":189,"author":{"gitId":"jr-mojito"},"content":"                    }","lastModifiedDate":"2021-10-08"},{"lineNumber":190,"author":{"gitId":"jr-mojito"},"content":"                    break;","lastModifiedDate":"2021-10-08"},{"lineNumber":191,"author":{"gitId":"jr-mojito"},"content":"","lastModifiedDate":"2021-10-08"},{"lineNumber":192,"author":{"gitId":"jr-mojito"},"content":"                default:","lastModifiedDate":"2021-10-01"},{"lineNumber":193,"author":{"gitId":"jr-mojito"},"content":"            }","lastModifiedDate":"2021-10-01"},{"lineNumber":194,"author":{"gitId":"jr-mojito"},"content":"        }","lastModifiedDate":"2021-09-22"},{"lineNumber":195,"author":{"gitId":"jr-mojito"},"content":"","lastModifiedDate":"2021-09-22"},{"lineNumber":196,"author":{"gitId":"jr-mojito"},"content":"        System.out.println(\"-------------------------------\");","lastModifiedDate":"2021-09-22"},{"lineNumber":197,"author":{"gitId":"jr-mojito"},"content":"        System.out.println(\"Bye. Hope to see you again soon!\");","lastModifiedDate":"2021-09-22"},{"lineNumber":198,"author":{"gitId":"jr-mojito"},"content":"        System.out.println(\"-------------------------------\");","lastModifiedDate":"2021-09-22"},{"lineNumber":199,"author":{"gitId":"-"},"content":"    }","lastModifiedDate":"2021-09-22"},{"lineNumber":200,"author":{"gitId":"-"},"content":"}","lastModifiedDate":"2019-07-29"}],"authorContributionMap":{"jr-mojito":190,"-":10}},{"path":"src/main/java/Duke/Command/Deadline.java","fileType":"java","lines":[{"lineNumber":1,"author":{"gitId":"jr-mojito"},"content":"package Duke.Command;","lastModifiedDate":"2021-10-04"},{"lineNumber":2,"author":{"gitId":"jr-mojito"},"content":"","lastModifiedDate":"2021-09-22"},{"lineNumber":3,"author":{"gitId":"jr-mojito"},"content":"import Duke.Task.Tasks;","lastModifiedDate":"2021-10-04"},{"lineNumber":4,"author":{"gitId":"jr-mojito"},"content":"","lastModifiedDate":"2021-09-22"},{"lineNumber":5,"author":{"gitId":"jr-mojito"},"content":"import java.time.LocalDate;","lastModifiedDate":"2021-09-22"},{"lineNumber":6,"author":{"gitId":"jr-mojito"},"content":"import java.time.format.DateTimeFormatter;","lastModifiedDate":"2021-09-22"},{"lineNumber":7,"author":{"gitId":"jr-mojito"},"content":"import java.time.format.DateTimeParseException;","lastModifiedDate":"2021-09-22"},{"lineNumber":8,"author":{"gitId":"jr-mojito"},"content":"","lastModifiedDate":"2021-09-22"},{"lineNumber":9,"author":{"gitId":"jr-mojito"},"content":"public class Deadline extends Tasks {","lastModifiedDate":"2021-09-22"},{"lineNumber":10,"author":{"gitId":"jr-mojito"},"content":"    protected boolean isDeadline;","lastModifiedDate":"2021-09-22"},{"lineNumber":11,"author":{"gitId":"jr-mojito"},"content":"    protected String by;","lastModifiedDate":"2021-09-22"},{"lineNumber":12,"author":{"gitId":"jr-mojito"},"content":"","lastModifiedDate":"2021-09-22"},{"lineNumber":13,"author":{"gitId":"jr-mojito"},"content":"    /***","lastModifiedDate":"2021-09-22"},{"lineNumber":14,"author":{"gitId":"jr-mojito"},"content":"     *","lastModifiedDate":"2021-09-22"},{"lineNumber":15,"author":{"gitId":"jr-mojito"},"content":"     * @param description for deadline task description","lastModifiedDate":"2021-09-22"},{"lineNumber":16,"author":{"gitId":"jr-mojito"},"content":"     * @param by string enter by user after keyword /by","lastModifiedDate":"2021-09-22"},{"lineNumber":17,"author":{"gitId":"jr-mojito"},"content":"     */","lastModifiedDate":"2021-09-22"},{"lineNumber":18,"author":{"gitId":"jr-mojito"},"content":"    public Deadline(String description, String by) {","lastModifiedDate":"2021-09-22"},{"lineNumber":19,"author":{"gitId":"jr-mojito"},"content":"        super(description);","lastModifiedDate":"2021-09-22"},{"lineNumber":20,"author":{"gitId":"jr-mojito"},"content":"        this.by \u003d by;","lastModifiedDate":"2021-09-22"},{"lineNumber":21,"author":{"gitId":"jr-mojito"},"content":"        isDeadline \u003d false;","lastModifiedDate":"2021-09-22"},{"lineNumber":22,"author":{"gitId":"jr-mojito"},"content":"    }","lastModifiedDate":"2021-09-22"},{"lineNumber":23,"author":{"gitId":"jr-mojito"},"content":"","lastModifiedDate":"2021-09-22"},{"lineNumber":24,"author":{"gitId":"jr-mojito"},"content":"    /***","lastModifiedDate":"2021-09-22"},{"lineNumber":25,"author":{"gitId":"jr-mojito"},"content":"     *","lastModifiedDate":"2021-09-22"},{"lineNumber":26,"author":{"gitId":"jr-mojito"},"content":"     * @return Override the toString() method","lastModifiedDate":"2021-09-22"},{"lineNumber":27,"author":{"gitId":"jr-mojito"},"content":"     */","lastModifiedDate":"2021-09-22"},{"lineNumber":28,"author":{"gitId":"jr-mojito"},"content":"    @Override","lastModifiedDate":"2021-09-22"},{"lineNumber":29,"author":{"gitId":"jr-mojito"},"content":"    public String toString() {","lastModifiedDate":"2021-09-22"},{"lineNumber":30,"author":{"gitId":"jr-mojito"},"content":"","lastModifiedDate":"2021-10-08"},{"lineNumber":31,"author":{"gitId":"jr-mojito"},"content":"            String byDate \u003d by.trim();","lastModifiedDate":"2021-09-22"},{"lineNumber":32,"author":{"gitId":"jr-mojito"},"content":"            LocalDate d1 \u003d LocalDate.parse(byDate);","lastModifiedDate":"2021-09-22"},{"lineNumber":33,"author":{"gitId":"jr-mojito"},"content":"            byDate \u003d d1.format(DateTimeFormatter.ofPattern(\"MMM dd yyyy\"));","lastModifiedDate":"2021-09-22"},{"lineNumber":34,"author":{"gitId":"jr-mojito"},"content":"            return \"[D]\" + description+  \"(by:\" + by  + \")\" ;","lastModifiedDate":"2021-09-22"},{"lineNumber":35,"author":{"gitId":"jr-mojito"},"content":"","lastModifiedDate":"2021-09-22"},{"lineNumber":36,"author":{"gitId":"jr-mojito"},"content":"    }","lastModifiedDate":"2021-09-22"},{"lineNumber":37,"author":{"gitId":"jr-mojito"},"content":"}","lastModifiedDate":"2021-09-22"}],"authorContributionMap":{"jr-mojito":37}},{"path":"src/main/java/Duke/Command/Event.java","fileType":"java","lines":[{"lineNumber":1,"author":{"gitId":"jr-mojito"},"content":"package Duke.Command;","lastModifiedDate":"2021-10-04"},{"lineNumber":2,"author":{"gitId":"jr-mojito"},"content":"","lastModifiedDate":"2021-09-22"},{"lineNumber":3,"author":{"gitId":"jr-mojito"},"content":"import java.text.SimpleDateFormat;","lastModifiedDate":"2021-09-22"},{"lineNumber":4,"author":{"gitId":"jr-mojito"},"content":"import java.time.LocalDate;","lastModifiedDate":"2021-09-22"},{"lineNumber":5,"author":{"gitId":"jr-mojito"},"content":"import java.time.format.DateTimeFormatter;","lastModifiedDate":"2021-09-22"},{"lineNumber":6,"author":{"gitId":"jr-mojito"},"content":"import java.time.format.DateTimeParseException;","lastModifiedDate":"2021-09-22"},{"lineNumber":7,"author":{"gitId":"jr-mojito"},"content":"import java.util.Date;","lastModifiedDate":"2021-09-22"},{"lineNumber":8,"author":{"gitId":"jr-mojito"},"content":"","lastModifiedDate":"2021-09-22"},{"lineNumber":9,"author":{"gitId":"jr-mojito"},"content":"import Duke.Task.Tasks;","lastModifiedDate":"2021-10-04"},{"lineNumber":10,"author":{"gitId":"jr-mojito"},"content":"","lastModifiedDate":"2021-09-22"},{"lineNumber":11,"author":{"gitId":"jr-mojito"},"content":"public class Event extends Tasks {","lastModifiedDate":"2021-09-22"},{"lineNumber":12,"author":{"gitId":"jr-mojito"},"content":"","lastModifiedDate":"2021-09-22"},{"lineNumber":13,"author":{"gitId":"jr-mojito"},"content":"    protected boolean isEvent;","lastModifiedDate":"2021-09-22"},{"lineNumber":14,"author":{"gitId":"jr-mojito"},"content":"    protected String at;","lastModifiedDate":"2021-09-22"},{"lineNumber":15,"author":{"gitId":"jr-mojito"},"content":"    protected Date date_by;","lastModifiedDate":"2021-09-22"},{"lineNumber":16,"author":{"gitId":"jr-mojito"},"content":"    protected String atDate;","lastModifiedDate":"2021-09-22"},{"lineNumber":17,"author":{"gitId":"jr-mojito"},"content":"    SimpleDateFormat format1 \u003d new SimpleDateFormat(\"dd-MMM-yy hh:mm a\");","lastModifiedDate":"2021-09-22"},{"lineNumber":18,"author":{"gitId":"jr-mojito"},"content":"","lastModifiedDate":"2021-09-22"},{"lineNumber":19,"author":{"gitId":"jr-mojito"},"content":"","lastModifiedDate":"2021-10-08"},{"lineNumber":20,"author":{"gitId":"jr-mojito"},"content":"    /**","lastModifiedDate":"2021-10-08"},{"lineNumber":21,"author":{"gitId":"jr-mojito"},"content":"     *","lastModifiedDate":"2021-10-08"},{"lineNumber":22,"author":{"gitId":"jr-mojito"},"content":"     * @param description for Event task description","lastModifiedDate":"2021-10-08"},{"lineNumber":23,"author":{"gitId":"jr-mojito"},"content":"     * @param at string enter by user after keyword /at","lastModifiedDate":"2021-10-08"},{"lineNumber":24,"author":{"gitId":"jr-mojito"},"content":"     */","lastModifiedDate":"2021-10-08"},{"lineNumber":25,"author":{"gitId":"jr-mojito"},"content":"    public Event(String description, String at) {","lastModifiedDate":"2021-09-22"},{"lineNumber":26,"author":{"gitId":"jr-mojito"},"content":"        super(description);","lastModifiedDate":"2021-09-22"},{"lineNumber":27,"author":{"gitId":"jr-mojito"},"content":"        this.at \u003d at;","lastModifiedDate":"2021-09-22"},{"lineNumber":28,"author":{"gitId":"jr-mojito"},"content":"        System.out.println(\"at\"+ this.at);","lastModifiedDate":"2021-09-22"},{"lineNumber":29,"author":{"gitId":"jr-mojito"},"content":"        isEvent \u003d false;","lastModifiedDate":"2021-09-22"},{"lineNumber":30,"author":{"gitId":"jr-mojito"},"content":"    }","lastModifiedDate":"2021-09-22"},{"lineNumber":31,"author":{"gitId":"jr-mojito"},"content":"","lastModifiedDate":"2021-09-22"},{"lineNumber":32,"author":{"gitId":"jr-mojito"},"content":"    /***","lastModifiedDate":"2021-10-08"},{"lineNumber":33,"author":{"gitId":"jr-mojito"},"content":"     *","lastModifiedDate":"2021-10-08"},{"lineNumber":34,"author":{"gitId":"jr-mojito"},"content":"     * @return Override the toString() method","lastModifiedDate":"2021-10-08"},{"lineNumber":35,"author":{"gitId":"jr-mojito"},"content":"     */","lastModifiedDate":"2021-10-08"},{"lineNumber":36,"author":{"gitId":"jr-mojito"},"content":"    @Override","lastModifiedDate":"2021-09-22"},{"lineNumber":37,"author":{"gitId":"jr-mojito"},"content":"    public String toString(){","lastModifiedDate":"2021-09-22"},{"lineNumber":38,"author":{"gitId":"jr-mojito"},"content":"        try{","lastModifiedDate":"2021-09-22"},{"lineNumber":39,"author":{"gitId":"jr-mojito"},"content":"            atDate  \u003d at.trim();","lastModifiedDate":"2021-09-22"},{"lineNumber":40,"author":{"gitId":"jr-mojito"},"content":"            int timeIndex \u003d atDate.indexOf(\" \");","lastModifiedDate":"2021-09-22"},{"lineNumber":41,"author":{"gitId":"jr-mojito"},"content":"","lastModifiedDate":"2021-09-22"},{"lineNumber":42,"author":{"gitId":"jr-mojito"},"content":"            LocalDate d1 \u003d LocalDate.parse(atDate);","lastModifiedDate":"2021-09-22"},{"lineNumber":43,"author":{"gitId":"jr-mojito"},"content":"            atDate \u003d d1.format(DateTimeFormatter.ofPattern(\"MMM dd yyyy\"));","lastModifiedDate":"2021-09-22"},{"lineNumber":44,"author":{"gitId":"jr-mojito"},"content":"","lastModifiedDate":"2021-09-22"},{"lineNumber":45,"author":{"gitId":"jr-mojito"},"content":"            return \"[E]\" + description +  \"(at:\" + atDate + \")\" ;","lastModifiedDate":"2021-09-22"},{"lineNumber":46,"author":{"gitId":"jr-mojito"},"content":"","lastModifiedDate":"2021-10-01"},{"lineNumber":47,"author":{"gitId":"jr-mojito"},"content":"        } catch (DateTimeParseException e) {","lastModifiedDate":"2021-09-22"},{"lineNumber":48,"author":{"gitId":"jr-mojito"},"content":"//            Ui.dateTimeInvalidFormat();","lastModifiedDate":"2021-09-22"},{"lineNumber":49,"author":{"gitId":"jr-mojito"},"content":"        }","lastModifiedDate":"2021-09-22"},{"lineNumber":50,"author":{"gitId":"jr-mojito"},"content":"        return \"[E]\" + description +  \"(at:\" + at  + \")\" ;","lastModifiedDate":"2021-09-22"},{"lineNumber":51,"author":{"gitId":"jr-mojito"},"content":"    }","lastModifiedDate":"2021-09-22"},{"lineNumber":52,"author":{"gitId":"jr-mojito"},"content":"}","lastModifiedDate":"2021-09-22"}],"authorContributionMap":{"jr-mojito":52}},{"path":"src/main/java/Duke/Command/Todo.java","fileType":"java","lines":[{"lineNumber":1,"author":{"gitId":"jr-mojito"},"content":"package Duke.Command;","lastModifiedDate":"2021-10-04"},{"lineNumber":2,"author":{"gitId":"jr-mojito"},"content":"","lastModifiedDate":"2021-09-22"},{"lineNumber":3,"author":{"gitId":"jr-mojito"},"content":"import Duke.Task.Tasks;","lastModifiedDate":"2021-10-04"},{"lineNumber":4,"author":{"gitId":"jr-mojito"},"content":"","lastModifiedDate":"2021-09-22"},{"lineNumber":5,"author":{"gitId":"jr-mojito"},"content":"public class Todo extends Tasks {","lastModifiedDate":"2021-09-22"},{"lineNumber":6,"author":{"gitId":"jr-mojito"},"content":"","lastModifiedDate":"2021-09-22"},{"lineNumber":7,"author":{"gitId":"jr-mojito"},"content":"    protected boolean isToDo;","lastModifiedDate":"2021-09-22"},{"lineNumber":8,"author":{"gitId":"jr-mojito"},"content":"","lastModifiedDate":"2021-09-22"},{"lineNumber":9,"author":{"gitId":"jr-mojito"},"content":"    public Todo(String description) {","lastModifiedDate":"2021-09-22"},{"lineNumber":10,"author":{"gitId":"jr-mojito"},"content":"        super(description);","lastModifiedDate":"2021-09-22"},{"lineNumber":11,"author":{"gitId":"jr-mojito"},"content":"        isToDo \u003d false;","lastModifiedDate":"2021-09-22"},{"lineNumber":12,"author":{"gitId":"jr-mojito"},"content":"    }","lastModifiedDate":"2021-09-22"},{"lineNumber":13,"author":{"gitId":"jr-mojito"},"content":"","lastModifiedDate":"2021-09-22"},{"lineNumber":14,"author":{"gitId":"jr-mojito"},"content":"","lastModifiedDate":"2021-10-08"},{"lineNumber":15,"author":{"gitId":"jr-mojito"},"content":"    public void setToDo() {","lastModifiedDate":"2021-09-22"},{"lineNumber":16,"author":{"gitId":"jr-mojito"},"content":"        this.isToDo \u003d true;","lastModifiedDate":"2021-09-22"},{"lineNumber":17,"author":{"gitId":"jr-mojito"},"content":"    }","lastModifiedDate":"2021-09-22"},{"lineNumber":18,"author":{"gitId":"jr-mojito"},"content":"","lastModifiedDate":"2021-09-22"},{"lineNumber":19,"author":{"gitId":"jr-mojito"},"content":"    /***","lastModifiedDate":"2021-10-08"},{"lineNumber":20,"author":{"gitId":"jr-mojito"},"content":"     *","lastModifiedDate":"2021-10-08"},{"lineNumber":21,"author":{"gitId":"jr-mojito"},"content":"     * @return Override the toString() method","lastModifiedDate":"2021-10-08"},{"lineNumber":22,"author":{"gitId":"jr-mojito"},"content":"     */","lastModifiedDate":"2021-10-08"},{"lineNumber":23,"author":{"gitId":"jr-mojito"},"content":"    @Override","lastModifiedDate":"2021-09-22"},{"lineNumber":24,"author":{"gitId":"jr-mojito"},"content":"    public String toString(){","lastModifiedDate":"2021-09-22"},{"lineNumber":25,"author":{"gitId":"jr-mojito"},"content":"        return \"[T]\" + description;","lastModifiedDate":"2021-09-22"},{"lineNumber":26,"author":{"gitId":"jr-mojito"},"content":"    }","lastModifiedDate":"2021-09-22"},{"lineNumber":27,"author":{"gitId":"jr-mojito"},"content":"}","lastModifiedDate":"2021-09-22"}],"authorContributionMap":{"jr-mojito":27}},{"path":"src/main/java/Duke/Exception/DukeException.java","fileType":"java","lines":[{"lineNumber":1,"author":{"gitId":"jr-mojito"},"content":"package Duke.Exception;","lastModifiedDate":"2021-10-04"},{"lineNumber":2,"author":{"gitId":"jr-mojito"},"content":"","lastModifiedDate":"2021-10-04"},{"lineNumber":3,"author":{"gitId":"jr-mojito"},"content":"public class DukeException extends Throwable {","lastModifiedDate":"2021-10-04"},{"lineNumber":4,"author":{"gitId":"jr-mojito"},"content":"}","lastModifiedDate":"2021-10-04"}],"authorContributionMap":{"jr-mojito":4}},{"path":"src/main/java/Duke/Task/Task.java","fileType":"java","lines":[{"lineNumber":1,"author":{"gitId":"jr-mojito"},"content":"package Duke.Task;","lastModifiedDate":"2021-10-04"},{"lineNumber":2,"author":{"gitId":"jr-mojito"},"content":"","lastModifiedDate":"2021-09-22"},{"lineNumber":3,"author":{"gitId":"jr-mojito"},"content":"public class Task {","lastModifiedDate":"2021-09-22"},{"lineNumber":4,"author":{"gitId":"jr-mojito"},"content":"    public Boolean status;","lastModifiedDate":"2021-10-08"},{"lineNumber":5,"author":{"gitId":"jr-mojito"},"content":"    public String desc;","lastModifiedDate":"2021-10-08"},{"lineNumber":6,"author":{"gitId":"jr-mojito"},"content":"","lastModifiedDate":"2021-09-22"},{"lineNumber":7,"author":{"gitId":"jr-mojito"},"content":"","lastModifiedDate":"2021-10-08"},{"lineNumber":8,"author":{"gitId":"jr-mojito"},"content":"    public Task(Boolean status, String desc) {","lastModifiedDate":"2021-09-22"},{"lineNumber":9,"author":{"gitId":"jr-mojito"},"content":"        this.status \u003d status;","lastModifiedDate":"2021-09-22"},{"lineNumber":10,"author":{"gitId":"jr-mojito"},"content":"        this.desc \u003d desc;","lastModifiedDate":"2021-09-22"},{"lineNumber":11,"author":{"gitId":"jr-mojito"},"content":"    }","lastModifiedDate":"2021-09-22"},{"lineNumber":12,"author":{"gitId":"jr-mojito"},"content":"}","lastModifiedDate":"2021-09-22"}],"authorContributionMap":{"jr-mojito":12}},{"path":"src/main/java/Duke/Task/Tasks.java","fileType":"java","lines":[{"lineNumber":1,"author":{"gitId":"jr-mojito"},"content":"package Duke.Task;","lastModifiedDate":"2021-10-04"},{"lineNumber":2,"author":{"gitId":"jr-mojito"},"content":"","lastModifiedDate":"2021-09-22"},{"lineNumber":3,"author":{"gitId":"jr-mojito"},"content":"import java.util.ArrayList;","lastModifiedDate":"2021-09-22"},{"lineNumber":4,"author":{"gitId":"jr-mojito"},"content":"import java.util.Iterator;","lastModifiedDate":"2021-09-22"},{"lineNumber":5,"author":{"gitId":"jr-mojito"},"content":"","lastModifiedDate":"2021-09-22"},{"lineNumber":6,"author":{"gitId":"jr-mojito"},"content":"","lastModifiedDate":"2021-10-08"},{"lineNumber":7,"author":{"gitId":"jr-mojito"},"content":"public class Tasks {","lastModifiedDate":"2021-09-22"},{"lineNumber":8,"author":{"gitId":"jr-mojito"},"content":"    protected String description;","lastModifiedDate":"2021-09-22"},{"lineNumber":9,"author":{"gitId":"jr-mojito"},"content":"    protected boolean isDone;","lastModifiedDate":"2021-09-22"},{"lineNumber":10,"author":{"gitId":"jr-mojito"},"content":"    protected ArrayList\u003cTask\u003e addedList \u003d new ArrayList\u003c\u003e();","lastModifiedDate":"2021-09-22"},{"lineNumber":11,"author":{"gitId":"jr-mojito"},"content":"","lastModifiedDate":"2021-09-22"},{"lineNumber":12,"author":{"gitId":"jr-mojito"},"content":"","lastModifiedDate":"2021-10-08"},{"lineNumber":13,"author":{"gitId":"jr-mojito"},"content":"    public Tasks(String description) {","lastModifiedDate":"2021-09-22"},{"lineNumber":14,"author":{"gitId":"jr-mojito"},"content":"        this.description \u003d description;","lastModifiedDate":"2021-09-22"},{"lineNumber":15,"author":{"gitId":"jr-mojito"},"content":"        this.isDone \u003d false;","lastModifiedDate":"2021-09-22"},{"lineNumber":16,"author":{"gitId":"jr-mojito"},"content":"    }","lastModifiedDate":"2021-09-22"},{"lineNumber":17,"author":{"gitId":"jr-mojito"},"content":"","lastModifiedDate":"2021-09-22"},{"lineNumber":18,"author":{"gitId":"jr-mojito"},"content":"    /***","lastModifiedDate":"2021-10-08"},{"lineNumber":19,"author":{"gitId":"jr-mojito"},"content":"     * Get Status Icon when done or not done","lastModifiedDate":"2021-10-08"},{"lineNumber":20,"author":{"gitId":"jr-mojito"},"content":"     * @return done return ✓ else return ✘ symbols","lastModifiedDate":"2021-10-08"},{"lineNumber":21,"author":{"gitId":"jr-mojito"},"content":"     */","lastModifiedDate":"2021-10-08"},{"lineNumber":22,"author":{"gitId":"jr-mojito"},"content":"    public String getStatusIcon() {","lastModifiedDate":"2021-09-22"},{"lineNumber":23,"author":{"gitId":"jr-mojito"},"content":"        return (isDone ? \"\\u2713\" : \"\\u2718\"); //return tick or X symbols","lastModifiedDate":"2021-09-22"},{"lineNumber":24,"author":{"gitId":"jr-mojito"},"content":"    }","lastModifiedDate":"2021-09-22"},{"lineNumber":25,"author":{"gitId":"jr-mojito"},"content":"","lastModifiedDate":"2021-09-22"},{"lineNumber":26,"author":{"gitId":"jr-mojito"},"content":"","lastModifiedDate":"2021-10-08"},{"lineNumber":27,"author":{"gitId":"jr-mojito"},"content":"    /**","lastModifiedDate":"2021-10-08"},{"lineNumber":28,"author":{"gitId":"jr-mojito"},"content":"     * Mark the certain task is done","lastModifiedDate":"2021-10-08"},{"lineNumber":29,"author":{"gitId":"jr-mojito"},"content":"     * @param doneIndex the index to mark as done","lastModifiedDate":"2021-10-08"},{"lineNumber":30,"author":{"gitId":"jr-mojito"},"content":"     * @return string with task\u0027s status and description","lastModifiedDate":"2021-10-08"},{"lineNumber":31,"author":{"gitId":"jr-mojito"},"content":"     */","lastModifiedDate":"2021-10-08"},{"lineNumber":32,"author":{"gitId":"jr-mojito"},"content":"    public String markAsDone(int doneIndex) {","lastModifiedDate":"2021-09-22"},{"lineNumber":33,"author":{"gitId":"jr-mojito"},"content":"        this.isDone \u003d true;","lastModifiedDate":"2021-09-22"},{"lineNumber":34,"author":{"gitId":"jr-mojito"},"content":"        return (\"[\" + getStatusIcon() + \"]\" + this.addedList.get(doneIndex).desc);","lastModifiedDate":"2021-09-22"},{"lineNumber":35,"author":{"gitId":"jr-mojito"},"content":"    }","lastModifiedDate":"2021-09-22"},{"lineNumber":36,"author":{"gitId":"jr-mojito"},"content":"","lastModifiedDate":"2021-09-22"},{"lineNumber":37,"author":{"gitId":"jr-mojito"},"content":"    /**","lastModifiedDate":"2021-10-08"},{"lineNumber":38,"author":{"gitId":"jr-mojito"},"content":"     * Modify the status of task is done","lastModifiedDate":"2021-10-08"},{"lineNumber":39,"author":{"gitId":"jr-mojito"},"content":"     * @param doneIndex the index to add done for the task","lastModifiedDate":"2021-10-08"},{"lineNumber":40,"author":{"gitId":"jr-mojito"},"content":"     */","lastModifiedDate":"2021-10-08"},{"lineNumber":41,"author":{"gitId":"jr-mojito"},"content":"    public void addDone(int doneIndex) {","lastModifiedDate":"2021-09-22"},{"lineNumber":42,"author":{"gitId":"jr-mojito"},"content":"        int index \u003d 0;","lastModifiedDate":"2021-09-22"},{"lineNumber":43,"author":{"gitId":"jr-mojito"},"content":"","lastModifiedDate":"2021-09-22"},{"lineNumber":44,"author":{"gitId":"jr-mojito"},"content":"        Iterator itr \u003d this.addedList.iterator();","lastModifiedDate":"2021-09-22"},{"lineNumber":45,"author":{"gitId":"jr-mojito"},"content":"        while (itr.hasNext()) {","lastModifiedDate":"2021-09-22"},{"lineNumber":46,"author":{"gitId":"jr-mojito"},"content":"","lastModifiedDate":"2021-09-22"},{"lineNumber":47,"author":{"gitId":"jr-mojito"},"content":"            Task t \u003d (Task)itr.next();","lastModifiedDate":"2021-09-22"},{"lineNumber":48,"author":{"gitId":"jr-mojito"},"content":"            if(doneIndex \u003d\u003d index) {","lastModifiedDate":"2021-09-22"},{"lineNumber":49,"author":{"gitId":"jr-mojito"},"content":"                t.status \u003d true;","lastModifiedDate":"2021-09-22"},{"lineNumber":50,"author":{"gitId":"jr-mojito"},"content":"            }","lastModifiedDate":"2021-09-22"},{"lineNumber":51,"author":{"gitId":"jr-mojito"},"content":"            ++index;","lastModifiedDate":"2021-09-22"},{"lineNumber":52,"author":{"gitId":"jr-mojito"},"content":"        }","lastModifiedDate":"2021-09-22"},{"lineNumber":53,"author":{"gitId":"jr-mojito"},"content":"    }","lastModifiedDate":"2021-09-22"},{"lineNumber":54,"author":{"gitId":"jr-mojito"},"content":"","lastModifiedDate":"2021-09-22"},{"lineNumber":55,"author":{"gitId":"jr-mojito"},"content":"","lastModifiedDate":"2021-10-08"},{"lineNumber":56,"author":{"gitId":"jr-mojito"},"content":"    /**","lastModifiedDate":"2021-10-08"},{"lineNumber":57,"author":{"gitId":"jr-mojito"},"content":"     * Get all the task list from system, iterate the added list, print at the UI","lastModifiedDate":"2021-10-08"},{"lineNumber":58,"author":{"gitId":"jr-mojito"},"content":"     * @param addedList input the latest added list","lastModifiedDate":"2021-10-08"},{"lineNumber":59,"author":{"gitId":"jr-mojito"},"content":"     */","lastModifiedDate":"2021-10-08"},{"lineNumber":60,"author":{"gitId":"jr-mojito"},"content":"    public void getList(ArrayList\u003cTask\u003e addedList) {","lastModifiedDate":"2021-09-22"},{"lineNumber":61,"author":{"gitId":"jr-mojito"},"content":"        int index1 \u003d 0;","lastModifiedDate":"2021-09-22"},{"lineNumber":62,"author":{"gitId":"jr-mojito"},"content":"","lastModifiedDate":"2021-09-22"},{"lineNumber":63,"author":{"gitId":"jr-mojito"},"content":"        this.addedList \u003d addedList;","lastModifiedDate":"2021-09-22"},{"lineNumber":64,"author":{"gitId":"jr-mojito"},"content":"","lastModifiedDate":"2021-09-22"},{"lineNumber":65,"author":{"gitId":"jr-mojito"},"content":"        System.out.println(\"-------------------------------\");","lastModifiedDate":"2021-09-22"},{"lineNumber":66,"author":{"gitId":"jr-mojito"},"content":"        System.out.println(\"Here are the TaskPackage.Task in your list:\");","lastModifiedDate":"2021-09-22"},{"lineNumber":67,"author":{"gitId":"jr-mojito"},"content":"        Iterator itr \u003d addedList.iterator();","lastModifiedDate":"2021-09-22"},{"lineNumber":68,"author":{"gitId":"jr-mojito"},"content":"        while (itr.hasNext()){","lastModifiedDate":"2021-09-22"},{"lineNumber":69,"author":{"gitId":"jr-mojito"},"content":"            Task t \u003d (Task)itr.next();","lastModifiedDate":"2021-09-22"},{"lineNumber":70,"author":{"gitId":"jr-mojito"},"content":"            System.out.println(\"    \" + ++index1 + \". \" + \"[\" + (t.status ? \"\\u2713\" : \"\\u2718\") + \"]\" + t.desc);","lastModifiedDate":"2021-09-22"},{"lineNumber":71,"author":{"gitId":"jr-mojito"},"content":"        }","lastModifiedDate":"2021-09-22"},{"lineNumber":72,"author":{"gitId":"jr-mojito"},"content":"        System.out.println(\"-------------------------------\");","lastModifiedDate":"2021-09-22"},{"lineNumber":73,"author":{"gitId":"jr-mojito"},"content":"    }","lastModifiedDate":"2021-09-22"},{"lineNumber":74,"author":{"gitId":"jr-mojito"},"content":"","lastModifiedDate":"2021-09-22"},{"lineNumber":75,"author":{"gitId":"jr-mojito"},"content":"","lastModifiedDate":"2021-10-08"},{"lineNumber":76,"author":{"gitId":"jr-mojito"},"content":"    /**","lastModifiedDate":"2021-10-08"},{"lineNumber":77,"author":{"gitId":"jr-mojito"},"content":"     *","lastModifiedDate":"2021-10-08"},{"lineNumber":78,"author":{"gitId":"jr-mojito"},"content":"     * @return the number of the list","lastModifiedDate":"2021-10-08"},{"lineNumber":79,"author":{"gitId":"jr-mojito"},"content":"     */","lastModifiedDate":"2021-10-08"},{"lineNumber":80,"author":{"gitId":"jr-mojito"},"content":"    public int getNumOfList(){","lastModifiedDate":"2021-09-22"},{"lineNumber":81,"author":{"gitId":"jr-mojito"},"content":"        return this.addedList.toArray().length;","lastModifiedDate":"2021-09-22"},{"lineNumber":82,"author":{"gitId":"jr-mojito"},"content":"    }","lastModifiedDate":"2021-09-22"},{"lineNumber":83,"author":{"gitId":"jr-mojito"},"content":"","lastModifiedDate":"2021-09-22"},{"lineNumber":84,"author":{"gitId":"jr-mojito"},"content":"","lastModifiedDate":"2021-10-08"},{"lineNumber":85,"author":{"gitId":"jr-mojito"},"content":"    /**","lastModifiedDate":"2021-10-08"},{"lineNumber":86,"author":{"gitId":"jr-mojito"},"content":"     * Remove the certain task by removeTaskNumber","lastModifiedDate":"2021-10-08"},{"lineNumber":87,"author":{"gitId":"jr-mojito"},"content":"     * @param removeTaskNumber","lastModifiedDate":"2021-10-08"},{"lineNumber":88,"author":{"gitId":"jr-mojito"},"content":"     */","lastModifiedDate":"2021-10-08"},{"lineNumber":89,"author":{"gitId":"jr-mojito"},"content":"    public void removeTaskList(int removeTaskNumber) {","lastModifiedDate":"2021-10-08"},{"lineNumber":90,"author":{"gitId":"jr-mojito"},"content":"","lastModifiedDate":"2021-10-08"},{"lineNumber":91,"author":{"gitId":"jr-mojito"},"content":"        System.out.println(\"-------------------------------\");","lastModifiedDate":"2021-10-08"},{"lineNumber":92,"author":{"gitId":"jr-mojito"},"content":"        System.out.println(\"Noted. I\u0027ve removed this task: \");","lastModifiedDate":"2021-10-08"},{"lineNumber":93,"author":{"gitId":"jr-mojito"},"content":"        System.out.println(\"    \"+ \"[\" + (this.addedList.get(removeTaskNumber).status ? \"\\u2713\" : \"\\u2718\") + \"]\" + this.addedList.get(removeTaskNumber).desc);","lastModifiedDate":"2021-10-08"},{"lineNumber":94,"author":{"gitId":"jr-mojito"},"content":"        System.out.println(\"-------------------------------\");","lastModifiedDate":"2021-10-08"},{"lineNumber":95,"author":{"gitId":"jr-mojito"},"content":"        this.addedList.remove(removeTaskNumber);","lastModifiedDate":"2021-10-08"},{"lineNumber":96,"author":{"gitId":"jr-mojito"},"content":"        System.out.println(\"Now you have \"+this.addedList.toArray().length +\" tasks in the list.\");","lastModifiedDate":"2021-10-08"},{"lineNumber":97,"author":{"gitId":"jr-mojito"},"content":"    }","lastModifiedDate":"2021-10-08"},{"lineNumber":98,"author":{"gitId":"jr-mojito"},"content":"","lastModifiedDate":"2021-10-08"},{"lineNumber":99,"author":{"gitId":"jr-mojito"},"content":"}","lastModifiedDate":"2021-09-22"},{"lineNumber":100,"author":{"gitId":"jr-mojito"},"content":"","lastModifiedDate":"2021-09-22"},{"lineNumber":101,"author":{"gitId":"jr-mojito"},"content":"","lastModifiedDate":"2021-09-22"}],"authorContributionMap":{"jr-mojito":101}},{"path":"text-ui-test/input.txt","fileType":"txt","lines":[{"lineNumber":1,"author":{"gitId":"jr-mojito"},"content":"todo borrow book","lastModifiedDate":"2021-09-22"},{"lineNumber":2,"author":{"gitId":"jr-mojito"},"content":"deadline return book /by Sunday","lastModifiedDate":"2021-09-22"},{"lineNumber":3,"author":{"gitId":"jr-mojito"},"content":"event project meeting /at Mon 2-4pm","lastModifiedDate":"2021-09-22"},{"lineNumber":4,"author":{"gitId":"jr-mojito"},"content":"list","lastModifiedDate":"2021-09-22"},{"lineNumber":5,"author":{"gitId":"jr-mojito"},"content":"done 1","lastModifiedDate":"2021-09-22"},{"lineNumber":6,"author":{"gitId":"jr-mojito"},"content":"list","lastModifiedDate":"2021-09-22"},{"lineNumber":7,"author":{"gitId":"jr-mojito"},"content":"bye","lastModifiedDate":"2021-09-22"}],"authorContributionMap":{"jr-mojito":7}}]
