{"authorDailyContributionsMap":{"jr-mojito":[{"date":"2021-08-20","commitResults":[{"hash":"a1d1f648f822dfb57f7c1ff3f0ce66404e8735ba","messageTitle":"Initial Commit. Greet.","messageBody":"","tags":["Level-0"],"fileTypesAndContributionMap":{"java":{"insertions":8,"deletions":1}}},{"hash":"07ddb9594e7ba62ad5465b78d68e531970bec803","messageTitle":"Add Echo, Exit","messageBody":"","tags":["Level-1"],"fileTypesAndContributionMap":{"java":{"insertions":18,"deletions":0}}}]},{"date":"2021-08-26","commitResults":[{"hash":"1e637d2b93b36acc5af877f98fe46c486f502c49","messageTitle":"Added Add and List Command","messageBody":"","tags":["Level-2"],"fileTypesAndContributionMap":{"java":{"insertions":15,"deletions":4}}}]},{"date":"2021-09-05","commitResults":[{"hash":"cadbbe2a78d94e790a3060c880326c4443675f6c","messageTitle":"Added Mark As Done Command","messageBody":"","tags":["Level-3"],"fileTypesAndContributionMap":{"java":{"insertions":18,"deletions":9}}}]},{"date":"2021-09-22","commitResults":[{"hash":"aade30422db20485b7eb62eb3c507d242f5de5ff","messageTitle":"Added three type of task. Todos, Events, Deadlines.","messageBody":"","tags":["Level-4"],"fileTypesAndContributionMap":{"java":{"insertions":283,"deletions":10}}},{"hash":"ce564f2a01042dcb33948f9c309cb0490e9d1d26","messageTitle":"Add A-TextUiTesting","messageBody":"","tags":["A-TextUiTesting"],"fileTypesAndContributionMap":{"txt":{"insertions":7,"deletions":0},"java":{"insertions":7,"deletions":7}}}]},{"date":"2021-10-01","commitResults":[{"hash":"66c5577e8264a003c9a1b68aa01c662e25637394","messageTitle":"Refactoring code","messageBody":"","tags":["A-CodingStandard"],"fileTypesAndContributionMap":{"java":{"insertions":95,"deletions":111}}}]},{"date":"2021-10-04","commitResults":[{"hash":"b830d1562206c73997bc275a9fc71148d008f89d","messageTitle":"Refactor Duke Package name","messageBody":"","tags":["A-Packages"],"fileTypesAndContributionMap":{"java":{"insertions":34,"deletions":23}}},{"hash":"fd37a36a073b7f5a965d3640d68a23eec8d85957","messageTitle":"Add Exception Case to Handle Errors","messageBody":"","tags":["Level-5"],"fileTypesAndContributionMap":{"java":{"insertions":73,"deletions":55}}},{"hash":"d602fef32eb7cbda61ae56a485f049c78e47cc3a","messageTitle":"Add Exception Case to Handle Errors","messageBody":"","fileTypesAndContributionMap":{"java":{"insertions":30,"deletions":24}}},{"hash":"ad604df942d51eebe4547d8fe58522b96f6f3e41","messageTitle":"Add Exception Case to Handle Errors","messageBody":"","fileTypesAndContributionMap":{"java":{"insertions":24,"deletions":25}}}]},{"date":"2021-10-08","commitResults":[{"hash":"86202000a4c1d34f920543f1b2af0981b97884e4","messageTitle":"Modify Deadline","messageBody":"","fileTypesAndContributionMap":{"java":{"insertions":1,"deletions":6}}},{"hash":"3cdf8e98adc1045229def79ad2e20560865f425e","messageTitle":"Add Exception","messageBody":"","fileTypesAndContributionMap":{"java":{"insertions":6,"deletions":1}}},{"hash":"2e033120d5cd66977a45009d5d092c11423d6325","messageTitle":"Modify deadline","messageBody":"","fileTypesAndContributionMap":{"java":{"insertions":1,"deletions":1}}},{"hash":"6189ea193bcaaea7aadadaf426d845ad84eb9fee","messageTitle":"Modify deadline","messageBody":"","fileTypesAndContributionMap":{"java":{"insertions":2,"deletions":6}}},{"hash":"848718d8c9e66182f88b9cea060e67affb6a6075","messageTitle":"Solve conflict","messageBody":"","fileTypesAndContributionMap":{"java":{"insertions":2,"deletions":0}}},{"hash":"f8eae2ce75f1e01cc2ec0dbb9b84f320de8547b0","messageTitle":"Remove space","messageBody":"","fileTypesAndContributionMap":{"java":{"insertions":5,"deletions":1}}},{"hash":"054bae03ab1fcedf8d9440c41668273975563766","messageTitle":"Remove Exception package","messageBody":"","fileTypesAndContributionMap":{"java":{"insertions":0,"deletions":4}}},{"hash":"83820f3f71628acdaeee9ed38c263347fb35aacc","messageTitle":"Modify Command Variable Naming","messageBody":"","fileTypesAndContributionMap":{"java":{"insertions":9,"deletions":8}}},{"hash":"3d6dd6439bb41fb74c02d7de3838676a3e3acd6d","messageTitle":"Add Delete Function","messageBody":"","fileTypesAndContributionMap":{"java":{"insertions":17,"deletions":8}}},{"hash":"fbf70578817b6895f8d1a5b74b65cf1e0c4398de","messageTitle":"Modify number of task remaining","messageBody":"","fileTypesAndContributionMap":{"java":{"insertions":2,"deletions":0}}},{"hash":"20bfbedea9f21c9aa69843b5115cc35a336dabd3","messageTitle":"Add Save File Function","messageBody":"","fileTypesAndContributionMap":{"java":{"insertions":36,"deletions":2}}},{"hash":"fe746fb019bd796de1510cb6d978406af5ec4de7","messageTitle":"Remove Unused import library","messageBody":"","fileTypesAndContributionMap":{"java":{"insertions":0,"deletions":6}}},{"hash":"57a1574d590dc470c764a30f7ada258e7e72d99b","messageTitle":"Remove Java Doc","messageBody":"","fileTypesAndContributionMap":{"java":{"insertions":3,"deletions":13}}},{"hash":"000e47418477b4710c9d2071c38340fa370e0248","messageTitle":"Add Java Doc to Command package","messageBody":"","fileTypesAndContributionMap":{"java":{"insertions":21,"deletions":4}}},{"hash":"f69e2a39389c1c9e3c85ac557e134f65b6f4aaa0","messageTitle":"Add More Java Doc","messageBody":"","tags":["A-JavaDoc"],"fileTypesAndContributionMap":{"java":{"insertions":43,"deletions":1}}}]},{"date":"2021-10-09","commitResults":[{"hash":"632bc292e97f68e145b515f915244c78216b483e","messageTitle":"Modify Filewriter relative path","messageBody":"","fileTypesAndContributionMap":{"java":{"insertions":1,"deletions":1}}},{"hash":"b7f14788c9d8d69ae3e4b16f5884508eb493f082","messageTitle":"Add Ui \u0026 Parser Class","messageBody":"","tags":["A-MoreOOP"],"fileTypesAndContributionMap":{"java":{"insertions":19,"deletions":15}}}]},{"date":"2021-10-10","commitResults":[{"hash":"156b114fd5523b3e96ad3347133eeb1a03700634","messageTitle":"Update Readme.md","messageBody":"","fileTypesAndContributionMap":{"md":{"insertions":25,"deletions":3}}},{"hash":"2c58e9844a5d7b482c700bd7c30453652640c158","messageTitle":"Update Readme.md","messageBody":"","fileTypesAndContributionMap":{"md":{"insertions":45,"deletions":12}}},{"hash":"d1d4313c2d9529f89ba278c397a1c65788f4865c","messageTitle":"Update Readme.md","messageBody":"","fileTypesAndContributionMap":{"md":{"insertions":6,"deletions":6}}},{"hash":"41781b7c829099b2ae7ea214ea5b42d3c0a440b7","messageTitle":"Update Readme.md","messageBody":"","fileTypesAndContributionMap":{"md":{"insertions":5,"deletions":6}}},{"hash":"20532d7612cca833dffe2ca148e9482aaa4944ac","messageTitle":"Update Readme.md","messageBody":"","fileTypesAndContributionMap":{"md":{"insertions":11,"deletions":11}}},{"hash":"059196c90e3a82ef038136c2c6e7b41d47f946e6","messageTitle":"Modify User Guide","messageBody":"","fileTypesAndContributionMap":{"md":{"insertions":2,"deletions":3}}}]}]},"authorFileTypeContributionMap":{"jr-mojito":{"java":432,"md":59,"fxml":0,"sh":0,"bat":0,"gradle":0,"txt":7}},"authorContributionVariance":{"jr-mojito":4186.619},"authorDisplayNameMap":{"jr-mojito":"TIC4001-F18-2 LIM ..YONG"}}
