{"authorDailyContributionsMap":{"jr-mojito":[{"date":"2021-08-20","commitResults":[{"hash":"a1d1f648f822dfb57f7c1ff3f0ce66404e8735ba","messageTitle":"Initial Commit. Greet.","messageBody":"","tags":["Level-0"],"fileTypesAndContributionMap":{"java":{"insertions":8,"deletions":1}}},{"hash":"07ddb9594e7ba62ad5465b78d68e531970bec803","messageTitle":"Add Echo, Exit","messageBody":"","tags":["Level-1"],"fileTypesAndContributionMap":{"java":{"insertions":18,"deletions":0}}}]},{"date":"2021-08-26","commitResults":[{"hash":"1e637d2b93b36acc5af877f98fe46c486f502c49","messageTitle":"Added Add and List Command","messageBody":"","tags":["Level-2"],"fileTypesAndContributionMap":{"java":{"insertions":15,"deletions":4}}}]},{"date":"2021-09-05","commitResults":[{"hash":"cadbbe2a78d94e790a3060c880326c4443675f6c","messageTitle":"Added Mark As Done Command","messageBody":"","tags":["Level-3"],"fileTypesAndContributionMap":{"java":{"insertions":18,"deletions":9}}}]},{"date":"2021-09-22","commitResults":[{"hash":"aade30422db20485b7eb62eb3c507d242f5de5ff","messageTitle":"Added three type of task. Todos, Events, Deadlines.","messageBody":"","tags":["Level-4"],"fileTypesAndContributionMap":{"java":{"insertions":283,"deletions":10}}},{"hash":"ce564f2a01042dcb33948f9c309cb0490e9d1d26","messageTitle":"Add A-TextUiTesting","messageBody":"","tags":["A-TextUiTesting"],"fileTypesAndContributionMap":{"txt":{"insertions":7,"deletions":0},"java":{"insertions":7,"deletions":7}}}]}]},"authorFileTypeContributionMap":{"jr-mojito":{"java":318,"md":0,"fxml":0,"sh":0,"bat":0,"gradle":0,"txt":7}},"authorContributionVariance":{"jr-mojito":2157.4844},"authorDisplayNameMap":{"jr-mojito":"TIC4001-F18-2 LIM ..YONG"}}
