{"authorDailyContributionsMap":{"jr-mojito":[{"date":"2021-08-20","commitResults":[{"hash":"a1d1f648f822dfb57f7c1ff3f0ce66404e8735ba","messageTitle":"Initial Commit. Greet.","messageBody":"","tags":["Level-0"],"fileTypesAndContributionMap":{"java":{"insertions":8,"deletions":1}}},{"hash":"07ddb9594e7ba62ad5465b78d68e531970bec803","messageTitle":"Add Echo, Exit","messageBody":"","tags":["Level-1"],"fileTypesAndContributionMap":{"java":{"insertions":18,"deletions":0}}}]}]},"authorFileTypeContributionMap":{"jr-mojito":{"java":26,"md":0,"fxml":0,"sh":0,"bat":0,"gradle":0,"txt":0}},"authorContributionVariance":{"jr-mojito":55.6875},"authorDisplayNameMap":{"jr-mojito":"LIM ..YONG"}}
