[{"path":"README.md","fileType":"md","lines":[{"lineNumber":1,"author":{"gitId":"Ruiting1"},"content":"# main.java.duke.Duke project template","lastModifiedDate":"2021-08-19"},{"lineNumber":2,"author":{"gitId":"-"},"content":"","lastModifiedDate":"2020-05-25"},{"lineNumber":3,"author":{"gitId":"-"},"content":"This is a project template for a greenfield Java project. It\u0027s named after the Java mascot _Duke_. Given below are instructions on how to use it.","lastModifiedDate":"2020-05-25"},{"lineNumber":4,"author":{"gitId":"-"},"content":"","lastModifiedDate":"2020-05-25"},{"lineNumber":5,"author":{"gitId":"-"},"content":"## Setting up in Intellij","lastModifiedDate":"2020-05-25"},{"lineNumber":6,"author":{"gitId":"-"},"content":"","lastModifiedDate":"2020-05-25"},{"lineNumber":7,"author":{"gitId":"-"},"content":"Prerequisites: JDK 11, update Intellij to the most recent version.","lastModifiedDate":"2020-05-25"},{"lineNumber":8,"author":{"gitId":"-"},"content":"","lastModifiedDate":"2020-05-25"},{"lineNumber":9,"author":{"gitId":"-"},"content":"1. Open Intellij (if you are not in the welcome screen, click `File` \u003e `Close Project` to close the existing project first)","lastModifiedDate":"2021-01-17"},{"lineNumber":10,"author":{"gitId":"-"},"content":"1. Open the project into Intellij as follows:","lastModifiedDate":"2021-01-17"},{"lineNumber":11,"author":{"gitId":"-"},"content":"   1. Click `Open`.","lastModifiedDate":"2021-01-17"},{"lineNumber":12,"author":{"gitId":"-"},"content":"   1. Select the project directory, and click `OK`.","lastModifiedDate":"2021-01-17"},{"lineNumber":13,"author":{"gitId":"-"},"content":"   1. If there are any further prompts, accept the defaults.","lastModifiedDate":"2020-05-25"},{"lineNumber":14,"author":{"gitId":"-"},"content":"1. Configure the project to use **JDK 11** (not other versions) as explained in [here](https://www.jetbrains.com/help/idea/sdk.html#set-up-jdk).\u003cbr\u003e","lastModifiedDate":"2021-07-29"},{"lineNumber":15,"author":{"gitId":"-"},"content":"   In the same dialog, set the **Project language level** field to the `SDK default` option.","lastModifiedDate":"2021-07-29"},{"lineNumber":16,"author":{"gitId":"Ruiting1"},"content":"3. After that, locate the `src/main/java/main.java.duke.Duke.java` file, right-click it, and choose `Run main.java.duke.Duke.main()` (if the code editor is showing compile errors, try restarting the IDE). If the setup is correct, you should see something like the below as the output:","lastModifiedDate":"2021-08-19"},{"lineNumber":17,"author":{"gitId":"-"},"content":"   ```","lastModifiedDate":"2020-05-25"},{"lineNumber":18,"author":{"gitId":"-"},"content":"   Hello from","lastModifiedDate":"2020-05-25"},{"lineNumber":19,"author":{"gitId":"-"},"content":"    ____        _        ","lastModifiedDate":"2020-05-25"},{"lineNumber":20,"author":{"gitId":"-"},"content":"   |  _ \\ _   _| | _____ ","lastModifiedDate":"2020-05-25"},{"lineNumber":21,"author":{"gitId":"-"},"content":"   | | | | | | | |/ / _ \\","lastModifiedDate":"2020-05-25"},{"lineNumber":22,"author":{"gitId":"-"},"content":"   | |_| | |_| |   \u003c  __/","lastModifiedDate":"2020-05-25"},{"lineNumber":23,"author":{"gitId":"-"},"content":"   |____/ \\__,_|_|\\_\\___|","lastModifiedDate":"2020-05-25"},{"lineNumber":24,"author":{"gitId":"-"},"content":"   ```","lastModifiedDate":"2020-05-25"}],"authorContributionMap":{"Ruiting1":2,"-":22}},{"path":"src/main/java/duke/Duke.java","fileType":"java","lines":[{"lineNumber":1,"author":{"gitId":"Ruiting1"},"content":"package main.java.duke;","lastModifiedDate":"2021-08-19"},{"lineNumber":2,"author":{"gitId":"Ruiting1"},"content":"","lastModifiedDate":"2021-08-19"},{"lineNumber":3,"author":{"gitId":"Ruiting1"},"content":"import main.java.duke.exception.EmptyDescriptionException;","lastModifiedDate":"2021-09-12"},{"lineNumber":4,"author":{"gitId":"Ruiting1"},"content":"import main.java.duke.exception.UndefinedTaskException;","lastModifiedDate":"2021-09-12"},{"lineNumber":5,"author":{"gitId":"Ruiting1"},"content":"import main.java.duke.task.Deadline;","lastModifiedDate":"2021-09-08"},{"lineNumber":6,"author":{"gitId":"Ruiting1"},"content":"import main.java.duke.task.Event;","lastModifiedDate":"2021-09-08"},{"lineNumber":7,"author":{"gitId":"Ruiting1"},"content":"import main.java.duke.task.Task;","lastModifiedDate":"2021-09-08"},{"lineNumber":8,"author":{"gitId":"Ruiting1"},"content":"import main.java.duke.task.Todo;","lastModifiedDate":"2021-09-08"},{"lineNumber":9,"author":{"gitId":"Ruiting1"},"content":"","lastModifiedDate":"2021-08-29"},{"lineNumber":10,"author":{"gitId":"Ruiting1"},"content":"import java.util.ArrayList;","lastModifiedDate":"2021-08-20"},{"lineNumber":11,"author":{"gitId":"Ruiting1"},"content":"import java.util.List;","lastModifiedDate":"2021-08-20"},{"lineNumber":12,"author":{"gitId":"Ruiting1"},"content":"import java.util.Scanner;","lastModifiedDate":"2021-08-19"},{"lineNumber":13,"author":{"gitId":"Ruiting1"},"content":"","lastModifiedDate":"2021-08-19"},{"lineNumber":14,"author":{"gitId":"-"},"content":"public class Duke {","lastModifiedDate":"2019-07-29"},{"lineNumber":15,"author":{"gitId":"Ruiting1"},"content":"","lastModifiedDate":"2021-09-08"},{"lineNumber":16,"author":{"gitId":"Ruiting1"},"content":"    static String separateLine\u003d\"_____________________________________________\";","lastModifiedDate":"2021-09-08"},{"lineNumber":17,"author":{"gitId":"Ruiting1"},"content":"    private static List\u003cTask\u003e list \u003d new ArrayList\u003cTask\u003e();","lastModifiedDate":"2021-09-08"},{"lineNumber":18,"author":{"gitId":"Ruiting1"},"content":"","lastModifiedDate":"2021-09-08"},{"lineNumber":19,"author":{"gitId":"-"},"content":"    public static void main(String[] args) {","lastModifiedDate":"2019-07-29"},{"lineNumber":20,"author":{"gitId":"-"},"content":"        String logo \u003d \" ____        _        \\n\"","lastModifiedDate":"2019-07-29"},{"lineNumber":21,"author":{"gitId":"-"},"content":"                + \"|  _ \\\\ _   _| | _____ \\n\"","lastModifiedDate":"2019-07-29"},{"lineNumber":22,"author":{"gitId":"-"},"content":"                + \"| | | | | | | |/ / _ \\\\\\n\"","lastModifiedDate":"2019-07-29"},{"lineNumber":23,"author":{"gitId":"-"},"content":"                + \"| |_| | |_| |   \u003c  __/\\n\"","lastModifiedDate":"2019-07-29"},{"lineNumber":24,"author":{"gitId":"-"},"content":"                + \"|____/ \\\\__,_|_|\\\\_\\\\___|\\n\";","lastModifiedDate":"2019-07-29"},{"lineNumber":25,"author":{"gitId":"-"},"content":"        System.out.println(\"Hello from\\n\" + logo);","lastModifiedDate":"2019-07-29"},{"lineNumber":26,"author":{"gitId":"Ruiting1"},"content":"        System.out.println(separateLine);","lastModifiedDate":"2021-08-19"},{"lineNumber":27,"author":{"gitId":"Ruiting1"},"content":"        System.out.println(\"Hello! I am Duke\\nWhat can I do for you?\");","lastModifiedDate":"2021-08-19"},{"lineNumber":28,"author":{"gitId":"Ruiting1"},"content":"        System.out.println(separateLine);","lastModifiedDate":"2021-08-19"},{"lineNumber":29,"author":{"gitId":"Ruiting1"},"content":"","lastModifiedDate":"2021-08-19"},{"lineNumber":30,"author":{"gitId":"Ruiting1"},"content":"        String line \u003d \"\";","lastModifiedDate":"2021-08-19"},{"lineNumber":31,"author":{"gitId":"Ruiting1"},"content":"        Scanner in \u003d new Scanner(System.in);","lastModifiedDate":"2021-08-19"},{"lineNumber":32,"author":{"gitId":"Ruiting1"},"content":"        while (!(line \u003d in.nextLine()).equals(\"bye\")) {","lastModifiedDate":"2021-08-19"},{"lineNumber":33,"author":{"gitId":"Ruiting1"},"content":"            if (line.equals(\"list\")) {","lastModifiedDate":"2021-08-20"},{"lineNumber":34,"author":{"gitId":"Ruiting1"},"content":"                System.out.println(separateLine + \"\\n\" + \"Here are the tasks in your list:\");","lastModifiedDate":"2021-08-20"},{"lineNumber":35,"author":{"gitId":"Ruiting1"},"content":"                for (int i \u003d 1; i \u003c\u003d list.size(); i++) {","lastModifiedDate":"2021-09-08"},{"lineNumber":36,"author":{"gitId":"Ruiting1"},"content":"                    System.out.println(i + \". \" + list.get(i - 1).toString());","lastModifiedDate":"2021-08-29"},{"lineNumber":37,"author":{"gitId":"Ruiting1"},"content":"                }","lastModifiedDate":"2021-08-20"},{"lineNumber":38,"author":{"gitId":"Ruiting1"},"content":"                System.out.println(separateLine);","lastModifiedDate":"2021-08-20"},{"lineNumber":39,"author":{"gitId":"Ruiting1"},"content":"            } else if (line.contains(\"done\")) {","lastModifiedDate":"2021-09-08"},{"lineNumber":40,"author":{"gitId":"Ruiting1"},"content":"                int idx \u003d Integer.parseInt(line.substring(5));","lastModifiedDate":"2021-08-20"},{"lineNumber":41,"author":{"gitId":"Ruiting1"},"content":"                list.get(idx - 1).markAsDone();","lastModifiedDate":"2021-08-20"},{"lineNumber":42,"author":{"gitId":"Ruiting1"},"content":"                System.out.println(separateLine + \"\\n\" + \"Nice! I\u0027ve marked this task as done\");","lastModifiedDate":"2021-08-20"},{"lineNumber":43,"author":{"gitId":"Ruiting1"},"content":"                System.out.println(\"[\" + list.get(idx - 1).getStatusIcon() + \"] \" + list.get(idx - 1).getDescription());","lastModifiedDate":"2021-08-20"},{"lineNumber":44,"author":{"gitId":"Ruiting1"},"content":"            } else {","lastModifiedDate":"2021-09-08"},{"lineNumber":45,"author":{"gitId":"Ruiting1"},"content":"                try { addTask(line);}","lastModifiedDate":"2021-09-08"},{"lineNumber":46,"author":{"gitId":"Ruiting1"},"content":"                catch (EmptyDescriptionException e) {","lastModifiedDate":"2021-09-08"},{"lineNumber":47,"author":{"gitId":"Ruiting1"},"content":"                    System.out.println(e.getMessage());","lastModifiedDate":"2021-09-08"},{"lineNumber":48,"author":{"gitId":"Ruiting1"},"content":"                } catch (UndefinedTaskException e) {","lastModifiedDate":"2021-09-08"},{"lineNumber":49,"author":{"gitId":"Ruiting1"},"content":"                    System.out.println(\"OOPS!!! I\u0027m sorry, but I don\u0027t know what that means :-(\");","lastModifiedDate":"2021-09-08"},{"lineNumber":50,"author":{"gitId":"Ruiting1"},"content":"                }","lastModifiedDate":"2021-09-08"},{"lineNumber":51,"author":{"gitId":"Ruiting1"},"content":"            }","lastModifiedDate":"2021-08-20"},{"lineNumber":52,"author":{"gitId":"Ruiting1"},"content":"        }","lastModifiedDate":"2021-08-29"},{"lineNumber":53,"author":{"gitId":"Ruiting1"},"content":"        System.out.println(separateLine + \"\\nBye. Hope to see you again soon!\");","lastModifiedDate":"2021-09-08"},{"lineNumber":54,"author":{"gitId":"Ruiting1"},"content":"        System.exit(0);","lastModifiedDate":"2021-09-08"},{"lineNumber":55,"author":{"gitId":"Ruiting1"},"content":"    }","lastModifiedDate":"2021-09-08"},{"lineNumber":56,"author":{"gitId":"Ruiting1"},"content":"    private static void addTask(String inputString) throws EmptyDescriptionException, UndefinedTaskException {","lastModifiedDate":"2021-09-08"},{"lineNumber":57,"author":{"gitId":"Ruiting1"},"content":"","lastModifiedDate":"2021-09-08"},{"lineNumber":58,"author":{"gitId":"Ruiting1"},"content":"        try {","lastModifiedDate":"2021-09-08"},{"lineNumber":59,"author":{"gitId":"Ruiting1"},"content":"            if(inputString.startsWith(\"todo\") || inputString.startsWith(\"deadline\") || inputString.startsWith(\"event\"))","lastModifiedDate":"2021-09-08"},{"lineNumber":60,"author":{"gitId":"Ruiting1"},"content":"            {","lastModifiedDate":"2021-08-29"},{"lineNumber":61,"author":{"gitId":"Ruiting1"},"content":"                System.out.println(separateLine + \"\\n\" + \"Got it. I\u0027ve added this task: \");","lastModifiedDate":"2021-08-29"},{"lineNumber":62,"author":{"gitId":"Ruiting1"},"content":"                String[] a \u003d inputString.split(\" \", 2);","lastModifiedDate":"2021-09-08"},{"lineNumber":63,"author":{"gitId":"Ruiting1"},"content":"                if (a[1].equals(\"\")) {","lastModifiedDate":"2021-09-08"},{"lineNumber":64,"author":{"gitId":"Ruiting1"},"content":"                    throw new EmptyDescriptionException(\"You did\u0027t enter any description in the task\");","lastModifiedDate":"2021-09-08"},{"lineNumber":65,"author":{"gitId":"Ruiting1"},"content":"                }","lastModifiedDate":"2021-09-08"},{"lineNumber":66,"author":{"gitId":"Ruiting1"},"content":"                String taskType \u003d a[0];","lastModifiedDate":"2021-09-08"},{"lineNumber":67,"author":{"gitId":"Ruiting1"},"content":"                if (taskType.equals(\"todo\")) {","lastModifiedDate":"2021-09-08"},{"lineNumber":68,"author":{"gitId":"Ruiting1"},"content":"                    list.add(new Todo(a[1]));","lastModifiedDate":"2021-09-08"},{"lineNumber":69,"author":{"gitId":"Ruiting1"},"content":"                } else if (taskType.equals(\"deadline\")) {","lastModifiedDate":"2021-09-08"},{"lineNumber":70,"author":{"gitId":"Ruiting1"},"content":"                    if (!a[1].contains(\"/by\") || a[1].startsWith(\"/by\")) {","lastModifiedDate":"2021-09-08"},{"lineNumber":71,"author":{"gitId":"Ruiting1"},"content":"                        throw new EmptyDescriptionException(\"You didn\u0027t enter any description or the deadline time.\\n\" +","lastModifiedDate":"2021-09-08"},{"lineNumber":72,"author":{"gitId":"Ruiting1"},"content":"                                \" And please enter task followed by time.\");","lastModifiedDate":"2021-09-08"},{"lineNumber":73,"author":{"gitId":"Ruiting1"},"content":"                    }","lastModifiedDate":"2021-09-08"},{"lineNumber":74,"author":{"gitId":"Ruiting1"},"content":"                    String[] task \u003d a[1].split(\" /by \");","lastModifiedDate":"2021-09-08"},{"lineNumber":75,"author":{"gitId":"Ruiting1"},"content":"                    list.add(new Deadline(task[0], task[1]));","lastModifiedDate":"2021-08-29"},{"lineNumber":76,"author":{"gitId":"Ruiting1"},"content":"                } else if (taskType.equals(\"event\")) {","lastModifiedDate":"2021-09-08"},{"lineNumber":77,"author":{"gitId":"Ruiting1"},"content":"                    if (!a[1].contains(\"/at\") || a[1].startsWith(\"/at\")) {","lastModifiedDate":"2021-09-08"},{"lineNumber":78,"author":{"gitId":"Ruiting1"},"content":"                        throw new EmptyDescriptionException(\"You didn\u0027t enter any description or the event time.\\n\" +","lastModifiedDate":"2021-09-08"},{"lineNumber":79,"author":{"gitId":"Ruiting1"},"content":"                                \" And please enter task followed by time.\");","lastModifiedDate":"2021-09-08"},{"lineNumber":80,"author":{"gitId":"Ruiting1"},"content":"                    }","lastModifiedDate":"2021-09-08"},{"lineNumber":81,"author":{"gitId":"Ruiting1"},"content":"                    String[] task \u003d a[1].split(\" /at \");","lastModifiedDate":"2021-09-08"},{"lineNumber":82,"author":{"gitId":"Ruiting1"},"content":"                    list.add(new Event(task[0], task[1]));","lastModifiedDate":"2021-09-08"},{"lineNumber":83,"author":{"gitId":"Ruiting1"},"content":"                }","lastModifiedDate":"2021-08-29"},{"lineNumber":84,"author":{"gitId":"Ruiting1"},"content":"                System.out.println(list.get(list.size() - 1).toString());","lastModifiedDate":"2021-08-29"},{"lineNumber":85,"author":{"gitId":"Ruiting1"},"content":"                System.out.println(\"Now you have \" + list.size() + \" tasks in the list.\");","lastModifiedDate":"2021-08-29"},{"lineNumber":86,"author":{"gitId":"Ruiting1"},"content":"            }","lastModifiedDate":"2021-08-29"},{"lineNumber":87,"author":{"gitId":"Ruiting1"},"content":"","lastModifiedDate":"2021-09-08"},{"lineNumber":88,"author":{"gitId":"Ruiting1"},"content":"            else {","lastModifiedDate":"2021-08-20"},{"lineNumber":89,"author":{"gitId":"Ruiting1"},"content":"                    throw new UndefinedTaskException();","lastModifiedDate":"2021-09-08"},{"lineNumber":90,"author":{"gitId":"Ruiting1"},"content":"                }","lastModifiedDate":"2021-08-20"},{"lineNumber":91,"author":{"gitId":"Ruiting1"},"content":"            }catch (ArrayIndexOutOfBoundsException e)","lastModifiedDate":"2021-09-08"},{"lineNumber":92,"author":{"gitId":"Ruiting1"},"content":"            {","lastModifiedDate":"2021-09-08"},{"lineNumber":93,"author":{"gitId":"Ruiting1"},"content":"                System.out.println(e.getMessage()+\": You entered the task with no description or time\");","lastModifiedDate":"2021-09-08"},{"lineNumber":94,"author":{"gitId":"Ruiting1"},"content":"            }","lastModifiedDate":"2021-08-19"},{"lineNumber":95,"author":{"gitId":"Ruiting1"},"content":"","lastModifiedDate":"2021-08-19"},{"lineNumber":96,"author":{"gitId":"-"},"content":"    }","lastModifiedDate":"2019-07-29"},{"lineNumber":97,"author":{"gitId":"Ruiting1"},"content":"","lastModifiedDate":"2021-09-08"},{"lineNumber":98,"author":{"gitId":"-"},"content":"}","lastModifiedDate":"2019-07-29"}],"authorContributionMap":{"Ruiting1":88,"-":10}},{"path":"src/main/java/duke/exception/EmptyDescriptionException.java","fileType":"java","lines":[{"lineNumber":1,"author":{"gitId":"Ruiting1"},"content":"package main.java.duke.exception;","lastModifiedDate":"2021-09-12"},{"lineNumber":2,"author":{"gitId":"Ruiting1"},"content":"","lastModifiedDate":"2021-09-08"},{"lineNumber":3,"author":{"gitId":"Ruiting1"},"content":"public class EmptyDescriptionException extends Exception{","lastModifiedDate":"2021-09-08"},{"lineNumber":4,"author":{"gitId":"Ruiting1"},"content":"    private String message;","lastModifiedDate":"2021-09-08"},{"lineNumber":5,"author":{"gitId":"Ruiting1"},"content":"","lastModifiedDate":"2021-09-08"},{"lineNumber":6,"author":{"gitId":"Ruiting1"},"content":"    public EmptyDescriptionException(String message)","lastModifiedDate":"2021-09-08"},{"lineNumber":7,"author":{"gitId":"Ruiting1"},"content":"    {","lastModifiedDate":"2021-09-08"},{"lineNumber":8,"author":{"gitId":"Ruiting1"},"content":"        this.message\u003dmessage;","lastModifiedDate":"2021-09-08"},{"lineNumber":9,"author":{"gitId":"Ruiting1"},"content":"    }","lastModifiedDate":"2021-09-08"},{"lineNumber":10,"author":{"gitId":"Ruiting1"},"content":"","lastModifiedDate":"2021-09-08"},{"lineNumber":11,"author":{"gitId":"Ruiting1"},"content":"    @Override","lastModifiedDate":"2021-09-08"},{"lineNumber":12,"author":{"gitId":"Ruiting1"},"content":"    public String getMessage(){","lastModifiedDate":"2021-09-08"},{"lineNumber":13,"author":{"gitId":"Ruiting1"},"content":"        return message;","lastModifiedDate":"2021-09-08"},{"lineNumber":14,"author":{"gitId":"Ruiting1"},"content":"    }","lastModifiedDate":"2021-09-08"},{"lineNumber":15,"author":{"gitId":"Ruiting1"},"content":"}","lastModifiedDate":"2021-09-08"}],"authorContributionMap":{"Ruiting1":15}},{"path":"src/main/java/duke/exception/UndefinedTaskException.java","fileType":"java","lines":[{"lineNumber":1,"author":{"gitId":"Ruiting1"},"content":"package main.java.duke.exception;","lastModifiedDate":"2021-09-12"},{"lineNumber":2,"author":{"gitId":"Ruiting1"},"content":"","lastModifiedDate":"2021-09-08"},{"lineNumber":3,"author":{"gitId":"Ruiting1"},"content":"public class UndefinedTaskException extends Exception{","lastModifiedDate":"2021-09-08"},{"lineNumber":4,"author":{"gitId":"Ruiting1"},"content":"}","lastModifiedDate":"2021-09-08"}],"authorContributionMap":{"Ruiting1":4}},{"path":"src/main/java/duke/task/Deadline.java","fileType":"java","lines":[{"lineNumber":1,"author":{"gitId":"Ruiting1"},"content":"package main.java.duke.task;","lastModifiedDate":"2021-08-29"},{"lineNumber":2,"author":{"gitId":"Ruiting1"},"content":"","lastModifiedDate":"2021-08-29"},{"lineNumber":3,"author":{"gitId":"Ruiting1"},"content":"public class Deadline extends Task{","lastModifiedDate":"2021-08-29"},{"lineNumber":4,"author":{"gitId":"Ruiting1"},"content":"","lastModifiedDate":"2021-08-29"},{"lineNumber":5,"author":{"gitId":"Ruiting1"},"content":"    protected String by;","lastModifiedDate":"2021-08-29"},{"lineNumber":6,"author":{"gitId":"Ruiting1"},"content":"","lastModifiedDate":"2021-08-29"},{"lineNumber":7,"author":{"gitId":"Ruiting1"},"content":"    public Deadline(String description,String by) {","lastModifiedDate":"2021-08-29"},{"lineNumber":8,"author":{"gitId":"Ruiting1"},"content":"        super(description);","lastModifiedDate":"2021-08-29"},{"lineNumber":9,"author":{"gitId":"Ruiting1"},"content":"        this.by\u003dby;","lastModifiedDate":"2021-08-29"},{"lineNumber":10,"author":{"gitId":"Ruiting1"},"content":"    }","lastModifiedDate":"2021-08-29"},{"lineNumber":11,"author":{"gitId":"Ruiting1"},"content":"","lastModifiedDate":"2021-08-29"},{"lineNumber":12,"author":{"gitId":"Ruiting1"},"content":"    @Override","lastModifiedDate":"2021-08-29"},{"lineNumber":13,"author":{"gitId":"Ruiting1"},"content":"    public String toString() {","lastModifiedDate":"2021-08-29"},{"lineNumber":14,"author":{"gitId":"Ruiting1"},"content":"        return \"[D]\" + super.toString() + \" (by: \" + by + \")\";","lastModifiedDate":"2021-08-29"},{"lineNumber":15,"author":{"gitId":"Ruiting1"},"content":"    }","lastModifiedDate":"2021-08-29"},{"lineNumber":16,"author":{"gitId":"Ruiting1"},"content":"}","lastModifiedDate":"2021-08-29"}],"authorContributionMap":{"Ruiting1":16}},{"path":"src/main/java/duke/task/Event.java","fileType":"java","lines":[{"lineNumber":1,"author":{"gitId":"Ruiting1"},"content":"package main.java.duke.task;","lastModifiedDate":"2021-08-29"},{"lineNumber":2,"author":{"gitId":"Ruiting1"},"content":"","lastModifiedDate":"2021-08-29"},{"lineNumber":3,"author":{"gitId":"Ruiting1"},"content":"public class Event extends Task {","lastModifiedDate":"2021-09-08"},{"lineNumber":4,"author":{"gitId":"Ruiting1"},"content":"    protected String at;","lastModifiedDate":"2021-08-29"},{"lineNumber":5,"author":{"gitId":"Ruiting1"},"content":"","lastModifiedDate":"2021-08-29"},{"lineNumber":6,"author":{"gitId":"Ruiting1"},"content":"    public Event(String description, String at) {","lastModifiedDate":"2021-09-08"},{"lineNumber":7,"author":{"gitId":"Ruiting1"},"content":"        super(description);","lastModifiedDate":"2021-08-29"},{"lineNumber":8,"author":{"gitId":"Ruiting1"},"content":"        this.at\u003dat;","lastModifiedDate":"2021-08-29"},{"lineNumber":9,"author":{"gitId":"Ruiting1"},"content":"    }","lastModifiedDate":"2021-08-29"},{"lineNumber":10,"author":{"gitId":"Ruiting1"},"content":"","lastModifiedDate":"2021-08-29"},{"lineNumber":11,"author":{"gitId":"Ruiting1"},"content":"    @Override","lastModifiedDate":"2021-08-29"},{"lineNumber":12,"author":{"gitId":"Ruiting1"},"content":"    public String toString() {","lastModifiedDate":"2021-08-29"},{"lineNumber":13,"author":{"gitId":"Ruiting1"},"content":"        return \"[E]\" + super.toString() + \" (at: \" + at + \")\";","lastModifiedDate":"2021-08-29"},{"lineNumber":14,"author":{"gitId":"Ruiting1"},"content":"    }","lastModifiedDate":"2021-08-29"},{"lineNumber":15,"author":{"gitId":"Ruiting1"},"content":"}","lastModifiedDate":"2021-08-29"}],"authorContributionMap":{"Ruiting1":15}},{"path":"src/main/java/duke/task/Task.java","fileType":"java","lines":[{"lineNumber":1,"author":{"gitId":"Ruiting1"},"content":"package main.java.duke.task;","lastModifiedDate":"2021-08-29"},{"lineNumber":2,"author":{"gitId":"Ruiting1"},"content":"","lastModifiedDate":"2021-08-20"},{"lineNumber":3,"author":{"gitId":"Ruiting1"},"content":"public abstract class Task {","lastModifiedDate":"2021-09-12"},{"lineNumber":4,"author":{"gitId":"Ruiting1"},"content":"    private String description;","lastModifiedDate":"2021-08-20"},{"lineNumber":5,"author":{"gitId":"Ruiting1"},"content":"    private boolean isDone;","lastModifiedDate":"2021-08-20"},{"lineNumber":6,"author":{"gitId":"Ruiting1"},"content":"","lastModifiedDate":"2021-08-20"},{"lineNumber":7,"author":{"gitId":"Ruiting1"},"content":"    public Task(String description) {","lastModifiedDate":"2021-08-20"},{"lineNumber":8,"author":{"gitId":"Ruiting1"},"content":"        this.description \u003d description;","lastModifiedDate":"2021-08-20"},{"lineNumber":9,"author":{"gitId":"Ruiting1"},"content":"        this.isDone \u003d false;","lastModifiedDate":"2021-08-20"},{"lineNumber":10,"author":{"gitId":"Ruiting1"},"content":"    }","lastModifiedDate":"2021-08-20"},{"lineNumber":11,"author":{"gitId":"Ruiting1"},"content":"","lastModifiedDate":"2021-08-20"},{"lineNumber":12,"author":{"gitId":"Ruiting1"},"content":"    public String getStatusIcon() {","lastModifiedDate":"2021-08-20"},{"lineNumber":13,"author":{"gitId":"Ruiting1"},"content":"        return (isDone ? \"\\u2714\" : \"\\u2718\"); //return tick or X symbols","lastModifiedDate":"2021-08-20"},{"lineNumber":14,"author":{"gitId":"Ruiting1"},"content":"    }","lastModifiedDate":"2021-08-20"},{"lineNumber":15,"author":{"gitId":"Ruiting1"},"content":"","lastModifiedDate":"2021-08-20"},{"lineNumber":16,"author":{"gitId":"Ruiting1"},"content":"    public void markAsDone(){","lastModifiedDate":"2021-08-20"},{"lineNumber":17,"author":{"gitId":"Ruiting1"},"content":"        isDone \u003d true;","lastModifiedDate":"2021-08-20"},{"lineNumber":18,"author":{"gitId":"Ruiting1"},"content":"    }","lastModifiedDate":"2021-08-20"},{"lineNumber":19,"author":{"gitId":"Ruiting1"},"content":"","lastModifiedDate":"2021-08-20"},{"lineNumber":20,"author":{"gitId":"Ruiting1"},"content":"    public String getDescription() {","lastModifiedDate":"2021-08-20"},{"lineNumber":21,"author":{"gitId":"Ruiting1"},"content":"        return description;","lastModifiedDate":"2021-08-20"},{"lineNumber":22,"author":{"gitId":"Ruiting1"},"content":"    }","lastModifiedDate":"2021-08-20"},{"lineNumber":23,"author":{"gitId":"Ruiting1"},"content":"","lastModifiedDate":"2021-08-29"},{"lineNumber":24,"author":{"gitId":"Ruiting1"},"content":"    @Override","lastModifiedDate":"2021-08-29"},{"lineNumber":25,"author":{"gitId":"Ruiting1"},"content":"    public String toString(){","lastModifiedDate":"2021-08-29"},{"lineNumber":26,"author":{"gitId":"Ruiting1"},"content":"        return \"[\"+getStatusIcon()+\"] \"+getDescription();","lastModifiedDate":"2021-08-29"},{"lineNumber":27,"author":{"gitId":"Ruiting1"},"content":"    }","lastModifiedDate":"2021-08-29"},{"lineNumber":28,"author":{"gitId":"Ruiting1"},"content":"}","lastModifiedDate":"2021-08-20"}],"authorContributionMap":{"Ruiting1":28}},{"path":"src/main/java/duke/task/Todo.java","fileType":"java","lines":[{"lineNumber":1,"author":{"gitId":"Ruiting1"},"content":"package main.java.duke.task;","lastModifiedDate":"2021-08-29"},{"lineNumber":2,"author":{"gitId":"Ruiting1"},"content":"","lastModifiedDate":"2021-08-29"},{"lineNumber":3,"author":{"gitId":"Ruiting1"},"content":"public class Todo extends Task{","lastModifiedDate":"2021-08-29"},{"lineNumber":4,"author":{"gitId":"Ruiting1"},"content":"","lastModifiedDate":"2021-08-29"},{"lineNumber":5,"author":{"gitId":"Ruiting1"},"content":"    public Todo(String description) {","lastModifiedDate":"2021-08-29"},{"lineNumber":6,"author":{"gitId":"Ruiting1"},"content":"        super(description);","lastModifiedDate":"2021-08-29"},{"lineNumber":7,"author":{"gitId":"Ruiting1"},"content":"    }","lastModifiedDate":"2021-08-29"},{"lineNumber":8,"author":{"gitId":"Ruiting1"},"content":"","lastModifiedDate":"2021-08-29"},{"lineNumber":9,"author":{"gitId":"Ruiting1"},"content":"    @Override","lastModifiedDate":"2021-08-29"},{"lineNumber":10,"author":{"gitId":"Ruiting1"},"content":"    public String toString() {","lastModifiedDate":"2021-08-29"},{"lineNumber":11,"author":{"gitId":"Ruiting1"},"content":"        return \"[T]\" + super.toString();","lastModifiedDate":"2021-08-29"},{"lineNumber":12,"author":{"gitId":"Ruiting1"},"content":"    }","lastModifiedDate":"2021-08-29"},{"lineNumber":13,"author":{"gitId":"Ruiting1"},"content":"}","lastModifiedDate":"2021-08-29"}],"authorContributionMap":{"Ruiting1":13}},{"path":"text-ui-test/input.txt","fileType":"txt","lines":[{"lineNumber":1,"author":{"gitId":"Ruiting1"},"content":"todo borrow book","lastModifiedDate":"2021-09-08"}],"authorContributionMap":{"Ruiting1":1}},{"path":"text-ui-test/runtest.bat","fileType":"bat","lines":[{"lineNumber":1,"author":{"gitId":"-"},"content":"@ECHO OFF","lastModifiedDate":"2020-05-25"},{"lineNumber":2,"author":{"gitId":"-"},"content":"","lastModifiedDate":"2020-05-25"},{"lineNumber":3,"author":{"gitId":"-"},"content":"REM create bin directory if it doesn\u0027t exist","lastModifiedDate":"2020-05-25"},{"lineNumber":4,"author":{"gitId":"-"},"content":"if not exist ..\\bin mkdir ..\\bin","lastModifiedDate":"2020-05-25"},{"lineNumber":5,"author":{"gitId":"-"},"content":"","lastModifiedDate":"2020-05-25"},{"lineNumber":6,"author":{"gitId":"-"},"content":"REM delete output from previous run","lastModifiedDate":"2020-05-25"},{"lineNumber":7,"author":{"gitId":"-"},"content":"if exist ACTUAL.TXT del ACTUAL.TXT","lastModifiedDate":"2020-08-25"},{"lineNumber":8,"author":{"gitId":"-"},"content":"","lastModifiedDate":"2020-05-25"},{"lineNumber":9,"author":{"gitId":"-"},"content":"REM compile the code into the bin folder","lastModifiedDate":"2020-05-25"},{"lineNumber":10,"author":{"gitId":"Ruiting1"},"content":"javac  -cp ..\\src -Xlint:none -d ..\\bin ..\\src\\main\\java\\duke\\Duke.java","lastModifiedDate":"2021-09-08"},{"lineNumber":11,"author":{"gitId":"-"},"content":"IF ERRORLEVEL 1 (","lastModifiedDate":"2020-05-25"},{"lineNumber":12,"author":{"gitId":"-"},"content":"    echo ********** BUILD FAILURE **********","lastModifiedDate":"2020-05-25"},{"lineNumber":13,"author":{"gitId":"-"},"content":"    exit /b 1","lastModifiedDate":"2020-05-25"},{"lineNumber":14,"author":{"gitId":"-"},"content":")","lastModifiedDate":"2020-05-25"},{"lineNumber":15,"author":{"gitId":"-"},"content":"REM no error here, errorlevel \u003d\u003d 0","lastModifiedDate":"2020-05-25"},{"lineNumber":16,"author":{"gitId":"-"},"content":"","lastModifiedDate":"2020-05-25"},{"lineNumber":17,"author":{"gitId":"-"},"content":"REM run the program, feed commands from input.txt file and redirect the output to the ACTUAL.TXT","lastModifiedDate":"2020-05-25"},{"lineNumber":18,"author":{"gitId":"Ruiting1"},"content":"java -classpath ..\\bin main.java.duke.Duke \u003c input.txt \u003e ACTUAL.TXT","lastModifiedDate":"2021-08-19"},{"lineNumber":19,"author":{"gitId":"-"},"content":"","lastModifiedDate":"2020-05-25"},{"lineNumber":20,"author":{"gitId":"-"},"content":"REM compare the output to the expected output","lastModifiedDate":"2020-05-25"},{"lineNumber":21,"author":{"gitId":"-"},"content":"FC ACTUAL.TXT EXPECTED.TXT","lastModifiedDate":"2020-05-25"}],"authorContributionMap":{"Ruiting1":2,"-":19}}]
