{"authorDailyContributionsMap":{"Ruiting1":[{"date":"2021-08-19","commitResults":[{"hash":"72d22873ddc3fa879f2179725cafd7b82ca81441","messageTitle":"level0","messageBody":"","tags":["Level-0"],"fileTypesAndContributionMap":{"java":{"insertions":12,"deletions":0},"bat":{"insertions":1,"deletions":1},"md":{"insertions":2,"deletions":2}}},{"hash":"2242fd53e954c4da687530579b1b560ceab78544","messageTitle":"level1","messageBody":"","tags":["Level-1"],"fileTypesAndContributionMap":{"java":{"insertions":9,"deletions":1}}}]},{"date":"2021-08-20","commitResults":[{"hash":"36fbbd4f6d047cde2fe8f4b818da0ad518e13042","messageTitle":"level2 Add, List","messageBody":"","tags":["Level-2"],"fileTypesAndContributionMap":{"java":{"insertions":16,"deletions":5}}},{"hash":"e7a248aea01cd1ce5793e7079e8c291edec497f8","messageTitle":"level 3 mark as done","messageBody":"","tags":["Level-3"],"fileTypesAndContributionMap":{"java":{"insertions":44,"deletions":11}}}]},{"date":"2021-08-29","commitResults":[{"hash":"a154124382e247a97c8ef3f50fa6049e322255fb","messageTitle":"level 4, Todos, Events, Deadlines","messageBody":"","tags":["Level-4","A-Inheritance","A-CodingStandard"],"fileTypesAndContributionMap":{"java":{"insertions":81,"deletions":4}}}]},{"date":"2021-09-08","commitResults":[{"hash":"d683193fb1db569ab0f7a330c41c855409ba58f7","messageTitle":"add extension level 5","messageBody":"","fileTypesAndContributionMap":{"java":{"insertions":4,"deletions":0}}},{"hash":"494186fefc55fd255b46d83f46ca2697a5116dfe","messageTitle":"add exception level 5","messageBody":"","fileTypesAndContributionMap":{"txt":{"insertions":1,"deletions":0},"java":{"insertions":87,"deletions":52},"bat":{"insertions":1,"deletions":1}}}]},{"date":"2021-09-12","commitResults":[{"hash":"2428ecf7f027e29abfb478f0b6d223f0dbf9c218","messageTitle":"A code quality","messageBody":"","fileTypesAndContributionMap":{"java":{"insertions":0,"deletions":3}}},{"hash":"b6e1b3b3685ef09d21e55f27c32ee89a6b89a55a","messageTitle":"make Task class abstract","messageBody":"","fileTypesAndContributionMap":{"java":{"insertions":1,"deletions":1}}},{"hash":"1b936249da0f4227cdd8014709b47335aea93eb9","messageTitle":"branch package","messageBody":"","fileTypesAndContributionMap":{"java":{"insertions":4,"deletions":2}}}]},{"date":"2021-09-15","commitResults":[{"hash":"db8a25ffcff45ad9fe8bdac97fb716440d6d1874","messageTitle":"Branch level 6","messageBody":"","fileTypesAndContributionMap":{"java":{"insertions":16,"deletions":8}}}]},{"date":"2021-09-17","commitResults":[{"hash":"0f06eac304dc1606b2581d72d9a9359e4f01d510","messageTitle":"rt0917","messageBody":"","fileTypesAndContributionMap":{"txt":{"insertions":5,"deletions":0},"java":{"insertions":1363,"deletions":100}}},{"hash":"2b9029f971674c4e0ff5fbd7acddffddf2c3809d","messageTitle":"OOP, basically from TIC2002","messageBody":"","tags":["A-MoreOOP"],"fileTypesAndContributionMap":{"txt":{"insertions":5,"deletions":5},"java":{"insertions":14,"deletions":0}}},{"hash":"d51f2e4252fec406760eddcb0faac8bff7578d41","messageTitle":"update help command, improve done and delete command able to pass multiple index","messageBody":"","fileTypesAndContributionMap":{"txt":{"insertions":5,"deletions":5},"java":{"insertions":65,"deletions":33}}}]},{"date":"2021-09-24","commitResults":[{"hash":"1642019592332ddf78dfcc06cbffeb1282070827","messageTitle":"txt file will auto create if not exist","messageBody":"","fileTypesAndContributionMap":{"txt":{"insertions":1,"deletions":0}}},{"hash":"975536e881e0edf2b3b637994733c1683b2757cf","messageTitle":"JavaDoc and remove some comment codes","messageBody":"","fileTypesAndContributionMap":{"java":{"insertions":3,"deletions":22}}}]},{"date":"2021-09-25","commitResults":[{"hash":"9a6f56b70d611af0f00d9a136a3378811d1d9ab9","messageTitle":"Add a new command sort to sort the tasks by finished date","messageBody":"","fileTypesAndContributionMap":{"txt":{"insertions":6,"deletions":4},"java":{"insertions":142,"deletions":85}}}]},{"date":"2021-09-26","commitResults":[{"hash":"08feea9a1e662a40d6e57f221bcb8ff61d5fb7db","messageTitle":"improve find command with finding way(keywords combined or separate)","messageBody":"","fileTypesAndContributionMap":{"java":{"insertions":30,"deletions":11}}},{"hash":"7f800c360f51faffc6139e8a3ae61c22e53f524a","messageTitle":"JUnit tests","messageBody":"","fileTypesAndContributionMap":{"txt":{"insertions":12,"deletions":0},"java":{"insertions":104,"deletions":0}}},{"hash":"7d7c2482e5d7ae9bae5b6d052bf50d7c7e5f6d2d","messageTitle":"Update README.md","messageBody":"","fileTypesAndContributionMap":{"md":{"insertions":281,"deletions":12}}},{"hash":"1c3cfccc5d640049a448bb03bce2065e61a8556c","messageTitle":"A-UserGuide","messageBody":"","tags":["A-UserGuide","A-Release"],"fileTypesAndContributionMap":{"txt":{"insertions":1,"deletions":1}}}]}]},"authorFileTypeContributionMap":{"Ruiting1":{"java":1665,"md":277,"fxml":0,"sh":0,"bat":2,"gradle":0,"txt":21}},"authorContributionVariance":{"Ruiting1":55302.434},"authorDisplayNameMap":{"Ruiting1":"TIC4001-F18-3 NIE ..TING"}}
