{"authorDailyContributionsMap":{"Ruiting1":[{"date":"2021-08-19","commitResults":[{"hash":"72d22873ddc3fa879f2179725cafd7b82ca81441","messageTitle":"level0","messageBody":"","tags":["Level-0"],"fileTypesAndContributionMap":{"java":{"insertions":12,"deletions":0},"bat":{"insertions":1,"deletions":1},"md":{"insertions":2,"deletions":2}}},{"hash":"2242fd53e954c4da687530579b1b560ceab78544","messageTitle":"level1","messageBody":"","tags":["Level-1"],"fileTypesAndContributionMap":{"java":{"insertions":9,"deletions":1}}}]},{"date":"2021-08-20","commitResults":[{"hash":"36fbbd4f6d047cde2fe8f4b818da0ad518e13042","messageTitle":"level2 Add, List","messageBody":"","tags":["Level-2"],"fileTypesAndContributionMap":{"java":{"insertions":16,"deletions":5}}},{"hash":"e7a248aea01cd1ce5793e7079e8c291edec497f8","messageTitle":"level 3 mark as done","messageBody":"","tags":["Level-3"],"fileTypesAndContributionMap":{"java":{"insertions":44,"deletions":11}}}]}]},"authorFileTypeContributionMap":{"Ruiting1":{"java":64,"md":2,"fxml":0,"sh":0,"bat":1,"gradle":0,"txt":0}},"authorContributionVariance":{"Ruiting1":471.55557},"authorDisplayNameMap":{"Ruiting1":"NIE ..TING"}}
