{"authorDailyContributionsMap":{"Ruiting1":[{"date":"2021-08-19","commitResults":[{"hash":"72d22873ddc3fa879f2179725cafd7b82ca81441","messageTitle":"level0","messageBody":"","tags":["Level-0"],"fileTypesAndContributionMap":{"java":{"insertions":12,"deletions":0},"bat":{"insertions":1,"deletions":1},"md":{"insertions":2,"deletions":2}}},{"hash":"2242fd53e954c4da687530579b1b560ceab78544","messageTitle":"level1","messageBody":"","tags":["Level-1"],"fileTypesAndContributionMap":{"java":{"insertions":9,"deletions":1}}}]},{"date":"2021-08-20","commitResults":[{"hash":"36fbbd4f6d047cde2fe8f4b818da0ad518e13042","messageTitle":"level2 Add, List","messageBody":"","tags":["Level-2"],"fileTypesAndContributionMap":{"java":{"insertions":16,"deletions":5}}},{"hash":"e7a248aea01cd1ce5793e7079e8c291edec497f8","messageTitle":"level 3 mark as done","messageBody":"","tags":["Level-3"],"fileTypesAndContributionMap":{"java":{"insertions":44,"deletions":11}}}]},{"date":"2021-08-29","commitResults":[{"hash":"a154124382e247a97c8ef3f50fa6049e322255fb","messageTitle":"level 4, Todos, Events, Deadlines","messageBody":"","tags":["Level-4","A-Inheritance","A-CodingStandard"],"fileTypesAndContributionMap":{"java":{"insertions":81,"deletions":4}}}]},{"date":"2021-09-08","commitResults":[{"hash":"d683193fb1db569ab0f7a330c41c855409ba58f7","messageTitle":"add extension level 5","messageBody":"","fileTypesAndContributionMap":{"java":{"insertions":4,"deletions":0}}},{"hash":"494186fefc55fd255b46d83f46ca2697a5116dfe","messageTitle":"add exception level 5","messageBody":"","fileTypesAndContributionMap":{"txt":{"insertions":1,"deletions":0},"java":{"insertions":87,"deletions":52},"bat":{"insertions":1,"deletions":1}}}]},{"date":"2021-09-12","commitResults":[{"hash":"2428ecf7f027e29abfb478f0b6d223f0dbf9c218","messageTitle":"A code quality","messageBody":"","fileTypesAndContributionMap":{"java":{"insertions":0,"deletions":3}}},{"hash":"b6e1b3b3685ef09d21e55f27c32ee89a6b89a55a","messageTitle":"make Task class abstract","messageBody":"","fileTypesAndContributionMap":{"java":{"insertions":1,"deletions":1}}},{"hash":"1b936249da0f4227cdd8014709b47335aea93eb9","messageTitle":"branch package","messageBody":"","fileTypesAndContributionMap":{"java":{"insertions":4,"deletions":2}}}]},{"date":"2021-09-15","commitResults":[{"hash":"db8a25ffcff45ad9fe8bdac97fb716440d6d1874","messageTitle":"Branch level 6","messageBody":"","fileTypesAndContributionMap":{"java":{"insertions":16,"deletions":8}}}]}]},"authorFileTypeContributionMap":{"Ruiting1":{"java":187,"md":2,"fxml":0,"sh":0,"bat":2,"gradle":0,"txt":1}},"authorContributionVariance":{"Ruiting1":847.2465},"authorDisplayNameMap":{"Ruiting1":"TIC4001-F18-3 NIE ..TING"}}
