[{"path":"src/main/java/Deadline.java","fileType":"java","lines":[{"lineNumber":1,"author":{"gitId":"e0373972"},"content":"public class Deadline extends Task{","lastModifiedDate":"2021-08-21"},{"lineNumber":2,"author":{"gitId":"e0373972"},"content":"","lastModifiedDate":"2021-08-21"},{"lineNumber":3,"author":{"gitId":"e0373972"},"content":"    protected String by;","lastModifiedDate":"2021-08-21"},{"lineNumber":4,"author":{"gitId":"e0373972"},"content":"","lastModifiedDate":"2021-08-21"},{"lineNumber":5,"author":{"gitId":"e0373972"},"content":"    public Deadline(String description, String by){","lastModifiedDate":"2021-08-21"},{"lineNumber":6,"author":{"gitId":"e0373972"},"content":"        super(description);","lastModifiedDate":"2021-08-21"},{"lineNumber":7,"author":{"gitId":"e0373972"},"content":"        this.by \u003d by;","lastModifiedDate":"2021-08-21"},{"lineNumber":8,"author":{"gitId":"e0373972"},"content":"    }","lastModifiedDate":"2021-08-21"},{"lineNumber":9,"author":{"gitId":"e0373972"},"content":"","lastModifiedDate":"2021-08-21"},{"lineNumber":10,"author":{"gitId":"e0373972"},"content":"    @Override","lastModifiedDate":"2021-08-21"},{"lineNumber":11,"author":{"gitId":"e0373972"},"content":"    public String toString(){","lastModifiedDate":"2021-08-21"},{"lineNumber":12,"author":{"gitId":"e0373972"},"content":"        return \"[D]\" + super.toString() + \" (by: \" + by + \")\";","lastModifiedDate":"2021-08-21"},{"lineNumber":13,"author":{"gitId":"e0373972"},"content":"    }","lastModifiedDate":"2021-08-21"},{"lineNumber":14,"author":{"gitId":"e0373972"},"content":"}","lastModifiedDate":"2021-08-21"}],"authorContributionMap":{"e0373972":14}},{"path":"src/main/java/Duke.java","fileType":"java","lines":[{"lineNumber":1,"author":{"gitId":"e0373972"},"content":"import java.util.List;","lastModifiedDate":"2021-08-17"},{"lineNumber":2,"author":{"gitId":"e0373972"},"content":"import java.util.Scanner;","lastModifiedDate":"2021-08-17"},{"lineNumber":3,"author":{"gitId":"e0373972"},"content":"import java.util.ArrayList;","lastModifiedDate":"2021-08-17"},{"lineNumber":4,"author":{"gitId":"e0373972"},"content":"","lastModifiedDate":"2021-08-17"},{"lineNumber":5,"author":{"gitId":"-"},"content":"public class Duke {","lastModifiedDate":"2019-07-29"},{"lineNumber":6,"author":{"gitId":"e0373972"},"content":"\t","lastModifiedDate":"2021-08-22"},{"lineNumber":7,"author":{"gitId":"-"},"content":"    public static void main(String[] args) {","lastModifiedDate":"2019-07-29"},{"lineNumber":8,"author":{"gitId":"-"},"content":"        String logo \u003d \" ____        _        \\n\"","lastModifiedDate":"2019-07-29"},{"lineNumber":9,"author":{"gitId":"-"},"content":"                + \"|  _ \\\\ _   _| | _____ \\n\"","lastModifiedDate":"2019-07-29"},{"lineNumber":10,"author":{"gitId":"-"},"content":"                + \"| | | | | | | |/ / _ \\\\\\n\"","lastModifiedDate":"2019-07-29"},{"lineNumber":11,"author":{"gitId":"-"},"content":"                + \"| |_| | |_| |   \u003c  __/\\n\"","lastModifiedDate":"2019-07-29"},{"lineNumber":12,"author":{"gitId":"-"},"content":"                + \"|____/ \\\\__,_|_|\\\\_\\\\___|\\n\";","lastModifiedDate":"2019-07-29"},{"lineNumber":13,"author":{"gitId":"e0373972"},"content":"","lastModifiedDate":"2021-08-17"},{"lineNumber":14,"author":{"gitId":"e0373972"},"content":"        printWithLine(List.of(\"Hello from\\n\" + logo));","lastModifiedDate":"2021-08-17"},{"lineNumber":15,"author":{"gitId":"e0373972"},"content":"        printWithLine(List.of(\"Hello! I\u0027m Duke\", \"What can I do for you?\"));","lastModifiedDate":"2021-08-17"},{"lineNumber":16,"author":{"gitId":"e0373972"},"content":"","lastModifiedDate":"2021-08-17"},{"lineNumber":17,"author":{"gitId":"e0373972"},"content":"        String line;","lastModifiedDate":"2021-08-17"},{"lineNumber":18,"author":{"gitId":"e0373972"},"content":"        Scanner in \u003d new Scanner(System.in);","lastModifiedDate":"2021-08-17"},{"lineNumber":19,"author":{"gitId":"e0373972"},"content":"        List\u003cTask\u003e item \u003d new ArrayList\u003c\u003e();","lastModifiedDate":"2021-08-17"},{"lineNumber":20,"author":{"gitId":"e0373972"},"content":"","lastModifiedDate":"2021-08-17"},{"lineNumber":21,"author":{"gitId":"e0373972"},"content":"        do{","lastModifiedDate":"2021-08-17"},{"lineNumber":22,"author":{"gitId":"e0373972"},"content":"            line \u003d in.nextLine();","lastModifiedDate":"2021-08-17"},{"lineNumber":23,"author":{"gitId":"e0373972"},"content":"            if(line.toLowerCase().equals(\"list\")){","lastModifiedDate":"2021-08-21"},{"lineNumber":24,"author":{"gitId":"e0373972"},"content":"                printWithLine(List.of());","lastModifiedDate":"2021-08-17"},{"lineNumber":25,"author":{"gitId":"e0373972"},"content":"                List\u003cString\u003emessages \u003d new ArrayList\u003c\u003e();","lastModifiedDate":"2021-08-17"},{"lineNumber":26,"author":{"gitId":"e0373972"},"content":"                System.out.println(\"   Here are the tasks in your list: \");","lastModifiedDate":"2021-08-17"},{"lineNumber":27,"author":{"gitId":"e0373972"},"content":"                for (int i \u003d 0; i \u003c item.size(); i++){","lastModifiedDate":"2021-08-17"},{"lineNumber":28,"author":{"gitId":"e0373972"},"content":"                    messages.add(i + 1 + \".\" + item.get(i));","lastModifiedDate":"2021-08-17"},{"lineNumber":29,"author":{"gitId":"e0373972"},"content":"                }","lastModifiedDate":"2021-08-17"},{"lineNumber":30,"author":{"gitId":"e0373972"},"content":"                printWithLine(messages);","lastModifiedDate":"2021-08-17"},{"lineNumber":31,"author":{"gitId":"e0373972"},"content":"","lastModifiedDate":"2021-08-17"},{"lineNumber":32,"author":{"gitId":"e0373972"},"content":"            } else if(line.split(\" \")[0].toLowerCase().equals(\"done\")){","lastModifiedDate":"2021-08-21"},{"lineNumber":33,"author":{"gitId":"e0373972"},"content":"                printWithLine(List.of());","lastModifiedDate":"2021-08-17"},{"lineNumber":34,"author":{"gitId":"e0373972"},"content":"                Task markItem \u003d item.get(Integer.parseInt(line.substring(5)) - 1);","lastModifiedDate":"2021-08-17"},{"lineNumber":35,"author":{"gitId":"e0373972"},"content":"                markItem.markAsDone();","lastModifiedDate":"2021-08-17"},{"lineNumber":36,"author":{"gitId":"e0373972"},"content":"                printWithLine(List.of(\"Nice! I\u0027ve marked this task as done: \", \" \" + markItem));","lastModifiedDate":"2021-08-17"},{"lineNumber":37,"author":{"gitId":"e0373972"},"content":"","lastModifiedDate":"2021-08-17"},{"lineNumber":38,"author":{"gitId":"e0373972"},"content":"            } else if(line.split(\" \")[0].toLowerCase().equals(\"todo\")){","lastModifiedDate":"2021-08-21"},{"lineNumber":39,"author":{"gitId":"e0373972"},"content":"                printWithLine(List.of());","lastModifiedDate":"2021-08-21"},{"lineNumber":40,"author":{"gitId":"e0373972"},"content":"                Task todoTask \u003d new Todo(line.replace(line.split(\" \")[0] + \" \", \"\"));","lastModifiedDate":"2021-08-21"},{"lineNumber":41,"author":{"gitId":"e0373972"},"content":"                item.add(todoTask);","lastModifiedDate":"2021-08-21"},{"lineNumber":42,"author":{"gitId":"e0373972"},"content":"                printWithLine((List.of(\"Got it. I\u0027ve added this task: \", todoTask.toString(), \"Now you have \" + item.size() + \" task in the list. \")));","lastModifiedDate":"2021-08-21"},{"lineNumber":43,"author":{"gitId":"e0373972"},"content":"","lastModifiedDate":"2021-08-21"},{"lineNumber":44,"author":{"gitId":"e0373972"},"content":"            } else if(line.split(\" \")[0].toLowerCase().equals(\"deadline\")){","lastModifiedDate":"2021-08-21"},{"lineNumber":45,"author":{"gitId":"e0373972"},"content":"                printWithLine(List.of());","lastModifiedDate":"2021-08-21"},{"lineNumber":46,"author":{"gitId":"e0373972"},"content":"                int position \u003d line.indexOf(\"/\");","lastModifiedDate":"2021-08-21"},{"lineNumber":47,"author":{"gitId":"e0373972"},"content":"                String time \u003d line.split(\"/\")[1].replace(\"by \", \"\");","lastModifiedDate":"2021-08-21"},{"lineNumber":48,"author":{"gitId":"e0373972"},"content":"                Task deadlineTask \u003d new Deadline(line.substring(9, position - 1), time);","lastModifiedDate":"2021-08-21"},{"lineNumber":49,"author":{"gitId":"e0373972"},"content":"                item.add(deadlineTask);","lastModifiedDate":"2021-08-21"},{"lineNumber":50,"author":{"gitId":"e0373972"},"content":"                printWithLine((List.of(\"Got it. I\u0027ve added this task: \", deadlineTask.toString(), \"Now you have \" + item.size() + \" task in the list. \")));","lastModifiedDate":"2021-08-21"},{"lineNumber":51,"author":{"gitId":"e0373972"},"content":"","lastModifiedDate":"2021-08-21"},{"lineNumber":52,"author":{"gitId":"e0373972"},"content":"            } else if(line.split(\" \")[0].toLowerCase().equals(\"event\")){","lastModifiedDate":"2021-08-21"},{"lineNumber":53,"author":{"gitId":"e0373972"},"content":"                printWithLine(List.of());","lastModifiedDate":"2021-08-21"},{"lineNumber":54,"author":{"gitId":"e0373972"},"content":"                int position \u003d line.indexOf(\"/\");","lastModifiedDate":"2021-08-21"},{"lineNumber":55,"author":{"gitId":"e0373972"},"content":"                String time \u003d line.split(\"/\")[1].replace(\"at \", \"\");","lastModifiedDate":"2021-08-21"},{"lineNumber":56,"author":{"gitId":"e0373972"},"content":"                Task eventTask \u003d new Event(line.substring(6, position - 1), time);","lastModifiedDate":"2021-08-21"},{"lineNumber":57,"author":{"gitId":"e0373972"},"content":"                item.add(eventTask);","lastModifiedDate":"2021-08-21"},{"lineNumber":58,"author":{"gitId":"e0373972"},"content":"                printWithLine((List.of(\"Got it. I\u0027ve added this task: \", eventTask.toString(), \"Now you have \" + item.size() + \" task in the list. \")));","lastModifiedDate":"2021-08-21"},{"lineNumber":59,"author":{"gitId":"e0373972"},"content":"","lastModifiedDate":"2021-08-21"},{"lineNumber":60,"author":{"gitId":"e0373972"},"content":"            } else if(line.toLowerCase().equals(\"bye\")){","lastModifiedDate":"2021-08-21"},{"lineNumber":61,"author":{"gitId":"e0373972"},"content":"                printWithLine(List.of());","lastModifiedDate":"2021-08-21"},{"lineNumber":62,"author":{"gitId":"e0373972"},"content":"                printWithLine(List.of(\"Bye. Hope to see you again soon!\"));","lastModifiedDate":"2021-08-21"},{"lineNumber":63,"author":{"gitId":"e0373972"},"content":"","lastModifiedDate":"2021-08-21"},{"lineNumber":64,"author":{"gitId":"e0373972"},"content":"            } else{","lastModifiedDate":"2021-08-21"},{"lineNumber":65,"author":{"gitId":"e0373972"},"content":"                Task task \u003d new Task(line);","lastModifiedDate":"2021-08-17"},{"lineNumber":66,"author":{"gitId":"e0373972"},"content":"                item.add(task);","lastModifiedDate":"2021-08-17"},{"lineNumber":67,"author":{"gitId":"e0373972"},"content":"                printWithLine(List.of());","lastModifiedDate":"2021-08-17"},{"lineNumber":68,"author":{"gitId":"e0373972"},"content":"                printWithLine(List.of(\"added: \" + task));","lastModifiedDate":"2021-08-17"},{"lineNumber":69,"author":{"gitId":"e0373972"},"content":"","lastModifiedDate":"2021-08-21"},{"lineNumber":70,"author":{"gitId":"e0373972"},"content":"            }","lastModifiedDate":"2021-08-17"},{"lineNumber":71,"author":{"gitId":"e0373972"},"content":"        }while(!line.equals(\"bye\"));","lastModifiedDate":"2021-08-17"},{"lineNumber":72,"author":{"gitId":"e0373972"},"content":"    }","lastModifiedDate":"2021-08-17"},{"lineNumber":73,"author":{"gitId":"e0373972"},"content":"","lastModifiedDate":"2021-08-17"},{"lineNumber":74,"author":{"gitId":"e0373972"},"content":"    private static void printWithLine(List\u003cString\u003e messages){","lastModifiedDate":"2021-08-17"},{"lineNumber":75,"author":{"gitId":"e0373972"},"content":"\t\t","lastModifiedDate":"2021-08-22"},{"lineNumber":76,"author":{"gitId":"e0373972"},"content":"        for (String message : messages){","lastModifiedDate":"2021-08-17"},{"lineNumber":77,"author":{"gitId":"e0373972"},"content":"            System.out.println(\"   \" + message);","lastModifiedDate":"2021-08-17"},{"lineNumber":78,"author":{"gitId":"e0373972"},"content":"        }","lastModifiedDate":"2021-08-17"},{"lineNumber":79,"author":{"gitId":"e0373972"},"content":"        System.out.println(\"   _____________________________________\");","lastModifiedDate":"2021-08-17"},{"lineNumber":80,"author":{"gitId":"-"},"content":"    }","lastModifiedDate":"2019-07-29"},{"lineNumber":81,"author":{"gitId":"-"},"content":"}","lastModifiedDate":"2019-07-29"}],"authorContributionMap":{"e0373972":72,"-":9}},{"path":"src/main/java/Event.java","fileType":"java","lines":[{"lineNumber":1,"author":{"gitId":"e0373972"},"content":"public class Event extends Task{","lastModifiedDate":"2021-08-21"},{"lineNumber":2,"author":{"gitId":"e0373972"},"content":"","lastModifiedDate":"2021-08-21"},{"lineNumber":3,"author":{"gitId":"e0373972"},"content":"    private String time;","lastModifiedDate":"2021-08-21"},{"lineNumber":4,"author":{"gitId":"e0373972"},"content":"","lastModifiedDate":"2021-08-21"},{"lineNumber":5,"author":{"gitId":"e0373972"},"content":"    public Event(String description, String time){","lastModifiedDate":"2021-08-21"},{"lineNumber":6,"author":{"gitId":"e0373972"},"content":"        super(description);","lastModifiedDate":"2021-08-21"},{"lineNumber":7,"author":{"gitId":"e0373972"},"content":"        this.time \u003d time;","lastModifiedDate":"2021-08-21"},{"lineNumber":8,"author":{"gitId":"e0373972"},"content":"    }","lastModifiedDate":"2021-08-21"},{"lineNumber":9,"author":{"gitId":"e0373972"},"content":"","lastModifiedDate":"2021-08-21"},{"lineNumber":10,"author":{"gitId":"e0373972"},"content":"    @Override","lastModifiedDate":"2021-08-21"},{"lineNumber":11,"author":{"gitId":"e0373972"},"content":"    public String toString(){","lastModifiedDate":"2021-08-21"},{"lineNumber":12,"author":{"gitId":"e0373972"},"content":"        return \"[E]\" + super.toString() + \" (at: \" + time + \")\";","lastModifiedDate":"2021-08-21"},{"lineNumber":13,"author":{"gitId":"e0373972"},"content":"    }","lastModifiedDate":"2021-08-21"},{"lineNumber":14,"author":{"gitId":"e0373972"},"content":"}","lastModifiedDate":"2021-08-21"}],"authorContributionMap":{"e0373972":14}},{"path":"src/main/java/Task.java","fileType":"java","lines":[{"lineNumber":1,"author":{"gitId":"e0373972"},"content":"public class Task {","lastModifiedDate":"2021-08-17"},{"lineNumber":2,"author":{"gitId":"e0373972"},"content":"","lastModifiedDate":"2021-08-17"},{"lineNumber":3,"author":{"gitId":"e0373972"},"content":"    protected String description;","lastModifiedDate":"2021-08-17"},{"lineNumber":4,"author":{"gitId":"e0373972"},"content":"    protected boolean isDone;","lastModifiedDate":"2021-08-17"},{"lineNumber":5,"author":{"gitId":"e0373972"},"content":"","lastModifiedDate":"2021-08-17"},{"lineNumber":6,"author":{"gitId":"e0373972"},"content":"    public Task(String description){","lastModifiedDate":"2021-08-17"},{"lineNumber":7,"author":{"gitId":"e0373972"},"content":"        this.description \u003d description;","lastModifiedDate":"2021-08-17"},{"lineNumber":8,"author":{"gitId":"e0373972"},"content":"        this.isDone \u003d false;","lastModifiedDate":"2021-08-17"},{"lineNumber":9,"author":{"gitId":"e0373972"},"content":"    }","lastModifiedDate":"2021-08-17"},{"lineNumber":10,"author":{"gitId":"e0373972"},"content":"","lastModifiedDate":"2021-08-17"},{"lineNumber":11,"author":{"gitId":"e0373972"},"content":"    public void markAsDone(){","lastModifiedDate":"2021-08-17"},{"lineNumber":12,"author":{"gitId":"e0373972"},"content":"        isDone \u003d true;","lastModifiedDate":"2021-08-17"},{"lineNumber":13,"author":{"gitId":"e0373972"},"content":"    }","lastModifiedDate":"2021-08-17"},{"lineNumber":14,"author":{"gitId":"e0373972"},"content":"","lastModifiedDate":"2021-08-17"},{"lineNumber":15,"author":{"gitId":"e0373972"},"content":"    public String getStatusIcon(){","lastModifiedDate":"2021-08-17"},{"lineNumber":16,"author":{"gitId":"e0373972"},"content":"        return (isDone ? \"x\" : \" \");","lastModifiedDate":"2021-08-17"},{"lineNumber":17,"author":{"gitId":"e0373972"},"content":"    }","lastModifiedDate":"2021-08-17"},{"lineNumber":18,"author":{"gitId":"e0373972"},"content":"","lastModifiedDate":"2021-08-17"},{"lineNumber":19,"author":{"gitId":"e0373972"},"content":"    public String toString(){","lastModifiedDate":"2021-08-17"},{"lineNumber":20,"author":{"gitId":"e0373972"},"content":"        return \"[\" + getStatusIcon() + \"]\" + description;","lastModifiedDate":"2021-08-17"},{"lineNumber":21,"author":{"gitId":"e0373972"},"content":"    }","lastModifiedDate":"2021-08-17"},{"lineNumber":22,"author":{"gitId":"e0373972"},"content":"}","lastModifiedDate":"2021-08-17"}],"authorContributionMap":{"e0373972":22}},{"path":"src/main/java/Todo.java","fileType":"java","lines":[{"lineNumber":1,"author":{"gitId":"e0373972"},"content":"public class Todo extends Task{","lastModifiedDate":"2021-08-21"},{"lineNumber":2,"author":{"gitId":"e0373972"},"content":"","lastModifiedDate":"2021-08-22"},{"lineNumber":3,"author":{"gitId":"e0373972"},"content":"    public Todo (String description){","lastModifiedDate":"2021-08-21"},{"lineNumber":4,"author":{"gitId":"e0373972"},"content":"        super(description);","lastModifiedDate":"2021-08-21"},{"lineNumber":5,"author":{"gitId":"e0373972"},"content":"    }","lastModifiedDate":"2021-08-21"},{"lineNumber":6,"author":{"gitId":"e0373972"},"content":"","lastModifiedDate":"2021-08-21"},{"lineNumber":7,"author":{"gitId":"e0373972"},"content":"    @Override","lastModifiedDate":"2021-08-21"},{"lineNumber":8,"author":{"gitId":"e0373972"},"content":"    public String toString(){","lastModifiedDate":"2021-08-21"},{"lineNumber":9,"author":{"gitId":"e0373972"},"content":"        return \"[T]\" + super.toString();","lastModifiedDate":"2021-08-21"},{"lineNumber":10,"author":{"gitId":"e0373972"},"content":"    }","lastModifiedDate":"2021-08-21"},{"lineNumber":11,"author":{"gitId":"e0373972"},"content":"}","lastModifiedDate":"2021-08-21"}],"authorContributionMap":{"e0373972":11}},{"path":"text-ui-test/input.txt","fileType":"txt","lines":[{"lineNumber":1,"author":{"gitId":"e0373972"},"content":"add somethings","lastModifiedDate":"2021-08-22"}],"authorContributionMap":{"e0373972":1}},{"path":"text-ui-test/input1.txt","fileType":"txt","lines":[{"lineNumber":1,"author":{"gitId":"e0373972"},"content":"add somethings","lastModifiedDate":"2021-08-22"}],"authorContributionMap":{"e0373972":1}},{"path":"text-ui-test/input2.txt","fileType":"txt","lines":[{"lineNumber":1,"author":{"gitId":"e0373972"},"content":"add somethings","lastModifiedDate":"2021-08-22"},{"lineNumber":2,"author":{"gitId":"e0373972"},"content":"todo borrow book","lastModifiedDate":"2021-08-22"}],"authorContributionMap":{"e0373972":2}},{"path":"text-ui-test/runtest.bat","fileType":"bat","lines":[{"lineNumber":1,"author":{"gitId":"-"},"content":"@ECHO OFF","lastModifiedDate":"2020-05-25"},{"lineNumber":2,"author":{"gitId":"-"},"content":"","lastModifiedDate":"2020-05-25"},{"lineNumber":3,"author":{"gitId":"-"},"content":"REM create bin directory if it doesn\u0027t exist","lastModifiedDate":"2020-05-25"},{"lineNumber":4,"author":{"gitId":"-"},"content":"if not exist ..\\bin mkdir ..\\bin","lastModifiedDate":"2020-05-25"},{"lineNumber":5,"author":{"gitId":"-"},"content":"","lastModifiedDate":"2020-05-25"},{"lineNumber":6,"author":{"gitId":"-"},"content":"REM delete output from previous run","lastModifiedDate":"2020-05-25"},{"lineNumber":7,"author":{"gitId":"e0373972"},"content":"if exist ACTUAL2.TXT del ACTUAL2.TXT","lastModifiedDate":"2021-08-22"},{"lineNumber":8,"author":{"gitId":"-"},"content":"","lastModifiedDate":"2020-05-25"},{"lineNumber":9,"author":{"gitId":"-"},"content":"REM compile the code into the bin folder","lastModifiedDate":"2020-05-25"},{"lineNumber":10,"author":{"gitId":"-"},"content":"javac  -cp ..\\src\\main\\java -Xlint:none -d ..\\bin ..\\src\\main\\java\\*.java","lastModifiedDate":"2020-08-25"},{"lineNumber":11,"author":{"gitId":"-"},"content":"IF ERRORLEVEL 1 (","lastModifiedDate":"2020-05-25"},{"lineNumber":12,"author":{"gitId":"-"},"content":"    echo ********** BUILD FAILURE **********","lastModifiedDate":"2020-05-25"},{"lineNumber":13,"author":{"gitId":"-"},"content":"    exit /b 1","lastModifiedDate":"2020-05-25"},{"lineNumber":14,"author":{"gitId":"-"},"content":")","lastModifiedDate":"2020-05-25"},{"lineNumber":15,"author":{"gitId":"-"},"content":"REM no error here, errorlevel \u003d\u003d 0","lastModifiedDate":"2020-05-25"},{"lineNumber":16,"author":{"gitId":"-"},"content":"","lastModifiedDate":"2020-05-25"},{"lineNumber":17,"author":{"gitId":"-"},"content":"REM run the program, feed commands from input.txt file and redirect the output to the ACTUAL.TXT","lastModifiedDate":"2020-05-25"},{"lineNumber":18,"author":{"gitId":"e0373972"},"content":"java -classpath ..\\bin Duke \u003c input2.txt \u003e ACTUAL2.TXT","lastModifiedDate":"2021-08-22"},{"lineNumber":19,"author":{"gitId":"-"},"content":"","lastModifiedDate":"2020-05-25"},{"lineNumber":20,"author":{"gitId":"-"},"content":"REM compare the output to the expected output","lastModifiedDate":"2020-05-25"},{"lineNumber":21,"author":{"gitId":"e0373972"},"content":"FC ACTUAL2.TXT EXPECTED.TXT","lastModifiedDate":"2021-08-22"}],"authorContributionMap":{"e0373972":3,"-":18}}]
