[{"path":"src/main/java/duke/Duke.java","fileType":"java","lines":[{"lineNumber":1,"author":{"gitId":"e0373972"},"content":"package duke;","lastModifiedDate":"2021-08-29"},{"lineNumber":2,"author":{"gitId":"e0373972"},"content":"","lastModifiedDate":"2021-08-29"},{"lineNumber":3,"author":{"gitId":"e0373972"},"content":"import duke.task.Deadline;","lastModifiedDate":"2021-09-01"},{"lineNumber":4,"author":{"gitId":"e0373972"},"content":"import duke.task.Event;","lastModifiedDate":"2021-09-01"},{"lineNumber":5,"author":{"gitId":"e0373972"},"content":"import duke.task.Task;","lastModifiedDate":"2021-09-01"},{"lineNumber":6,"author":{"gitId":"e0373972"},"content":"import duke.task.Todo;","lastModifiedDate":"2021-09-01"},{"lineNumber":7,"author":{"gitId":"e0373972"},"content":"import java.util.List;","lastModifiedDate":"2021-08-17"},{"lineNumber":8,"author":{"gitId":"e0373972"},"content":"import java.util.Scanner;","lastModifiedDate":"2021-08-17"},{"lineNumber":9,"author":{"gitId":"e0373972"},"content":"import java.util.ArrayList;","lastModifiedDate":"2021-08-17"},{"lineNumber":10,"author":{"gitId":"e0373972"},"content":"","lastModifiedDate":"2021-08-17"},{"lineNumber":11,"author":{"gitId":"-"},"content":"public class Duke{","lastModifiedDate":"2019-07-29"},{"lineNumber":12,"author":{"gitId":"e0373972"},"content":"","lastModifiedDate":"2021-08-22"},{"lineNumber":13,"author":{"gitId":"e0373972"},"content":"    static void checkLineEmpty(String line)throws DukeCheckLineEmptyException{","lastModifiedDate":"2021-08-25"},{"lineNumber":14,"author":{"gitId":"e0373972"},"content":"        if (line.equals(\"\")){","lastModifiedDate":"2021-08-25"},{"lineNumber":15,"author":{"gitId":"e0373972"},"content":"            throw new DukeCheckLineEmptyException();","lastModifiedDate":"2021-08-25"},{"lineNumber":16,"author":{"gitId":"e0373972"},"content":"        }","lastModifiedDate":"2021-08-25"},{"lineNumber":17,"author":{"gitId":"e0373972"},"content":"    }","lastModifiedDate":"2021-08-25"},{"lineNumber":18,"author":{"gitId":"e0373972"},"content":"","lastModifiedDate":"2021-08-25"},{"lineNumber":19,"author":{"gitId":"e0373972"},"content":"    static void checkWord(String line)throws DukeCheckLineException{","lastModifiedDate":"2021-08-25"},{"lineNumber":20,"author":{"gitId":"e0373972"},"content":"        String keyword \u003d line.split(\" \")[0].toLowerCase();","lastModifiedDate":"2021-08-25"},{"lineNumber":21,"author":{"gitId":"e0373972"},"content":"","lastModifiedDate":"2021-08-25"},{"lineNumber":22,"author":{"gitId":"e0373972"},"content":"        if (!keyword.equals(\"list\") \u0026\u0026 !keyword.equals(\"bye\")","lastModifiedDate":"2021-08-25"},{"lineNumber":23,"author":{"gitId":"e0373972"},"content":"        \u0026\u0026 !keyword.equals(\"todo\") \u0026\u0026 !keyword.equals(\"done\")","lastModifiedDate":"2021-08-25"},{"lineNumber":24,"author":{"gitId":"e0373972"},"content":"        \u0026\u0026 !keyword.equals(\"event\") \u0026\u0026 !keyword.equals(\"deadline\")","lastModifiedDate":"2021-09-04"},{"lineNumber":25,"author":{"gitId":"e0373972"},"content":"        \u0026\u0026 !keyword.equals(\"delete\")){","lastModifiedDate":"2021-09-04"},{"lineNumber":26,"author":{"gitId":"e0373972"},"content":"            throw new DukeCheckLineException();","lastModifiedDate":"2021-08-25"},{"lineNumber":27,"author":{"gitId":"e0373972"},"content":"        }","lastModifiedDate":"2021-08-25"},{"lineNumber":28,"author":{"gitId":"e0373972"},"content":"    }","lastModifiedDate":"2021-08-25"},{"lineNumber":29,"author":{"gitId":"e0373972"},"content":"","lastModifiedDate":"2021-08-25"},{"lineNumber":30,"author":{"gitId":"e0373972"},"content":"    static void checkDescription(String line)throws DukeException{","lastModifiedDate":"2021-08-25"},{"lineNumber":31,"author":{"gitId":"e0373972"},"content":"        String keyword \u003d line.split(\" \")[0].toLowerCase();","lastModifiedDate":"2021-08-25"},{"lineNumber":32,"author":{"gitId":"e0373972"},"content":"","lastModifiedDate":"2021-08-25"},{"lineNumber":33,"author":{"gitId":"e0373972"},"content":"        if (keyword.equals(\"todo\") \u0026\u0026 line.split(\" \").length \u003d\u003d 1){","lastModifiedDate":"2021-08-25"},{"lineNumber":34,"author":{"gitId":"e0373972"},"content":"            throw new DukeException();","lastModifiedDate":"2021-08-25"},{"lineNumber":35,"author":{"gitId":"e0373972"},"content":"        }","lastModifiedDate":"2021-08-25"},{"lineNumber":36,"author":{"gitId":"e0373972"},"content":"","lastModifiedDate":"2021-08-25"},{"lineNumber":37,"author":{"gitId":"e0373972"},"content":"        if (keyword.equals(\"event\") \u0026\u0026 line.split(\" \").length \u003d\u003d 1){","lastModifiedDate":"2021-08-25"},{"lineNumber":38,"author":{"gitId":"e0373972"},"content":"            throw new DukeException();","lastModifiedDate":"2021-08-25"},{"lineNumber":39,"author":{"gitId":"e0373972"},"content":"        }","lastModifiedDate":"2021-08-25"},{"lineNumber":40,"author":{"gitId":"e0373972"},"content":"","lastModifiedDate":"2021-08-25"},{"lineNumber":41,"author":{"gitId":"e0373972"},"content":"        if (keyword.equals(\"deadline\") \u0026\u0026 line.split(\" \").length \u003d\u003d 1){","lastModifiedDate":"2021-08-25"},{"lineNumber":42,"author":{"gitId":"e0373972"},"content":"            throw new DukeException();","lastModifiedDate":"2021-08-25"},{"lineNumber":43,"author":{"gitId":"e0373972"},"content":"        }","lastModifiedDate":"2021-08-25"},{"lineNumber":44,"author":{"gitId":"e0373972"},"content":"","lastModifiedDate":"2021-08-25"},{"lineNumber":45,"author":{"gitId":"e0373972"},"content":"        if (keyword.equals(\"done\") \u0026\u0026 line.split(\" \").length \u003d\u003d 1){","lastModifiedDate":"2021-08-25"},{"lineNumber":46,"author":{"gitId":"e0373972"},"content":"            throw new DukeException();","lastModifiedDate":"2021-08-25"},{"lineNumber":47,"author":{"gitId":"e0373972"},"content":"        }","lastModifiedDate":"2021-08-25"},{"lineNumber":48,"author":{"gitId":"e0373972"},"content":"","lastModifiedDate":"2021-09-04"},{"lineNumber":49,"author":{"gitId":"e0373972"},"content":"        if (keyword.equals(\"delete\") \u0026\u0026 line.split(\" \").length \u003d\u003d 1){","lastModifiedDate":"2021-09-04"},{"lineNumber":50,"author":{"gitId":"e0373972"},"content":"            throw new DukeException();","lastModifiedDate":"2021-09-04"},{"lineNumber":51,"author":{"gitId":"e0373972"},"content":"        }","lastModifiedDate":"2021-09-04"},{"lineNumber":52,"author":{"gitId":"e0373972"},"content":"    }","lastModifiedDate":"2021-08-25"},{"lineNumber":53,"author":{"gitId":"e0373972"},"content":"","lastModifiedDate":"2021-08-25"},{"lineNumber":54,"author":{"gitId":"-"},"content":"    public static void main(String[] args){","lastModifiedDate":"2019-07-29"},{"lineNumber":55,"author":{"gitId":"-"},"content":"        String logo \u003d \" ____        _        \\n\"","lastModifiedDate":"2019-07-29"},{"lineNumber":56,"author":{"gitId":"-"},"content":"                + \"|  _ \\\\ _   _| | _____ \\n\"","lastModifiedDate":"2019-07-29"},{"lineNumber":57,"author":{"gitId":"-"},"content":"                + \"| | | | | | | |/ / _ \\\\\\n\"","lastModifiedDate":"2019-07-29"},{"lineNumber":58,"author":{"gitId":"-"},"content":"                + \"| |_| | |_| |   \u003c  __/\\n\"","lastModifiedDate":"2019-07-29"},{"lineNumber":59,"author":{"gitId":"-"},"content":"                + \"|____/ \\\\__,_|_|\\\\_\\\\___|\\n\";","lastModifiedDate":"2019-07-29"},{"lineNumber":60,"author":{"gitId":"e0373972"},"content":"","lastModifiedDate":"2021-08-17"},{"lineNumber":61,"author":{"gitId":"e0373972"},"content":"        printWithLine(List.of(\"Hello from\\n\" + logo));","lastModifiedDate":"2021-08-17"},{"lineNumber":62,"author":{"gitId":"e0373972"},"content":"        printWithLine(List.of(\"Hello! I\u0027m Duke\", \"What can I do for you?\"));","lastModifiedDate":"2021-08-17"},{"lineNumber":63,"author":{"gitId":"e0373972"},"content":"","lastModifiedDate":"2021-08-17"},{"lineNumber":64,"author":{"gitId":"e0373972"},"content":"        String line;","lastModifiedDate":"2021-08-17"},{"lineNumber":65,"author":{"gitId":"e0373972"},"content":"        Scanner in \u003d new Scanner(System.in);","lastModifiedDate":"2021-08-17"},{"lineNumber":66,"author":{"gitId":"e0373972"},"content":"        List\u003cTask\u003e items \u003d new ArrayList\u003c\u003e();","lastModifiedDate":"2021-08-31"},{"lineNumber":67,"author":{"gitId":"e0373972"},"content":"","lastModifiedDate":"2021-08-17"},{"lineNumber":68,"author":{"gitId":"e0373972"},"content":"        do{","lastModifiedDate":"2021-08-17"},{"lineNumber":69,"author":{"gitId":"e0373972"},"content":"            line \u003d in.nextLine();","lastModifiedDate":"2021-08-17"},{"lineNumber":70,"author":{"gitId":"e0373972"},"content":"            String keyword \u003d line.split(\" \")[0].toLowerCase();","lastModifiedDate":"2021-08-25"},{"lineNumber":71,"author":{"gitId":"e0373972"},"content":"","lastModifiedDate":"2021-08-25"},{"lineNumber":72,"author":{"gitId":"e0373972"},"content":"            try {","lastModifiedDate":"2021-08-25"},{"lineNumber":73,"author":{"gitId":"e0373972"},"content":"                checkLineEmpty(line);","lastModifiedDate":"2021-08-25"},{"lineNumber":74,"author":{"gitId":"e0373972"},"content":"                checkWord(line);","lastModifiedDate":"2021-08-25"},{"lineNumber":75,"author":{"gitId":"e0373972"},"content":"                checkDescription(line);","lastModifiedDate":"2021-08-25"},{"lineNumber":76,"author":{"gitId":"e0373972"},"content":"","lastModifiedDate":"2021-08-25"},{"lineNumber":77,"author":{"gitId":"e0373972"},"content":"                if (line.equalsIgnoreCase(\"list\")){","lastModifiedDate":"2021-08-27"},{"lineNumber":78,"author":{"gitId":"e0373972"},"content":"                    printWithLine(List.of());","lastModifiedDate":"2021-08-17"},{"lineNumber":79,"author":{"gitId":"e0373972"},"content":"                    List\u003cString\u003e messages \u003d new ArrayList\u003c\u003e();","lastModifiedDate":"2021-08-17"},{"lineNumber":80,"author":{"gitId":"e0373972"},"content":"                    System.out.println(\"   Here are the tasks in your list: \");","lastModifiedDate":"2021-08-17"},{"lineNumber":81,"author":{"gitId":"e0373972"},"content":"                    for (int i \u003d 0; i \u003c items.size(); i++) {","lastModifiedDate":"2021-08-31"},{"lineNumber":82,"author":{"gitId":"e0373972"},"content":"                        messages.add(i + 1 + \".\" + items.get(i));","lastModifiedDate":"2021-08-31"},{"lineNumber":83,"author":{"gitId":"e0373972"},"content":"                    }","lastModifiedDate":"2021-08-17"},{"lineNumber":84,"author":{"gitId":"e0373972"},"content":"                    printWithLine(messages);","lastModifiedDate":"2021-08-17"},{"lineNumber":85,"author":{"gitId":"e0373972"},"content":"","lastModifiedDate":"2021-08-17"},{"lineNumber":86,"author":{"gitId":"e0373972"},"content":"                } else if (line.split(\" \")[0].equalsIgnoreCase(\"done\")){","lastModifiedDate":"2021-08-27"},{"lineNumber":87,"author":{"gitId":"e0373972"},"content":"                    printWithLine(List.of());","lastModifiedDate":"2021-08-17"},{"lineNumber":88,"author":{"gitId":"e0373972"},"content":"                    try {","lastModifiedDate":"2021-09-04"},{"lineNumber":89,"author":{"gitId":"e0373972"},"content":"                        Task markItem \u003d items.get(Integer.parseInt(line.substring(5)) - 1);","lastModifiedDate":"2021-08-31"},{"lineNumber":90,"author":{"gitId":"e0373972"},"content":"                        markItem.markAsDone();","lastModifiedDate":"2021-08-17"},{"lineNumber":91,"author":{"gitId":"e0373972"},"content":"                        printWithLine(List.of(\"Nice! I\u0027ve marked this task as done: \", \" \" + markItem));","lastModifiedDate":"2021-08-17"},{"lineNumber":92,"author":{"gitId":"e0373972"},"content":"                    } catch (NumberFormatException e){","lastModifiedDate":"2021-09-04"},{"lineNumber":93,"author":{"gitId":"e0373972"},"content":"                        printWithLine((List.of(\"☹ OOPS!!! This is not a number: \" + line.split(\" \")[1])));","lastModifiedDate":"2021-09-04"},{"lineNumber":94,"author":{"gitId":"e0373972"},"content":"                    } catch (IndexOutOfBoundsException e){","lastModifiedDate":"2021-09-04"},{"lineNumber":95,"author":{"gitId":"e0373972"},"content":"                        printWithLine((List.of(\"☹ OOPS!!! The index out of bound: \" + line.split(\" \")[1])));","lastModifiedDate":"2021-09-04"},{"lineNumber":96,"author":{"gitId":"e0373972"},"content":"                    }","lastModifiedDate":"2021-09-04"},{"lineNumber":97,"author":{"gitId":"e0373972"},"content":"","lastModifiedDate":"2021-09-04"},{"lineNumber":98,"author":{"gitId":"e0373972"},"content":"                } else if (line.split(\" \")[0].equalsIgnoreCase(\"delete\")){","lastModifiedDate":"2021-09-04"},{"lineNumber":99,"author":{"gitId":"e0373972"},"content":"                    printWithLine(List.of());","lastModifiedDate":"2021-09-04"},{"lineNumber":100,"author":{"gitId":"e0373972"},"content":"                    try{","lastModifiedDate":"2021-09-04"},{"lineNumber":101,"author":{"gitId":"e0373972"},"content":"                        Task deleteItem \u003d items.get((Integer.parseInt(line.split(\" \")[1]) - 1));","lastModifiedDate":"2021-09-04"},{"lineNumber":102,"author":{"gitId":"e0373972"},"content":"                        items.remove(deleteItem);","lastModifiedDate":"2021-09-04"},{"lineNumber":103,"author":{"gitId":"e0373972"},"content":"                        printWithLine((List.of(\"Noted. I\u0027ve removed this task: \", \" \" + deleteItem, \"Now you have \" + items.size() + \" task in the list. \")));","lastModifiedDate":"2021-09-04"},{"lineNumber":104,"author":{"gitId":"e0373972"},"content":"                    } catch (NumberFormatException e){","lastModifiedDate":"2021-09-04"},{"lineNumber":105,"author":{"gitId":"e0373972"},"content":"                        printWithLine((List.of(\"☹ OOPS!!! This is not a number: \" + line.split(\" \")[1])));","lastModifiedDate":"2021-09-04"},{"lineNumber":106,"author":{"gitId":"e0373972"},"content":"                    } catch (IndexOutOfBoundsException e){","lastModifiedDate":"2021-09-04"},{"lineNumber":107,"author":{"gitId":"e0373972"},"content":"                        printWithLine((List.of(\"☹ OOPS!!! The index out of bound: \" + line.split(\" \")[1])));","lastModifiedDate":"2021-09-04"},{"lineNumber":108,"author":{"gitId":"e0373972"},"content":"                    }","lastModifiedDate":"2021-09-04"},{"lineNumber":109,"author":{"gitId":"e0373972"},"content":"","lastModifiedDate":"2021-08-17"},{"lineNumber":110,"author":{"gitId":"e0373972"},"content":"                } else if (line.split(\" \")[0].equalsIgnoreCase(\"todo\")){","lastModifiedDate":"2021-08-27"},{"lineNumber":111,"author":{"gitId":"e0373972"},"content":"                    printWithLine(List.of());","lastModifiedDate":"2021-08-21"},{"lineNumber":112,"author":{"gitId":"e0373972"},"content":"                    Task todoTask \u003d new Todo(line.replace(line.split(\" \")[0] + \" \", \"\"));","lastModifiedDate":"2021-08-21"},{"lineNumber":113,"author":{"gitId":"e0373972"},"content":"                    items.add(todoTask);","lastModifiedDate":"2021-08-31"},{"lineNumber":114,"author":{"gitId":"e0373972"},"content":"                    printWithLine((List.of(\"Got it. I\u0027ve added this task: \", todoTask.toString(), \"Now you have \" + items.size() + \" task in the list. \")));","lastModifiedDate":"2021-08-31"},{"lineNumber":115,"author":{"gitId":"e0373972"},"content":"","lastModifiedDate":"2021-08-21"},{"lineNumber":116,"author":{"gitId":"e0373972"},"content":"                } else if (line.split(\" \")[0].equalsIgnoreCase(\"deadline\")){","lastModifiedDate":"2021-08-27"},{"lineNumber":117,"author":{"gitId":"e0373972"},"content":"                    printWithLine(List.of());","lastModifiedDate":"2021-08-21"},{"lineNumber":118,"author":{"gitId":"e0373972"},"content":"                    int position \u003d line.indexOf(\"/\");","lastModifiedDate":"2021-08-21"},{"lineNumber":119,"author":{"gitId":"e0373972"},"content":"                    String time \u003d line.split(\"/\")[1].replace(\"by \", \"\");","lastModifiedDate":"2021-08-21"},{"lineNumber":120,"author":{"gitId":"e0373972"},"content":"                    Task deadlineTask \u003d new Deadline(line.substring(9, position - 1), time);","lastModifiedDate":"2021-08-21"},{"lineNumber":121,"author":{"gitId":"e0373972"},"content":"                    items.add(deadlineTask);","lastModifiedDate":"2021-08-31"},{"lineNumber":122,"author":{"gitId":"e0373972"},"content":"                    printWithLine((List.of(\"Got it. I\u0027ve added this task: \", deadlineTask.toString(), \"Now you have \" + items.size() + \" task in the list. \")));","lastModifiedDate":"2021-08-31"},{"lineNumber":123,"author":{"gitId":"e0373972"},"content":"","lastModifiedDate":"2021-08-21"},{"lineNumber":124,"author":{"gitId":"e0373972"},"content":"                } else if (line.split(\" \")[0].equalsIgnoreCase(\"event\")){","lastModifiedDate":"2021-08-27"},{"lineNumber":125,"author":{"gitId":"e0373972"},"content":"                    printWithLine(List.of());","lastModifiedDate":"2021-08-21"},{"lineNumber":126,"author":{"gitId":"e0373972"},"content":"                    int position \u003d line.indexOf(\"/\");","lastModifiedDate":"2021-08-21"},{"lineNumber":127,"author":{"gitId":"e0373972"},"content":"                    String time \u003d line.split(\"/\")[1].replace(\"at \", \"\");","lastModifiedDate":"2021-08-21"},{"lineNumber":128,"author":{"gitId":"e0373972"},"content":"                    Task eventTask \u003d new Event(line.substring(6, position - 1), time);","lastModifiedDate":"2021-08-21"},{"lineNumber":129,"author":{"gitId":"e0373972"},"content":"                    items.add(eventTask);","lastModifiedDate":"2021-08-31"},{"lineNumber":130,"author":{"gitId":"e0373972"},"content":"                    printWithLine((List.of(\"Got it. I\u0027ve added this task: \", eventTask.toString(), \"Now you have \" + items.size() + \" task in the list. \")));","lastModifiedDate":"2021-08-31"},{"lineNumber":131,"author":{"gitId":"e0373972"},"content":"","lastModifiedDate":"2021-08-21"},{"lineNumber":132,"author":{"gitId":"e0373972"},"content":"                } else if (line.equalsIgnoreCase(\"bye\")){","lastModifiedDate":"2021-08-27"},{"lineNumber":133,"author":{"gitId":"e0373972"},"content":"                    printWithLine(List.of());","lastModifiedDate":"2021-08-21"},{"lineNumber":134,"author":{"gitId":"e0373972"},"content":"                    printWithLine(List.of(\"Bye. Hope to see you again soon!\"));","lastModifiedDate":"2021-08-21"},{"lineNumber":135,"author":{"gitId":"e0373972"},"content":"","lastModifiedDate":"2021-08-21"},{"lineNumber":136,"author":{"gitId":"e0373972"},"content":"                }","lastModifiedDate":"2021-08-17"},{"lineNumber":137,"author":{"gitId":"e0373972"},"content":"            }","lastModifiedDate":"2021-08-25"},{"lineNumber":138,"author":{"gitId":"e0373972"},"content":"            catch (DukeCheckLineException e){","lastModifiedDate":"2021-08-25"},{"lineNumber":139,"author":{"gitId":"e0373972"},"content":"                printWithLine(List.of());","lastModifiedDate":"2021-08-25"},{"lineNumber":140,"author":{"gitId":"e0373972"},"content":"                printWithLine(List.of(\"☹ OOPS!!! I\u0027m sorry, but I don\u0027t know what that means :-(\"));","lastModifiedDate":"2021-08-25"},{"lineNumber":141,"author":{"gitId":"e0373972"},"content":"            }","lastModifiedDate":"2021-08-25"},{"lineNumber":142,"author":{"gitId":"e0373972"},"content":"            catch (DukeCheckLineEmptyException e){","lastModifiedDate":"2021-08-25"},{"lineNumber":143,"author":{"gitId":"e0373972"},"content":"                printWithLine(List.of());","lastModifiedDate":"2021-08-25"},{"lineNumber":144,"author":{"gitId":"e0373972"},"content":"                printWithLine(List.of(\"☹ OOPS!!! Please enter somethings.\"));","lastModifiedDate":"2021-08-25"},{"lineNumber":145,"author":{"gitId":"e0373972"},"content":"            }","lastModifiedDate":"2021-08-25"},{"lineNumber":146,"author":{"gitId":"e0373972"},"content":"            catch (DukeException e){","lastModifiedDate":"2021-08-25"},{"lineNumber":147,"author":{"gitId":"e0373972"},"content":"                printWithLine(List.of());","lastModifiedDate":"2021-08-25"},{"lineNumber":148,"author":{"gitId":"e0373972"},"content":"                printWithLine((List.of(\"☹ OOPS!!! The description of a \" + keyword + \" cannot be empty.\")));","lastModifiedDate":"2021-08-25"},{"lineNumber":149,"author":{"gitId":"e0373972"},"content":"            }","lastModifiedDate":"2021-08-25"},{"lineNumber":150,"author":{"gitId":"e0373972"},"content":"","lastModifiedDate":"2021-08-25"},{"lineNumber":151,"author":{"gitId":"e0373972"},"content":"        }while(!line.equals(\"bye\"));","lastModifiedDate":"2021-08-17"},{"lineNumber":152,"author":{"gitId":"e0373972"},"content":"    }","lastModifiedDate":"2021-08-17"},{"lineNumber":153,"author":{"gitId":"e0373972"},"content":"","lastModifiedDate":"2021-08-17"},{"lineNumber":154,"author":{"gitId":"e0373972"},"content":"    private static void printWithLine(List\u003cString\u003e messages){","lastModifiedDate":"2021-08-17"},{"lineNumber":155,"author":{"gitId":"e0373972"},"content":"\t\t","lastModifiedDate":"2021-08-22"},{"lineNumber":156,"author":{"gitId":"e0373972"},"content":"        for (String message : messages){","lastModifiedDate":"2021-08-17"},{"lineNumber":157,"author":{"gitId":"e0373972"},"content":"            System.out.println(\"   \" + message);","lastModifiedDate":"2021-08-17"},{"lineNumber":158,"author":{"gitId":"e0373972"},"content":"        }","lastModifiedDate":"2021-08-17"},{"lineNumber":159,"author":{"gitId":"e0373972"},"content":"        System.out.println(\"   _____________________________________\");","lastModifiedDate":"2021-08-17"},{"lineNumber":160,"author":{"gitId":"-"},"content":"    }","lastModifiedDate":"2019-07-29"},{"lineNumber":161,"author":{"gitId":"-"},"content":"}","lastModifiedDate":"2019-07-29"}],"authorContributionMap":{"e0373972":152,"-":9}},{"path":"src/main/java/duke/DukeCheckLineEmptyException.java","fileType":"java","lines":[{"lineNumber":1,"author":{"gitId":"e0373972"},"content":"package duke;","lastModifiedDate":"2021-08-29"},{"lineNumber":2,"author":{"gitId":"e0373972"},"content":"","lastModifiedDate":"2021-08-29"},{"lineNumber":3,"author":{"gitId":"e0373972"},"content":"public class DukeCheckLineEmptyException extends Exception{","lastModifiedDate":"2021-08-25"},{"lineNumber":4,"author":{"gitId":"e0373972"},"content":"}","lastModifiedDate":"2021-08-25"}],"authorContributionMap":{"e0373972":4}},{"path":"src/main/java/duke/DukeCheckLineException.java","fileType":"java","lines":[{"lineNumber":1,"author":{"gitId":"e0373972"},"content":"package duke;","lastModifiedDate":"2021-08-29"},{"lineNumber":2,"author":{"gitId":"e0373972"},"content":"","lastModifiedDate":"2021-08-29"},{"lineNumber":3,"author":{"gitId":"e0373972"},"content":"public class DukeCheckLineException extends Exception{","lastModifiedDate":"2021-08-25"},{"lineNumber":4,"author":{"gitId":"e0373972"},"content":"}","lastModifiedDate":"2021-08-25"}],"authorContributionMap":{"e0373972":4}},{"path":"src/main/java/duke/DukeException.java","fileType":"java","lines":[{"lineNumber":1,"author":{"gitId":"e0373972"},"content":"package duke;","lastModifiedDate":"2021-08-29"},{"lineNumber":2,"author":{"gitId":"e0373972"},"content":"","lastModifiedDate":"2021-08-29"},{"lineNumber":3,"author":{"gitId":"e0373972"},"content":"public class DukeException extends Exception{","lastModifiedDate":"2021-08-25"},{"lineNumber":4,"author":{"gitId":"e0373972"},"content":"}","lastModifiedDate":"2021-08-25"}],"authorContributionMap":{"e0373972":4}},{"path":"src/main/java/duke/task/Deadline.java","fileType":"java","lines":[{"lineNumber":1,"author":{"gitId":"e0373972"},"content":"package duke.task;","lastModifiedDate":"2021-08-29"},{"lineNumber":2,"author":{"gitId":"e0373972"},"content":"","lastModifiedDate":"2021-08-29"},{"lineNumber":3,"author":{"gitId":"e0373972"},"content":"public class Deadline extends Task{","lastModifiedDate":"2021-08-21"},{"lineNumber":4,"author":{"gitId":"e0373972"},"content":"","lastModifiedDate":"2021-08-21"},{"lineNumber":5,"author":{"gitId":"e0373972"},"content":"    protected String by;","lastModifiedDate":"2021-08-21"},{"lineNumber":6,"author":{"gitId":"e0373972"},"content":"","lastModifiedDate":"2021-08-21"},{"lineNumber":7,"author":{"gitId":"e0373972"},"content":"    public Deadline(String description, String by){","lastModifiedDate":"2021-08-21"},{"lineNumber":8,"author":{"gitId":"e0373972"},"content":"        super(description);","lastModifiedDate":"2021-08-21"},{"lineNumber":9,"author":{"gitId":"e0373972"},"content":"        this.by \u003d by;","lastModifiedDate":"2021-08-21"},{"lineNumber":10,"author":{"gitId":"e0373972"},"content":"    }","lastModifiedDate":"2021-08-21"},{"lineNumber":11,"author":{"gitId":"e0373972"},"content":"","lastModifiedDate":"2021-08-21"},{"lineNumber":12,"author":{"gitId":"e0373972"},"content":"    @Override","lastModifiedDate":"2021-08-21"},{"lineNumber":13,"author":{"gitId":"e0373972"},"content":"    public String toString(){","lastModifiedDate":"2021-08-21"},{"lineNumber":14,"author":{"gitId":"e0373972"},"content":"        return \"[D]\" + super.toString() + \" (by: \" + by + \")\";","lastModifiedDate":"2021-08-21"},{"lineNumber":15,"author":{"gitId":"e0373972"},"content":"    }","lastModifiedDate":"2021-08-21"},{"lineNumber":16,"author":{"gitId":"e0373972"},"content":"}","lastModifiedDate":"2021-08-21"}],"authorContributionMap":{"e0373972":16}},{"path":"src/main/java/duke/task/Event.java","fileType":"java","lines":[{"lineNumber":1,"author":{"gitId":"e0373972"},"content":"package duke.task;","lastModifiedDate":"2021-08-29"},{"lineNumber":2,"author":{"gitId":"e0373972"},"content":"","lastModifiedDate":"2021-08-29"},{"lineNumber":3,"author":{"gitId":"e0373972"},"content":"public class Event extends Task{","lastModifiedDate":"2021-08-21"},{"lineNumber":4,"author":{"gitId":"e0373972"},"content":"","lastModifiedDate":"2021-08-21"},{"lineNumber":5,"author":{"gitId":"e0373972"},"content":"    private String time;","lastModifiedDate":"2021-08-21"},{"lineNumber":6,"author":{"gitId":"e0373972"},"content":"","lastModifiedDate":"2021-08-21"},{"lineNumber":7,"author":{"gitId":"e0373972"},"content":"    public Event(String description, String time){","lastModifiedDate":"2021-08-21"},{"lineNumber":8,"author":{"gitId":"e0373972"},"content":"        super(description);","lastModifiedDate":"2021-08-21"},{"lineNumber":9,"author":{"gitId":"e0373972"},"content":"        this.time \u003d time;","lastModifiedDate":"2021-08-21"},{"lineNumber":10,"author":{"gitId":"e0373972"},"content":"    }","lastModifiedDate":"2021-08-21"},{"lineNumber":11,"author":{"gitId":"e0373972"},"content":"","lastModifiedDate":"2021-08-21"},{"lineNumber":12,"author":{"gitId":"e0373972"},"content":"    @Override","lastModifiedDate":"2021-08-21"},{"lineNumber":13,"author":{"gitId":"e0373972"},"content":"    public String toString(){","lastModifiedDate":"2021-08-21"},{"lineNumber":14,"author":{"gitId":"e0373972"},"content":"        return \"[E]\" + super.toString() + \" (at: \" + time + \")\";","lastModifiedDate":"2021-08-21"},{"lineNumber":15,"author":{"gitId":"e0373972"},"content":"    }","lastModifiedDate":"2021-08-21"},{"lineNumber":16,"author":{"gitId":"e0373972"},"content":"}","lastModifiedDate":"2021-08-21"}],"authorContributionMap":{"e0373972":16}},{"path":"src/main/java/duke/task/Task.java","fileType":"java","lines":[{"lineNumber":1,"author":{"gitId":"e0373972"},"content":"package duke.task;","lastModifiedDate":"2021-08-29"},{"lineNumber":2,"author":{"gitId":"e0373972"},"content":"","lastModifiedDate":"2021-08-29"},{"lineNumber":3,"author":{"gitId":"e0373972"},"content":"public abstract class Task {","lastModifiedDate":"2021-08-29"},{"lineNumber":4,"author":{"gitId":"e0373972"},"content":"","lastModifiedDate":"2021-08-17"},{"lineNumber":5,"author":{"gitId":"e0373972"},"content":"    protected String description;","lastModifiedDate":"2021-08-17"},{"lineNumber":6,"author":{"gitId":"e0373972"},"content":"    protected boolean isDone;","lastModifiedDate":"2021-08-17"},{"lineNumber":7,"author":{"gitId":"e0373972"},"content":"","lastModifiedDate":"2021-08-17"},{"lineNumber":8,"author":{"gitId":"e0373972"},"content":"    public Task(String description){","lastModifiedDate":"2021-08-17"},{"lineNumber":9,"author":{"gitId":"e0373972"},"content":"        this.description \u003d description;","lastModifiedDate":"2021-08-17"},{"lineNumber":10,"author":{"gitId":"e0373972"},"content":"        this.isDone \u003d false;","lastModifiedDate":"2021-08-17"},{"lineNumber":11,"author":{"gitId":"e0373972"},"content":"    }","lastModifiedDate":"2021-08-17"},{"lineNumber":12,"author":{"gitId":"e0373972"},"content":"","lastModifiedDate":"2021-08-17"},{"lineNumber":13,"author":{"gitId":"e0373972"},"content":"    public void markAsDone(){","lastModifiedDate":"2021-08-17"},{"lineNumber":14,"author":{"gitId":"e0373972"},"content":"        isDone \u003d true;","lastModifiedDate":"2021-08-17"},{"lineNumber":15,"author":{"gitId":"e0373972"},"content":"    }","lastModifiedDate":"2021-08-17"},{"lineNumber":16,"author":{"gitId":"e0373972"},"content":"","lastModifiedDate":"2021-08-17"},{"lineNumber":17,"author":{"gitId":"e0373972"},"content":"    public String getStatusIcon(){","lastModifiedDate":"2021-08-17"},{"lineNumber":18,"author":{"gitId":"e0373972"},"content":"        return (isDone ? \"x\" : \" \");","lastModifiedDate":"2021-08-17"},{"lineNumber":19,"author":{"gitId":"e0373972"},"content":"    }","lastModifiedDate":"2021-08-17"},{"lineNumber":20,"author":{"gitId":"e0373972"},"content":"","lastModifiedDate":"2021-08-17"},{"lineNumber":21,"author":{"gitId":"e0373972"},"content":"    public String toString(){","lastModifiedDate":"2021-08-17"},{"lineNumber":22,"author":{"gitId":"e0373972"},"content":"        return \"[\" + getStatusIcon() + \"]\" + description;","lastModifiedDate":"2021-08-17"},{"lineNumber":23,"author":{"gitId":"e0373972"},"content":"    }","lastModifiedDate":"2021-08-17"},{"lineNumber":24,"author":{"gitId":"e0373972"},"content":"}","lastModifiedDate":"2021-08-17"}],"authorContributionMap":{"e0373972":24}},{"path":"src/main/java/duke/task/Todo.java","fileType":"java","lines":[{"lineNumber":1,"author":{"gitId":"e0373972"},"content":"package duke.task;","lastModifiedDate":"2021-08-29"},{"lineNumber":2,"author":{"gitId":"e0373972"},"content":"","lastModifiedDate":"2021-08-29"},{"lineNumber":3,"author":{"gitId":"e0373972"},"content":"public class Todo extends Task{","lastModifiedDate":"2021-08-21"},{"lineNumber":4,"author":{"gitId":"e0373972"},"content":"","lastModifiedDate":"2021-08-22"},{"lineNumber":5,"author":{"gitId":"e0373972"},"content":"    public Todo (String description){","lastModifiedDate":"2021-08-21"},{"lineNumber":6,"author":{"gitId":"e0373972"},"content":"        super(description);","lastModifiedDate":"2021-08-21"},{"lineNumber":7,"author":{"gitId":"e0373972"},"content":"    }","lastModifiedDate":"2021-08-21"},{"lineNumber":8,"author":{"gitId":"e0373972"},"content":"","lastModifiedDate":"2021-08-21"},{"lineNumber":9,"author":{"gitId":"e0373972"},"content":"    @Override","lastModifiedDate":"2021-08-21"},{"lineNumber":10,"author":{"gitId":"e0373972"},"content":"    public String toString(){","lastModifiedDate":"2021-08-21"},{"lineNumber":11,"author":{"gitId":"e0373972"},"content":"        return \"[T]\" + super.toString();","lastModifiedDate":"2021-08-21"},{"lineNumber":12,"author":{"gitId":"e0373972"},"content":"    }","lastModifiedDate":"2021-08-21"},{"lineNumber":13,"author":{"gitId":"e0373972"},"content":"}","lastModifiedDate":"2021-08-21"}],"authorContributionMap":{"e0373972":13}},{"path":"text-ui-test/input.txt","fileType":"txt","lines":[{"lineNumber":1,"author":{"gitId":"e0373972"},"content":"add somethings","lastModifiedDate":"2021-08-22"}],"authorContributionMap":{"e0373972":1}},{"path":"text-ui-test/input1.txt","fileType":"txt","lines":[{"lineNumber":1,"author":{"gitId":"e0373972"},"content":"add somethings","lastModifiedDate":"2021-08-22"}],"authorContributionMap":{"e0373972":1}},{"path":"text-ui-test/input2.txt","fileType":"txt","lines":[{"lineNumber":1,"author":{"gitId":"e0373972"},"content":"add somethings","lastModifiedDate":"2021-08-22"},{"lineNumber":2,"author":{"gitId":"e0373972"},"content":"todo borrow book","lastModifiedDate":"2021-08-22"}],"authorContributionMap":{"e0373972":2}},{"path":"text-ui-test/runtest.bat","fileType":"bat","lines":[{"lineNumber":1,"author":{"gitId":"-"},"content":"@ECHO OFF","lastModifiedDate":"2020-05-25"},{"lineNumber":2,"author":{"gitId":"-"},"content":"","lastModifiedDate":"2020-05-25"},{"lineNumber":3,"author":{"gitId":"-"},"content":"REM create bin directory if it doesn\u0027t exist","lastModifiedDate":"2020-05-25"},{"lineNumber":4,"author":{"gitId":"-"},"content":"if not exist ..\\bin mkdir ..\\bin","lastModifiedDate":"2020-05-25"},{"lineNumber":5,"author":{"gitId":"-"},"content":"","lastModifiedDate":"2020-05-25"},{"lineNumber":6,"author":{"gitId":"-"},"content":"REM delete output from previous run","lastModifiedDate":"2020-05-25"},{"lineNumber":7,"author":{"gitId":"e0373972"},"content":"if exist ACTUAL2.TXT del ACTUAL2.TXT","lastModifiedDate":"2021-08-22"},{"lineNumber":8,"author":{"gitId":"-"},"content":"","lastModifiedDate":"2020-05-25"},{"lineNumber":9,"author":{"gitId":"-"},"content":"REM compile the code into the bin folder","lastModifiedDate":"2020-05-25"},{"lineNumber":10,"author":{"gitId":"-"},"content":"javac  -cp ..\\src\\main\\java -Xlint:none -d ..\\bin ..\\src\\main\\java\\*.java","lastModifiedDate":"2020-08-25"},{"lineNumber":11,"author":{"gitId":"-"},"content":"IF ERRORLEVEL 1 (","lastModifiedDate":"2020-05-25"},{"lineNumber":12,"author":{"gitId":"-"},"content":"    echo ********** BUILD FAILURE **********","lastModifiedDate":"2020-05-25"},{"lineNumber":13,"author":{"gitId":"-"},"content":"    exit /b 1","lastModifiedDate":"2020-05-25"},{"lineNumber":14,"author":{"gitId":"-"},"content":")","lastModifiedDate":"2020-05-25"},{"lineNumber":15,"author":{"gitId":"-"},"content":"REM no error here, errorlevel \u003d\u003d 0","lastModifiedDate":"2020-05-25"},{"lineNumber":16,"author":{"gitId":"-"},"content":"","lastModifiedDate":"2020-05-25"},{"lineNumber":17,"author":{"gitId":"-"},"content":"REM run the program, feed commands from input.txt file and redirect the output to the ACTUAL.TXT","lastModifiedDate":"2020-05-25"},{"lineNumber":18,"author":{"gitId":"e0373972"},"content":"java -classpath ..\\bin Duke \u003c input2.txt \u003e ACTUAL2.TXT","lastModifiedDate":"2021-08-22"},{"lineNumber":19,"author":{"gitId":"-"},"content":"","lastModifiedDate":"2020-05-25"},{"lineNumber":20,"author":{"gitId":"-"},"content":"REM compare the output to the expected output","lastModifiedDate":"2020-05-25"},{"lineNumber":21,"author":{"gitId":"e0373972"},"content":"FC ACTUAL2.TXT EXPECTED.TXT","lastModifiedDate":"2021-08-22"}],"authorContributionMap":{"e0373972":3,"-":18}}]
