{"authorDailyContributionsMap":{"e0373972":[{"date":"2021-08-17","commitResults":[{"hash":"d5cac914606d02c5be2811b79b0605c92b3951f2","messageTitle":"Update Duke.java","messageBody":"Level 0. Greet\n","tags":["Level-0"],"fileTypesAndContributionMap":{"java":{"insertions":14,"deletions":1}}},{"hash":"8b5b425c6c57adcefc5c99bb7e7889dda24a30e4","messageTitle":"Level 1. Greet, Echo, Exit","messageBody":"Level 1. Greet, Echo, Exit\n","tags":["Level-1"],"fileTypesAndContributionMap":{"java":{"insertions":12,"deletions":2}}},{"hash":"020f67c9963c5c5076bc7406b04e52e559db382c","messageTitle":"Level 2. Add, List","messageBody":"Level 2. Add, List\n","tags":["Level-2"],"fileTypesAndContributionMap":{"java":{"insertions":17,"deletions":2}}},{"hash":"9a63a2a33a2b4d6e746d734d831400f011f98ea8","messageTitle":"Level 3. Mark as Done","messageBody":"Level 3. Mark as Done\n","tags":["Level-3"],"fileTypesAndContributionMap":{"java":{"insertions":40,"deletions":10}}}]},{"date":"2021-08-21","commitResults":[{"hash":"38a03bff5bc95d20c0be45349afa4236b4885bb3","messageTitle":"Level 4. ToDos, Events, Deadlines","messageBody":"Level 4. ToDos, Events, Deadlines\n","tags":["Level-4"],"fileTypesAndContributionMap":{"java":{"insertions":68,"deletions":6}}}]},{"date":"2021-08-22","commitResults":[{"hash":"8e85aa08f96252c5081358c79d5422c1e37b2b60","messageTitle":"A-TextUiTesting","messageBody":"A-TextUiTesting\n","tags":["A-TextUiTesting"],"fileTypesAndContributionMap":{"txt":{"insertions":4,"deletions":0},"bat":{"insertions":3,"deletions":3}}},{"hash":"96a539ab9a8d744e5c694e11b887494899fe30b0","messageTitle":"A-CodingStandard","messageBody":"A-CodingStandard\n","tags":["A-CodingStandard"],"fileTypesAndContributionMap":{"java":{"insertions":2,"deletions":2}}},{"hash":"9ec5c8e7243e0903781bcd209634a835c7b85d0a","messageTitle":"A-CodingStandard","messageBody":"","fileTypesAndContributionMap":{"java":{"insertions":2,"deletions":0}}}]},{"date":"2021-08-25","commitResults":[{"hash":"e2d980e5e641965eac13f4adddc33c4a6db43c0b","messageTitle":"branch-Level-5","messageBody":"","tags":["branch-Level-5"],"fileTypesAndContributionMap":{"java":{"insertions":103,"deletions":41}}}]},{"date":"2021-08-27","commitResults":[{"hash":"de2c2771de906e483cf290d8de7d37a2601a30ac","messageTitle":"branch-A-CodeQuality","messageBody":"","tags":["branch-A-CodeQuality_1"],"fileTypesAndContributionMap":{"java":{"insertions":9,"deletions":14}}}]}]},"authorFileTypeContributionMap":{"e0373972":{"java":190,"md":0,"fxml":0,"sh":0,"bat":3,"gradle":0,"txt":4}},"authorContributionVariance":{"e0373972":1577.2687},"authorDisplayNameMap":{"e0373972":"TIC4001-F18-2 WANG..NWEI"}}
