{"authorDailyContributionsMap":{"e0373972":[{"date":"2021-08-17","commitResults":[{"hash":"d5cac914606d02c5be2811b79b0605c92b3951f2","messageTitle":"Update Duke.java","messageBody":"Level 0. Greet\n","tags":["Level-0"],"fileTypesAndContributionMap":{"java":{"insertions":14,"deletions":1}}},{"hash":"8b5b425c6c57adcefc5c99bb7e7889dda24a30e4","messageTitle":"Level 1. Greet, Echo, Exit","messageBody":"Level 1. Greet, Echo, Exit\n","tags":["Level-1"],"fileTypesAndContributionMap":{"java":{"insertions":12,"deletions":2}}},{"hash":"020f67c9963c5c5076bc7406b04e52e559db382c","messageTitle":"Level 2. Add, List","messageBody":"Level 2. Add, List\n","tags":["Level-2"],"fileTypesAndContributionMap":{"java":{"insertions":17,"deletions":2}}},{"hash":"9a63a2a33a2b4d6e746d734d831400f011f98ea8","messageTitle":"Level 3. Mark as Done","messageBody":"Level 3. Mark as Done\n","tags":["Level-3","A-Collections"],"fileTypesAndContributionMap":{"java":{"insertions":40,"deletions":10}}}]},{"date":"2021-08-21","commitResults":[{"hash":"38a03bff5bc95d20c0be45349afa4236b4885bb3","messageTitle":"Level 4. ToDos, Events, Deadlines","messageBody":"Level 4. ToDos, Events, Deadlines\n","tags":["Level-4","A-Inheritance"],"fileTypesAndContributionMap":{"java":{"insertions":68,"deletions":6}}}]},{"date":"2021-08-22","commitResults":[{"hash":"8e85aa08f96252c5081358c79d5422c1e37b2b60","messageTitle":"A-TextUiTesting","messageBody":"A-TextUiTesting\n","tags":["A-TextUiTesting"],"fileTypesAndContributionMap":{"txt":{"insertions":4,"deletions":0},"bat":{"insertions":3,"deletions":3}}},{"hash":"96a539ab9a8d744e5c694e11b887494899fe30b0","messageTitle":"A-CodingStandard","messageBody":"A-CodingStandard\n","tags":["A-CodingStandard"],"fileTypesAndContributionMap":{"java":{"insertions":2,"deletions":2}}},{"hash":"9ec5c8e7243e0903781bcd209634a835c7b85d0a","messageTitle":"A-CodingStandard","messageBody":"","fileTypesAndContributionMap":{"java":{"insertions":2,"deletions":0}}}]},{"date":"2021-08-25","commitResults":[{"hash":"e2d980e5e641965eac13f4adddc33c4a6db43c0b","messageTitle":"branch-Level-5","messageBody":"","tags":["branch-Level-5","A-Exceptions"],"fileTypesAndContributionMap":{"java":{"insertions":103,"deletions":41}}}]},{"date":"2021-08-27","commitResults":[{"hash":"de2c2771de906e483cf290d8de7d37a2601a30ac","messageTitle":"branch-A-CodeQuality","messageBody":"","tags":["branch-A-CodeQuality_1"],"fileTypesAndContributionMap":{"java":{"insertions":9,"deletions":14}}},{"hash":"3a3117f055d39b073e2e4c30bba6f1dd137b24f3","messageTitle":"branch-A-CodeQuality","messageBody":"","fileTypesAndContributionMap":{"java":{"insertions":8,"deletions":8}}}]},{"date":"2021-08-29","commitResults":[{"hash":"7fd16c978fea6dced98b72306b24aad69fa28080","messageTitle":"AbstractClasses","messageBody":"","tags":["branch-A-AbstractClasses"],"fileTypesAndContributionMap":{"java":{"insertions":1,"deletions":1}}},{"hash":"181f498f0329bf34ae474208fc3f7a49c9e33067","messageTitle":"branch-A-Packages","messageBody":"","tags":["branch-A-Packages"],"fileTypesAndContributionMap":{"java":{"insertions":17,"deletions":0}}}]},{"date":"2021-08-31","commitResults":[{"hash":"f4c5c7c6cf5c13ee06d9e2292a7e08e80a9308a3","messageTitle":"A-CodeQuality","messageBody":"","tags":["A-CodeQuality_1"],"fileTypesAndContributionMap":{"java":{"insertions":10,"deletions":10}}},{"hash":"a986d3cde856b0d06ca600949999fcfdb95282ed","messageTitle":"Revert \"A-CodeQuality\"","messageBody":"This reverts commit f4c5c7c6cf5c13ee06d9e2292a7e08e80a9308a3.\n","fileTypesAndContributionMap":{"java":{"insertions":10,"deletions":10}}},{"hash":"78fe062a2011f4727a4b499327b90a4ec96b1b57","messageTitle":"Revert \"Revert \"A-CodeQuality\"\"","messageBody":"This reverts commit a986d3cde856b0d06ca600949999fcfdb95282ed.\n","fileTypesAndContributionMap":{"java":{"insertions":10,"deletions":10}}}]},{"date":"2021-09-01","commitResults":[{"hash":"891062311586251b201e7b1035d76e36195ec315","messageTitle":"Coding Standard","messageBody":"","fileTypesAndContributionMap":{"java":{"insertions":4,"deletions":1}}}]},{"date":"2021-09-04","commitResults":[{"hash":"398b4187b52b97f87d8697e5b49306bd099c644a","messageTitle":"Level 6. Delete","messageBody":"","tags":["branch-Level-6","Level-6"],"fileTypesAndContributionMap":{"java":{"insertions":27,"deletions":4}}}]},{"date":"2021-09-06","commitResults":[{"hash":"89a9d526a21e63ff95897497948d8e415c518e66","messageTitle":"Level 7. Save","messageBody":"","tags":["branch-Level-7","Level-7"],"fileTypesAndContributionMap":{"txt":{"insertions":4,"deletions":0},"java":{"insertions":44,"deletions":1}}},{"hash":"f20546c9cccf448f631679701f4268a1e7a13bd1","messageTitle":"A-JavaDoc","messageBody":"","tags":["branch-A-JavaDoc","A-JavaDoc"],"fileTypesAndContributionMap":{"java":{"insertions":31,"deletions":1}}},{"hash":"594fb965ad1e53b5b3cd1dc57bc33aab0db2aa4d","messageTitle":"update A-JavaDoc","messageBody":"","fileTypesAndContributionMap":{"java":{"insertions":11,"deletions":11}}}]},{"date":"2021-09-11","commitResults":[{"hash":"500a554b67d3c9232e2f4799e1de68857feeff86","messageTitle":"A-MoreOOP","messageBody":"","tags":["A-MoreOOP"],"fileTypesAndContributionMap":{"txt":{"insertions":9,"deletions":4},"java":{"insertions":669,"deletions":182}}},{"hash":"3399be9c07b92d5f36c8d6077002527355453e3b","messageTitle":"Level 8. Dates and Times","messageBody":"","tags":["branch-Level-8","Level-8"],"fileTypesAndContributionMap":{"txt":{"insertions":6,"deletions":9},"java":{"insertions":45,"deletions":16}}},{"hash":"2a9fc7244f3634335b80072d89186c08daa84e04","messageTitle":"Level 9. Find","messageBody":"","tags":["branch-Level-9","Level-9"],"fileTypesAndContributionMap":{"java":{"insertions":43,"deletions":6}}}]},{"date":"2021-09-12","commitResults":[{"hash":"b86cd9e660badbce786e4c886105a3982b404ef8","messageTitle":"A-JUnit: Add JUnit Tests","messageBody":"","tags":["branch-A-JUnit","A-JUnit"],"fileTypesAndContributionMap":{"java":{"insertions":112,"deletions":1}}}]},{"date":"2021-09-18","commitResults":[{"hash":"cdff34bd83f550d0ffe0eda7de21a3b4febd1c20","messageTitle":"A-UserGuide","messageBody":"","tags":["A-UserGuide"],"fileTypesAndContributionMap":{"txt":{"insertions":1,"deletions":0},"md":{"insertions":98,"deletions":14}}},{"hash":"62aa544a346f47f6047fb283139d191604450f83","messageTitle":"Update image link","messageBody":"","fileTypesAndContributionMap":{"md":{"insertions":10,"deletions":7}}},{"hash":"99a8c026f788aea298dcfea1cf9959dc3dbbb684","messageTitle":"Final Jar","messageBody":"","tags":["Final-Jar"],"fileTypesAndContributionMap":{"md":{"insertions":1,"deletions":1}}},{"hash":"117e61d2a12d345c70071c59ecad92b61e672723","messageTitle":"Update README","messageBody":"","fileTypesAndContributionMap":{"md":{"insertions":114,"deletions":2}}}]},{"date":"2021-09-19","commitResults":[{"hash":"fe5032fffac419397fa7a3f13742a6b9e1c4b8a7","messageTitle":"update README.md","messageBody":"","fileTypesAndContributionMap":{"md":{"insertions":63,"deletions":13}}},{"hash":"90a6e00105eede48f69c223c5254fe3e5da46b56","messageTitle":"update README.md","messageBody":"","fileTypesAndContributionMap":{"md":{"insertions":17,"deletions":31}}}]}]},"authorFileTypeContributionMap":{"e0373972":{"java":981,"md":252,"fxml":0,"sh":0,"bat":3,"gradle":0,"txt":11}},"authorContributionVariance":{"e0373972":24275.87},"authorDisplayNameMap":{"e0373972":"TIC4001-F18-2 WANG..NWEI"}}
