[{"path":"src/main/java/Duke.java","fileType":"java","lines":[{"lineNumber":1,"author":{"gitId":"yaololo"},"content":"import java.util.Scanner;","lastModifiedDate":"2021-09-03"},{"lineNumber":2,"author":{"gitId":"yaololo"},"content":"import Ui.Ui;","lastModifiedDate":"2021-09-03"},{"lineNumber":3,"author":{"gitId":"yaololo"},"content":"import UserList.UserList;","lastModifiedDate":"2021-09-03"},{"lineNumber":4,"author":{"gitId":"yaololo"},"content":"","lastModifiedDate":"2021-09-03"},{"lineNumber":5,"author":{"gitId":"-"},"content":"public class Duke {","lastModifiedDate":"2019-07-29"},{"lineNumber":6,"author":{"gitId":"-"},"content":"    public static void main(String[] args) {","lastModifiedDate":"2019-07-29"},{"lineNumber":7,"author":{"gitId":"yaololo"},"content":"        Ui.welcome();","lastModifiedDate":"2021-09-03"},{"lineNumber":8,"author":{"gitId":"yaololo"},"content":"        UserList list \u003d new UserList();","lastModifiedDate":"2021-09-03"},{"lineNumber":9,"author":{"gitId":"yaololo"},"content":"","lastModifiedDate":"2021-09-03"},{"lineNumber":10,"author":{"gitId":"yaololo"},"content":"        boolean isExit \u003d false;","lastModifiedDate":"2021-09-03"},{"lineNumber":11,"author":{"gitId":"yaololo"},"content":"        while (!isExit) {","lastModifiedDate":"2021-09-03"},{"lineNumber":12,"author":{"gitId":"yaololo"},"content":"            try {","lastModifiedDate":"2021-09-03"},{"lineNumber":13,"author":{"gitId":"yaololo"},"content":"                Scanner in \u003d new Scanner(System.in);","lastModifiedDate":"2021-09-03"},{"lineNumber":14,"author":{"gitId":"yaololo"},"content":"                String userCommand \u003d in.nextLine().trim();","lastModifiedDate":"2021-09-03"},{"lineNumber":15,"author":{"gitId":"yaololo"},"content":"","lastModifiedDate":"2021-09-03"},{"lineNumber":16,"author":{"gitId":"yaololo"},"content":"                if(userCommand.equals(\"bye\")) {","lastModifiedDate":"2021-09-03"},{"lineNumber":17,"author":{"gitId":"yaololo"},"content":"                    Ui.bye();","lastModifiedDate":"2021-09-03"},{"lineNumber":18,"author":{"gitId":"yaololo"},"content":"                    isExit \u003d true;","lastModifiedDate":"2021-09-03"},{"lineNumber":19,"author":{"gitId":"yaololo"},"content":"                    continue;","lastModifiedDate":"2021-09-03"},{"lineNumber":20,"author":{"gitId":"yaololo"},"content":"                }","lastModifiedDate":"2021-09-03"},{"lineNumber":21,"author":{"gitId":"yaololo"},"content":"","lastModifiedDate":"2021-09-03"},{"lineNumber":22,"author":{"gitId":"yaololo"},"content":"                if(userCommand.equals(\"list\")) {","lastModifiedDate":"2021-09-03"},{"lineNumber":23,"author":{"gitId":"yaololo"},"content":"                    Ui.printList(list.getList());","lastModifiedDate":"2021-09-03"},{"lineNumber":24,"author":{"gitId":"yaololo"},"content":"                    continue;","lastModifiedDate":"2021-09-03"},{"lineNumber":25,"author":{"gitId":"yaololo"},"content":"                }","lastModifiedDate":"2021-09-03"},{"lineNumber":26,"author":{"gitId":"yaololo"},"content":"","lastModifiedDate":"2021-09-03"},{"lineNumber":27,"author":{"gitId":"yaololo"},"content":"                Ui.print(userCommand);","lastModifiedDate":"2021-09-03"},{"lineNumber":28,"author":{"gitId":"yaololo"},"content":"                list.addItem(userCommand);","lastModifiedDate":"2021-09-03"},{"lineNumber":29,"author":{"gitId":"yaololo"},"content":"","lastModifiedDate":"2021-09-03"},{"lineNumber":30,"author":{"gitId":"yaololo"},"content":"            } catch (Exception e) {","lastModifiedDate":"2021-09-03"},{"lineNumber":31,"author":{"gitId":"yaololo"},"content":"                Ui.print(\"Parsing error: \"+e.getMessage());","lastModifiedDate":"2021-09-03"},{"lineNumber":32,"author":{"gitId":"yaololo"},"content":"            }","lastModifiedDate":"2021-09-03"},{"lineNumber":33,"author":{"gitId":"yaololo"},"content":"        }","lastModifiedDate":"2021-09-03"},{"lineNumber":34,"author":{"gitId":"yaololo"},"content":"","lastModifiedDate":"2021-09-03"},{"lineNumber":35,"author":{"gitId":"-"},"content":"    }","lastModifiedDate":"2019-07-29"},{"lineNumber":36,"author":{"gitId":"-"},"content":"}","lastModifiedDate":"2019-07-29"}],"authorContributionMap":{"yaololo":32,"-":4}},{"path":"src/main/java/Ui/Ui.java","fileType":"java","lines":[{"lineNumber":1,"author":{"gitId":"yaololo"},"content":"package Ui;","lastModifiedDate":"2021-08-28"},{"lineNumber":2,"author":{"gitId":"yaololo"},"content":"","lastModifiedDate":"2021-08-28"},{"lineNumber":3,"author":{"gitId":"yaololo"},"content":"import java.lang.reflect.Array;","lastModifiedDate":"2021-09-03"},{"lineNumber":4,"author":{"gitId":"yaololo"},"content":"import java.util.ArrayList;","lastModifiedDate":"2021-09-03"},{"lineNumber":5,"author":{"gitId":"yaololo"},"content":"","lastModifiedDate":"2021-09-03"},{"lineNumber":6,"author":{"gitId":"yaololo"},"content":"public class Ui {","lastModifiedDate":"2021-08-28"},{"lineNumber":7,"author":{"gitId":"yaololo"},"content":"    private static String indentation \u003d \"          \";","lastModifiedDate":"2021-09-03"},{"lineNumber":8,"author":{"gitId":"yaololo"},"content":"","lastModifiedDate":"2021-09-03"},{"lineNumber":9,"author":{"gitId":"yaololo"},"content":"    public static  void  welcome () {","lastModifiedDate":"2021-09-03"},{"lineNumber":10,"author":{"gitId":"yaololo"},"content":"        print(\"Hello! I\u0027m Duke\\n\" +  indentation + \"can I do for you?\");","lastModifiedDate":"2021-09-03"},{"lineNumber":11,"author":{"gitId":"yaololo"},"content":"    }","lastModifiedDate":"2021-08-28"},{"lineNumber":12,"author":{"gitId":"yaololo"},"content":"","lastModifiedDate":"2021-08-28"},{"lineNumber":13,"author":{"gitId":"yaololo"},"content":"    public static void bye () {","lastModifiedDate":"2021-09-03"},{"lineNumber":14,"author":{"gitId":"yaololo"},"content":"        print(\"Bye. Hope to see you again soon!\");","lastModifiedDate":"2021-09-03"},{"lineNumber":15,"author":{"gitId":"yaololo"},"content":"    }","lastModifiedDate":"2021-08-28"},{"lineNumber":16,"author":{"gitId":"yaololo"},"content":"","lastModifiedDate":"2021-08-28"},{"lineNumber":17,"author":{"gitId":"yaololo"},"content":"    public static void print(String message) {","lastModifiedDate":"2021-09-03"},{"lineNumber":18,"author":{"gitId":"yaololo"},"content":"        printLine();","lastModifiedDate":"2021-09-03"},{"lineNumber":19,"author":{"gitId":"yaololo"},"content":"        System.out.println(indentation + message);","lastModifiedDate":"2021-09-03"},{"lineNumber":20,"author":{"gitId":"yaololo"},"content":"        printLine();","lastModifiedDate":"2021-09-03"},{"lineNumber":21,"author":{"gitId":"yaololo"},"content":"    }","lastModifiedDate":"2021-09-03"},{"lineNumber":22,"author":{"gitId":"yaololo"},"content":"    ","lastModifiedDate":"2021-09-03"},{"lineNumber":23,"author":{"gitId":"yaololo"},"content":"    public static void printList(ArrayList\u003cString\u003e list) {","lastModifiedDate":"2021-09-03"},{"lineNumber":24,"author":{"gitId":"yaololo"},"content":"        int index \u003d 1;","lastModifiedDate":"2021-09-03"},{"lineNumber":25,"author":{"gitId":"yaololo"},"content":"        printLine();","lastModifiedDate":"2021-09-03"},{"lineNumber":26,"author":{"gitId":"yaololo"},"content":"","lastModifiedDate":"2021-09-03"},{"lineNumber":27,"author":{"gitId":"yaololo"},"content":"        for (String listItem : list) {","lastModifiedDate":"2021-09-03"},{"lineNumber":28,"author":{"gitId":"yaololo"},"content":"            System.out.println(indentation + index + \". \" + listItem);","lastModifiedDate":"2021-09-03"},{"lineNumber":29,"author":{"gitId":"yaololo"},"content":"            index +\u003d1;","lastModifiedDate":"2021-09-03"},{"lineNumber":30,"author":{"gitId":"yaololo"},"content":"        }","lastModifiedDate":"2021-09-03"},{"lineNumber":31,"author":{"gitId":"yaololo"},"content":"","lastModifiedDate":"2021-09-03"},{"lineNumber":32,"author":{"gitId":"yaololo"},"content":"        printLine();","lastModifiedDate":"2021-09-03"},{"lineNumber":33,"author":{"gitId":"yaololo"},"content":"    }","lastModifiedDate":"2021-09-03"},{"lineNumber":34,"author":{"gitId":"yaololo"},"content":"","lastModifiedDate":"2021-09-03"},{"lineNumber":35,"author":{"gitId":"yaololo"},"content":"    private static void printLine() {","lastModifiedDate":"2021-09-03"},{"lineNumber":36,"author":{"gitId":"yaololo"},"content":"        System.out.println(\"     ____________________________________________________________\");","lastModifiedDate":"2021-08-28"},{"lineNumber":37,"author":{"gitId":"yaololo"},"content":"    }","lastModifiedDate":"2021-08-28"},{"lineNumber":38,"author":{"gitId":"yaololo"},"content":"}","lastModifiedDate":"2021-08-28"}],"authorContributionMap":{"yaololo":38}},{"path":"src/main/java/UserList/UserList.java","fileType":"java","lines":[{"lineNumber":1,"author":{"gitId":"yaololo"},"content":"package UserList;","lastModifiedDate":"2021-09-03"},{"lineNumber":2,"author":{"gitId":"yaololo"},"content":"","lastModifiedDate":"2021-09-03"},{"lineNumber":3,"author":{"gitId":"yaololo"},"content":"import java.util.ArrayList;","lastModifiedDate":"2021-09-03"},{"lineNumber":4,"author":{"gitId":"yaololo"},"content":"","lastModifiedDate":"2021-09-03"},{"lineNumber":5,"author":{"gitId":"yaololo"},"content":"public class UserList {","lastModifiedDate":"2021-09-03"},{"lineNumber":6,"author":{"gitId":"yaololo"},"content":"    private ArrayList\u003cString\u003e list \u003d new ArrayList\u003c\u003e();","lastModifiedDate":"2021-09-03"},{"lineNumber":7,"author":{"gitId":"yaololo"},"content":"","lastModifiedDate":"2021-09-03"},{"lineNumber":8,"author":{"gitId":"yaololo"},"content":"    public void addItem (String item){","lastModifiedDate":"2021-09-03"},{"lineNumber":9,"author":{"gitId":"yaololo"},"content":"        this.list.add((item));","lastModifiedDate":"2021-09-03"},{"lineNumber":10,"author":{"gitId":"yaololo"},"content":"    }","lastModifiedDate":"2021-09-03"},{"lineNumber":11,"author":{"gitId":"yaololo"},"content":"","lastModifiedDate":"2021-09-03"},{"lineNumber":12,"author":{"gitId":"yaololo"},"content":"    public ArrayList\u003cString\u003e getList() { return this.list; }","lastModifiedDate":"2021-09-03"},{"lineNumber":13,"author":{"gitId":"yaololo"},"content":"}","lastModifiedDate":"2021-09-03"}],"authorContributionMap":{"yaololo":13}}]
