[{"path":"src/main/java/Duke.java","fileType":"java","lines":[{"lineNumber":1,"author":{"gitId":"yaololo"},"content":"import Ui.Ui;","lastModifiedDate":"2021-09-03"},{"lineNumber":2,"author":{"gitId":"yaololo"},"content":"import UserList.UserList;","lastModifiedDate":"2021-09-03"},{"lineNumber":3,"author":{"gitId":"yaololo"},"content":"import command.Command;","lastModifiedDate":"2021-09-05"},{"lineNumber":4,"author":{"gitId":"yaololo"},"content":"","lastModifiedDate":"2021-09-05"},{"lineNumber":5,"author":{"gitId":"yaololo"},"content":"import java.util.Scanner;","lastModifiedDate":"2021-09-05"},{"lineNumber":6,"author":{"gitId":"yaololo"},"content":"","lastModifiedDate":"2021-09-03"},{"lineNumber":7,"author":{"gitId":"-"},"content":"public class Duke {","lastModifiedDate":"2019-07-29"},{"lineNumber":8,"author":{"gitId":"-"},"content":"    public static void main(String[] args) {","lastModifiedDate":"2019-07-29"},{"lineNumber":9,"author":{"gitId":"yaololo"},"content":"        Ui.welcome();","lastModifiedDate":"2021-09-03"},{"lineNumber":10,"author":{"gitId":"yaololo"},"content":"        UserList list \u003d new UserList();","lastModifiedDate":"2021-09-03"},{"lineNumber":11,"author":{"gitId":"yaololo"},"content":"","lastModifiedDate":"2021-09-03"},{"lineNumber":12,"author":{"gitId":"yaololo"},"content":"        boolean isExit \u003d false;","lastModifiedDate":"2021-09-03"},{"lineNumber":13,"author":{"gitId":"yaololo"},"content":"","lastModifiedDate":"2021-09-05"},{"lineNumber":14,"author":{"gitId":"yaololo"},"content":"        while (!isExit) {","lastModifiedDate":"2021-09-03"},{"lineNumber":15,"author":{"gitId":"yaololo"},"content":"            try {","lastModifiedDate":"2021-09-03"},{"lineNumber":16,"author":{"gitId":"yaololo"},"content":"                Scanner in \u003d new Scanner(System.in);","lastModifiedDate":"2021-09-03"},{"lineNumber":17,"author":{"gitId":"yaololo"},"content":"                String userCommand \u003d in.nextLine().trim();","lastModifiedDate":"2021-09-03"},{"lineNumber":18,"author":{"gitId":"yaololo"},"content":"                Command command \u003d new Command(list, userCommand);","lastModifiedDate":"2021-09-05"},{"lineNumber":19,"author":{"gitId":"yaololo"},"content":"                isExit \u003d command.getIsExit();","lastModifiedDate":"2021-09-05"},{"lineNumber":20,"author":{"gitId":"yaololo"},"content":"            } catch (Exception e) {","lastModifiedDate":"2021-09-03"},{"lineNumber":21,"author":{"gitId":"yaololo"},"content":"                Ui.print(\"Parsing error: \"+e.getMessage());","lastModifiedDate":"2021-09-03"},{"lineNumber":22,"author":{"gitId":"yaololo"},"content":"            }","lastModifiedDate":"2021-09-03"},{"lineNumber":23,"author":{"gitId":"yaololo"},"content":"        }","lastModifiedDate":"2021-09-03"},{"lineNumber":24,"author":{"gitId":"-"},"content":"    }","lastModifiedDate":"2019-07-29"},{"lineNumber":25,"author":{"gitId":"-"},"content":"}","lastModifiedDate":"2019-07-29"}],"authorContributionMap":{"yaololo":21,"-":4}},{"path":"src/main/java/Ui/Ui.java","fileType":"java","lines":[{"lineNumber":1,"author":{"gitId":"yaololo"},"content":"package Ui;","lastModifiedDate":"2021-08-28"},{"lineNumber":2,"author":{"gitId":"yaololo"},"content":"","lastModifiedDate":"2021-08-28"},{"lineNumber":3,"author":{"gitId":"yaololo"},"content":"import java.lang.reflect.Array;","lastModifiedDate":"2021-09-03"},{"lineNumber":4,"author":{"gitId":"yaololo"},"content":"import java.util.ArrayList;","lastModifiedDate":"2021-09-03"},{"lineNumber":5,"author":{"gitId":"yaololo"},"content":"","lastModifiedDate":"2021-09-03"},{"lineNumber":6,"author":{"gitId":"yaololo"},"content":"public class Ui {","lastModifiedDate":"2021-08-28"},{"lineNumber":7,"author":{"gitId":"yaololo"},"content":"    private static String indentation \u003d \"          \";","lastModifiedDate":"2021-09-03"},{"lineNumber":8,"author":{"gitId":"yaololo"},"content":"","lastModifiedDate":"2021-09-03"},{"lineNumber":9,"author":{"gitId":"yaololo"},"content":"    public static  void  welcome () {","lastModifiedDate":"2021-09-03"},{"lineNumber":10,"author":{"gitId":"yaololo"},"content":"        print(\"Hello! I\u0027m Duke\\n\" +  indentation + \"can I do for you?\");","lastModifiedDate":"2021-09-03"},{"lineNumber":11,"author":{"gitId":"yaololo"},"content":"    }","lastModifiedDate":"2021-08-28"},{"lineNumber":12,"author":{"gitId":"yaololo"},"content":"","lastModifiedDate":"2021-08-28"},{"lineNumber":13,"author":{"gitId":"yaololo"},"content":"    public static void bye () {","lastModifiedDate":"2021-09-03"},{"lineNumber":14,"author":{"gitId":"yaololo"},"content":"        print(\"Bye. Hope to see you again soon!\");","lastModifiedDate":"2021-09-03"},{"lineNumber":15,"author":{"gitId":"yaololo"},"content":"    }","lastModifiedDate":"2021-08-28"},{"lineNumber":16,"author":{"gitId":"yaololo"},"content":"","lastModifiedDate":"2021-08-28"},{"lineNumber":17,"author":{"gitId":"yaololo"},"content":"    public static void print(String message) {","lastModifiedDate":"2021-09-03"},{"lineNumber":18,"author":{"gitId":"yaololo"},"content":"        printLine();","lastModifiedDate":"2021-09-03"},{"lineNumber":19,"author":{"gitId":"yaololo"},"content":"        System.out.println(indentation + message);","lastModifiedDate":"2021-09-03"},{"lineNumber":20,"author":{"gitId":"yaololo"},"content":"        printLine();","lastModifiedDate":"2021-09-03"},{"lineNumber":21,"author":{"gitId":"yaololo"},"content":"    }","lastModifiedDate":"2021-09-03"},{"lineNumber":22,"author":{"gitId":"yaololo"},"content":"    ","lastModifiedDate":"2021-09-03"},{"lineNumber":23,"author":{"gitId":"yaololo"},"content":"    public static void printList(ArrayList\u003cString\u003e list) {","lastModifiedDate":"2021-09-03"},{"lineNumber":24,"author":{"gitId":"yaololo"},"content":"        int index \u003d 1;","lastModifiedDate":"2021-09-03"},{"lineNumber":25,"author":{"gitId":"yaololo"},"content":"        printLine();","lastModifiedDate":"2021-09-03"},{"lineNumber":26,"author":{"gitId":"yaololo"},"content":"","lastModifiedDate":"2021-09-03"},{"lineNumber":27,"author":{"gitId":"yaololo"},"content":"        for (String listItem : list) {","lastModifiedDate":"2021-09-03"},{"lineNumber":28,"author":{"gitId":"yaololo"},"content":"            System.out.println(indentation + index + \". \" + listItem);","lastModifiedDate":"2021-09-03"},{"lineNumber":29,"author":{"gitId":"yaololo"},"content":"            index +\u003d1;","lastModifiedDate":"2021-09-03"},{"lineNumber":30,"author":{"gitId":"yaololo"},"content":"        }","lastModifiedDate":"2021-09-03"},{"lineNumber":31,"author":{"gitId":"yaololo"},"content":"","lastModifiedDate":"2021-09-03"},{"lineNumber":32,"author":{"gitId":"yaololo"},"content":"        printLine();","lastModifiedDate":"2021-09-03"},{"lineNumber":33,"author":{"gitId":"yaololo"},"content":"    }","lastModifiedDate":"2021-09-03"},{"lineNumber":34,"author":{"gitId":"yaololo"},"content":"","lastModifiedDate":"2021-09-03"},{"lineNumber":35,"author":{"gitId":"yaololo"},"content":"    public static void printMarkedDone(String message){","lastModifiedDate":"2021-09-05"},{"lineNumber":36,"author":{"gitId":"yaololo"},"content":"        printLine();","lastModifiedDate":"2021-09-05"},{"lineNumber":37,"author":{"gitId":"yaololo"},"content":"        System.out.println(\"      \" + \"Nice! I\u0027ve marked this task as done: \");","lastModifiedDate":"2021-09-05"},{"lineNumber":38,"author":{"gitId":"yaololo"},"content":"        System.out.println(indentation + message);","lastModifiedDate":"2021-09-05"},{"lineNumber":39,"author":{"gitId":"yaololo"},"content":"        printLine();","lastModifiedDate":"2021-09-05"},{"lineNumber":40,"author":{"gitId":"yaololo"},"content":"    }","lastModifiedDate":"2021-09-05"},{"lineNumber":41,"author":{"gitId":"yaololo"},"content":"","lastModifiedDate":"2021-09-05"},{"lineNumber":42,"author":{"gitId":"yaololo"},"content":"    private static void printLine() {","lastModifiedDate":"2021-09-03"},{"lineNumber":43,"author":{"gitId":"yaololo"},"content":"        System.out.println(\"     ____________________________________________________________\");","lastModifiedDate":"2021-08-28"},{"lineNumber":44,"author":{"gitId":"yaololo"},"content":"    }","lastModifiedDate":"2021-08-28"},{"lineNumber":45,"author":{"gitId":"yaololo"},"content":"}","lastModifiedDate":"2021-08-28"}],"authorContributionMap":{"yaololo":45}},{"path":"src/main/java/UserList/UserList.java","fileType":"java","lines":[{"lineNumber":1,"author":{"gitId":"yaololo"},"content":"package UserList;","lastModifiedDate":"2021-09-03"},{"lineNumber":2,"author":{"gitId":"yaololo"},"content":"","lastModifiedDate":"2021-09-03"},{"lineNumber":3,"author":{"gitId":"yaololo"},"content":"import java.util.ArrayList;","lastModifiedDate":"2021-09-03"},{"lineNumber":4,"author":{"gitId":"yaololo"},"content":"import task.Task;","lastModifiedDate":"2021-09-03"},{"lineNumber":5,"author":{"gitId":"yaololo"},"content":"","lastModifiedDate":"2021-09-03"},{"lineNumber":6,"author":{"gitId":"yaololo"},"content":"public class UserList {","lastModifiedDate":"2021-09-03"},{"lineNumber":7,"author":{"gitId":"yaololo"},"content":"    private ArrayList\u003cTask\u003e list \u003d new ArrayList\u003c\u003e();","lastModifiedDate":"2021-09-03"},{"lineNumber":8,"author":{"gitId":"yaololo"},"content":"","lastModifiedDate":"2021-09-03"},{"lineNumber":9,"author":{"gitId":"yaololo"},"content":"    public void addItem (String item){","lastModifiedDate":"2021-09-03"},{"lineNumber":10,"author":{"gitId":"yaololo"},"content":"        Task task \u003d new Task(item);","lastModifiedDate":"2021-09-03"},{"lineNumber":11,"author":{"gitId":"yaololo"},"content":"        this.list.add(task);","lastModifiedDate":"2021-09-03"},{"lineNumber":12,"author":{"gitId":"yaololo"},"content":"    }","lastModifiedDate":"2021-09-03"},{"lineNumber":13,"author":{"gitId":"yaololo"},"content":"","lastModifiedDate":"2021-09-03"},{"lineNumber":14,"author":{"gitId":"yaololo"},"content":"    public ArrayList\u003cTask\u003e getList() { return this.list; }","lastModifiedDate":"2021-09-03"},{"lineNumber":15,"author":{"gitId":"yaololo"},"content":"","lastModifiedDate":"2021-09-03"},{"lineNumber":16,"author":{"gitId":"yaololo"},"content":"    public ArrayList\u003cString\u003e getSerializedList () {","lastModifiedDate":"2021-09-03"},{"lineNumber":17,"author":{"gitId":"yaololo"},"content":"        ArrayList\u003cString\u003e taskList \u003d new ArrayList\u003c\u003e();","lastModifiedDate":"2021-09-03"},{"lineNumber":18,"author":{"gitId":"yaololo"},"content":"","lastModifiedDate":"2021-09-03"},{"lineNumber":19,"author":{"gitId":"yaololo"},"content":"        for (Task task : this.list) {","lastModifiedDate":"2021-09-03"},{"lineNumber":20,"author":{"gitId":"yaololo"},"content":"            String status \u003d \"[\" + task.getStatusIcon() + \"]\";","lastModifiedDate":"2021-09-03"},{"lineNumber":21,"author":{"gitId":"yaololo"},"content":"            taskList.add(status + \" \" + task.getDescription());","lastModifiedDate":"2021-09-03"},{"lineNumber":22,"author":{"gitId":"yaololo"},"content":"        }","lastModifiedDate":"2021-09-03"},{"lineNumber":23,"author":{"gitId":"yaololo"},"content":"","lastModifiedDate":"2021-09-03"},{"lineNumber":24,"author":{"gitId":"yaololo"},"content":"        return taskList;","lastModifiedDate":"2021-09-03"},{"lineNumber":25,"author":{"gitId":"yaololo"},"content":"    }","lastModifiedDate":"2021-09-03"},{"lineNumber":26,"author":{"gitId":"yaololo"},"content":"","lastModifiedDate":"2021-09-03"},{"lineNumber":27,"author":{"gitId":"yaololo"},"content":"","lastModifiedDate":"2021-09-03"},{"lineNumber":28,"author":{"gitId":"yaololo"},"content":"}","lastModifiedDate":"2021-09-03"}],"authorContributionMap":{"yaololo":28}},{"path":"src/main/java/command/Command.java","fileType":"java","lines":[{"lineNumber":1,"author":{"gitId":"yaololo"},"content":"package command;","lastModifiedDate":"2021-09-05"},{"lineNumber":2,"author":{"gitId":"yaololo"},"content":"","lastModifiedDate":"2021-09-05"},{"lineNumber":3,"author":{"gitId":"yaololo"},"content":"import Ui.Ui;","lastModifiedDate":"2021-09-05"},{"lineNumber":4,"author":{"gitId":"yaololo"},"content":"import UserList.UserList;","lastModifiedDate":"2021-09-05"},{"lineNumber":5,"author":{"gitId":"yaololo"},"content":"import exception.ErrorHandler;","lastModifiedDate":"2021-09-05"},{"lineNumber":6,"author":{"gitId":"yaololo"},"content":"import parser.Parser;","lastModifiedDate":"2021-09-05"},{"lineNumber":7,"author":{"gitId":"yaololo"},"content":"","lastModifiedDate":"2021-09-05"},{"lineNumber":8,"author":{"gitId":"yaololo"},"content":"public class Command {","lastModifiedDate":"2021-09-05"},{"lineNumber":9,"author":{"gitId":"yaololo"},"content":"    private boolean isExit \u003d false;","lastModifiedDate":"2021-09-05"},{"lineNumber":10,"author":{"gitId":"yaololo"},"content":"","lastModifiedDate":"2021-09-05"},{"lineNumber":11,"author":{"gitId":"yaololo"},"content":"    public  Command(UserList list, String userInput) throws ErrorHandler {","lastModifiedDate":"2021-09-05"},{"lineNumber":12,"author":{"gitId":"yaololo"},"content":"        this.process(list, userInput);","lastModifiedDate":"2021-09-05"},{"lineNumber":13,"author":{"gitId":"yaololo"},"content":"    }","lastModifiedDate":"2021-09-05"},{"lineNumber":14,"author":{"gitId":"yaololo"},"content":"","lastModifiedDate":"2021-09-05"},{"lineNumber":15,"author":{"gitId":"yaololo"},"content":"    private void process (UserList list, String userInput) throws ErrorHandler {","lastModifiedDate":"2021-09-05"},{"lineNumber":16,"author":{"gitId":"yaololo"},"content":"        Parser parser \u003d new Parser(userInput);","lastModifiedDate":"2021-09-05"},{"lineNumber":17,"author":{"gitId":"yaololo"},"content":"","lastModifiedDate":"2021-09-05"},{"lineNumber":18,"author":{"gitId":"yaololo"},"content":"        switch (parser.getCommandWord()) {","lastModifiedDate":"2021-09-05"},{"lineNumber":19,"author":{"gitId":"yaololo"},"content":"            case \"bye\":","lastModifiedDate":"2021-09-05"},{"lineNumber":20,"author":{"gitId":"yaololo"},"content":"                Ui.bye();","lastModifiedDate":"2021-09-05"},{"lineNumber":21,"author":{"gitId":"yaololo"},"content":"                this.isExit \u003d true;","lastModifiedDate":"2021-09-05"},{"lineNumber":22,"author":{"gitId":"yaololo"},"content":"                break;","lastModifiedDate":"2021-09-05"},{"lineNumber":23,"author":{"gitId":"yaololo"},"content":"            case \"list\":","lastModifiedDate":"2021-09-05"},{"lineNumber":24,"author":{"gitId":"yaololo"},"content":"                Ui.printList(list.getSerializedList());","lastModifiedDate":"2021-09-05"},{"lineNumber":25,"author":{"gitId":"yaololo"},"content":"                break;","lastModifiedDate":"2021-09-05"},{"lineNumber":26,"author":{"gitId":"yaololo"},"content":"            case \"done\":","lastModifiedDate":"2021-09-05"},{"lineNumber":27,"author":{"gitId":"yaololo"},"content":"                int index \u003dInteger.parseInt(parser.getContent());","lastModifiedDate":"2021-09-05"},{"lineNumber":28,"author":{"gitId":"yaololo"},"content":"                if(index \u003e 0 \u0026\u0026 index \u003c\u003d list.getList().size()) {","lastModifiedDate":"2021-09-05"},{"lineNumber":29,"author":{"gitId":"yaololo"},"content":"                    list.getList().get(index - 1).setStatus(true);","lastModifiedDate":"2021-09-05"},{"lineNumber":30,"author":{"gitId":"yaololo"},"content":"                    Ui.printMarkedDone(list.getSerializedList().get(index - 1));","lastModifiedDate":"2021-09-05"},{"lineNumber":31,"author":{"gitId":"yaololo"},"content":"                } else {","lastModifiedDate":"2021-09-05"},{"lineNumber":32,"author":{"gitId":"yaololo"},"content":"                    throw new ErrorHandler(\"Task number keyed in is wrong.\");","lastModifiedDate":"2021-09-05"},{"lineNumber":33,"author":{"gitId":"yaololo"},"content":"                }","lastModifiedDate":"2021-09-05"},{"lineNumber":34,"author":{"gitId":"yaololo"},"content":"                break;","lastModifiedDate":"2021-09-05"},{"lineNumber":35,"author":{"gitId":"yaololo"},"content":"            default:","lastModifiedDate":"2021-09-05"},{"lineNumber":36,"author":{"gitId":"yaololo"},"content":"                list.addItem(userInput);","lastModifiedDate":"2021-09-05"},{"lineNumber":37,"author":{"gitId":"yaololo"},"content":"                Ui.print(userInput);","lastModifiedDate":"2021-09-05"},{"lineNumber":38,"author":{"gitId":"yaololo"},"content":"                break;","lastModifiedDate":"2021-09-05"},{"lineNumber":39,"author":{"gitId":"yaololo"},"content":"        }","lastModifiedDate":"2021-09-05"},{"lineNumber":40,"author":{"gitId":"yaololo"},"content":"    }","lastModifiedDate":"2021-09-05"},{"lineNumber":41,"author":{"gitId":"yaololo"},"content":"","lastModifiedDate":"2021-09-05"},{"lineNumber":42,"author":{"gitId":"yaololo"},"content":"    public boolean getIsExit() {return this.isExit;}","lastModifiedDate":"2021-09-05"},{"lineNumber":43,"author":{"gitId":"yaololo"},"content":"}","lastModifiedDate":"2021-09-05"}],"authorContributionMap":{"yaololo":43}},{"path":"src/main/java/exception/ErrorHandler.java","fileType":"java","lines":[{"lineNumber":1,"author":{"gitId":"yaololo"},"content":"package exception;","lastModifiedDate":"2021-09-05"},{"lineNumber":2,"author":{"gitId":"yaololo"},"content":"","lastModifiedDate":"2021-09-05"},{"lineNumber":3,"author":{"gitId":"yaololo"},"content":"public class ErrorHandler extends  Exception {","lastModifiedDate":"2021-09-05"},{"lineNumber":4,"author":{"gitId":"yaololo"},"content":"    public ErrorHandler(String errorMessage) {","lastModifiedDate":"2021-09-05"},{"lineNumber":5,"author":{"gitId":"yaololo"},"content":"        super(errorMessage);","lastModifiedDate":"2021-09-05"},{"lineNumber":6,"author":{"gitId":"yaololo"},"content":"    }","lastModifiedDate":"2021-09-05"},{"lineNumber":7,"author":{"gitId":"yaololo"},"content":"","lastModifiedDate":"2021-09-05"},{"lineNumber":8,"author":{"gitId":"yaololo"},"content":"}","lastModifiedDate":"2021-09-05"}],"authorContributionMap":{"yaololo":8}},{"path":"src/main/java/parser/Parser.java","fileType":"java","lines":[{"lineNumber":1,"author":{"gitId":"yaololo"},"content":"package parser;","lastModifiedDate":"2021-09-05"},{"lineNumber":2,"author":{"gitId":"yaololo"},"content":"","lastModifiedDate":"2021-09-05"},{"lineNumber":3,"author":{"gitId":"yaololo"},"content":"public class Parser {","lastModifiedDate":"2021-09-05"},{"lineNumber":4,"author":{"gitId":"yaololo"},"content":"    private String commandWord \u003d \"\";","lastModifiedDate":"2021-09-05"},{"lineNumber":5,"author":{"gitId":"yaololo"},"content":"    private String content \u003d \"\";","lastModifiedDate":"2021-09-05"},{"lineNumber":6,"author":{"gitId":"yaololo"},"content":"","lastModifiedDate":"2021-09-05"},{"lineNumber":7,"author":{"gitId":"yaololo"},"content":"    public Parser(String userInput) {","lastModifiedDate":"2021-09-05"},{"lineNumber":8,"author":{"gitId":"yaololo"},"content":"        this.parseInput(userInput);","lastModifiedDate":"2021-09-05"},{"lineNumber":9,"author":{"gitId":"yaololo"},"content":"    }","lastModifiedDate":"2021-09-05"},{"lineNumber":10,"author":{"gitId":"yaololo"},"content":"","lastModifiedDate":"2021-09-05"},{"lineNumber":11,"author":{"gitId":"yaololo"},"content":"    public String getCommandWord() {","lastModifiedDate":"2021-09-05"},{"lineNumber":12,"author":{"gitId":"yaololo"},"content":"        return commandWord;","lastModifiedDate":"2021-09-05"},{"lineNumber":13,"author":{"gitId":"yaololo"},"content":"    }","lastModifiedDate":"2021-09-05"},{"lineNumber":14,"author":{"gitId":"yaololo"},"content":"","lastModifiedDate":"2021-09-05"},{"lineNumber":15,"author":{"gitId":"yaololo"},"content":"    public String getContent() {","lastModifiedDate":"2021-09-05"},{"lineNumber":16,"author":{"gitId":"yaololo"},"content":"        return content;","lastModifiedDate":"2021-09-05"},{"lineNumber":17,"author":{"gitId":"yaololo"},"content":"    }","lastModifiedDate":"2021-09-05"},{"lineNumber":18,"author":{"gitId":"yaololo"},"content":"","lastModifiedDate":"2021-09-05"},{"lineNumber":19,"author":{"gitId":"yaololo"},"content":"    private void parseInput (String input) {","lastModifiedDate":"2021-09-05"},{"lineNumber":20,"author":{"gitId":"yaololo"},"content":"        String[] result \u003d input.split(\" \", 2);","lastModifiedDate":"2021-09-05"},{"lineNumber":21,"author":{"gitId":"yaololo"},"content":"        this.commandWord \u003d result[0];","lastModifiedDate":"2021-09-05"},{"lineNumber":22,"author":{"gitId":"yaololo"},"content":"","lastModifiedDate":"2021-09-05"},{"lineNumber":23,"author":{"gitId":"yaololo"},"content":"        if(result.length \u003e 1) {","lastModifiedDate":"2021-09-05"},{"lineNumber":24,"author":{"gitId":"yaololo"},"content":"            this.content \u003d result[1];","lastModifiedDate":"2021-09-05"},{"lineNumber":25,"author":{"gitId":"yaololo"},"content":"        }","lastModifiedDate":"2021-09-05"},{"lineNumber":26,"author":{"gitId":"yaololo"},"content":"    }","lastModifiedDate":"2021-09-05"},{"lineNumber":27,"author":{"gitId":"yaololo"},"content":"}","lastModifiedDate":"2021-09-05"}],"authorContributionMap":{"yaololo":27}},{"path":"src/main/java/task/Task.java","fileType":"java","lines":[{"lineNumber":1,"author":{"gitId":"yaololo"},"content":"package task;","lastModifiedDate":"2021-09-03"},{"lineNumber":2,"author":{"gitId":"yaololo"},"content":"","lastModifiedDate":"2021-09-03"},{"lineNumber":3,"author":{"gitId":"yaololo"},"content":"public class Task {","lastModifiedDate":"2021-09-03"},{"lineNumber":4,"author":{"gitId":"yaololo"},"content":"    protected String description;","lastModifiedDate":"2021-09-03"},{"lineNumber":5,"author":{"gitId":"yaololo"},"content":"    protected boolean isDone;","lastModifiedDate":"2021-09-03"},{"lineNumber":6,"author":{"gitId":"yaololo"},"content":"","lastModifiedDate":"2021-09-03"},{"lineNumber":7,"author":{"gitId":"yaololo"},"content":"    public Task(String description) {","lastModifiedDate":"2021-09-03"},{"lineNumber":8,"author":{"gitId":"yaololo"},"content":"        this.description \u003d description;","lastModifiedDate":"2021-09-03"},{"lineNumber":9,"author":{"gitId":"yaololo"},"content":"        this.isDone \u003d false;","lastModifiedDate":"2021-09-03"},{"lineNumber":10,"author":{"gitId":"yaololo"},"content":"    }","lastModifiedDate":"2021-09-03"},{"lineNumber":11,"author":{"gitId":"yaololo"},"content":"","lastModifiedDate":"2021-09-03"},{"lineNumber":12,"author":{"gitId":"yaololo"},"content":"    public String getStatusIcon() {","lastModifiedDate":"2021-09-03"},{"lineNumber":13,"author":{"gitId":"yaololo"},"content":"        return (isDone ? \"X\" : \" \"); // mark done task with X","lastModifiedDate":"2021-09-03"},{"lineNumber":14,"author":{"gitId":"yaololo"},"content":"    }","lastModifiedDate":"2021-09-03"},{"lineNumber":15,"author":{"gitId":"yaololo"},"content":"","lastModifiedDate":"2021-09-03"},{"lineNumber":16,"author":{"gitId":"yaololo"},"content":"    public String getDescription() {","lastModifiedDate":"2021-09-03"},{"lineNumber":17,"author":{"gitId":"yaololo"},"content":"        return this.description;","lastModifiedDate":"2021-09-03"},{"lineNumber":18,"author":{"gitId":"yaololo"},"content":"    }","lastModifiedDate":"2021-09-03"},{"lineNumber":19,"author":{"gitId":"yaololo"},"content":"","lastModifiedDate":"2021-09-05"},{"lineNumber":20,"author":{"gitId":"yaololo"},"content":"    public void setStatus(boolean flag) {","lastModifiedDate":"2021-09-05"},{"lineNumber":21,"author":{"gitId":"yaololo"},"content":"        this.isDone \u003d flag;","lastModifiedDate":"2021-09-05"},{"lineNumber":22,"author":{"gitId":"yaololo"},"content":"    }","lastModifiedDate":"2021-09-05"},{"lineNumber":23,"author":{"gitId":"yaololo"},"content":"}","lastModifiedDate":"2021-09-03"}],"authorContributionMap":{"yaololo":23}}]
