[{"path":"src/main/java/Duke.java","fileType":"java","lines":[{"lineNumber":1,"author":{"gitId":"-"},"content":"public class Duke {","lastModifiedDate":"2019-07-29"},{"lineNumber":2,"author":{"gitId":"-"},"content":"    public static void main(String[] args) {","lastModifiedDate":"2019-07-29"},{"lineNumber":3,"author":{"gitId":"yaololo"},"content":"        String greeting \u003d \"____________________________________________________________\\n\" +","lastModifiedDate":"2021-08-28"},{"lineNumber":4,"author":{"gitId":"yaololo"},"content":"                \" Hello! I\u0027m Duke\\n\" +","lastModifiedDate":"2021-08-28"},{"lineNumber":5,"author":{"gitId":"yaololo"},"content":"                \" What can I do for you?\\n\" +","lastModifiedDate":"2021-08-28"},{"lineNumber":6,"author":{"gitId":"yaololo"},"content":"                \"____________________________________________________________\\n\" +","lastModifiedDate":"2021-08-28"},{"lineNumber":7,"author":{"gitId":"yaololo"},"content":"                \" Bye. Hope to see you again soon!\\n\" +","lastModifiedDate":"2021-08-28"},{"lineNumber":8,"author":{"gitId":"yaololo"},"content":"                \"____________________________________________________________\\n\";","lastModifiedDate":"2021-08-28"},{"lineNumber":9,"author":{"gitId":"yaololo"},"content":"        System.out.println(greeting);","lastModifiedDate":"2021-08-28"},{"lineNumber":10,"author":{"gitId":"-"},"content":"    }","lastModifiedDate":"2019-07-29"},{"lineNumber":11,"author":{"gitId":"-"},"content":"}","lastModifiedDate":"2019-07-29"}],"authorContributionMap":{"yaololo":7,"-":4}}]
