{"authorDailyContributionsMap":{"yaololo":[{"date":"2021-08-28","commitResults":[{"hash":"4c56d40b733b88b1600af5259130dff42fd15c0c","messageTitle":"Level 0 greeting task","messageBody":"","tags":["v1.0"],"fileTypesAndContributionMap":{"java":{"insertions":7,"deletions":6}}},{"hash":"f98806562ed12cd446dac30a5fc98b5bd98ac8d9","messageTitle":"Level-1 create Ui class to handle printing function","messageBody":"","fileTypesAndContributionMap":{"java":{"insertions":17,"deletions":0}}}]},{"date":"2021-09-03","commitResults":[{"hash":"b982a15bd79c5e10fe9d8fa6113ccc432b103f03","messageTitle":"Level-1 add greet, echo, exit features","messageBody":"","tags":["v1.1"],"fileTypesAndContributionMap":{"java":{"insertions":32,"deletions":15}}},{"hash":"000add7f2c762b9c4e95bd71ceb6fa6225405c34","messageTitle":"Week 1 Level-2 add list class and update UI class to print list","messageBody":"","tags":["v1.2"],"fileTypesAndContributionMap":{"java":{"insertions":46,"deletions":4}}},{"hash":"ee31a3f89440f1399eb8600dbbd16714bd08e4c2","messageTitle":"Level 3 add Task class","messageBody":"","fileTypesAndContributionMap":{"java":{"insertions":19,"deletions":0}}},{"hash":"af4ce7adf90ccc3c42ba4f8762e20516a9b8873d","messageTitle":"Level 3 modify User list class to handle task object","messageBody":"","fileTypesAndContributionMap":{"java":{"insertions":19,"deletions":4}}}]},{"date":"2021-09-05","commitResults":[{"hash":"b9c4487f6c60d83e9b393b260191c4f1bb71b709","messageTitle":"Week 1, Level-3 add Errorhandler class","messageBody":"","fileTypesAndContributionMap":{"java":{"insertions":8,"deletions":0}}},{"hash":"320ddf2ca918a66d91236d28139d0ce82c0cbc82","messageTitle":"Week 1, Level-3 Command and Parser class to handle user input","messageBody":"","fileTypesAndContributionMap":{"java":{"insertions":65,"deletions":0}}},{"hash":"667890a455327f1bed7626ea47875f4852a81d02","messageTitle":"Week 1, Level-3 create task class and modify userList class to handle new features","messageBody":"","tags":["v1.3"],"fileTypesAndContributionMap":{"java":{"insertions":22,"deletions":17}}}]},{"date":"2021-09-12","commitResults":[{"hash":"cc014c4fc9554698b3f412ed91c222aa424f027f","messageTitle":"Week 2, Level-4. modify task class and ad Todo, Event , and Deadline classes","messageBody":"","fileTypesAndContributionMap":{"java":{"insertions":47,"deletions":0}}},{"hash":"4b1a3ffa863cc178cb848a0e755afda50a4ee60f","messageTitle":"Week 2, Level-4, Add command key word enum and modify Parser class to handle different command","messageBody":"","fileTypesAndContributionMap":{"java":{"insertions":77,"deletions":9}}},{"hash":"fbe09e245288ae339a5d7b8b81a61a42bfa01efb","messageTitle":"Week 2, Level-4, Handle different user command","messageBody":"","tags":["v2.0"],"fileTypesAndContributionMap":{"java":{"insertions":57,"deletions":32}}}]}]},"authorFileTypeContributionMap":{"yaololo":{"java":335,"md":0,"fxml":0,"sh":0,"bat":0,"gradle":0,"txt":0}},"authorContributionVariance":{"yaololo":2137.719},"authorDisplayNameMap":{"yaololo":"TIC4001-F18-6 ZHUA..MING"}}
