{"authorDailyContributionsMap":{"yaololo":[{"date":"2021-08-28","commitResults":[{"hash":"4c56d40b733b88b1600af5259130dff42fd15c0c","messageTitle":"Level 0 greeting task","messageBody":"","tags":["v1.0","Level-0"],"fileTypesAndContributionMap":{"java":{"insertions":7,"deletions":6}}},{"hash":"f98806562ed12cd446dac30a5fc98b5bd98ac8d9","messageTitle":"Level-1 create Ui class to handle printing function","messageBody":"","fileTypesAndContributionMap":{"java":{"insertions":17,"deletions":0}}}]},{"date":"2021-09-03","commitResults":[{"hash":"b982a15bd79c5e10fe9d8fa6113ccc432b103f03","messageTitle":"Level-1 add greet, echo, exit features","messageBody":"","tags":["v1.1","Level-1"],"fileTypesAndContributionMap":{"java":{"insertions":32,"deletions":15}}},{"hash":"000add7f2c762b9c4e95bd71ceb6fa6225405c34","messageTitle":"Week 1 Level-2 add list class and update UI class to print list","messageBody":"","tags":["v1.2","Level-2"],"fileTypesAndContributionMap":{"java":{"insertions":46,"deletions":4}}},{"hash":"ee31a3f89440f1399eb8600dbbd16714bd08e4c2","messageTitle":"Level 3 add Task class","messageBody":"","fileTypesAndContributionMap":{"java":{"insertions":19,"deletions":0}}},{"hash":"af4ce7adf90ccc3c42ba4f8762e20516a9b8873d","messageTitle":"Level 3 modify User list class to handle task object","messageBody":"","fileTypesAndContributionMap":{"java":{"insertions":19,"deletions":4}}}]},{"date":"2021-09-05","commitResults":[{"hash":"b9c4487f6c60d83e9b393b260191c4f1bb71b709","messageTitle":"Week 1, Level-3 add Errorhandler class","messageBody":"","tags":["A-Exceptions"],"fileTypesAndContributionMap":{"java":{"insertions":8,"deletions":0}}},{"hash":"320ddf2ca918a66d91236d28139d0ce82c0cbc82","messageTitle":"Week 1, Level-3 Command and Parser class to handle user input","messageBody":"","fileTypesAndContributionMap":{"java":{"insertions":65,"deletions":0}}},{"hash":"667890a455327f1bed7626ea47875f4852a81d02","messageTitle":"Week 1, Level-3 create task class and modify userList class to handle new features","messageBody":"","tags":["v1.3","Level-3"],"fileTypesAndContributionMap":{"java":{"insertions":22,"deletions":17}}}]},{"date":"2021-09-12","commitResults":[{"hash":"cc014c4fc9554698b3f412ed91c222aa424f027f","messageTitle":"Week 2, Level-4. modify task class and ad Todo, Event , and Deadline classes","messageBody":"","tags":["A-Inheritance"],"fileTypesAndContributionMap":{"java":{"insertions":47,"deletions":0}}},{"hash":"4b1a3ffa863cc178cb848a0e755afda50a4ee60f","messageTitle":"Week 2, Level-4, Add command key word enum and modify Parser class to handle different command","messageBody":"","fileTypesAndContributionMap":{"java":{"insertions":77,"deletions":9}}},{"hash":"fbe09e245288ae339a5d7b8b81a61a42bfa01efb","messageTitle":"Week 2, Level-4, Handle different user command","messageBody":"","tags":["v2.0"],"fileTypesAndContributionMap":{"java":{"insertions":57,"deletions":32}}},{"hash":"e1669a32b6cfb92793da7925190b4d06a07e4466","messageTitle":"Week 2, Level-4, refactor folder name","messageBody":"","tags":["A-CodingStandard"],"fileTypesAndContributionMap":{"java":{"insertions":8,"deletions":8}}},{"hash":"6c8f9196ee8864638cc109489f9f29e540715131","messageTitle":"Week 2, Level-4, update test text-ui-testing","messageBody":"","tags":["v2.1","Level-4","A-TextUiTesting"],"fileTypesAndContributionMap":{"txt":{"insertions":14,"deletions":0},"java":{"insertions":3,"deletions":3},"bat":{"insertions":3,"deletions":2}}}]},{"date":"2021-09-17","commitResults":[{"hash":"2e86abc32f90fe76244e14feefb3ce8913486c34","messageTitle":"Week 4, Level 5, centralize error message.","messageBody":"","tags":["A-CodeQuality"],"fileTypesAndContributionMap":{"java":{"insertions":29,"deletions":7}}},{"hash":"ae92069c7def99378e2a4c726c1dcb5964290f0a","messageTitle":"Week 4, Level 5, refactor Task class into abstract class and toString into abstract method","messageBody":"","tags":["v4.0","A-AbstractClasses"],"fileTypesAndContributionMap":{"java":{"insertions":6,"deletions":12}}},{"hash":"34603bd7f485c71972cfff7f1b34f76a8f027e95","messageTitle":"Week 4, Level 5, remove special character in error message and update test cases","messageBody":"","tags":["v4.1"],"fileTypesAndContributionMap":{"java":{"insertions":8,"deletions":8}}}]},{"date":"2021-09-18","commitResults":[{"hash":"124de894618e2789e0c40a3be7057c15700d0dad","messageTitle":"Week 5, Level 6, add ability to delete task","messageBody":"","fileTypesAndContributionMap":{"java":{"insertions":26,"deletions":3}}}]},{"date":"2021-09-19","commitResults":[{"hash":"9e34499fe4293a41c4e0d9179b25cf8aea7fa8d2","messageTitle":"Level 7, refactor parser class and create data parser class to parse saved data","messageBody":"","tags":["A-Packages"],"fileTypesAndContributionMap":{"java":{"insertions":101,"deletions":58}}},{"hash":"681374ea0e40072e8a12b3df49041cea22bbee9a","messageTitle":"Level 7, add toDataFormat method to construct correct data format for saving to local storage","messageBody":"","fileTypesAndContributionMap":{"java":{"insertions":20,"deletions":0}}},{"hash":"c3f2d3dc8b96c35340110760fcc28fd4c2bf35cf","messageTitle":"Level 7, add ability to set task status in constructor","messageBody":"","fileTypesAndContributionMap":{"txt":{"insertions":4,"deletions":0},"java":{"insertions":86,"deletions":33}}},{"hash":"9e8ebdca88f7bf6976dd9e1fc1dc6becd62e0693","messageTitle":"Level 7, add ability to save data to local file","messageBody":"","tags":["A-Collections"],"fileTypesAndContributionMap":{"txt":{"insertions":6,"deletions":1},"java":{"insertions":27,"deletions":7}}},{"hash":"b417124c2948fd7df2614d64e8fe406daeda73f9","messageTitle":"Level 7, Add Java doc for classes","messageBody":"","tags":["A-JavaDoc"],"fileTypesAndContributionMap":{"java":{"insertions":89,"deletions":2}}},{"hash":"7581f3d8cf45a5fece2ee2db45494309774f5c0a","messageTitle":"Level 7, update Java doc","messageBody":"","tags":["A-Jar"],"fileTypesAndContributionMap":{"java":{"insertions":4,"deletions":1}}}]},{"date":"2021-09-26","commitResults":[{"hash":"339ee4e5958506e26d92bf0ee207ad3f8a4aa5b0","messageTitle":"Level 6, add storage class for handling read file and save to file","messageBody":"","fileTypesAndContributionMap":{"java":{"insertions":65,"deletions":0}}},{"hash":"cce693b41850d4a302d34730d89396fa76553cb3","messageTitle":"Level 6, rename userList to tasklist","messageBody":"","fileTypesAndContributionMap":{"java":{"insertions":72,"deletions":120}}},{"hash":"27806a5845609176e0c5b00b00b929efe79bc868","messageTitle":"Level 6, refactor command class into abstract class and add ByeCommand to handle exiting program.","messageBody":"","fileTypesAndContributionMap":{"java":{"insertions":94,"deletions":91}}},{"hash":"0222ffdb0ec09e357b34572f6f43e2e7f7880df0","messageTitle":"Level 6, add list command and done command classes","messageBody":"","fileTypesAndContributionMap":{"java":{"insertions":58,"deletions":3}}},{"hash":"51e63b32c80327807bfa559699a0b63a58da3474","messageTitle":"Level 6, refactor TaskList to add some frequent logic as a method","messageBody":"","fileTypesAndContributionMap":{"java":{"insertions":13,"deletions":1}}},{"hash":"dda862d5345a884e189cb58c12bb4c5fa31e0315","messageTitle":"Level 6, add delete and todo command class","messageBody":"","fileTypesAndContributionMap":{"java":{"insertions":64,"deletions":11}}},{"hash":"f86cf86f084dd095baaba7c9eccd86c7acea53ee","messageTitle":"Level 6, add deadline and event command class","messageBody":"","fileTypesAndContributionMap":{"java":{"insertions":52,"deletions":0}}},{"hash":"e6b4b20d3147e45ebf814fda5456b9cf3614854e","messageTitle":"Level 6, code refactor to fix errors and remove unnecessary code block","messageBody":"","fileTypesAndContributionMap":{"java":{"insertions":40,"deletions":99}}},{"hash":"2880d41d79794a503f4d0aaaa570b9660af0826a","messageTitle":"Level 6, code refactor command class to accept task status, and add data parser class","messageBody":"","fileTypesAndContributionMap":{"java":{"insertions":54,"deletions":41}}},{"hash":"fbc4fa0f08e4a0ef26357ceed5de76418663f5a6","messageTitle":"Level 6, refactor,update Duke class","messageBody":"","fileTypesAndContributionMap":{"java":{"insertions":22,"deletions":22}}},{"hash":"2584a12626d8a3c3859446b798bb7fdb7dee51c3","messageTitle":"Level 6, handle load data from file","messageBody":"","tags":["A-MoreOOP"],"fileTypesAndContributionMap":{"txt":{"insertions":5,"deletions":5},"java":{"insertions":31,"deletions":22}}}]},{"date":"2021-09-27","commitResults":[{"hash":"d468631a7d75099c23a8330accfc834ffd881e13","messageTitle":"Week 6, add find feature","messageBody":"","fileTypesAndContributionMap":{"java":{"insertions":46,"deletions":1}}},{"hash":"b6510c47f7441f28af607e2ed7ab4f425a6592bb","messageTitle":"Week 6, add find feature","messageBody":"","fileTypesAndContributionMap":{"java":{"insertions":26,"deletions":7}}},{"hash":"8b1060a079d62c66fcdcd3df5569391a5f8d0d64","messageTitle":"Week 7, update ReadMe","messageBody":"","tags":["A-UserGuide"],"fileTypesAndContributionMap":{"md":{"insertions":22,"deletions":6}}},{"hash":"f35bd82144c9945f884e4dca8829abfd4488022c","messageTitle":"Week 7, fix ReadMe styling","messageBody":"","tags":["v0.2"],"fileTypesAndContributionMap":{"md":{"insertions":1,"deletions":0}}}]}]},"authorFileTypeContributionMap":{"yaololo":{"java":818,"md":23,"fxml":0,"sh":0,"bat":3,"gradle":0,"txt":23}},"authorContributionVariance":{"yaololo":23756.05},"authorDisplayNameMap":{"yaololo":"TIC4001-F18-6 ZHUA..MING"}}
