{"authorDailyContributionsMap":{"yaololo":[{"date":"2021-08-28","commitResults":[{"hash":"4c56d40b733b88b1600af5259130dff42fd15c0c","messageTitle":"Level 0 greeting task","messageBody":"","tags":["v1.0"],"fileTypesAndContributionMap":{"java":{"insertions":7,"deletions":6}}},{"hash":"f98806562ed12cd446dac30a5fc98b5bd98ac8d9","messageTitle":"Level-1 create Ui class to handle printing function","messageBody":"","fileTypesAndContributionMap":{"java":{"insertions":17,"deletions":0}}}]},{"date":"2021-09-03","commitResults":[{"hash":"b982a15bd79c5e10fe9d8fa6113ccc432b103f03","messageTitle":"Level-1 add greet, echo, exit features","messageBody":"","tags":["v1.1"],"fileTypesAndContributionMap":{"java":{"insertions":32,"deletions":15}}},{"hash":"000add7f2c762b9c4e95bd71ceb6fa6225405c34","messageTitle":"Week 1 Level-2 add list class and update UI class to print list","messageBody":"","tags":["v1.2"],"fileTypesAndContributionMap":{"java":{"insertions":46,"deletions":4}}}]}]},"authorFileTypeContributionMap":{"yaololo":{"java":83,"md":0,"fxml":0,"sh":0,"bat":0,"gradle":0,"txt":0}},"authorContributionVariance":{"yaololo":372.64056},"authorDisplayNameMap":{"yaololo":"TIC4001-F18-6 ZHUA..MING"}}
