[{"path":"src/main/java/Duke.java","fileType":"java","lines":[{"lineNumber":1,"author":{"gitId":"-"},"content":"public class Duke {","lastModifiedDate":"2019-07-29"},{"lineNumber":2,"author":{"gitId":"-"},"content":"    public static void main(String[] args) {","lastModifiedDate":"2019-07-29"},{"lineNumber":3,"author":{"gitId":"-"},"content":"        String logo \u003d \" ____        _        \\n\"","lastModifiedDate":"2019-07-29"},{"lineNumber":4,"author":{"gitId":"-"},"content":"                + \"|  _ \\\\ _   _| | _____ \\n\"","lastModifiedDate":"2019-07-29"},{"lineNumber":5,"author":{"gitId":"-"},"content":"                + \"| | | | | | | |/ / _ \\\\\\n\"","lastModifiedDate":"2019-07-29"},{"lineNumber":6,"author":{"gitId":"-"},"content":"                + \"| |_| | |_| |   \u003c  __/\\n\"","lastModifiedDate":"2019-07-29"},{"lineNumber":7,"author":{"gitId":"-"},"content":"                + \"|____/ \\\\__,_|_|\\\\_\\\\___|\\n\";","lastModifiedDate":"2019-07-29"},{"lineNumber":8,"author":{"gitId":"-"},"content":"        System.out.println(\"Hello from\\n\" + logo);","lastModifiedDate":"2019-07-29"},{"lineNumber":9,"author":{"gitId":"Opkko"},"content":"        System.out.println(\"____________________________________________________________\");","lastModifiedDate":"2021-08-28"},{"lineNumber":10,"author":{"gitId":"Opkko"},"content":"        System.out.println(\"Hello I\u0027m Duke\");","lastModifiedDate":"2021-08-28"},{"lineNumber":11,"author":{"gitId":"Opkko"},"content":"        System.out.println(\"What can I do for you?\");","lastModifiedDate":"2021-08-28"},{"lineNumber":12,"author":{"gitId":"Opkko"},"content":"        System.out.println(\"____________________________________________________________\");","lastModifiedDate":"2021-08-28"},{"lineNumber":13,"author":{"gitId":"Opkko"},"content":"        System.out.println(\"Bye. Hope to see you again soon!\");","lastModifiedDate":"2021-08-28"},{"lineNumber":14,"author":{"gitId":"Opkko"},"content":"        System.out.println(\"____________________________________________________________\");","lastModifiedDate":"2021-08-28"},{"lineNumber":15,"author":{"gitId":"Opkko"},"content":"","lastModifiedDate":"2021-08-28"},{"lineNumber":16,"author":{"gitId":"-"},"content":"    }","lastModifiedDate":"2019-07-29"},{"lineNumber":17,"author":{"gitId":"-"},"content":"}","lastModifiedDate":"2019-07-29"}],"authorContributionMap":{"-":10,"Opkko":7}}]
