{"authorDailyContributionsMap":{"Opkko":[{"date":"2021-08-28","commitResults":[{"hash":"34d22700821e76f1d37570fc8c8d08e4efa8f17b","messageTitle":"\"Level 0. Greet\"","messageBody":"","fileTypesAndContributionMap":{"java":{"insertions":7,"deletions":0}}}]},{"date":"2021-08-29","commitResults":[{"hash":"5ffb79c735145550d3f17b29b8c1d1daae152dbe","messageTitle":"\"Level 1. Greet, Echo, Exit\"","messageBody":"","fileTypesAndContributionMap":{"java":{"insertions":84,"deletions":7}}},{"hash":"6dddc131b4ebf3a0366a71d7e8271832cba63d03","messageTitle":"\"Level 2. Add, List\"","messageBody":"","fileTypesAndContributionMap":{"java":{"insertions":3,"deletions":3}}}]}]},"authorFileTypeContributionMap":{"Opkko":{"java":85,"md":0,"fxml":0,"sh":0,"bat":0,"gradle":0,"txt":0}},"authorContributionVariance":{"Opkko":425.85492},"authorDisplayNameMap":{"Opkko":"TIC4001-F18-5 LIM ..KANG"}}
