[{"path":"src/main/java/Duke.java","fileType":"java","lines":[{"lineNumber":1,"author":{"gitId":"-"},"content":"public class Duke {","lastModifiedDate":"2019-07-29"},{"lineNumber":2,"author":{"gitId":"-"},"content":"    public static void main(String[] args) {","lastModifiedDate":"2019-07-29"},{"lineNumber":3,"author":{"gitId":"hana-oxy"},"content":"        Scanner sc;","lastModifiedDate":"2021-08-26"},{"lineNumber":4,"author":{"gitId":"hana-oxy"},"content":"        String[][] list \u003d new String[][2];","lastModifiedDate":"2021-08-27"},{"lineNumber":5,"author":{"gitId":"hana-oxy"},"content":"        System.out.println(\"____________________________________________________________\");","lastModifiedDate":"2021-08-26"},{"lineNumber":6,"author":{"gitId":"hana-oxy"},"content":"        System.out.println(\"Hello! I\u0027m Duke\");","lastModifiedDate":"2021-08-26"},{"lineNumber":7,"author":{"gitId":"hana-oxy"},"content":"        System.out.println(\"What can I do for you?\");","lastModifiedDate":"2021-08-26"},{"lineNumber":8,"author":{"gitId":"hana-oxy"},"content":"        Scanner sc \u003d new Scanner(System.in)","lastModifiedDate":"2021-08-26"},{"lineNumber":9,"author":{"gitId":"hana-oxy"},"content":"        System.out.println(\"\u003e\");","lastModifiedDate":"2021-08-26"},{"lineNumber":10,"author":{"gitId":"hana-oxy"},"content":"        String input \u003d sc.nextLine();","lastModifiedDate":"2021-08-26"},{"lineNumber":11,"author":{"gitId":"hana-oxy"},"content":"        System.out.println(input);","lastModifiedDate":"2021-08-26"},{"lineNumber":12,"author":{"gitId":"hana-oxy"},"content":"        while (input !\u003d \"bye\" || input !\u003d \"Bye\") {","lastModifiedDate":"2021-08-27"},{"lineNumber":13,"author":{"gitId":"hana-oxy"},"content":"            if (input \u003d\u003d \"list\") {","lastModifiedDate":"2021-08-27"},{"lineNumber":14,"author":{"gitId":"hana-oxy"},"content":"                System.out.println(\"list\");","lastModifiedDate":"2021-08-26"},{"lineNumber":15,"author":{"gitId":"hana-oxy"},"content":"                System.out.println(\"        ____________________________________________________________\");","lastModifiedDate":"2021-08-26"},{"lineNumber":16,"author":{"gitId":"hana-oxy"},"content":"                System.out.println(\"        ____________________________________________________________\");","lastModifiedDate":"2021-08-26"},{"lineNumber":17,"author":{"gitId":"hana-oxy"},"content":"                for (int i \u003d 0; i \u003c list.length; i++) {","lastModifiedDate":"2021-08-26"},{"lineNumber":18,"author":{"gitId":"hana-oxy"},"content":"                    System.out.println(i+1 + \".\" + list[i]);","lastModifiedDate":"2021-08-26"},{"lineNumber":19,"author":{"gitId":"hana-oxy"},"content":"                }","lastModifiedDate":"2021-08-26"},{"lineNumber":20,"author":{"gitId":"hana-oxy"},"content":"                System.out.println(\"        ____________________________________________________________\");","lastModifiedDate":"2021-08-26"},{"lineNumber":21,"author":{"gitId":"-"},"content":"            }","lastModifiedDate":"2019-07-29"},{"lineNumber":22,"author":{"gitId":"hana-oxy"},"content":"            else if (input.contains(\"done\")) {","lastModifiedDate":"2021-08-27"},{"lineNumber":23,"author":{"gitId":"hana-oxy"},"content":"                for (int i \u003d 0; i \u003c list.length(); i++){","lastModifiedDate":"2021-08-27"},{"lineNumber":24,"author":{"gitId":"hana-oxy"},"content":"                    int listIndex \u003d Integer.parseInt(input.substring(input.length() - 1)) - 1;","lastModifiedDate":"2021-08-27"},{"lineNumber":25,"author":{"gitId":"hana-oxy"},"content":"                    if (i \u003d\u003d listIndex) {","lastModifiedDate":"2021-08-27"},{"lineNumber":26,"author":{"gitId":"hana-oxy"},"content":"                        list[listIndex][listIndex - 1] \u003d \"[x]\";","lastModifiedDate":"2021-08-27"},{"lineNumber":27,"author":{"gitId":"hana-oxy"},"content":"                        System.out.println(\"____________________________________________________________\\n\" +","lastModifiedDate":"2021-08-27"},{"lineNumber":28,"author":{"gitId":"hana-oxy"},"content":"                                \"     Nice! I\u0027ve marked this task as done: \\n\" +","lastModifiedDate":"2021-08-27"},{"lineNumber":29,"author":{"gitId":"hana-oxy"},"content":"                                list[listIndex][listIndex - 1] + listIndex[listIndex][listIndex] + \"\\n\" +","lastModifiedDate":"2021-08-27"},{"lineNumber":30,"author":{"gitId":"hana-oxy"},"content":"                                \"    ____________________________________________________________\");","lastModifiedDate":"2021-08-27"},{"lineNumber":31,"author":{"gitId":"hana-oxy"},"content":"                    }","lastModifiedDate":"2021-08-27"},{"lineNumber":32,"author":{"gitId":"hana-oxy"},"content":"                }","lastModifiedDate":"2021-08-27"},{"lineNumber":33,"author":{"gitId":"hana-oxy"},"content":"            }","lastModifiedDate":"2021-08-27"},{"lineNumber":34,"author":{"gitId":"hana-oxy"},"content":"            else {","lastModifiedDate":"2021-08-27"},{"lineNumber":35,"author":{"gitId":"hana-oxy"},"content":"                for (int i \u003d 0; i \u003c list.length(); i++){","lastModifiedDate":"2021-08-27"},{"lineNumber":36,"author":{"gitId":"hana-oxy"},"content":"                    if (list[i][i] \u003d\u003d null) {","lastModifiedDate":"2021-08-27"},{"lineNumber":37,"author":{"gitId":"hana-oxy"},"content":"                        list[i][i] \u003d {{\"[]\", input}}","lastModifiedDate":"2021-08-27"},{"lineNumber":38,"author":{"gitId":"hana-oxy"},"content":"                    }","lastModifiedDate":"2021-08-27"},{"lineNumber":39,"author":{"gitId":"hana-oxy"},"content":"                }","lastModifiedDate":"2021-08-27"},{"lineNumber":40,"author":{"gitId":"hana-oxy"},"content":"            }","lastModifiedDate":"2021-08-27"},{"lineNumber":41,"author":{"gitId":"hana-oxy"},"content":"        }","lastModifiedDate":"2021-08-27"},{"lineNumber":42,"author":{"gitId":"hana-oxy"},"content":"","lastModifiedDate":"2021-08-27"},{"lineNumber":43,"author":{"gitId":"hana-oxy"},"content":"        System.out.println(\"        ____________________________________________________________\");","lastModifiedDate":"2021-08-27"},{"lineNumber":44,"author":{"gitId":"hana-oxy"},"content":"        System.out.println(\"Bye. Hope to see you again soon!\");","lastModifiedDate":"2021-08-27"},{"lineNumber":45,"author":{"gitId":"hana-oxy"},"content":"        System.out.println(\"        ____________________________________________________________\");","lastModifiedDate":"2021-08-27"},{"lineNumber":46,"author":{"gitId":"hana-oxy"},"content":"        return;","lastModifiedDate":"2021-08-27"},{"lineNumber":47,"author":{"gitId":"-"},"content":"    }","lastModifiedDate":"2019-07-29"},{"lineNumber":48,"author":{"gitId":"-"},"content":"}","lastModifiedDate":"2021-08-26"}],"authorContributionMap":{"hana-oxy":43,"-":5}}]
