[{"path":"src/main/java/Duke.java","fileType":"java","lines":[{"lineNumber":1,"author":{"gitId":"-"},"content":"public class Duke {","lastModifiedDate":"2019-07-29"},{"lineNumber":2,"author":{"gitId":"-"},"content":"    public static void main(String[] args) {","lastModifiedDate":"2019-07-29"},{"lineNumber":3,"author":{"gitId":"hana-oxy"},"content":"        Scanner sc;","lastModifiedDate":"2021-08-26"},{"lineNumber":4,"author":{"gitId":"hana-oxy"},"content":"        String[] list;","lastModifiedDate":"2021-08-26"},{"lineNumber":5,"author":{"gitId":"hana-oxy"},"content":"        System.out.println(\"____________________________________________________________\");","lastModifiedDate":"2021-08-26"},{"lineNumber":6,"author":{"gitId":"hana-oxy"},"content":"        System.out.println(\"Hello! I\u0027m Duke\");","lastModifiedDate":"2021-08-26"},{"lineNumber":7,"author":{"gitId":"hana-oxy"},"content":"        System.out.println(\"What can I do for you?\");","lastModifiedDate":"2021-08-26"},{"lineNumber":8,"author":{"gitId":"hana-oxy"},"content":"        Scanner sc \u003d new Scanner(System.in)","lastModifiedDate":"2021-08-26"},{"lineNumber":9,"author":{"gitId":"hana-oxy"},"content":"        System.out.println(\"\u003e\");","lastModifiedDate":"2021-08-26"},{"lineNumber":10,"author":{"gitId":"hana-oxy"},"content":"        String input \u003d sc.nextLine();","lastModifiedDate":"2021-08-26"},{"lineNumber":11,"author":{"gitId":"hana-oxy"},"content":"        System.out.println(input);","lastModifiedDate":"2021-08-26"},{"lineNumber":12,"author":{"gitId":"hana-oxy"},"content":"        if (input \u003d\u003d \"bye\" || input \u003d\u003d \"Bye\") {","lastModifiedDate":"2021-08-26"},{"lineNumber":13,"author":{"gitId":"hana-oxy"},"content":"            System.out.println(\"        ____________________________________________________________\");","lastModifiedDate":"2021-08-26"},{"lineNumber":14,"author":{"gitId":"hana-oxy"},"content":"            System.out.println(\"Bye. Hope to see you again soon!\");","lastModifiedDate":"2021-08-26"},{"lineNumber":15,"author":{"gitId":"hana-oxy"},"content":"            System.out.println(\"        ____________________________________________________________\");","lastModifiedDate":"2021-08-26"},{"lineNumber":16,"author":{"gitId":"hana-oxy"},"content":"            return;","lastModifiedDate":"2021-08-26"},{"lineNumber":17,"author":{"gitId":"hana-oxy"},"content":"        }","lastModifiedDate":"2021-08-26"},{"lineNumber":18,"author":{"gitId":"hana-oxy"},"content":"        else if (input \u003d\u003d \"list\") {","lastModifiedDate":"2021-08-26"},{"lineNumber":19,"author":{"gitId":"hana-oxy"},"content":"            System.out.println(\"list\");","lastModifiedDate":"2021-08-26"},{"lineNumber":20,"author":{"gitId":"hana-oxy"},"content":"            System.out.println(\"        ____________________________________________________________\");","lastModifiedDate":"2021-08-26"},{"lineNumber":21,"author":{"gitId":"hana-oxy"},"content":"            System.out.println(\"        ____________________________________________________________\");","lastModifiedDate":"2021-08-26"},{"lineNumber":22,"author":{"gitId":"hana-oxy"},"content":"            for (int i \u003d 0; i \u003c list.length; i++) {","lastModifiedDate":"2021-08-26"},{"lineNumber":23,"author":{"gitId":"hana-oxy"},"content":"                System.out.println(i+1 + \".\" + list[i]);","lastModifiedDate":"2021-08-26"},{"lineNumber":24,"author":{"gitId":"hana-oxy"},"content":"            }","lastModifiedDate":"2021-08-26"},{"lineNumber":25,"author":{"gitId":"hana-oxy"},"content":"            System.out.println(\"        ____________________________________________________________\");","lastModifiedDate":"2021-08-26"},{"lineNumber":26,"author":{"gitId":"-"},"content":"        }","lastModifiedDate":"2019-07-29"},{"lineNumber":27,"author":{"gitId":"-"},"content":"    }","lastModifiedDate":"2019-07-29"},{"lineNumber":28,"author":{"gitId":"-"},"content":"}","lastModifiedDate":"2021-08-26"}],"authorContributionMap":{"hana-oxy":23,"-":5}}]
