[{"path":"src/main/java/Duke.java","fileType":"java","lines":[{"lineNumber":1,"author":{"gitId":"hana-oxy"},"content":"import java.util.Scanner;","lastModifiedDate":"2021-09-11"},{"lineNumber":2,"author":{"gitId":"hana-oxy"},"content":"","lastModifiedDate":"2021-09-11"},{"lineNumber":3,"author":{"gitId":"-"},"content":"public class Duke {","lastModifiedDate":"2019-07-29"},{"lineNumber":4,"author":{"gitId":"-"},"content":"    public static void main(String[] args) {","lastModifiedDate":"2019-07-29"},{"lineNumber":5,"author":{"gitId":"hana-oxy"},"content":"        int listRow \u003d 100;","lastModifiedDate":"2021-09-11"},{"lineNumber":6,"author":{"gitId":"hana-oxy"},"content":"        int listCol \u003d 3;","lastModifiedDate":"2021-09-11"},{"lineNumber":7,"author":{"gitId":"hana-oxy"},"content":"        String list[][][] \u003d new String[listRow][listCol][listCol];","lastModifiedDate":"2021-09-11"},{"lineNumber":8,"author":{"gitId":"hana-oxy"},"content":"        System.out.println(\"____________________________________________________________\");","lastModifiedDate":"2021-08-26"},{"lineNumber":9,"author":{"gitId":"hana-oxy"},"content":"        System.out.println(\"Hello! I\u0027m Duke\");","lastModifiedDate":"2021-08-26"},{"lineNumber":10,"author":{"gitId":"hana-oxy"},"content":"        System.out.println(\"What can I do for you?\");","lastModifiedDate":"2021-08-26"},{"lineNumber":11,"author":{"gitId":"hana-oxy"},"content":"        Scanner sc \u003d new Scanner(System.in);","lastModifiedDate":"2021-09-11"},{"lineNumber":12,"author":{"gitId":"hana-oxy"},"content":"        System.out.println(\"\u003e\");","lastModifiedDate":"2021-08-26"},{"lineNumber":13,"author":{"gitId":"hana-oxy"},"content":"        String input \u003d sc.nextLine();","lastModifiedDate":"2021-08-26"},{"lineNumber":14,"author":{"gitId":"hana-oxy"},"content":"        System.out.println(input);","lastModifiedDate":"2021-08-26"},{"lineNumber":15,"author":{"gitId":"hana-oxy"},"content":"        if (input !\u003d null) {","lastModifiedDate":"2021-09-11"},{"lineNumber":16,"author":{"gitId":"hana-oxy"},"content":"            // display list items","lastModifiedDate":"2021-09-11"},{"lineNumber":17,"author":{"gitId":"hana-oxy"},"content":"            if (input \u003d\u003d \"list\") {","lastModifiedDate":"2021-08-27"},{"lineNumber":18,"author":{"gitId":"hana-oxy"},"content":"                System.out.println(\"____________________________________________________________\");","lastModifiedDate":"2021-08-26"},{"lineNumber":19,"author":{"gitId":"hana-oxy"},"content":"                for (int i \u003d 0; i \u003c list.length; i++) {","lastModifiedDate":"2021-08-26"},{"lineNumber":20,"author":{"gitId":"hana-oxy"},"content":"                    System.out.println(list[i][i][i] + list[i][i][i + 1] + list[i][i][i + 2]);","lastModifiedDate":"2021-09-11"},{"lineNumber":21,"author":{"gitId":"hana-oxy"},"content":"                    System.out.println(i + 1 + \".\" + list[i]);","lastModifiedDate":"2021-08-26"},{"lineNumber":22,"author":{"gitId":"hana-oxy"},"content":"                }","lastModifiedDate":"2021-08-26"},{"lineNumber":23,"author":{"gitId":"hana-oxy"},"content":"                System.out.println(\"____________________________________________________________\");","lastModifiedDate":"2021-08-26"},{"lineNumber":24,"author":{"gitId":"-"},"content":"            }","lastModifiedDate":"2019-07-29"},{"lineNumber":25,"author":{"gitId":"hana-oxy"},"content":"            // mark list items as done","lastModifiedDate":"2021-09-11"},{"lineNumber":26,"author":{"gitId":"hana-oxy"},"content":"            else if (input.contains(\"done\")) {","lastModifiedDate":"2021-08-27"},{"lineNumber":27,"author":{"gitId":"hana-oxy"},"content":"                for (int i \u003d 0; i \u003c list.length; i++){","lastModifiedDate":"2021-09-11"},{"lineNumber":28,"author":{"gitId":"hana-oxy"},"content":"                    int listIndex \u003d Integer.parseInt(input.substring(input.length - 1));","lastModifiedDate":"2021-09-11"},{"lineNumber":29,"author":{"gitId":"hana-oxy"},"content":"                    if (i \u003d\u003d listIndex) {","lastModifiedDate":"2021-08-27"},{"lineNumber":30,"author":{"gitId":"hana-oxy"},"content":"                        list[listIndex][listIndex + 1][listIndex] \u003d \"[x]\";","lastModifiedDate":"2021-09-11"},{"lineNumber":31,"author":{"gitId":"hana-oxy"},"content":"                        System.out.println(\"____________________________________________________________\\n\" +","lastModifiedDate":"2021-08-27"},{"lineNumber":32,"author":{"gitId":"hana-oxy"},"content":"                                \"Nice! I\u0027ve marked this task as done: \\n\" +","lastModifiedDate":"2021-08-27"},{"lineNumber":33,"author":{"gitId":"hana-oxy"},"content":"                                list[listIndex][listIndex][listIndex] + list[listIndex][listIndex] + \"\\n\" +","lastModifiedDate":"2021-09-11"},{"lineNumber":34,"author":{"gitId":"hana-oxy"},"content":"                                \"____________________________________________________________\");","lastModifiedDate":"2021-08-27"},{"lineNumber":35,"author":{"gitId":"hana-oxy"},"content":"                    }","lastModifiedDate":"2021-08-27"},{"lineNumber":36,"author":{"gitId":"hana-oxy"},"content":"                }","lastModifiedDate":"2021-08-27"},{"lineNumber":37,"author":{"gitId":"hana-oxy"},"content":"            }","lastModifiedDate":"2021-08-27"},{"lineNumber":38,"author":{"gitId":"hana-oxy"},"content":"            // create todo list","lastModifiedDate":"2021-09-11"},{"lineNumber":39,"author":{"gitId":"hana-oxy"},"content":"            else if (input.contains(\"todo\")) {","lastModifiedDate":"2021-09-11"},{"lineNumber":40,"author":{"gitId":"hana-oxy"},"content":"                for (int i \u003d 0; i \u003c list.length; i++){","lastModifiedDate":"2021-09-11"},{"lineNumber":41,"author":{"gitId":"hana-oxy"},"content":"                    int listIndex \u003d Integer.parseInt(input.substring(input.size - 1)) - 1;","lastModifiedDate":"2021-09-11"},{"lineNumber":42,"author":{"gitId":"hana-oxy"},"content":"                    if (i \u003d\u003d listIndex) {","lastModifiedDate":"2021-09-11"},{"lineNumber":43,"author":{"gitId":"hana-oxy"},"content":"                        list[listIndex][listIndex][listIndex] \u003d \"[T]\";","lastModifiedDate":"2021-09-11"},{"lineNumber":44,"author":{"gitId":"hana-oxy"},"content":"                        list[listIndex][listIndex + 1][listIndex] \u003d \"[ ]\";","lastModifiedDate":"2021-09-11"},{"lineNumber":45,"author":{"gitId":"hana-oxy"},"content":"                        list[listIndex][listIndex][listIndex + 2] \u003d input.substring(4);","lastModifiedDate":"2021-09-11"},{"lineNumber":46,"author":{"gitId":"hana-oxy"},"content":"                        System.out.println(\"____________________________________________________________\\n\" +","lastModifiedDate":"2021-09-11"},{"lineNumber":47,"author":{"gitId":"hana-oxy"},"content":"                                \"Got it. I\u0027ve added this task: \\n\" +","lastModifiedDate":"2021-09-11"},{"lineNumber":48,"author":{"gitId":"hana-oxy"},"content":"                                list[listIndex][listIndex][listIndex] +","lastModifiedDate":"2021-09-11"},{"lineNumber":49,"author":{"gitId":"hana-oxy"},"content":"                                list[listIndex][listIndex + 1][listIndex] +","lastModifiedDate":"2021-09-11"},{"lineNumber":50,"author":{"gitId":"hana-oxy"},"content":"                                list[listIndex][listIndex][listIndex + 2] + \"\\n\" +","lastModifiedDate":"2021-09-11"},{"lineNumber":51,"author":{"gitId":"hana-oxy"},"content":"                                \"Now you have \" + list.length + \"tasks in the list.\" + \"\\n\" +","lastModifiedDate":"2021-09-11"},{"lineNumber":52,"author":{"gitId":"hana-oxy"},"content":"                                \"____________________________________________________________\");","lastModifiedDate":"2021-09-11"},{"lineNumber":53,"author":{"gitId":"hana-oxy"},"content":"                    }","lastModifiedDate":"2021-09-11"},{"lineNumber":54,"author":{"gitId":"hana-oxy"},"content":"                }","lastModifiedDate":"2021-09-11"},{"lineNumber":55,"author":{"gitId":"hana-oxy"},"content":"            }","lastModifiedDate":"2021-09-11"},{"lineNumber":56,"author":{"gitId":"hana-oxy"},"content":"            // add items to list","lastModifiedDate":"2021-09-11"},{"lineNumber":57,"author":{"gitId":"hana-oxy"},"content":"            else {","lastModifiedDate":"2021-08-27"},{"lineNumber":58,"author":{"gitId":"hana-oxy"},"content":"                for (int i \u003d 0; i \u003c list.length; i++){","lastModifiedDate":"2021-09-11"},{"lineNumber":59,"author":{"gitId":"hana-oxy"},"content":"                    if (list[i][i] \u003d\u003d null) {","lastModifiedDate":"2021-08-27"},{"lineNumber":60,"author":{"gitId":"hana-oxy"},"content":"                        list[i][i] \u003d i + 1;","lastModifiedDate":"2021-09-11"},{"lineNumber":61,"author":{"gitId":"hana-oxy"},"content":"                        list[i][i - 1] \u003d input;","lastModifiedDate":"2021-09-11"},{"lineNumber":62,"author":{"gitId":"hana-oxy"},"content":"                    }","lastModifiedDate":"2021-08-27"},{"lineNumber":63,"author":{"gitId":"hana-oxy"},"content":"                }","lastModifiedDate":"2021-08-27"},{"lineNumber":64,"author":{"gitId":"hana-oxy"},"content":"            }","lastModifiedDate":"2021-08-27"},{"lineNumber":65,"author":{"gitId":"hana-oxy"},"content":"","lastModifiedDate":"2021-09-11"},{"lineNumber":66,"author":{"gitId":"hana-oxy"},"content":"        }","lastModifiedDate":"2021-08-27"},{"lineNumber":67,"author":{"gitId":"hana-oxy"},"content":"        ","lastModifiedDate":"2021-08-27"},{"lineNumber":68,"author":{"gitId":"hana-oxy"},"content":"","lastModifiedDate":"2021-09-11"},{"lineNumber":69,"author":{"gitId":"hana-oxy"},"content":"        System.out.println(\"____________________________________________________________\");","lastModifiedDate":"2021-08-27"},{"lineNumber":70,"author":{"gitId":"hana-oxy"},"content":"        System.out.println(\"Bye. Hope to see you again soon!\");","lastModifiedDate":"2021-08-27"},{"lineNumber":71,"author":{"gitId":"hana-oxy"},"content":"        System.out.println(\"____________________________________________________________\");","lastModifiedDate":"2021-08-27"},{"lineNumber":72,"author":{"gitId":"hana-oxy"},"content":"        return;","lastModifiedDate":"2021-08-27"},{"lineNumber":73,"author":{"gitId":"-"},"content":"    }","lastModifiedDate":"2019-07-29"},{"lineNumber":74,"author":{"gitId":"-"},"content":"}","lastModifiedDate":"2021-08-26"}],"authorContributionMap":{"hana-oxy":69,"-":5}}]
