{"authorDailyContributionsMap":{"hana-oxy":[{"date":"2021-08-26","commitResults":[{"hash":"db76b8865f3b1d617713fa7dbe8804b81edef019","messageTitle":"Update Duke.java","messageBody":"","fileTypesAndContributionMap":{"java":{"insertions":6,"deletions":6}}},{"hash":"dde4e562c1d3db1ea4623c863b424399eba755a0","messageTitle":"Update Duke.java","messageBody":"Level 1. Greet, Echo, Exit","fileTypesAndContributionMap":{"java":{"insertions":10,"deletions":3}}},{"hash":"e378b31abf68f59ccfe2d4c2a8bcd113c5888ec0","messageTitle":"Level 2. Add, List","messageBody":"","fileTypesAndContributionMap":{"java":{"insertions":11,"deletions":0}}}]}]},"authorFileTypeContributionMap":{"hana-oxy":{"java":23,"md":0,"fxml":0,"sh":0,"bat":0,"gradle":0,"txt":0}},"authorContributionVariance":{"hana-oxy":68.0},"authorDisplayNameMap":{"hana-oxy":"TIC4001-F18-4 OEI ..NNAH"}}
