[{"path":"src/main/java/Duke.java","fileType":"java","lines":[{"lineNumber":1,"author":{"gitId":"zcnmashleu95"},"content":"import java.util.*;","lastModifiedDate":"2021-08-25"},{"lineNumber":2,"author":{"gitId":"zcnmashleu95"},"content":"","lastModifiedDate":"2021-08-25"},{"lineNumber":3,"author":{"gitId":"-"},"content":"public class Duke {","lastModifiedDate":"2019-07-29"},{"lineNumber":4,"author":{"gitId":"-"},"content":"    public static void main(String[] args) {","lastModifiedDate":"2019-07-29"},{"lineNumber":5,"author":{"gitId":"zcnmashleu95"},"content":"        String greeting \u003d \" Hello! I\u0027m Duke\\n\" + \" What can I do for you?\";","lastModifiedDate":"2021-08-25"},{"lineNumber":6,"author":{"gitId":"zcnmashleu95"},"content":"        String bye \u003d \"Bye. Hope to see you again soon!\";","lastModifiedDate":"2021-08-25"},{"lineNumber":7,"author":{"gitId":"zcnmashleu95"},"content":"        System.out.println(greeting);","lastModifiedDate":"2021-08-25"},{"lineNumber":8,"author":{"gitId":"zcnmashleu95"},"content":"","lastModifiedDate":"2021-08-25"},{"lineNumber":9,"author":{"gitId":"zcnmashleu95"},"content":"        boolean running \u003d true;","lastModifiedDate":"2021-08-25"},{"lineNumber":10,"author":{"gitId":"zcnmashleu95"},"content":"        String input;","lastModifiedDate":"2021-08-25"},{"lineNumber":11,"author":{"gitId":"zcnmashleu95"},"content":"        Scanner sc \u003d new Scanner(System.in);","lastModifiedDate":"2021-08-25"},{"lineNumber":12,"author":{"gitId":"zcnmashleu95"},"content":"        List\u003cString\u003e list \u003d new ArrayList\u003c\u003e();","lastModifiedDate":"2021-08-25"},{"lineNumber":13,"author":{"gitId":"zcnmashleu95"},"content":"        while(running){","lastModifiedDate":"2021-08-25"},{"lineNumber":14,"author":{"gitId":"zcnmashleu95"},"content":"            input \u003d sc.nextLine();","lastModifiedDate":"2021-08-25"},{"lineNumber":15,"author":{"gitId":"zcnmashleu95"},"content":"            if(input.matches(\"bye\")){","lastModifiedDate":"2021-08-25"},{"lineNumber":16,"author":{"gitId":"zcnmashleu95"},"content":"                break;","lastModifiedDate":"2021-08-25"},{"lineNumber":17,"author":{"gitId":"zcnmashleu95"},"content":"            }","lastModifiedDate":"2021-08-25"},{"lineNumber":18,"author":{"gitId":"zcnmashleu95"},"content":"","lastModifiedDate":"2021-08-25"},{"lineNumber":19,"author":{"gitId":"zcnmashleu95"},"content":"            if(input.matches(\"list\")){","lastModifiedDate":"2021-08-25"},{"lineNumber":20,"author":{"gitId":"zcnmashleu95"},"content":"                for(int i \u003d 0; i \u003c list.size(); i++){","lastModifiedDate":"2021-08-25"},{"lineNumber":21,"author":{"gitId":"zcnmashleu95"},"content":"                    System.out.println(i + 1 + \". \" + list.get(i));","lastModifiedDate":"2021-08-25"},{"lineNumber":22,"author":{"gitId":"zcnmashleu95"},"content":"                }","lastModifiedDate":"2021-08-25"},{"lineNumber":23,"author":{"gitId":"zcnmashleu95"},"content":"            }else{","lastModifiedDate":"2021-08-25"},{"lineNumber":24,"author":{"gitId":"zcnmashleu95"},"content":"                list.add(input);","lastModifiedDate":"2021-08-25"},{"lineNumber":25,"author":{"gitId":"zcnmashleu95"},"content":"                System.out.println(\"Added: \" + input);","lastModifiedDate":"2021-08-25"},{"lineNumber":26,"author":{"gitId":"zcnmashleu95"},"content":"","lastModifiedDate":"2021-08-25"},{"lineNumber":27,"author":{"gitId":"zcnmashleu95"},"content":"            }","lastModifiedDate":"2021-08-25"},{"lineNumber":28,"author":{"gitId":"zcnmashleu95"},"content":"","lastModifiedDate":"2021-08-25"},{"lineNumber":29,"author":{"gitId":"zcnmashleu95"},"content":"","lastModifiedDate":"2021-08-25"},{"lineNumber":30,"author":{"gitId":"zcnmashleu95"},"content":"        }","lastModifiedDate":"2021-08-25"},{"lineNumber":31,"author":{"gitId":"zcnmashleu95"},"content":"","lastModifiedDate":"2021-08-25"},{"lineNumber":32,"author":{"gitId":"zcnmashleu95"},"content":"        System.out.println(bye);","lastModifiedDate":"2021-08-25"},{"lineNumber":33,"author":{"gitId":"zcnmashleu95"},"content":"","lastModifiedDate":"2021-08-25"},{"lineNumber":34,"author":{"gitId":"-"},"content":"    }","lastModifiedDate":"2019-07-29"},{"lineNumber":35,"author":{"gitId":"-"},"content":"}","lastModifiedDate":"2019-07-29"}],"authorContributionMap":{"-":4,"zcnmashleu95":31}}]
