[{"path":"src/main/java/Controller.java","fileType":"java","lines":[{"lineNumber":1,"author":{"gitId":"zcnmashleu95"},"content":"public class Controller {","lastModifiedDate":"2021-09-03"},{"lineNumber":2,"author":{"gitId":"zcnmashleu95"},"content":"}","lastModifiedDate":"2021-09-03"}],"authorContributionMap":{"zcnmashleu95":2}},{"path":"src/main/java/Duke.java","fileType":"java","lines":[{"lineNumber":1,"author":{"gitId":"zcnmashleu95"},"content":"import java.util.*;","lastModifiedDate":"2021-08-25"},{"lineNumber":2,"author":{"gitId":"zcnmashleu95"},"content":"import tasks.*;","lastModifiedDate":"2021-08-25"},{"lineNumber":3,"author":{"gitId":"zcnmashleu95"},"content":"","lastModifiedDate":"2021-08-25"},{"lineNumber":4,"author":{"gitId":"-"},"content":"public class Duke {","lastModifiedDate":"2019-07-29"},{"lineNumber":5,"author":{"gitId":"-"},"content":"    public static void main(String[] args) {","lastModifiedDate":"2019-07-29"},{"lineNumber":6,"author":{"gitId":"zcnmashleu95"},"content":"        String greeting \u003d \" Hello! I\u0027m Duke\\n\" + \" What can I do for you?\";","lastModifiedDate":"2021-08-25"},{"lineNumber":7,"author":{"gitId":"zcnmashleu95"},"content":"        String bye \u003d \"Bye. Hope to see you again soon!\";","lastModifiedDate":"2021-08-25"},{"lineNumber":8,"author":{"gitId":"zcnmashleu95"},"content":"        System.out.println(greeting);","lastModifiedDate":"2021-08-25"},{"lineNumber":9,"author":{"gitId":"zcnmashleu95"},"content":"","lastModifiedDate":"2021-08-25"},{"lineNumber":10,"author":{"gitId":"zcnmashleu95"},"content":"        boolean running \u003d true;","lastModifiedDate":"2021-08-25"},{"lineNumber":11,"author":{"gitId":"zcnmashleu95"},"content":"        String input;","lastModifiedDate":"2021-08-25"},{"lineNumber":12,"author":{"gitId":"zcnmashleu95"},"content":"        Scanner sc \u003d new Scanner(System.in);","lastModifiedDate":"2021-08-25"},{"lineNumber":13,"author":{"gitId":"zcnmashleu95"},"content":"        List\u003cTask\u003e list \u003d new ArrayList\u003c\u003e();","lastModifiedDate":"2021-08-25"},{"lineNumber":14,"author":{"gitId":"zcnmashleu95"},"content":"        while(running){","lastModifiedDate":"2021-08-25"},{"lineNumber":15,"author":{"gitId":"zcnmashleu95"},"content":"            input \u003d sc.nextLine();","lastModifiedDate":"2021-08-25"},{"lineNumber":16,"author":{"gitId":"zcnmashleu95"},"content":"            if(input.matches(\"bye\")){","lastModifiedDate":"2021-08-25"},{"lineNumber":17,"author":{"gitId":"zcnmashleu95"},"content":"                break;","lastModifiedDate":"2021-08-25"},{"lineNumber":18,"author":{"gitId":"zcnmashleu95"},"content":"            }else{","lastModifiedDate":"2021-08-25"},{"lineNumber":19,"author":{"gitId":"zcnmashleu95"},"content":"                controller(input,list);","lastModifiedDate":"2021-08-25"},{"lineNumber":20,"author":{"gitId":"zcnmashleu95"},"content":"            }","lastModifiedDate":"2021-08-25"},{"lineNumber":21,"author":{"gitId":"zcnmashleu95"},"content":"","lastModifiedDate":"2021-08-25"},{"lineNumber":22,"author":{"gitId":"zcnmashleu95"},"content":"        }","lastModifiedDate":"2021-08-25"},{"lineNumber":23,"author":{"gitId":"zcnmashleu95"},"content":"","lastModifiedDate":"2021-08-25"},{"lineNumber":24,"author":{"gitId":"zcnmashleu95"},"content":"        System.out.println(bye);","lastModifiedDate":"2021-08-25"},{"lineNumber":25,"author":{"gitId":"zcnmashleu95"},"content":"","lastModifiedDate":"2021-08-25"},{"lineNumber":26,"author":{"gitId":"-"},"content":"    }","lastModifiedDate":"2021-08-25"},{"lineNumber":27,"author":{"gitId":"zcnmashleu95"},"content":"","lastModifiedDate":"2021-08-25"},{"lineNumber":28,"author":{"gitId":"zcnmashleu95"},"content":"    //Will be refactored and in better components","lastModifiedDate":"2021-08-26"},{"lineNumber":29,"author":{"gitId":"zcnmashleu95"},"content":"    public static void controller(String input, List\u003cTask\u003e list ){","lastModifiedDate":"2021-08-25"},{"lineNumber":30,"author":{"gitId":"zcnmashleu95"},"content":"        int index \u003d 0;","lastModifiedDate":"2021-08-26"},{"lineNumber":31,"author":{"gitId":"zcnmashleu95"},"content":"        String secPart;","lastModifiedDate":"2021-08-26"},{"lineNumber":32,"author":{"gitId":"zcnmashleu95"},"content":"        String description;","lastModifiedDate":"2021-08-26"},{"lineNumber":33,"author":{"gitId":"zcnmashleu95"},"content":"        if(input.matches(\"list\")){","lastModifiedDate":"2021-08-25"},{"lineNumber":34,"author":{"gitId":"zcnmashleu95"},"content":"            for(int i \u003d 0; i \u003c list.size(); i++){","lastModifiedDate":"2021-08-25"},{"lineNumber":35,"author":{"gitId":"zcnmashleu95"},"content":"                System.out.println(i + 1 + \". \" + list.get(i).toString());","lastModifiedDate":"2021-08-25"},{"lineNumber":36,"author":{"gitId":"zcnmashleu95"},"content":"            }","lastModifiedDate":"2021-08-25"},{"lineNumber":37,"author":{"gitId":"zcnmashleu95"},"content":"        }else if(input.contains(\"done\")){","lastModifiedDate":"2021-08-25"},{"lineNumber":38,"author":{"gitId":"zcnmashleu95"},"content":"            int option \u003d Integer.parseInt(input.replaceAll(\"done\",\"\").trim());","lastModifiedDate":"2021-08-25"},{"lineNumber":39,"author":{"gitId":"zcnmashleu95"},"content":"            if(option \u003e 0 \u0026\u0026 option \u003c\u003d list.size()){","lastModifiedDate":"2021-08-25"},{"lineNumber":40,"author":{"gitId":"zcnmashleu95"},"content":"                list.get(option - 1).changeDoneTo(true);","lastModifiedDate":"2021-08-25"},{"lineNumber":41,"author":{"gitId":"zcnmashleu95"},"content":"                System.out.println(\"Nice! I\u0027ve marked this task as done:\");","lastModifiedDate":"2021-08-25"},{"lineNumber":42,"author":{"gitId":"zcnmashleu95"},"content":"                System.out.println(\" \" + list.get(option-1).toString());","lastModifiedDate":"2021-08-25"},{"lineNumber":43,"author":{"gitId":"zcnmashleu95"},"content":"            }","lastModifiedDate":"2021-08-25"},{"lineNumber":44,"author":{"gitId":"zcnmashleu95"},"content":"","lastModifiedDate":"2021-08-25"},{"lineNumber":45,"author":{"gitId":"zcnmashleu95"},"content":"","lastModifiedDate":"2021-08-26"},{"lineNumber":46,"author":{"gitId":"zcnmashleu95"},"content":"        }else if(input.contains(\"todo\")){","lastModifiedDate":"2021-08-26"},{"lineNumber":47,"author":{"gitId":"zcnmashleu95"},"content":"            description \u003d input.replaceFirst(\"todo\",\"\").trim();","lastModifiedDate":"2021-08-26"},{"lineNumber":48,"author":{"gitId":"zcnmashleu95"},"content":"            list.add(new ToDo(description));","lastModifiedDate":"2021-08-26"},{"lineNumber":49,"author":{"gitId":"zcnmashleu95"},"content":"            System.out.println(\"Got it. I\u0027ve added this task:\");","lastModifiedDate":"2021-08-26"},{"lineNumber":50,"author":{"gitId":"zcnmashleu95"},"content":"            System.out.println(list.get(list.size()-1).toString() );","lastModifiedDate":"2021-08-26"},{"lineNumber":51,"author":{"gitId":"zcnmashleu95"},"content":"            System.out.println(\"Now you have \" + list.get(0).getCumulatedTasksAdded() + \" tasks in the list.\");","lastModifiedDate":"2021-08-26"},{"lineNumber":52,"author":{"gitId":"zcnmashleu95"},"content":"","lastModifiedDate":"2021-08-26"},{"lineNumber":53,"author":{"gitId":"zcnmashleu95"},"content":"        }else if(input.contains(\"deadline\")){","lastModifiedDate":"2021-08-26"},{"lineNumber":54,"author":{"gitId":"zcnmashleu95"},"content":"            index \u003d input.indexOf(\"/by\");","lastModifiedDate":"2021-08-26"},{"lineNumber":55,"author":{"gitId":"zcnmashleu95"},"content":"            secPart \u003d input.substring(index).replaceFirst(\"/by\",\"\").trim();","lastModifiedDate":"2021-08-26"},{"lineNumber":56,"author":{"gitId":"zcnmashleu95"},"content":"            description \u003d input.substring(0, index).replaceFirst(\"deadline\",\"\").trim();","lastModifiedDate":"2021-08-26"},{"lineNumber":57,"author":{"gitId":"zcnmashleu95"},"content":"","lastModifiedDate":"2021-08-26"},{"lineNumber":58,"author":{"gitId":"zcnmashleu95"},"content":"            list.add(new Deadline(description,secPart));","lastModifiedDate":"2021-08-26"},{"lineNumber":59,"author":{"gitId":"zcnmashleu95"},"content":"            System.out.println(\"Got it. I\u0027ve added this task:\");","lastModifiedDate":"2021-08-26"},{"lineNumber":60,"author":{"gitId":"zcnmashleu95"},"content":"            System.out.println(list.get(list.size()-1).toString() );","lastModifiedDate":"2021-08-26"},{"lineNumber":61,"author":{"gitId":"zcnmashleu95"},"content":"            System.out.println(\"Now you have \" + list.get(0).getCumulatedTasksAdded() + \" tasks in the list.\");","lastModifiedDate":"2021-08-26"},{"lineNumber":62,"author":{"gitId":"zcnmashleu95"},"content":"","lastModifiedDate":"2021-08-26"},{"lineNumber":63,"author":{"gitId":"zcnmashleu95"},"content":"        }else if(input.contains(\"event\")){","lastModifiedDate":"2021-08-26"},{"lineNumber":64,"author":{"gitId":"zcnmashleu95"},"content":"            index \u003d input.indexOf(\"/at\");","lastModifiedDate":"2021-08-26"},{"lineNumber":65,"author":{"gitId":"zcnmashleu95"},"content":"            secPart \u003d input.substring(index).replaceFirst(\"/at\",\"\").trim();","lastModifiedDate":"2021-08-26"},{"lineNumber":66,"author":{"gitId":"zcnmashleu95"},"content":"            description \u003d input.substring(0, index).replaceFirst(\"event\",\"\").trim();","lastModifiedDate":"2021-08-26"},{"lineNumber":67,"author":{"gitId":"zcnmashleu95"},"content":"","lastModifiedDate":"2021-08-26"},{"lineNumber":68,"author":{"gitId":"zcnmashleu95"},"content":"            list.add(new Event(description,secPart));","lastModifiedDate":"2021-08-26"},{"lineNumber":69,"author":{"gitId":"zcnmashleu95"},"content":"","lastModifiedDate":"2021-08-26"},{"lineNumber":70,"author":{"gitId":"zcnmashleu95"},"content":"            System.out.println(\"Got it. I\u0027ve added this task:\");","lastModifiedDate":"2021-08-26"},{"lineNumber":71,"author":{"gitId":"zcnmashleu95"},"content":"            System.out.println(list.get(list.size()-1).toString() );","lastModifiedDate":"2021-08-26"},{"lineNumber":72,"author":{"gitId":"zcnmashleu95"},"content":"            System.out.println(\"Now you have \" + list.get(0).getCumulatedTasksAdded() + \" tasks in the list.\");","lastModifiedDate":"2021-08-26"},{"lineNumber":73,"author":{"gitId":"zcnmashleu95"},"content":"","lastModifiedDate":"2021-08-26"},{"lineNumber":74,"author":{"gitId":"zcnmashleu95"},"content":"        }else{","lastModifiedDate":"2021-08-25"},{"lineNumber":75,"author":{"gitId":"zcnmashleu95"},"content":"            list.add(new Task(input));","lastModifiedDate":"2021-08-25"},{"lineNumber":76,"author":{"gitId":"zcnmashleu95"},"content":"            System.out.println(\"Got it. I\u0027ve added this task:\");","lastModifiedDate":"2021-08-26"},{"lineNumber":77,"author":{"gitId":"zcnmashleu95"},"content":"            System.out.println(list.get(list.size()-1).toString() );","lastModifiedDate":"2021-08-26"},{"lineNumber":78,"author":{"gitId":"zcnmashleu95"},"content":"            System.out.println(\"Now you have \" + list.get(0).getCumulatedTasksAdded() + \" tasks in the list.\");","lastModifiedDate":"2021-08-26"},{"lineNumber":79,"author":{"gitId":"zcnmashleu95"},"content":"        }","lastModifiedDate":"2021-08-25"},{"lineNumber":80,"author":{"gitId":"zcnmashleu95"},"content":"    }","lastModifiedDate":"2021-08-25"},{"lineNumber":81,"author":{"gitId":"zcnmashleu95"},"content":"","lastModifiedDate":"2021-08-25"},{"lineNumber":82,"author":{"gitId":"zcnmashleu95"},"content":"","lastModifiedDate":"2021-08-25"},{"lineNumber":83,"author":{"gitId":"-"},"content":"}","lastModifiedDate":"2019-07-29"},{"lineNumber":84,"author":{"gitId":"zcnmashleu95"},"content":"","lastModifiedDate":"2021-08-25"}],"authorContributionMap":{"-":4,"zcnmashleu95":80}},{"path":"src/main/java/UI.java","fileType":"java","lines":[{"lineNumber":1,"author":{"gitId":"zcnmashleu95"},"content":"public class UI {","lastModifiedDate":"2021-09-03"},{"lineNumber":2,"author":{"gitId":"zcnmashleu95"},"content":"}","lastModifiedDate":"2021-09-03"}],"authorContributionMap":{"zcnmashleu95":2}},{"path":"src/main/java/tasks/Deadline.java","fileType":"java","lines":[{"lineNumber":1,"author":{"gitId":"zcnmashleu95"},"content":"package tasks;","lastModifiedDate":"2021-08-26"},{"lineNumber":2,"author":{"gitId":"zcnmashleu95"},"content":"","lastModifiedDate":"2021-08-26"},{"lineNumber":3,"author":{"gitId":"zcnmashleu95"},"content":"public class Deadline extends Task {","lastModifiedDate":"2021-08-26"},{"lineNumber":4,"author":{"gitId":"zcnmashleu95"},"content":"    private String time;","lastModifiedDate":"2021-08-26"},{"lineNumber":5,"author":{"gitId":"zcnmashleu95"},"content":"","lastModifiedDate":"2021-08-26"},{"lineNumber":6,"author":{"gitId":"zcnmashleu95"},"content":"    public Deadline(String description, String by) {","lastModifiedDate":"2021-08-26"},{"lineNumber":7,"author":{"gitId":"zcnmashleu95"},"content":"        super(description);","lastModifiedDate":"2021-08-26"},{"lineNumber":8,"author":{"gitId":"zcnmashleu95"},"content":"        this.time \u003d by;","lastModifiedDate":"2021-08-26"},{"lineNumber":9,"author":{"gitId":"zcnmashleu95"},"content":"    }","lastModifiedDate":"2021-08-26"},{"lineNumber":10,"author":{"gitId":"zcnmashleu95"},"content":"    public String getTime() {","lastModifiedDate":"2021-08-26"},{"lineNumber":11,"author":{"gitId":"zcnmashleu95"},"content":"        return this.time;","lastModifiedDate":"2021-08-26"},{"lineNumber":12,"author":{"gitId":"zcnmashleu95"},"content":"    }","lastModifiedDate":"2021-08-26"},{"lineNumber":13,"author":{"gitId":"zcnmashleu95"},"content":"","lastModifiedDate":"2021-08-26"},{"lineNumber":14,"author":{"gitId":"zcnmashleu95"},"content":"    public String toString() {","lastModifiedDate":"2021-08-26"},{"lineNumber":15,"author":{"gitId":"zcnmashleu95"},"content":"        return \"[D]\" + super.toString() + \" (by: \" + this.getTime() + \")\";","lastModifiedDate":"2021-08-26"},{"lineNumber":16,"author":{"gitId":"zcnmashleu95"},"content":"    }","lastModifiedDate":"2021-08-26"},{"lineNumber":17,"author":{"gitId":"zcnmashleu95"},"content":"","lastModifiedDate":"2021-08-26"},{"lineNumber":18,"author":{"gitId":"zcnmashleu95"},"content":"}","lastModifiedDate":"2021-08-26"}],"authorContributionMap":{"zcnmashleu95":18}},{"path":"src/main/java/tasks/Event.java","fileType":"java","lines":[{"lineNumber":1,"author":{"gitId":"zcnmashleu95"},"content":"package tasks;","lastModifiedDate":"2021-08-26"},{"lineNumber":2,"author":{"gitId":"zcnmashleu95"},"content":"","lastModifiedDate":"2021-08-26"},{"lineNumber":3,"author":{"gitId":"zcnmashleu95"},"content":"","lastModifiedDate":"2021-08-26"},{"lineNumber":4,"author":{"gitId":"zcnmashleu95"},"content":"public class Event extends Task{","lastModifiedDate":"2021-08-26"},{"lineNumber":5,"author":{"gitId":"zcnmashleu95"},"content":"    protected String time;","lastModifiedDate":"2021-08-26"},{"lineNumber":6,"author":{"gitId":"zcnmashleu95"},"content":"","lastModifiedDate":"2021-08-26"},{"lineNumber":7,"author":{"gitId":"zcnmashleu95"},"content":"    public Event(String description, String at) {","lastModifiedDate":"2021-08-26"},{"lineNumber":8,"author":{"gitId":"zcnmashleu95"},"content":"        super(description);","lastModifiedDate":"2021-08-26"},{"lineNumber":9,"author":{"gitId":"zcnmashleu95"},"content":"        this.time \u003d at;","lastModifiedDate":"2021-08-26"},{"lineNumber":10,"author":{"gitId":"zcnmashleu95"},"content":"    }","lastModifiedDate":"2021-08-26"},{"lineNumber":11,"author":{"gitId":"zcnmashleu95"},"content":"","lastModifiedDate":"2021-08-26"},{"lineNumber":12,"author":{"gitId":"zcnmashleu95"},"content":"    public String getTime() {","lastModifiedDate":"2021-08-26"},{"lineNumber":13,"author":{"gitId":"zcnmashleu95"},"content":"        return this.time;","lastModifiedDate":"2021-08-26"},{"lineNumber":14,"author":{"gitId":"zcnmashleu95"},"content":"    }","lastModifiedDate":"2021-08-26"},{"lineNumber":15,"author":{"gitId":"zcnmashleu95"},"content":"","lastModifiedDate":"2021-08-26"},{"lineNumber":16,"author":{"gitId":"zcnmashleu95"},"content":"    public String toString() {","lastModifiedDate":"2021-08-26"},{"lineNumber":17,"author":{"gitId":"zcnmashleu95"},"content":"        return \"[E]\" + super.toString() + \" (at: \" + getTime() + \")\";","lastModifiedDate":"2021-08-26"},{"lineNumber":18,"author":{"gitId":"zcnmashleu95"},"content":"    }","lastModifiedDate":"2021-08-26"},{"lineNumber":19,"author":{"gitId":"zcnmashleu95"},"content":"","lastModifiedDate":"2021-08-26"},{"lineNumber":20,"author":{"gitId":"zcnmashleu95"},"content":"}","lastModifiedDate":"2021-08-26"}],"authorContributionMap":{"zcnmashleu95":20}},{"path":"src/main/java/tasks/Task.java","fileType":"java","lines":[{"lineNumber":1,"author":{"gitId":"zcnmashleu95"},"content":"package tasks;","lastModifiedDate":"2021-08-25"},{"lineNumber":2,"author":{"gitId":"zcnmashleu95"},"content":"","lastModifiedDate":"2021-08-25"},{"lineNumber":3,"author":{"gitId":"zcnmashleu95"},"content":"public class Task {","lastModifiedDate":"2021-08-25"},{"lineNumber":4,"author":{"gitId":"zcnmashleu95"},"content":"    private String description;","lastModifiedDate":"2021-08-25"},{"lineNumber":5,"author":{"gitId":"zcnmashleu95"},"content":"    private boolean isDone;","lastModifiedDate":"2021-08-25"},{"lineNumber":6,"author":{"gitId":"zcnmashleu95"},"content":"    protected static int cumulatedTasksAdded \u003d 0;","lastModifiedDate":"2021-08-25"},{"lineNumber":7,"author":{"gitId":"zcnmashleu95"},"content":"","lastModifiedDate":"2021-08-25"},{"lineNumber":8,"author":{"gitId":"zcnmashleu95"},"content":"    public Task(String description) {","lastModifiedDate":"2021-08-25"},{"lineNumber":9,"author":{"gitId":"zcnmashleu95"},"content":"        this.description \u003d description;","lastModifiedDate":"2021-08-25"},{"lineNumber":10,"author":{"gitId":"zcnmashleu95"},"content":"        this.isDone \u003d false;","lastModifiedDate":"2021-08-25"},{"lineNumber":11,"author":{"gitId":"zcnmashleu95"},"content":"        cumulatedTasksAdded++;","lastModifiedDate":"2021-08-25"},{"lineNumber":12,"author":{"gitId":"zcnmashleu95"},"content":"    }","lastModifiedDate":"2021-08-25"},{"lineNumber":13,"author":{"gitId":"zcnmashleu95"},"content":"","lastModifiedDate":"2021-08-25"},{"lineNumber":14,"author":{"gitId":"zcnmashleu95"},"content":"    public void changeDoneTo(boolean isDone) {","lastModifiedDate":"2021-08-25"},{"lineNumber":15,"author":{"gitId":"zcnmashleu95"},"content":"        this.isDone \u003d isDone;","lastModifiedDate":"2021-08-25"},{"lineNumber":16,"author":{"gitId":"zcnmashleu95"},"content":"    }","lastModifiedDate":"2021-08-25"},{"lineNumber":17,"author":{"gitId":"zcnmashleu95"},"content":"","lastModifiedDate":"2021-08-25"},{"lineNumber":18,"author":{"gitId":"zcnmashleu95"},"content":"    public String getDescription() {","lastModifiedDate":"2021-08-25"},{"lineNumber":19,"author":{"gitId":"zcnmashleu95"},"content":"        return this.description;","lastModifiedDate":"2021-08-25"},{"lineNumber":20,"author":{"gitId":"zcnmashleu95"},"content":"    }","lastModifiedDate":"2021-08-25"},{"lineNumber":21,"author":{"gitId":"zcnmashleu95"},"content":"","lastModifiedDate":"2021-08-25"},{"lineNumber":22,"author":{"gitId":"zcnmashleu95"},"content":"    public int getCumulatedTasksAdded(){","lastModifiedDate":"2021-08-26"},{"lineNumber":23,"author":{"gitId":"zcnmashleu95"},"content":"        return this.cumulatedTasksAdded;","lastModifiedDate":"2021-08-26"},{"lineNumber":24,"author":{"gitId":"zcnmashleu95"},"content":"    }","lastModifiedDate":"2021-08-26"},{"lineNumber":25,"author":{"gitId":"zcnmashleu95"},"content":"","lastModifiedDate":"2021-08-26"},{"lineNumber":26,"author":{"gitId":"zcnmashleu95"},"content":"    public String toString() {","lastModifiedDate":"2021-08-25"},{"lineNumber":27,"author":{"gitId":"zcnmashleu95"},"content":"        String symbol;","lastModifiedDate":"2021-08-25"},{"lineNumber":28,"author":{"gitId":"zcnmashleu95"},"content":"","lastModifiedDate":"2021-08-25"},{"lineNumber":29,"author":{"gitId":"zcnmashleu95"},"content":"        if (this.isDone) {","lastModifiedDate":"2021-08-25"},{"lineNumber":30,"author":{"gitId":"zcnmashleu95"},"content":"            symbol \u003d \"+\";","lastModifiedDate":"2021-08-25"},{"lineNumber":31,"author":{"gitId":"zcnmashleu95"},"content":"        } else {","lastModifiedDate":"2021-08-25"},{"lineNumber":32,"author":{"gitId":"zcnmashleu95"},"content":"            symbol \u003d \"-\";","lastModifiedDate":"2021-08-25"},{"lineNumber":33,"author":{"gitId":"zcnmashleu95"},"content":"        }","lastModifiedDate":"2021-08-25"},{"lineNumber":34,"author":{"gitId":"zcnmashleu95"},"content":"","lastModifiedDate":"2021-08-25"},{"lineNumber":35,"author":{"gitId":"zcnmashleu95"},"content":"        return (\"[\" + symbol + \"] \" + getDescription());","lastModifiedDate":"2021-08-25"},{"lineNumber":36,"author":{"gitId":"zcnmashleu95"},"content":"    }","lastModifiedDate":"2021-08-25"},{"lineNumber":37,"author":{"gitId":"zcnmashleu95"},"content":"","lastModifiedDate":"2021-08-25"},{"lineNumber":38,"author":{"gitId":"zcnmashleu95"},"content":"}","lastModifiedDate":"2021-08-25"}],"authorContributionMap":{"zcnmashleu95":38}},{"path":"src/main/java/tasks/ToDo.java","fileType":"java","lines":[{"lineNumber":1,"author":{"gitId":"zcnmashleu95"},"content":"package tasks;","lastModifiedDate":"2021-08-26"},{"lineNumber":2,"author":{"gitId":"zcnmashleu95"},"content":"","lastModifiedDate":"2021-08-26"},{"lineNumber":3,"author":{"gitId":"zcnmashleu95"},"content":"","lastModifiedDate":"2021-08-26"},{"lineNumber":4,"author":{"gitId":"zcnmashleu95"},"content":"public class ToDo extends Task{","lastModifiedDate":"2021-08-26"},{"lineNumber":5,"author":{"gitId":"zcnmashleu95"},"content":"    public ToDo(String description) {","lastModifiedDate":"2021-08-26"},{"lineNumber":6,"author":{"gitId":"zcnmashleu95"},"content":"        super(description);","lastModifiedDate":"2021-08-26"},{"lineNumber":7,"author":{"gitId":"zcnmashleu95"},"content":"    }","lastModifiedDate":"2021-08-26"},{"lineNumber":8,"author":{"gitId":"zcnmashleu95"},"content":"    public String toString() {","lastModifiedDate":"2021-08-26"},{"lineNumber":9,"author":{"gitId":"zcnmashleu95"},"content":"        return \"[T]\" + super.toString();","lastModifiedDate":"2021-08-26"},{"lineNumber":10,"author":{"gitId":"zcnmashleu95"},"content":"    }","lastModifiedDate":"2021-08-26"},{"lineNumber":11,"author":{"gitId":"zcnmashleu95"},"content":"}","lastModifiedDate":"2021-08-26"}],"authorContributionMap":{"zcnmashleu95":11}}]
