{"authorDailyContributionsMap":{"zcnmashleu95":[{"date":"2021-08-25","commitResults":[{"hash":"41e2995929c9f71bf06c0b486773892e811f2396","messageTitle":"Finished level 0","messageBody":"","tags":["Level-0"],"fileTypesAndContributionMap":{"java":{"insertions":4,"deletions":6}}},{"hash":"6b1b3d760d37013bdb4d11419e740ce5d519d9d3","messageTitle":"Finished Level-1","messageBody":"","tags":["Level-1"],"fileTypesAndContributionMap":{"java":{"insertions":15,"deletions":0}}},{"hash":"527974ed093d0be983e1f80c0bedda0441a15b14","messageTitle":"Finished Level-2","messageBody":"","tags":["Level-2"],"fileTypesAndContributionMap":{"java":{"insertions":13,"deletions":1}}},{"hash":"dbfbce3e4f9faeb9cdd03f495d1092219a261fa7","messageTitle":"Finished Level-3","messageBody":"","tags":["Level-3"],"fileTypesAndContributionMap":{"java":{"insertions":60,"deletions":11}}}]},{"date":"2021-08-26","commitResults":[{"hash":"eb725229c4de097b3360f22db10f0cb46d6810b3","messageTitle":"Finished Level-4. Still require refactoring etc","messageBody":"","tags":["Level-4"],"fileTypesAndContributionMap":{"java":{"insertions":88,"deletions":1}}},{"hash":"1753cd83ca18679ea4c82fe09b62e342ae16f215","messageTitle":"Will require refactoring for the task classes and parsing. Will have to refactor into better components","messageBody":"","fileTypesAndContributionMap":{"java":{"insertions":1,"deletions":1}}}]},{"date":"2021-09-03","commitResults":[{"hash":"d1ca0f428aceb665e39db49f4db643c881c069f2","messageTitle":"in the midst of refactoring","messageBody":"","fileTypesAndContributionMap":{"java":{"insertions":2,"deletions":0}}},{"hash":"a3b9e979ac1c991215e04bfeec9f0fe5edd67b96","messageTitle":"will refactoring with better design","messageBody":"","fileTypesAndContributionMap":{"java":{"insertions":3,"deletions":1}}}]},{"date":"2021-09-15","commitResults":[{"hash":"5eba337e24fa5d97074257c1ef2a290a4acce44f","messageTitle":"Added original DukeException from Duke project","messageBody":"","tags":["Level-5"],"fileTypesAndContributionMap":{"java":{"insertions":28,"deletions":0}}}]},{"date":"2021-09-19","commitResults":[{"hash":"686024a19f295be8496d6316e04e24ee2b8ad821","messageTitle":"adding parser and ui from my duke project. Would be refactoring those 2 files to be better","messageBody":"","tags":["Level-6"],"fileTypesAndContributionMap":{"java":{"insertions":227,"deletions":4}}},{"hash":"4cedf55b846d0b255b7896babf9d99689fb4cba3","messageTitle":"added commands package as well from my TIC2002 project. Would be refactoring and rewriting","messageBody":"","tags":["Level-7"],"fileTypesAndContributionMap":{"java":{"insertions":434,"deletions":0}}},{"hash":"159d9b4dbcbf379703601cd4e69e129acbb43686","messageTitle":"refactored parser class to be better","messageBody":"","tags":["Level-8"],"fileTypesAndContributionMap":{"java":{"insertions":67,"deletions":47}}},{"hash":"8c46377448fb25c7f3200b487c78aa295d3015b4","messageTitle":"Refactor deadline","messageBody":"","tags":["Level-9"],"fileTypesAndContributionMap":{"txt":{"insertions":33,"deletions":0},"java":{"insertions":589,"deletions":86},"bat":{"insertions":3,"deletions":0}}}]},{"date":"2021-09-20","commitResults":[{"hash":"49a60a43dc5d6cd53d718b960fac16393fdcf23a","messageTitle":"Add JUnit tests","messageBody":"","tags":["A-JUnit"],"fileTypesAndContributionMap":{"java":{"insertions":149,"deletions":0}}}]},{"date":"2021-09-21","commitResults":[{"hash":"98f019a7b467e49b42a1dcc198ea30a65f9dd34c","messageTitle":"Add EventTest for JUnit, fix deadline a bit","messageBody":"","tags":["A-MoreOOP","A-JavaDoc"],"fileTypesAndContributionMap":{"java":{"insertions":62,"deletions":19}}}]},{"date":"2021-09-25","commitResults":[{"hash":"86cbe12555065a88d7fdb148ef4a17d12304c09f","messageTitle":"Fix events bugs and tasklist bugs","messageBody":"","tags":["A-AbstractClasses"],"fileTypesAndContributionMap":{"txt":{"insertions":1,"deletions":7},"java":{"insertions":15,"deletions":14}}}]},{"date":"2021-09-26","commitResults":[{"hash":"6153d8a6d688f0aaed26c2677e173451077b1eb9","messageTitle":"Fix bugs and text-test cases","messageBody":"","tags":["A-UserGuiude"],"fileTypesAndContributionMap":{"txt":{"insertions":3,"deletions":2},"java":{"insertions":88,"deletions":78},"bat":{"insertions":3,"deletions":5},"md":{"insertions":40,"deletions":6}}},{"hash":"3a17124c36efd7fde99b4ee3b36bdfa80da87f23","messageTitle":"Fix Bugs","messageBody":"","fileTypesAndContributionMap":{"java":{"insertions":13,"deletions":13},"md":{"insertions":16,"deletions":21}}},{"hash":"2786245f205db4893067a84e07b58ba6b7f786e6","messageTitle":"Modify userguide","messageBody":"","tags":["v1.0.2"],"fileTypesAndContributionMap":{"md":{"insertions":31,"deletions":32}}},{"hash":"cc723338c967ec63748882730c1609fd90c10ade","messageTitle":"Modify readme, add Set Up steps","messageBody":"","tags":["v1.0.3"],"fileTypesAndContributionMap":{"md":{"insertions":9,"deletions":0}}}]}]},"authorFileTypeContributionMap":{"zcnmashleu95":{"java":1582,"md":58,"fxml":0,"sh":0,"bat":5,"gradle":0,"txt":28}},"authorContributionVariance":{"zcnmashleu95":46696.652},"authorDisplayNameMap":{"zcnmashleu95":"TIC4001-F18-4 LAM ..CHUN"}}
