{"authorDailyContributionsMap":{"zcnmashleu95":[{"date":"2021-08-25","commitResults":[{"hash":"41e2995929c9f71bf06c0b486773892e811f2396","messageTitle":"Finished level 0","messageBody":"","tags":["Level-0"],"fileTypesAndContributionMap":{"java":{"insertions":4,"deletions":6}}},{"hash":"6b1b3d760d37013bdb4d11419e740ce5d519d9d3","messageTitle":"Finished Level-1","messageBody":"","tags":["Level-1"],"fileTypesAndContributionMap":{"java":{"insertions":15,"deletions":0}}},{"hash":"527974ed093d0be983e1f80c0bedda0441a15b14","messageTitle":"Finished Level-2","messageBody":"","tags":["Level-2"],"fileTypesAndContributionMap":{"java":{"insertions":13,"deletions":1}}},{"hash":"dbfbce3e4f9faeb9cdd03f495d1092219a261fa7","messageTitle":"Finished Level-3","messageBody":"","tags":["Level-3"],"fileTypesAndContributionMap":{"java":{"insertions":60,"deletions":11}}}]},{"date":"2021-08-26","commitResults":[{"hash":"eb725229c4de097b3360f22db10f0cb46d6810b3","messageTitle":"Finished Level-4. Still require refactoring etc","messageBody":"","tags":["Level-4"],"fileTypesAndContributionMap":{"java":{"insertions":88,"deletions":1}}},{"hash":"1753cd83ca18679ea4c82fe09b62e342ae16f215","messageTitle":"Will require refactoring for the task classes and parsing. Will have to refactor into better components","messageBody":"","fileTypesAndContributionMap":{"java":{"insertions":1,"deletions":1}}}]}]},"authorFileTypeContributionMap":{"zcnmashleu95":{"java":167,"md":0,"fxml":0,"sh":0,"bat":0,"gradle":0,"txt":0}},"authorContributionVariance":{"zcnmashleu95":1007.58344},"authorDisplayNameMap":{"zcnmashleu95":"TIC4001-F18-4 LAM ..CHUN"}}
