[{"path":"README.md","fileType":"md","lines":[{"lineNumber":1,"author":{"gitId":"-"},"content":"# Duke project template","lastModifiedDate":"2020-05-25"},{"lineNumber":2,"author":{"gitId":"-"},"content":"","lastModifiedDate":"2020-05-25"},{"lineNumber":3,"author":{"gitId":"-"},"content":"This is a project template for a greenfield Java project. It\u0027s named after the Java mascot _Duke_. Given below are instructions on how to use it.","lastModifiedDate":"2020-05-25"},{"lineNumber":4,"author":{"gitId":"-"},"content":"","lastModifiedDate":"2020-05-25"},{"lineNumber":5,"author":{"gitId":"-"},"content":"## Setting up in Intellij","lastModifiedDate":"2020-05-25"},{"lineNumber":6,"author":{"gitId":"-"},"content":"","lastModifiedDate":"2020-05-25"},{"lineNumber":7,"author":{"gitId":"-"},"content":"Prerequisites: JDK 11, update Intellij to the most recent version.","lastModifiedDate":"2020-05-25"},{"lineNumber":8,"author":{"gitId":"-"},"content":"","lastModifiedDate":"2020-05-25"},{"lineNumber":9,"author":{"gitId":"-"},"content":"1. Open Intellij (if you are not in the welcome screen, click `File` \u003e `Close Project` to close the existing project first)","lastModifiedDate":"2021-01-17"},{"lineNumber":10,"author":{"gitId":"-"},"content":"1. Open the project into Intellij as follows:","lastModifiedDate":"2021-01-17"},{"lineNumber":11,"author":{"gitId":"-"},"content":"   1. Click `Open`.","lastModifiedDate":"2021-01-17"},{"lineNumber":12,"author":{"gitId":"-"},"content":"   1. Select the project directory, and click `OK`.","lastModifiedDate":"2021-01-17"},{"lineNumber":13,"author":{"gitId":"-"},"content":"   1. If there are any further prompts, accept the defaults.","lastModifiedDate":"2020-05-25"},{"lineNumber":14,"author":{"gitId":"-"},"content":"1. Configure the project to use **JDK 11** (not other versions) as explained in [here](https://www.jetbrains.com/help/idea/sdk.html#set-up-jdk).\u003cbr\u003e","lastModifiedDate":"2021-07-29"},{"lineNumber":15,"author":{"gitId":"-"},"content":"   In the same dialog, set the **Project language level** field to the `SDK default` option.","lastModifiedDate":"2021-07-29"},{"lineNumber":16,"author":{"gitId":"TanChiaChun"},"content":"3. After that, locate the `src/main/java/edu/nus/duke/command/Duke.java` file, right-click it, and choose `Run Duke.main()` (if the code editor is showing compile errors, try restarting the IDE). If the setup is correct, you should see something like the below as the output:","lastModifiedDate":"2021-09-04"},{"lineNumber":17,"author":{"gitId":"-"},"content":"   ```","lastModifiedDate":"2020-05-25"},{"lineNumber":18,"author":{"gitId":"-"},"content":"   Hello from","lastModifiedDate":"2020-05-25"},{"lineNumber":19,"author":{"gitId":"-"},"content":"    ____        _        ","lastModifiedDate":"2020-05-25"},{"lineNumber":20,"author":{"gitId":"-"},"content":"   |  _ \\ _   _| | _____ ","lastModifiedDate":"2020-05-25"},{"lineNumber":21,"author":{"gitId":"-"},"content":"   | | | | | | | |/ / _ \\","lastModifiedDate":"2020-05-25"},{"lineNumber":22,"author":{"gitId":"-"},"content":"   | |_| | |_| |   \u003c  __/","lastModifiedDate":"2020-05-25"},{"lineNumber":23,"author":{"gitId":"-"},"content":"   |____/ \\__,_|_|\\_\\___|","lastModifiedDate":"2020-05-25"},{"lineNumber":24,"author":{"gitId":"-"},"content":"   ```","lastModifiedDate":"2020-05-25"}],"authorContributionMap":{"TanChiaChun":1,"-":23}},{"path":"src/main/java/edu/nus/duke/command/Duke.java","fileType":"java","lines":[{"lineNumber":1,"author":{"gitId":"TanChiaChun"},"content":"package edu.nus.duke.command;","lastModifiedDate":"2021-09-04"},{"lineNumber":2,"author":{"gitId":"TanChiaChun"},"content":"","lastModifiedDate":"2021-09-04"},{"lineNumber":3,"author":{"gitId":"TanChiaChun"},"content":"import java.util.ArrayList;","lastModifiedDate":"2021-09-10"},{"lineNumber":4,"author":{"gitId":"TanChiaChun"},"content":"import java.util.Scanner;","lastModifiedDate":"2021-08-20"},{"lineNumber":5,"author":{"gitId":"TanChiaChun"},"content":"import java.lang.StringBuilder;","lastModifiedDate":"2021-09-11"},{"lineNumber":6,"author":{"gitId":"TanChiaChun"},"content":"import java.io.FileWriter;","lastModifiedDate":"2021-09-11"},{"lineNumber":7,"author":{"gitId":"TanChiaChun"},"content":"import java.io.IOException;","lastModifiedDate":"2021-09-11"},{"lineNumber":8,"author":{"gitId":"TanChiaChun"},"content":"import java.nio.file.Path;","lastModifiedDate":"2021-09-11"},{"lineNumber":9,"author":{"gitId":"TanChiaChun"},"content":"import java.nio.file.Paths;","lastModifiedDate":"2021-09-11"},{"lineNumber":10,"author":{"gitId":"TanChiaChun"},"content":"import java.io.File;","lastModifiedDate":"2021-09-11"},{"lineNumber":11,"author":{"gitId":"TanChiaChun"},"content":"import java.nio.file.Files;","lastModifiedDate":"2021-09-11"},{"lineNumber":12,"author":{"gitId":"TanChiaChun"},"content":"import java.io.FileNotFoundException;","lastModifiedDate":"2021-09-11"},{"lineNumber":13,"author":{"gitId":"TanChiaChun"},"content":"import edu.nus.duke.task.Task;","lastModifiedDate":"2021-09-04"},{"lineNumber":14,"author":{"gitId":"TanChiaChun"},"content":"import edu.nus.duke.task.Todo;","lastModifiedDate":"2021-09-04"},{"lineNumber":15,"author":{"gitId":"TanChiaChun"},"content":"import edu.nus.duke.task.Deadline;","lastModifiedDate":"2021-09-04"},{"lineNumber":16,"author":{"gitId":"TanChiaChun"},"content":"import edu.nus.duke.task.Event;","lastModifiedDate":"2021-09-04"},{"lineNumber":17,"author":{"gitId":"TanChiaChun"},"content":"import edu.nus.duke.exception.DukeException;","lastModifiedDate":"2021-09-04"},{"lineNumber":18,"author":{"gitId":"TanChiaChun"},"content":"","lastModifiedDate":"2021-08-20"},{"lineNumber":19,"author":{"gitId":"-"},"content":"public class Duke {","lastModifiedDate":"2019-07-29"},{"lineNumber":20,"author":{"gitId":"TanChiaChun"},"content":"    // Variables","lastModifiedDate":"2021-08-20"},{"lineNumber":21,"author":{"gitId":"TanChiaChun"},"content":"    private static final String FILE_PATH \u003d \"data/duke.txt\";","lastModifiedDate":"2021-09-11"},{"lineNumber":22,"author":{"gitId":"TanChiaChun"},"content":"    private static final String SAVE_SEP \u003d \";\";","lastModifiedDate":"2021-09-11"},{"lineNumber":23,"author":{"gitId":"TanChiaChun"},"content":"    private static final String HORIZ_LINE \u003d \"____________________________________________________________\";","lastModifiedDate":"2021-09-11"},{"lineNumber":24,"author":{"gitId":"TanChiaChun"},"content":"    private static final String CMD_TODO \u003d \"todo\";","lastModifiedDate":"2021-09-11"},{"lineNumber":25,"author":{"gitId":"TanChiaChun"},"content":"    private static final String CMD_DEADLINE \u003d \"deadline\";","lastModifiedDate":"2021-09-11"},{"lineNumber":26,"author":{"gitId":"TanChiaChun"},"content":"    private static final String CMD_EVENT \u003d \"event\";","lastModifiedDate":"2021-09-11"},{"lineNumber":27,"author":{"gitId":"TanChiaChun"},"content":"    private static ArrayList\u003cTask\u003e tasks \u003d new ArrayList\u003c\u003e();","lastModifiedDate":"2021-09-11"},{"lineNumber":28,"author":{"gitId":"TanChiaChun"},"content":"","lastModifiedDate":"2021-08-26"},{"lineNumber":29,"author":{"gitId":"TanChiaChun"},"content":"    // Methods","lastModifiedDate":"2021-09-02"},{"lineNumber":30,"author":{"gitId":"TanChiaChun"},"content":"    private static void loadTask(String line) throws DukeException, ArrayIndexOutOfBoundsException {","lastModifiedDate":"2021-09-12"},{"lineNumber":31,"author":{"gitId":"TanChiaChun"},"content":"        String[] elements \u003d line.split(SAVE_SEP);","lastModifiedDate":"2021-09-11"},{"lineNumber":32,"author":{"gitId":"TanChiaChun"},"content":"        String taskType \u003d elements[0];","lastModifiedDate":"2021-09-11"},{"lineNumber":33,"author":{"gitId":"TanChiaChun"},"content":"        boolean isDone \u003d elements[1].equals(\"1\");","lastModifiedDate":"2021-09-11"},{"lineNumber":34,"author":{"gitId":"TanChiaChun"},"content":"        String taskName \u003d elements[2];","lastModifiedDate":"2021-09-11"},{"lineNumber":35,"author":{"gitId":"TanChiaChun"},"content":"        switch (taskType) {","lastModifiedDate":"2021-09-11"},{"lineNumber":36,"author":{"gitId":"TanChiaChun"},"content":"        case \"T\":","lastModifiedDate":"2021-09-11"},{"lineNumber":37,"author":{"gitId":"TanChiaChun"},"content":"            tasks.add(new Todo(taskName, isDone));","lastModifiedDate":"2021-09-11"},{"lineNumber":38,"author":{"gitId":"TanChiaChun"},"content":"            break;","lastModifiedDate":"2021-09-11"},{"lineNumber":39,"author":{"gitId":"TanChiaChun"},"content":"        case \"D\":","lastModifiedDate":"2021-09-11"},{"lineNumber":40,"author":{"gitId":"TanChiaChun"},"content":"            String by \u003d elements[3];","lastModifiedDate":"2021-09-11"},{"lineNumber":41,"author":{"gitId":"TanChiaChun"},"content":"            tasks.add(new Deadline(taskName, by, isDone));","lastModifiedDate":"2021-09-11"},{"lineNumber":42,"author":{"gitId":"TanChiaChun"},"content":"            break;","lastModifiedDate":"2021-09-11"},{"lineNumber":43,"author":{"gitId":"TanChiaChun"},"content":"        case \"E\":","lastModifiedDate":"2021-09-11"},{"lineNumber":44,"author":{"gitId":"TanChiaChun"},"content":"            String at \u003d elements[3];","lastModifiedDate":"2021-09-11"},{"lineNumber":45,"author":{"gitId":"TanChiaChun"},"content":"            tasks.add(new Event(taskName, at, isDone));","lastModifiedDate":"2021-09-11"},{"lineNumber":46,"author":{"gitId":"TanChiaChun"},"content":"            break;","lastModifiedDate":"2021-09-11"},{"lineNumber":47,"author":{"gitId":"TanChiaChun"},"content":"        default:","lastModifiedDate":"2021-09-11"},{"lineNumber":48,"author":{"gitId":"TanChiaChun"},"content":"            throw new DukeException();","lastModifiedDate":"2021-09-11"},{"lineNumber":49,"author":{"gitId":"TanChiaChun"},"content":"        }","lastModifiedDate":"2021-09-11"},{"lineNumber":50,"author":{"gitId":"TanChiaChun"},"content":"    }","lastModifiedDate":"2021-09-11"},{"lineNumber":51,"author":{"gitId":"TanChiaChun"},"content":"","lastModifiedDate":"2021-09-11"},{"lineNumber":52,"author":{"gitId":"TanChiaChun"},"content":"    private static void loadData(File f) throws FileNotFoundException, DukeException {","lastModifiedDate":"2021-09-11"},{"lineNumber":53,"author":{"gitId":"TanChiaChun"},"content":"        Scanner s \u003d new Scanner(f);","lastModifiedDate":"2021-09-11"},{"lineNumber":54,"author":{"gitId":"TanChiaChun"},"content":"        while (s.hasNext()) {","lastModifiedDate":"2021-09-11"},{"lineNumber":55,"author":{"gitId":"TanChiaChun"},"content":"            String line \u003d s.nextLine();","lastModifiedDate":"2021-09-11"},{"lineNumber":56,"author":{"gitId":"TanChiaChun"},"content":"            try {","lastModifiedDate":"2021-09-12"},{"lineNumber":57,"author":{"gitId":"TanChiaChun"},"content":"                loadTask(line);","lastModifiedDate":"2021-09-11"},{"lineNumber":58,"author":{"gitId":"TanChiaChun"},"content":"            } catch (ArrayIndexOutOfBoundsException e) {","lastModifiedDate":"2021-09-12"},{"lineNumber":59,"author":{"gitId":"TanChiaChun"},"content":"                throw new DukeException();","lastModifiedDate":"2021-09-12"},{"lineNumber":60,"author":{"gitId":"TanChiaChun"},"content":"            }","lastModifiedDate":"2021-09-12"},{"lineNumber":61,"author":{"gitId":"TanChiaChun"},"content":"        }","lastModifiedDate":"2021-09-11"},{"lineNumber":62,"author":{"gitId":"TanChiaChun"},"content":"    }","lastModifiedDate":"2021-09-11"},{"lineNumber":63,"author":{"gitId":"TanChiaChun"},"content":"","lastModifiedDate":"2021-09-11"},{"lineNumber":64,"author":{"gitId":"TanChiaChun"},"content":"    private static void initApp() throws FileNotFoundException, DukeException {","lastModifiedDate":"2021-09-11"},{"lineNumber":65,"author":{"gitId":"TanChiaChun"},"content":"        File f \u003d new File(FILE_PATH);","lastModifiedDate":"2021-09-11"},{"lineNumber":66,"author":{"gitId":"TanChiaChun"},"content":"        if (f.isFile()) {","lastModifiedDate":"2021-09-11"},{"lineNumber":67,"author":{"gitId":"TanChiaChun"},"content":"            loadData(f);","lastModifiedDate":"2021-09-11"},{"lineNumber":68,"author":{"gitId":"TanChiaChun"},"content":"        }","lastModifiedDate":"2021-09-11"},{"lineNumber":69,"author":{"gitId":"TanChiaChun"},"content":"        System.out.println(\"Hello! I\u0027m Jarvis\");","lastModifiedDate":"2021-09-02"},{"lineNumber":70,"author":{"gitId":"TanChiaChun"},"content":"        System.out.println(\"What can I do for you?\");","lastModifiedDate":"2021-09-02"},{"lineNumber":71,"author":{"gitId":"TanChiaChun"},"content":"        System.out.println(HORIZ_LINE);","lastModifiedDate":"2021-09-02"},{"lineNumber":72,"author":{"gitId":"TanChiaChun"},"content":"    }","lastModifiedDate":"2021-09-02"},{"lineNumber":73,"author":{"gitId":"TanChiaChun"},"content":"","lastModifiedDate":"2021-09-02"},{"lineNumber":74,"author":{"gitId":"TanChiaChun"},"content":"    private static void finaliseApp() {","lastModifiedDate":"2021-09-02"},{"lineNumber":75,"author":{"gitId":"TanChiaChun"},"content":"        System.out.println(\"Bye. Hope to see you again soon!\");","lastModifiedDate":"2021-09-02"},{"lineNumber":76,"author":{"gitId":"TanChiaChun"},"content":"        System.out.println(HORIZ_LINE);","lastModifiedDate":"2021-09-02"},{"lineNumber":77,"author":{"gitId":"TanChiaChun"},"content":"    }","lastModifiedDate":"2021-09-02"},{"lineNumber":78,"author":{"gitId":"TanChiaChun"},"content":"","lastModifiedDate":"2021-09-02"},{"lineNumber":79,"author":{"gitId":"TanChiaChun"},"content":"    private static void printList() {","lastModifiedDate":"2021-09-10"},{"lineNumber":80,"author":{"gitId":"TanChiaChun"},"content":"        System.out.println(\"Here are the tasks in your list:\");","lastModifiedDate":"2021-09-02"},{"lineNumber":81,"author":{"gitId":"TanChiaChun"},"content":"        for (int i \u003d 0; i \u003c tasks.size(); i++) {","lastModifiedDate":"2021-09-10"},{"lineNumber":82,"author":{"gitId":"TanChiaChun"},"content":"            System.out.println((i + 1) + \". \" + tasks.get(i).getTask());","lastModifiedDate":"2021-09-10"},{"lineNumber":83,"author":{"gitId":"TanChiaChun"},"content":"        }","lastModifiedDate":"2021-09-02"},{"lineNumber":84,"author":{"gitId":"TanChiaChun"},"content":"    }","lastModifiedDate":"2021-09-02"},{"lineNumber":85,"author":{"gitId":"TanChiaChun"},"content":"","lastModifiedDate":"2021-09-02"},{"lineNumber":86,"author":{"gitId":"TanChiaChun"},"content":"    private static String generateFileOutput() {","lastModifiedDate":"2021-09-11"},{"lineNumber":87,"author":{"gitId":"TanChiaChun"},"content":"        StringBuilder output \u003d new StringBuilder();","lastModifiedDate":"2021-09-11"},{"lineNumber":88,"author":{"gitId":"TanChiaChun"},"content":"        for (Task task : tasks) {","lastModifiedDate":"2021-09-11"},{"lineNumber":89,"author":{"gitId":"TanChiaChun"},"content":"            output.append(task.printToSave());","lastModifiedDate":"2021-09-11"},{"lineNumber":90,"author":{"gitId":"TanChiaChun"},"content":"            output.append(System.lineSeparator());","lastModifiedDate":"2021-09-11"},{"lineNumber":91,"author":{"gitId":"TanChiaChun"},"content":"        }","lastModifiedDate":"2021-09-11"},{"lineNumber":92,"author":{"gitId":"TanChiaChun"},"content":"        return output.toString();","lastModifiedDate":"2021-09-11"},{"lineNumber":93,"author":{"gitId":"TanChiaChun"},"content":"    }","lastModifiedDate":"2021-09-11"},{"lineNumber":94,"author":{"gitId":"TanChiaChun"},"content":"","lastModifiedDate":"2021-09-11"},{"lineNumber":95,"author":{"gitId":"TanChiaChun"},"content":"    private static void createParentDir(String filePath) throws IOException {","lastModifiedDate":"2021-09-11"},{"lineNumber":96,"author":{"gitId":"TanChiaChun"},"content":"        Path path \u003d Paths.get(filePath).getParent();","lastModifiedDate":"2021-09-11"},{"lineNumber":97,"author":{"gitId":"TanChiaChun"},"content":"        if (path \u003d\u003d null || Files.isDirectory(path)) {","lastModifiedDate":"2021-09-11"},{"lineNumber":98,"author":{"gitId":"TanChiaChun"},"content":"            return;","lastModifiedDate":"2021-09-11"},{"lineNumber":99,"author":{"gitId":"TanChiaChun"},"content":"        }","lastModifiedDate":"2021-09-11"},{"lineNumber":100,"author":{"gitId":"TanChiaChun"},"content":"        Files.createDirectory(path);","lastModifiedDate":"2021-09-11"},{"lineNumber":101,"author":{"gitId":"TanChiaChun"},"content":"    }","lastModifiedDate":"2021-09-11"},{"lineNumber":102,"author":{"gitId":"TanChiaChun"},"content":"","lastModifiedDate":"2021-09-11"},{"lineNumber":103,"author":{"gitId":"TanChiaChun"},"content":"    private static void writeToFile(String filePath, String txt) throws IOException {","lastModifiedDate":"2021-09-11"},{"lineNumber":104,"author":{"gitId":"TanChiaChun"},"content":"        createParentDir(filePath);","lastModifiedDate":"2021-09-11"},{"lineNumber":105,"author":{"gitId":"TanChiaChun"},"content":"        FileWriter fw \u003d new FileWriter(filePath);","lastModifiedDate":"2021-09-11"},{"lineNumber":106,"author":{"gitId":"TanChiaChun"},"content":"        fw.write(txt);","lastModifiedDate":"2021-09-11"},{"lineNumber":107,"author":{"gitId":"TanChiaChun"},"content":"        fw.close();","lastModifiedDate":"2021-09-11"},{"lineNumber":108,"author":{"gitId":"TanChiaChun"},"content":"    }","lastModifiedDate":"2021-09-11"},{"lineNumber":109,"author":{"gitId":"TanChiaChun"},"content":"","lastModifiedDate":"2021-09-11"},{"lineNumber":110,"author":{"gitId":"TanChiaChun"},"content":"    private static boolean isAddTask(String inputTxt) {","lastModifiedDate":"2021-09-03"},{"lineNumber":111,"author":{"gitId":"TanChiaChun"},"content":"        return (inputTxt.startsWith(CMD_TODO) || inputTxt.startsWith(CMD_DEADLINE) || inputTxt.startsWith(CMD_EVENT));","lastModifiedDate":"2021-09-03"},{"lineNumber":112,"author":{"gitId":"TanChiaChun"},"content":"    }","lastModifiedDate":"2021-09-03"},{"lineNumber":113,"author":{"gitId":"TanChiaChun"},"content":"","lastModifiedDate":"2021-09-03"},{"lineNumber":114,"author":{"gitId":"TanChiaChun"},"content":"    private static void addTask(Task task) {","lastModifiedDate":"2021-09-10"},{"lineNumber":115,"author":{"gitId":"TanChiaChun"},"content":"        tasks.add(task);","lastModifiedDate":"2021-09-10"},{"lineNumber":116,"author":{"gitId":"TanChiaChun"},"content":"        System.out.println(\"added: \" + task.getTask());","lastModifiedDate":"2021-09-10"},{"lineNumber":117,"author":{"gitId":"TanChiaChun"},"content":"    }","lastModifiedDate":"2021-09-10"},{"lineNumber":118,"author":{"gitId":"TanChiaChun"},"content":"","lastModifiedDate":"2021-09-10"},{"lineNumber":119,"author":{"gitId":"TanChiaChun"},"content":"    private static void processTask(String inputTxt) throws DukeException, ArrayIndexOutOfBoundsException {","lastModifiedDate":"2021-09-10"},{"lineNumber":120,"author":{"gitId":"TanChiaChun"},"content":"        if (inputTxt.split(\" \").length \u003d\u003d 1) {","lastModifiedDate":"2021-09-04"},{"lineNumber":121,"author":{"gitId":"TanChiaChun"},"content":"            throw new DukeException();","lastModifiedDate":"2021-09-04"},{"lineNumber":122,"author":{"gitId":"TanChiaChun"},"content":"        }","lastModifiedDate":"2021-09-04"},{"lineNumber":123,"author":{"gitId":"TanChiaChun"},"content":"","lastModifiedDate":"2021-09-04"},{"lineNumber":124,"author":{"gitId":"TanChiaChun"},"content":"        if (inputTxt.startsWith(CMD_TODO)) {","lastModifiedDate":"2021-09-03"},{"lineNumber":125,"author":{"gitId":"TanChiaChun"},"content":"            addTask( new Todo(inputTxt.substring(5)) );","lastModifiedDate":"2021-09-10"},{"lineNumber":126,"author":{"gitId":"TanChiaChun"},"content":"        } else if (inputTxt.startsWith(CMD_DEADLINE)) {","lastModifiedDate":"2021-09-03"},{"lineNumber":127,"author":{"gitId":"TanChiaChun"},"content":"            String[] deadlineSplit \u003d inputTxt.substring(9).split(\"/by\");","lastModifiedDate":"2021-09-03"},{"lineNumber":128,"author":{"gitId":"TanChiaChun"},"content":"            addTask( new Deadline(deadlineSplit[0].trim(), deadlineSplit[1].trim()) );","lastModifiedDate":"2021-09-10"},{"lineNumber":129,"author":{"gitId":"TanChiaChun"},"content":"        } else if (inputTxt.startsWith(CMD_EVENT)) {","lastModifiedDate":"2021-09-03"},{"lineNumber":130,"author":{"gitId":"TanChiaChun"},"content":"            String[] eventSplit \u003d inputTxt.substring(6).split(\"/at\");","lastModifiedDate":"2021-09-03"},{"lineNumber":131,"author":{"gitId":"TanChiaChun"},"content":"            addTask( new Event(eventSplit[0].trim(), eventSplit[1].trim()) );","lastModifiedDate":"2021-09-10"},{"lineNumber":132,"author":{"gitId":"TanChiaChun"},"content":"        }","lastModifiedDate":"2021-09-03"},{"lineNumber":133,"author":{"gitId":"TanChiaChun"},"content":"    }","lastModifiedDate":"2021-09-03"},{"lineNumber":134,"author":{"gitId":"TanChiaChun"},"content":"","lastModifiedDate":"2021-09-03"},{"lineNumber":135,"author":{"gitId":"TanChiaChun"},"content":"    private static void setDone(String inputTxt) throws IndexOutOfBoundsException {","lastModifiedDate":"2021-09-10"},{"lineNumber":136,"author":{"gitId":"TanChiaChun"},"content":"        int idx \u003d Integer.parseInt(inputTxt.split(\" \")[1]) - 1;","lastModifiedDate":"2021-09-03"},{"lineNumber":137,"author":{"gitId":"TanChiaChun"},"content":"        tasks.get(idx).setDone();","lastModifiedDate":"2021-09-10"},{"lineNumber":138,"author":{"gitId":"TanChiaChun"},"content":"        System.out.println(\"Nice! I\u0027ve marked this as done:\");","lastModifiedDate":"2021-09-03"},{"lineNumber":139,"author":{"gitId":"TanChiaChun"},"content":"        System.out.println(tasks.get(idx).getTask());","lastModifiedDate":"2021-09-10"},{"lineNumber":140,"author":{"gitId":"TanChiaChun"},"content":"    }","lastModifiedDate":"2021-09-03"},{"lineNumber":141,"author":{"gitId":"TanChiaChun"},"content":"","lastModifiedDate":"2021-09-03"},{"lineNumber":142,"author":{"gitId":"TanChiaChun"},"content":"    private static void deleteTask(String inputTxt) throws IndexOutOfBoundsException {","lastModifiedDate":"2021-09-10"},{"lineNumber":143,"author":{"gitId":"TanChiaChun"},"content":"        int idx \u003d Integer.parseInt(inputTxt.split(\" \")[1]) - 1;","lastModifiedDate":"2021-09-10"},{"lineNumber":144,"author":{"gitId":"TanChiaChun"},"content":"        String task \u003d tasks.get(idx).getTask();","lastModifiedDate":"2021-09-10"},{"lineNumber":145,"author":{"gitId":"TanChiaChun"},"content":"        tasks.remove(idx);","lastModifiedDate":"2021-09-10"},{"lineNumber":146,"author":{"gitId":"TanChiaChun"},"content":"        System.out.println(\"Noted. I\u0027ve removed this task:\");","lastModifiedDate":"2021-09-10"},{"lineNumber":147,"author":{"gitId":"TanChiaChun"},"content":"        System.out.println(task);","lastModifiedDate":"2021-09-10"},{"lineNumber":148,"author":{"gitId":"TanChiaChun"},"content":"    }","lastModifiedDate":"2021-09-10"},{"lineNumber":149,"author":{"gitId":"TanChiaChun"},"content":"","lastModifiedDate":"2021-09-10"},{"lineNumber":150,"author":{"gitId":"TanChiaChun"},"content":"    private static void processInput(String inputTxt) throws DukeException {","lastModifiedDate":"2021-09-10"},{"lineNumber":151,"author":{"gitId":"TanChiaChun"},"content":"        if (inputTxt.equals(\"list\")) {","lastModifiedDate":"2021-09-03"},{"lineNumber":152,"author":{"gitId":"TanChiaChun"},"content":"            printList();","lastModifiedDate":"2021-09-10"},{"lineNumber":153,"author":{"gitId":"TanChiaChun"},"content":"        } else if (inputTxt.startsWith(\"done\")) {","lastModifiedDate":"2021-09-03"},{"lineNumber":154,"author":{"gitId":"TanChiaChun"},"content":"            try {","lastModifiedDate":"2021-09-04"},{"lineNumber":155,"author":{"gitId":"TanChiaChun"},"content":"                setDone(inputTxt);","lastModifiedDate":"2021-09-04"},{"lineNumber":156,"author":{"gitId":"TanChiaChun"},"content":"            } catch (IndexOutOfBoundsException e) {","lastModifiedDate":"2021-09-10"},{"lineNumber":157,"author":{"gitId":"TanChiaChun"},"content":"                System.out.println(\"Invalid/missing index\");","lastModifiedDate":"2021-09-04"},{"lineNumber":158,"author":{"gitId":"TanChiaChun"},"content":"            }","lastModifiedDate":"2021-09-04"},{"lineNumber":159,"author":{"gitId":"TanChiaChun"},"content":"        } else if (inputTxt.startsWith(\"delete\")) {","lastModifiedDate":"2021-09-10"},{"lineNumber":160,"author":{"gitId":"TanChiaChun"},"content":"            try {","lastModifiedDate":"2021-09-10"},{"lineNumber":161,"author":{"gitId":"TanChiaChun"},"content":"                deleteTask(inputTxt);","lastModifiedDate":"2021-09-10"},{"lineNumber":162,"author":{"gitId":"TanChiaChun"},"content":"            } catch (IndexOutOfBoundsException e) {","lastModifiedDate":"2021-09-10"},{"lineNumber":163,"author":{"gitId":"TanChiaChun"},"content":"                System.out.println(\"Invalid/missing index\");","lastModifiedDate":"2021-09-10"},{"lineNumber":164,"author":{"gitId":"TanChiaChun"},"content":"            }","lastModifiedDate":"2021-09-10"},{"lineNumber":165,"author":{"gitId":"TanChiaChun"},"content":"        } else {","lastModifiedDate":"2021-09-03"},{"lineNumber":166,"author":{"gitId":"TanChiaChun"},"content":"            throw new DukeException();","lastModifiedDate":"2021-09-04"},{"lineNumber":167,"author":{"gitId":"TanChiaChun"},"content":"        }","lastModifiedDate":"2021-09-03"},{"lineNumber":168,"author":{"gitId":"TanChiaChun"},"content":"    }","lastModifiedDate":"2021-09-03"},{"lineNumber":169,"author":{"gitId":"TanChiaChun"},"content":"","lastModifiedDate":"2021-09-03"},{"lineNumber":170,"author":{"gitId":"TanChiaChun"},"content":"    private static boolean isBadInput(String input) {","lastModifiedDate":"2021-09-11"},{"lineNumber":171,"author":{"gitId":"TanChiaChun"},"content":"        if (input.contains(SAVE_SEP)) {","lastModifiedDate":"2021-09-11"},{"lineNumber":172,"author":{"gitId":"TanChiaChun"},"content":"            System.out.println(\"\u0027\" + SAVE_SEP + \"\u0027 is not allowed!\");","lastModifiedDate":"2021-09-11"},{"lineNumber":173,"author":{"gitId":"TanChiaChun"},"content":"            System.out.println(HORIZ_LINE);","lastModifiedDate":"2021-09-11"},{"lineNumber":174,"author":{"gitId":"TanChiaChun"},"content":"            return true;","lastModifiedDate":"2021-09-11"},{"lineNumber":175,"author":{"gitId":"TanChiaChun"},"content":"        }","lastModifiedDate":"2021-09-11"},{"lineNumber":176,"author":{"gitId":"TanChiaChun"},"content":"        return false;","lastModifiedDate":"2021-09-11"},{"lineNumber":177,"author":{"gitId":"TanChiaChun"},"content":"    }","lastModifiedDate":"2021-09-11"},{"lineNumber":178,"author":{"gitId":"TanChiaChun"},"content":"","lastModifiedDate":"2021-09-11"},{"lineNumber":179,"author":{"gitId":"TanChiaChun"},"content":"    private static void runApp() throws IOException {","lastModifiedDate":"2021-09-11"},{"lineNumber":180,"author":{"gitId":"TanChiaChun"},"content":"        Scanner userInput \u003d new Scanner(System.in);","lastModifiedDate":"2021-09-03"},{"lineNumber":181,"author":{"gitId":"TanChiaChun"},"content":"        String inputTxt \u003d userInput.nextLine();","lastModifiedDate":"2021-09-03"},{"lineNumber":182,"author":{"gitId":"TanChiaChun"},"content":"        while (!inputTxt.equals(\"bye\")) {","lastModifiedDate":"2021-09-10"},{"lineNumber":183,"author":{"gitId":"TanChiaChun"},"content":"            if (isBadInput(inputTxt)) {","lastModifiedDate":"2021-09-11"},{"lineNumber":184,"author":{"gitId":"TanChiaChun"},"content":"                inputTxt \u003d userInput.nextLine();","lastModifiedDate":"2021-09-11"},{"lineNumber":185,"author":{"gitId":"TanChiaChun"},"content":"                continue;","lastModifiedDate":"2021-09-11"},{"lineNumber":186,"author":{"gitId":"TanChiaChun"},"content":"            }","lastModifiedDate":"2021-09-11"},{"lineNumber":187,"author":{"gitId":"TanChiaChun"},"content":"","lastModifiedDate":"2021-09-11"},{"lineNumber":188,"author":{"gitId":"TanChiaChun"},"content":"            if (isAddTask(inputTxt)) {","lastModifiedDate":"2021-09-03"},{"lineNumber":189,"author":{"gitId":"TanChiaChun"},"content":"                try {","lastModifiedDate":"2021-09-04"},{"lineNumber":190,"author":{"gitId":"TanChiaChun"},"content":"                    processTask(inputTxt);","lastModifiedDate":"2021-09-10"},{"lineNumber":191,"author":{"gitId":"TanChiaChun"},"content":"                } catch (DukeException e) {","lastModifiedDate":"2021-09-04"},{"lineNumber":192,"author":{"gitId":"TanChiaChun"},"content":"                    System.out.println(\"OOPS!!! The description of a \" + inputTxt + \" cannot be empty.\");","lastModifiedDate":"2021-09-04"},{"lineNumber":193,"author":{"gitId":"TanChiaChun"},"content":"                } catch (ArrayIndexOutOfBoundsException e) {","lastModifiedDate":"2021-09-04"},{"lineNumber":194,"author":{"gitId":"TanChiaChun"},"content":"                    System.out.println(\"Invalid input\");","lastModifiedDate":"2021-09-04"},{"lineNumber":195,"author":{"gitId":"TanChiaChun"},"content":"                }","lastModifiedDate":"2021-09-04"},{"lineNumber":196,"author":{"gitId":"TanChiaChun"},"content":"            } else {","lastModifiedDate":"2021-09-03"},{"lineNumber":197,"author":{"gitId":"TanChiaChun"},"content":"                try {","lastModifiedDate":"2021-09-04"},{"lineNumber":198,"author":{"gitId":"TanChiaChun"},"content":"                    processInput(inputTxt);","lastModifiedDate":"2021-09-10"},{"lineNumber":199,"author":{"gitId":"TanChiaChun"},"content":"                } catch (DukeException e) {","lastModifiedDate":"2021-09-04"},{"lineNumber":200,"author":{"gitId":"TanChiaChun"},"content":"                    System.out.println(\"OOPS!!! I\u0027m sorry, but I don\u0027t know what that means :-(\");","lastModifiedDate":"2021-09-04"},{"lineNumber":201,"author":{"gitId":"TanChiaChun"},"content":"                }","lastModifiedDate":"2021-09-04"},{"lineNumber":202,"author":{"gitId":"TanChiaChun"},"content":"            }","lastModifiedDate":"2021-09-03"},{"lineNumber":203,"author":{"gitId":"TanChiaChun"},"content":"","lastModifiedDate":"2021-08-20"},{"lineNumber":204,"author":{"gitId":"TanChiaChun"},"content":"            writeToFile(FILE_PATH, generateFileOutput());","lastModifiedDate":"2021-09-11"},{"lineNumber":205,"author":{"gitId":"TanChiaChun"},"content":"","lastModifiedDate":"2021-09-11"},{"lineNumber":206,"author":{"gitId":"TanChiaChun"},"content":"            System.out.println(\"Total tasks: \" + tasks.size());","lastModifiedDate":"2021-09-10"},{"lineNumber":207,"author":{"gitId":"TanChiaChun"},"content":"            System.out.println(HORIZ_LINE);","lastModifiedDate":"2021-08-26"},{"lineNumber":208,"author":{"gitId":"TanChiaChun"},"content":"            inputTxt \u003d userInput.nextLine();","lastModifiedDate":"2021-08-20"},{"lineNumber":209,"author":{"gitId":"TanChiaChun"},"content":"        }","lastModifiedDate":"2021-08-20"},{"lineNumber":210,"author":{"gitId":"TanChiaChun"},"content":"    }","lastModifiedDate":"2021-09-02"},{"lineNumber":211,"author":{"gitId":"TanChiaChun"},"content":"","lastModifiedDate":"2021-08-20"},{"lineNumber":212,"author":{"gitId":"TanChiaChun"},"content":"    public static void main(String[] args) {","lastModifiedDate":"2021-09-02"},{"lineNumber":213,"author":{"gitId":"TanChiaChun"},"content":"        try {","lastModifiedDate":"2021-09-11"},{"lineNumber":214,"author":{"gitId":"TanChiaChun"},"content":"            initApp();","lastModifiedDate":"2021-09-02"},{"lineNumber":215,"author":{"gitId":"TanChiaChun"},"content":"        } catch (FileNotFoundException e) {","lastModifiedDate":"2021-09-11"},{"lineNumber":216,"author":{"gitId":"TanChiaChun"},"content":"            System.out.println(FILE_PATH + \" not found!\");","lastModifiedDate":"2021-09-11"},{"lineNumber":217,"author":{"gitId":"TanChiaChun"},"content":"            return;","lastModifiedDate":"2021-09-11"},{"lineNumber":218,"author":{"gitId":"TanChiaChun"},"content":"        } catch (DukeException e) {","lastModifiedDate":"2021-09-11"},{"lineNumber":219,"author":{"gitId":"TanChiaChun"},"content":"            System.out.println(\"Bad data in \" + FILE_PATH);","lastModifiedDate":"2021-09-11"},{"lineNumber":220,"author":{"gitId":"TanChiaChun"},"content":"            return;","lastModifiedDate":"2021-09-11"},{"lineNumber":221,"author":{"gitId":"TanChiaChun"},"content":"        }","lastModifiedDate":"2021-09-11"},{"lineNumber":222,"author":{"gitId":"TanChiaChun"},"content":"        try {","lastModifiedDate":"2021-09-11"},{"lineNumber":223,"author":{"gitId":"TanChiaChun"},"content":"            runApp();","lastModifiedDate":"2021-09-03"},{"lineNumber":224,"author":{"gitId":"TanChiaChun"},"content":"        } catch (IOException e) {","lastModifiedDate":"2021-09-11"},{"lineNumber":225,"author":{"gitId":"TanChiaChun"},"content":"            System.out.println(e.getMessage());","lastModifiedDate":"2021-09-11"},{"lineNumber":226,"author":{"gitId":"TanChiaChun"},"content":"            return;","lastModifiedDate":"2021-09-11"},{"lineNumber":227,"author":{"gitId":"TanChiaChun"},"content":"        }","lastModifiedDate":"2021-09-11"},{"lineNumber":228,"author":{"gitId":"TanChiaChun"},"content":"        finaliseApp();","lastModifiedDate":"2021-09-02"},{"lineNumber":229,"author":{"gitId":"-"},"content":"    }","lastModifiedDate":"2019-07-29"},{"lineNumber":230,"author":{"gitId":"-"},"content":"}","lastModifiedDate":"2019-07-29"}],"authorContributionMap":{"TanChiaChun":227,"-":3}},{"path":"src/main/java/edu/nus/duke/exception/DukeException.java","fileType":"java","lines":[{"lineNumber":1,"author":{"gitId":"TanChiaChun"},"content":"package edu.nus.duke.exception;","lastModifiedDate":"2021-09-04"},{"lineNumber":2,"author":{"gitId":"TanChiaChun"},"content":"","lastModifiedDate":"2021-09-04"},{"lineNumber":3,"author":{"gitId":"TanChiaChun"},"content":"/**","lastModifiedDate":"2021-09-11"},{"lineNumber":4,"author":{"gitId":"TanChiaChun"},"content":" * Represent a custom exception for Duke use.","lastModifiedDate":"2021-09-11"},{"lineNumber":5,"author":{"gitId":"TanChiaChun"},"content":" */","lastModifiedDate":"2021-09-11"},{"lineNumber":6,"author":{"gitId":"TanChiaChun"},"content":"public class DukeException extends Exception {","lastModifiedDate":"2021-09-04"},{"lineNumber":7,"author":{"gitId":"TanChiaChun"},"content":"}","lastModifiedDate":"2021-09-04"}],"authorContributionMap":{"TanChiaChun":7}},{"path":"src/main/java/edu/nus/duke/task/Deadline.java","fileType":"java","lines":[{"lineNumber":1,"author":{"gitId":"TanChiaChun"},"content":"package edu.nus.duke.task;","lastModifiedDate":"2021-09-04"},{"lineNumber":2,"author":{"gitId":"TanChiaChun"},"content":"","lastModifiedDate":"2021-09-04"},{"lineNumber":3,"author":{"gitId":"TanChiaChun"},"content":"/**","lastModifiedDate":"2021-09-11"},{"lineNumber":4,"author":{"gitId":"TanChiaChun"},"content":" * Represent a deadline with due that extends from Task.","lastModifiedDate":"2021-09-11"},{"lineNumber":5,"author":{"gitId":"TanChiaChun"},"content":" */","lastModifiedDate":"2021-09-11"},{"lineNumber":6,"author":{"gitId":"TanChiaChun"},"content":"public class Deadline extends Task {","lastModifiedDate":"2021-08-26"},{"lineNumber":7,"author":{"gitId":"TanChiaChun"},"content":"    // Variables","lastModifiedDate":"2021-08-26"},{"lineNumber":8,"author":{"gitId":"TanChiaChun"},"content":"    protected String by;","lastModifiedDate":"2021-08-26"},{"lineNumber":9,"author":{"gitId":"TanChiaChun"},"content":"","lastModifiedDate":"2021-08-26"},{"lineNumber":10,"author":{"gitId":"TanChiaChun"},"content":"    // Constructor","lastModifiedDate":"2021-08-26"},{"lineNumber":11,"author":{"gitId":"TanChiaChun"},"content":"    public Deadline(String taskName, String by) {","lastModifiedDate":"2021-08-26"},{"lineNumber":12,"author":{"gitId":"TanChiaChun"},"content":"        super(taskName);","lastModifiedDate":"2021-08-26"},{"lineNumber":13,"author":{"gitId":"TanChiaChun"},"content":"        this.prefix \u003d \u0027D\u0027;","lastModifiedDate":"2021-08-26"},{"lineNumber":14,"author":{"gitId":"TanChiaChun"},"content":"        this.by \u003d by;","lastModifiedDate":"2021-08-26"},{"lineNumber":15,"author":{"gitId":"TanChiaChun"},"content":"    }","lastModifiedDate":"2021-08-26"},{"lineNumber":16,"author":{"gitId":"TanChiaChun"},"content":"","lastModifiedDate":"2021-08-26"},{"lineNumber":17,"author":{"gitId":"TanChiaChun"},"content":"    public Deadline(String taskName, String by, boolean isDone) {","lastModifiedDate":"2021-09-11"},{"lineNumber":18,"author":{"gitId":"TanChiaChun"},"content":"        this(taskName, by);","lastModifiedDate":"2021-09-11"},{"lineNumber":19,"author":{"gitId":"TanChiaChun"},"content":"        this.isDone \u003d isDone;","lastModifiedDate":"2021-09-11"},{"lineNumber":20,"author":{"gitId":"TanChiaChun"},"content":"    }","lastModifiedDate":"2021-09-11"},{"lineNumber":21,"author":{"gitId":"TanChiaChun"},"content":"","lastModifiedDate":"2021-09-11"},{"lineNumber":22,"author":{"gitId":"TanChiaChun"},"content":"    // Getter","lastModifiedDate":"2021-08-26"},{"lineNumber":23,"author":{"gitId":"TanChiaChun"},"content":"    @Override","lastModifiedDate":"2021-08-26"},{"lineNumber":24,"author":{"gitId":"TanChiaChun"},"content":"    public String getTask() {","lastModifiedDate":"2021-08-26"},{"lineNumber":25,"author":{"gitId":"TanChiaChun"},"content":"        return (super.getTask() + \" (by: \" + by + \")\");","lastModifiedDate":"2021-08-26"},{"lineNumber":26,"author":{"gitId":"TanChiaChun"},"content":"    }","lastModifiedDate":"2021-08-26"},{"lineNumber":27,"author":{"gitId":"TanChiaChun"},"content":"","lastModifiedDate":"2021-09-11"},{"lineNumber":28,"author":{"gitId":"TanChiaChun"},"content":"    @Override","lastModifiedDate":"2021-09-11"},{"lineNumber":29,"author":{"gitId":"TanChiaChun"},"content":"    public String printToSave() {","lastModifiedDate":"2021-09-11"},{"lineNumber":30,"author":{"gitId":"TanChiaChun"},"content":"        return (super.printToSave() + SAVE_SEP + by);","lastModifiedDate":"2021-09-11"},{"lineNumber":31,"author":{"gitId":"TanChiaChun"},"content":"    }","lastModifiedDate":"2021-09-11"},{"lineNumber":32,"author":{"gitId":"TanChiaChun"},"content":"}","lastModifiedDate":"2021-08-26"}],"authorContributionMap":{"TanChiaChun":32}},{"path":"src/main/java/edu/nus/duke/task/Event.java","fileType":"java","lines":[{"lineNumber":1,"author":{"gitId":"TanChiaChun"},"content":"package edu.nus.duke.task;","lastModifiedDate":"2021-09-04"},{"lineNumber":2,"author":{"gitId":"TanChiaChun"},"content":"","lastModifiedDate":"2021-09-04"},{"lineNumber":3,"author":{"gitId":"TanChiaChun"},"content":"/**","lastModifiedDate":"2021-09-11"},{"lineNumber":4,"author":{"gitId":"TanChiaChun"},"content":" * Represent an event with start that extends from Task.","lastModifiedDate":"2021-09-11"},{"lineNumber":5,"author":{"gitId":"TanChiaChun"},"content":" */","lastModifiedDate":"2021-09-11"},{"lineNumber":6,"author":{"gitId":"TanChiaChun"},"content":"public class Event extends Task {","lastModifiedDate":"2021-08-26"},{"lineNumber":7,"author":{"gitId":"TanChiaChun"},"content":"    // Variables","lastModifiedDate":"2021-08-26"},{"lineNumber":8,"author":{"gitId":"TanChiaChun"},"content":"    protected String at;","lastModifiedDate":"2021-08-26"},{"lineNumber":9,"author":{"gitId":"TanChiaChun"},"content":"","lastModifiedDate":"2021-08-26"},{"lineNumber":10,"author":{"gitId":"TanChiaChun"},"content":"    // Constructor","lastModifiedDate":"2021-08-26"},{"lineNumber":11,"author":{"gitId":"TanChiaChun"},"content":"    public Event(String taskName, String at) {","lastModifiedDate":"2021-08-26"},{"lineNumber":12,"author":{"gitId":"TanChiaChun"},"content":"        super(taskName);","lastModifiedDate":"2021-08-26"},{"lineNumber":13,"author":{"gitId":"TanChiaChun"},"content":"        this.prefix \u003d \u0027E\u0027;","lastModifiedDate":"2021-08-26"},{"lineNumber":14,"author":{"gitId":"TanChiaChun"},"content":"        this.at \u003d at;","lastModifiedDate":"2021-08-26"},{"lineNumber":15,"author":{"gitId":"TanChiaChun"},"content":"    }","lastModifiedDate":"2021-08-26"},{"lineNumber":16,"author":{"gitId":"TanChiaChun"},"content":"","lastModifiedDate":"2021-08-26"},{"lineNumber":17,"author":{"gitId":"TanChiaChun"},"content":"    public Event(String taskName, String at, boolean isDone) {","lastModifiedDate":"2021-09-11"},{"lineNumber":18,"author":{"gitId":"TanChiaChun"},"content":"        this(taskName, at);","lastModifiedDate":"2021-09-11"},{"lineNumber":19,"author":{"gitId":"TanChiaChun"},"content":"        this.isDone \u003d isDone;","lastModifiedDate":"2021-09-11"},{"lineNumber":20,"author":{"gitId":"TanChiaChun"},"content":"    }","lastModifiedDate":"2021-09-11"},{"lineNumber":21,"author":{"gitId":"TanChiaChun"},"content":"","lastModifiedDate":"2021-09-11"},{"lineNumber":22,"author":{"gitId":"TanChiaChun"},"content":"    // Getter","lastModifiedDate":"2021-08-26"},{"lineNumber":23,"author":{"gitId":"TanChiaChun"},"content":"    @Override","lastModifiedDate":"2021-08-26"},{"lineNumber":24,"author":{"gitId":"TanChiaChun"},"content":"    public String getTask() {","lastModifiedDate":"2021-08-26"},{"lineNumber":25,"author":{"gitId":"TanChiaChun"},"content":"        return (super.getTask() + \" (at: \" + at + \")\");","lastModifiedDate":"2021-08-26"},{"lineNumber":26,"author":{"gitId":"TanChiaChun"},"content":"    }","lastModifiedDate":"2021-08-26"},{"lineNumber":27,"author":{"gitId":"TanChiaChun"},"content":"","lastModifiedDate":"2021-09-11"},{"lineNumber":28,"author":{"gitId":"TanChiaChun"},"content":"    @Override","lastModifiedDate":"2021-09-11"},{"lineNumber":29,"author":{"gitId":"TanChiaChun"},"content":"    public String printToSave() {","lastModifiedDate":"2021-09-11"},{"lineNumber":30,"author":{"gitId":"TanChiaChun"},"content":"        return (super.printToSave() + SAVE_SEP + at);","lastModifiedDate":"2021-09-11"},{"lineNumber":31,"author":{"gitId":"TanChiaChun"},"content":"    }","lastModifiedDate":"2021-09-11"},{"lineNumber":32,"author":{"gitId":"TanChiaChun"},"content":"}","lastModifiedDate":"2021-08-26"}],"authorContributionMap":{"TanChiaChun":32}},{"path":"src/main/java/edu/nus/duke/task/Task.java","fileType":"java","lines":[{"lineNumber":1,"author":{"gitId":"TanChiaChun"},"content":"package edu.nus.duke.task;","lastModifiedDate":"2021-09-04"},{"lineNumber":2,"author":{"gitId":"TanChiaChun"},"content":"","lastModifiedDate":"2021-09-04"},{"lineNumber":3,"author":{"gitId":"TanChiaChun"},"content":"/**","lastModifiedDate":"2021-09-11"},{"lineNumber":4,"author":{"gitId":"TanChiaChun"},"content":" * Represent a task, for use as abstract class.","lastModifiedDate":"2021-09-11"},{"lineNumber":5,"author":{"gitId":"TanChiaChun"},"content":" */","lastModifiedDate":"2021-09-11"},{"lineNumber":6,"author":{"gitId":"TanChiaChun"},"content":"public abstract class Task {","lastModifiedDate":"2021-09-04"},{"lineNumber":7,"author":{"gitId":"TanChiaChun"},"content":"    // Variables","lastModifiedDate":"2021-08-20"},{"lineNumber":8,"author":{"gitId":"TanChiaChun"},"content":"    protected final String SAVE_SEP \u003d \";\";","lastModifiedDate":"2021-09-11"},{"lineNumber":9,"author":{"gitId":"TanChiaChun"},"content":"    protected char prefix \u003d \u0027 \u0027;","lastModifiedDate":"2021-08-26"},{"lineNumber":10,"author":{"gitId":"TanChiaChun"},"content":"    protected String taskName;","lastModifiedDate":"2021-08-26"},{"lineNumber":11,"author":{"gitId":"TanChiaChun"},"content":"    protected boolean isDone \u003d false;","lastModifiedDate":"2021-08-26"},{"lineNumber":12,"author":{"gitId":"TanChiaChun"},"content":"","lastModifiedDate":"2021-08-20"},{"lineNumber":13,"author":{"gitId":"TanChiaChun"},"content":"    // Constructor","lastModifiedDate":"2021-08-20"},{"lineNumber":14,"author":{"gitId":"TanChiaChun"},"content":"    public Task(String taskName) {","lastModifiedDate":"2021-08-20"},{"lineNumber":15,"author":{"gitId":"TanChiaChun"},"content":"        this.taskName \u003d taskName;","lastModifiedDate":"2021-08-20"},{"lineNumber":16,"author":{"gitId":"TanChiaChun"},"content":"    }","lastModifiedDate":"2021-08-20"},{"lineNumber":17,"author":{"gitId":"TanChiaChun"},"content":"","lastModifiedDate":"2021-08-20"},{"lineNumber":18,"author":{"gitId":"TanChiaChun"},"content":"    // Getter","lastModifiedDate":"2021-08-20"},{"lineNumber":19,"author":{"gitId":"TanChiaChun"},"content":"","lastModifiedDate":"2021-09-11"},{"lineNumber":20,"author":{"gitId":"TanChiaChun"},"content":"    /**","lastModifiedDate":"2021-09-11"},{"lineNumber":21,"author":{"gitId":"TanChiaChun"},"content":"     * Return a string with required info to represent a task.","lastModifiedDate":"2021-09-11"},{"lineNumber":22,"author":{"gitId":"TanChiaChun"},"content":"     * @return string that represent a task.","lastModifiedDate":"2021-09-11"},{"lineNumber":23,"author":{"gitId":"TanChiaChun"},"content":"     */","lastModifiedDate":"2021-09-11"},{"lineNumber":24,"author":{"gitId":"TanChiaChun"},"content":"    public String getTask() {","lastModifiedDate":"2021-08-20"},{"lineNumber":25,"author":{"gitId":"TanChiaChun"},"content":"        String taskStatus \u003d isDone ? \"X\" : \" \";","lastModifiedDate":"2021-08-20"},{"lineNumber":26,"author":{"gitId":"TanChiaChun"},"content":"        return (\"[\" + prefix + \"]\" + \"[\" + taskStatus + \"] \" + taskName);","lastModifiedDate":"2021-08-26"},{"lineNumber":27,"author":{"gitId":"TanChiaChun"},"content":"    }","lastModifiedDate":"2021-08-20"},{"lineNumber":28,"author":{"gitId":"TanChiaChun"},"content":"","lastModifiedDate":"2021-08-20"},{"lineNumber":29,"author":{"gitId":"TanChiaChun"},"content":"    /**","lastModifiedDate":"2021-09-11"},{"lineNumber":30,"author":{"gitId":"TanChiaChun"},"content":"     * Set a task to done.","lastModifiedDate":"2021-09-11"},{"lineNumber":31,"author":{"gitId":"TanChiaChun"},"content":"     */","lastModifiedDate":"2021-09-11"},{"lineNumber":32,"author":{"gitId":"TanChiaChun"},"content":"    public String printToSave() {","lastModifiedDate":"2021-09-11"},{"lineNumber":33,"author":{"gitId":"TanChiaChun"},"content":"        String doneIdx \u003d isDone ? \"1\" : \"0\";","lastModifiedDate":"2021-09-11"},{"lineNumber":34,"author":{"gitId":"TanChiaChun"},"content":"        return (prefix + SAVE_SEP + doneIdx + SAVE_SEP + taskName);","lastModifiedDate":"2021-09-11"},{"lineNumber":35,"author":{"gitId":"TanChiaChun"},"content":"    }","lastModifiedDate":"2021-09-11"},{"lineNumber":36,"author":{"gitId":"TanChiaChun"},"content":"","lastModifiedDate":"2021-09-11"},{"lineNumber":37,"author":{"gitId":"TanChiaChun"},"content":"    // Setter","lastModifiedDate":"2021-08-20"},{"lineNumber":38,"author":{"gitId":"TanChiaChun"},"content":"    public void setDone() {","lastModifiedDate":"2021-08-20"},{"lineNumber":39,"author":{"gitId":"TanChiaChun"},"content":"        this.isDone \u003d true;","lastModifiedDate":"2021-08-20"},{"lineNumber":40,"author":{"gitId":"TanChiaChun"},"content":"    }","lastModifiedDate":"2021-08-20"},{"lineNumber":41,"author":{"gitId":"TanChiaChun"},"content":"}","lastModifiedDate":"2021-08-20"}],"authorContributionMap":{"TanChiaChun":41}},{"path":"src/main/java/edu/nus/duke/task/Todo.java","fileType":"java","lines":[{"lineNumber":1,"author":{"gitId":"TanChiaChun"},"content":"package edu.nus.duke.task;","lastModifiedDate":"2021-09-04"},{"lineNumber":2,"author":{"gitId":"TanChiaChun"},"content":"","lastModifiedDate":"2021-09-04"},{"lineNumber":3,"author":{"gitId":"TanChiaChun"},"content":"/**","lastModifiedDate":"2021-09-11"},{"lineNumber":4,"author":{"gitId":"TanChiaChun"},"content":" * Represent a simple to-do that extends from Task.","lastModifiedDate":"2021-09-11"},{"lineNumber":5,"author":{"gitId":"TanChiaChun"},"content":" */","lastModifiedDate":"2021-09-11"},{"lineNumber":6,"author":{"gitId":"TanChiaChun"},"content":"public class Todo extends Task {","lastModifiedDate":"2021-08-26"},{"lineNumber":7,"author":{"gitId":"TanChiaChun"},"content":"    // Constructor","lastModifiedDate":"2021-08-26"},{"lineNumber":8,"author":{"gitId":"TanChiaChun"},"content":"    public Todo(String taskName) {","lastModifiedDate":"2021-08-26"},{"lineNumber":9,"author":{"gitId":"TanChiaChun"},"content":"        super(taskName);","lastModifiedDate":"2021-08-26"},{"lineNumber":10,"author":{"gitId":"TanChiaChun"},"content":"        this.prefix \u003d \u0027T\u0027;","lastModifiedDate":"2021-08-26"},{"lineNumber":11,"author":{"gitId":"TanChiaChun"},"content":"    }","lastModifiedDate":"2021-08-26"},{"lineNumber":12,"author":{"gitId":"TanChiaChun"},"content":"","lastModifiedDate":"2021-09-11"},{"lineNumber":13,"author":{"gitId":"TanChiaChun"},"content":"    public Todo(String taskName, boolean isDone) {","lastModifiedDate":"2021-09-11"},{"lineNumber":14,"author":{"gitId":"TanChiaChun"},"content":"        this(taskName);","lastModifiedDate":"2021-09-11"},{"lineNumber":15,"author":{"gitId":"TanChiaChun"},"content":"        this.isDone \u003d isDone;","lastModifiedDate":"2021-09-11"},{"lineNumber":16,"author":{"gitId":"TanChiaChun"},"content":"    }","lastModifiedDate":"2021-09-11"},{"lineNumber":17,"author":{"gitId":"TanChiaChun"},"content":"}","lastModifiedDate":"2021-08-26"}],"authorContributionMap":{"TanChiaChun":17}},{"path":"text-ui-test/input.txt","fileType":"txt","lines":[{"lineNumber":1,"author":{"gitId":"TanChiaChun"},"content":"todo borrow book","lastModifiedDate":"2021-08-26"},{"lineNumber":2,"author":{"gitId":"TanChiaChun"},"content":"list","lastModifiedDate":"2021-08-26"},{"lineNumber":3,"author":{"gitId":"TanChiaChun"},"content":"deadline return book /by Sunday","lastModifiedDate":"2021-08-26"},{"lineNumber":4,"author":{"gitId":"TanChiaChun"},"content":"done 2","lastModifiedDate":"2021-09-10"},{"lineNumber":5,"author":{"gitId":"TanChiaChun"},"content":"event project meeting /at Mon 2-4pm","lastModifiedDate":"2021-08-26"},{"lineNumber":6,"author":{"gitId":"TanChiaChun"},"content":"delete 3","lastModifiedDate":"2021-09-10"},{"lineNumber":7,"author":{"gitId":"TanChiaChun"},"content":"deadline do homework /by no idea :-p","lastModifiedDate":"2021-08-26"},{"lineNumber":8,"author":{"gitId":"TanChiaChun"},"content":"list","lastModifiedDate":"2021-09-10"},{"lineNumber":9,"author":{"gitId":"TanChiaChun"},"content":"bye","lastModifiedDate":"2021-08-26"}],"authorContributionMap":{"TanChiaChun":9}},{"path":"text-ui-test/runtest.bat","fileType":"bat","lines":[{"lineNumber":1,"author":{"gitId":"-"},"content":"@ECHO OFF","lastModifiedDate":"2020-05-25"},{"lineNumber":2,"author":{"gitId":"-"},"content":"","lastModifiedDate":"2020-05-25"},{"lineNumber":3,"author":{"gitId":"-"},"content":"REM create bin directory if it doesn\u0027t exist","lastModifiedDate":"2020-05-25"},{"lineNumber":4,"author":{"gitId":"-"},"content":"if not exist ..\\bin mkdir ..\\bin","lastModifiedDate":"2020-05-25"},{"lineNumber":5,"author":{"gitId":"-"},"content":"","lastModifiedDate":"2020-05-25"},{"lineNumber":6,"author":{"gitId":"-"},"content":"REM delete output from previous run","lastModifiedDate":"2020-05-25"},{"lineNumber":7,"author":{"gitId":"-"},"content":"if exist ACTUAL.TXT del ACTUAL.TXT","lastModifiedDate":"2020-08-25"},{"lineNumber":8,"author":{"gitId":"-"},"content":"","lastModifiedDate":"2020-05-25"},{"lineNumber":9,"author":{"gitId":"-"},"content":"REM compile the code into the bin folder","lastModifiedDate":"2020-05-25"},{"lineNumber":10,"author":{"gitId":"TanChiaChun"},"content":"javac  -cp ..\\src\\main\\java -Xlint:none -d ..\\bin ..\\src\\main\\java\\edu\\nus\\duke\\command\\*.java","lastModifiedDate":"2021-09-04"},{"lineNumber":11,"author":{"gitId":"-"},"content":"IF ERRORLEVEL 1 (","lastModifiedDate":"2020-05-25"},{"lineNumber":12,"author":{"gitId":"-"},"content":"    echo ********** BUILD FAILURE **********","lastModifiedDate":"2020-05-25"},{"lineNumber":13,"author":{"gitId":"-"},"content":"    exit /b 1","lastModifiedDate":"2020-05-25"},{"lineNumber":14,"author":{"gitId":"-"},"content":")","lastModifiedDate":"2020-05-25"},{"lineNumber":15,"author":{"gitId":"-"},"content":"REM no error here, errorlevel \u003d\u003d 0","lastModifiedDate":"2020-05-25"},{"lineNumber":16,"author":{"gitId":"-"},"content":"","lastModifiedDate":"2020-05-25"},{"lineNumber":17,"author":{"gitId":"-"},"content":"REM run the program, feed commands from input.txt file and redirect the output to the ACTUAL.TXT","lastModifiedDate":"2020-05-25"},{"lineNumber":18,"author":{"gitId":"TanChiaChun"},"content":"java -classpath ..\\bin edu.nus.duke.command.Duke \u003c input.txt \u003e ACTUAL.TXT","lastModifiedDate":"2021-09-04"},{"lineNumber":19,"author":{"gitId":"-"},"content":"","lastModifiedDate":"2020-05-25"},{"lineNumber":20,"author":{"gitId":"-"},"content":"REM compare the output to the expected output","lastModifiedDate":"2020-05-25"},{"lineNumber":21,"author":{"gitId":"-"},"content":"FC ACTUAL.TXT EXPECTED.TXT","lastModifiedDate":"2020-05-25"},{"lineNumber":22,"author":{"gitId":"TanChiaChun"},"content":"","lastModifiedDate":"2021-08-26"},{"lineNumber":23,"author":{"gitId":"TanChiaChun"},"content":"pause","lastModifiedDate":"2021-08-26"}],"authorContributionMap":{"TanChiaChun":4,"-":19}}]
