[{"path":"README.md","fileType":"md","lines":[{"lineNumber":1,"author":{"gitId":"-"},"content":"# Duke project template","lastModifiedDate":"2020-05-25"},{"lineNumber":2,"author":{"gitId":"-"},"content":"","lastModifiedDate":"2020-05-25"},{"lineNumber":3,"author":{"gitId":"-"},"content":"This is a project template for a greenfield Java project. It\u0027s named after the Java mascot _Duke_. Given below are instructions on how to use it.","lastModifiedDate":"2020-05-25"},{"lineNumber":4,"author":{"gitId":"-"},"content":"","lastModifiedDate":"2020-05-25"},{"lineNumber":5,"author":{"gitId":"-"},"content":"## Setting up in Intellij","lastModifiedDate":"2020-05-25"},{"lineNumber":6,"author":{"gitId":"-"},"content":"","lastModifiedDate":"2020-05-25"},{"lineNumber":7,"author":{"gitId":"-"},"content":"Prerequisites: JDK 11, update Intellij to the most recent version.","lastModifiedDate":"2020-05-25"},{"lineNumber":8,"author":{"gitId":"-"},"content":"","lastModifiedDate":"2020-05-25"},{"lineNumber":9,"author":{"gitId":"-"},"content":"1. Open Intellij (if you are not in the welcome screen, click `File` \u003e `Close Project` to close the existing project first)","lastModifiedDate":"2021-01-17"},{"lineNumber":10,"author":{"gitId":"-"},"content":"1. Open the project into Intellij as follows:","lastModifiedDate":"2021-01-17"},{"lineNumber":11,"author":{"gitId":"-"},"content":"   1. Click `Open`.","lastModifiedDate":"2021-01-17"},{"lineNumber":12,"author":{"gitId":"-"},"content":"   1. Select the project directory, and click `OK`.","lastModifiedDate":"2021-01-17"},{"lineNumber":13,"author":{"gitId":"-"},"content":"   1. If there are any further prompts, accept the defaults.","lastModifiedDate":"2020-05-25"},{"lineNumber":14,"author":{"gitId":"-"},"content":"1. Configure the project to use **JDK 11** (not other versions) as explained in [here](https://www.jetbrains.com/help/idea/sdk.html#set-up-jdk).\u003cbr\u003e","lastModifiedDate":"2021-07-29"},{"lineNumber":15,"author":{"gitId":"-"},"content":"   In the same dialog, set the **Project language level** field to the `SDK default` option.","lastModifiedDate":"2021-07-29"},{"lineNumber":16,"author":{"gitId":"TanChiaChun"},"content":"3. After that, locate the `src/main/java/edu/nus/duke/command/Duke.java` file, right-click it, and choose `Run Duke.main()` (if the code editor is showing compile errors, try restarting the IDE). If the setup is correct, you should see something like the below as the output:","lastModifiedDate":"2021-09-04"},{"lineNumber":17,"author":{"gitId":"-"},"content":"   ```","lastModifiedDate":"2020-05-25"},{"lineNumber":18,"author":{"gitId":"-"},"content":"   Hello from","lastModifiedDate":"2020-05-25"},{"lineNumber":19,"author":{"gitId":"-"},"content":"    ____        _        ","lastModifiedDate":"2020-05-25"},{"lineNumber":20,"author":{"gitId":"-"},"content":"   |  _ \\ _   _| | _____ ","lastModifiedDate":"2020-05-25"},{"lineNumber":21,"author":{"gitId":"-"},"content":"   | | | | | | | |/ / _ \\","lastModifiedDate":"2020-05-25"},{"lineNumber":22,"author":{"gitId":"-"},"content":"   | |_| | |_| |   \u003c  __/","lastModifiedDate":"2020-05-25"},{"lineNumber":23,"author":{"gitId":"-"},"content":"   |____/ \\__,_|_|\\_\\___|","lastModifiedDate":"2020-05-25"},{"lineNumber":24,"author":{"gitId":"-"},"content":"   ```","lastModifiedDate":"2020-05-25"}],"authorContributionMap":{"TanChiaChun":1,"-":23}},{"path":"src/main/java/edu/nus/duke/command/Duke.java","fileType":"java","lines":[{"lineNumber":1,"author":{"gitId":"TanChiaChun"},"content":"package edu.nus.duke.command;","lastModifiedDate":"2021-09-04"},{"lineNumber":2,"author":{"gitId":"TanChiaChun"},"content":"","lastModifiedDate":"2021-09-04"},{"lineNumber":3,"author":{"gitId":"TanChiaChun"},"content":"import java.util.Scanner;","lastModifiedDate":"2021-08-20"},{"lineNumber":4,"author":{"gitId":"TanChiaChun"},"content":"import edu.nus.duke.task.Task;","lastModifiedDate":"2021-09-04"},{"lineNumber":5,"author":{"gitId":"TanChiaChun"},"content":"import edu.nus.duke.task.Todo;","lastModifiedDate":"2021-09-04"},{"lineNumber":6,"author":{"gitId":"TanChiaChun"},"content":"import edu.nus.duke.task.Deadline;","lastModifiedDate":"2021-09-04"},{"lineNumber":7,"author":{"gitId":"TanChiaChun"},"content":"import edu.nus.duke.task.Event;","lastModifiedDate":"2021-09-04"},{"lineNumber":8,"author":{"gitId":"TanChiaChun"},"content":"import edu.nus.duke.exception.DukeException;","lastModifiedDate":"2021-09-04"},{"lineNumber":9,"author":{"gitId":"TanChiaChun"},"content":"","lastModifiedDate":"2021-08-20"},{"lineNumber":10,"author":{"gitId":"-"},"content":"public class Duke {","lastModifiedDate":"2019-07-29"},{"lineNumber":11,"author":{"gitId":"TanChiaChun"},"content":"    // Variables","lastModifiedDate":"2021-08-20"},{"lineNumber":12,"author":{"gitId":"TanChiaChun"},"content":"    static final String HORIZ_LINE \u003d \"____________________________________________________________\";","lastModifiedDate":"2021-08-26"},{"lineNumber":13,"author":{"gitId":"TanChiaChun"},"content":"    static final String CMD_TODO \u003d \"todo\";","lastModifiedDate":"2021-09-03"},{"lineNumber":14,"author":{"gitId":"TanChiaChun"},"content":"    static final String CMD_DEADLINE \u003d \"deadline\";","lastModifiedDate":"2021-09-03"},{"lineNumber":15,"author":{"gitId":"TanChiaChun"},"content":"    static final String CMD_EVENT \u003d \"event\";","lastModifiedDate":"2021-09-03"},{"lineNumber":16,"author":{"gitId":"TanChiaChun"},"content":"    static Task[] tasks \u003d new Task[100];","lastModifiedDate":"2021-09-03"},{"lineNumber":17,"author":{"gitId":"TanChiaChun"},"content":"","lastModifiedDate":"2021-08-26"},{"lineNumber":18,"author":{"gitId":"TanChiaChun"},"content":"    // Methods","lastModifiedDate":"2021-09-02"},{"lineNumber":19,"author":{"gitId":"TanChiaChun"},"content":"    private static void initApp() {","lastModifiedDate":"2021-09-02"},{"lineNumber":20,"author":{"gitId":"TanChiaChun"},"content":"        System.out.println(\"Hello! I\u0027m Jarvis\");","lastModifiedDate":"2021-09-02"},{"lineNumber":21,"author":{"gitId":"TanChiaChun"},"content":"        System.out.println(\"What can I do for you?\");","lastModifiedDate":"2021-09-02"},{"lineNumber":22,"author":{"gitId":"TanChiaChun"},"content":"        System.out.println(HORIZ_LINE);","lastModifiedDate":"2021-09-02"},{"lineNumber":23,"author":{"gitId":"TanChiaChun"},"content":"    }","lastModifiedDate":"2021-09-02"},{"lineNumber":24,"author":{"gitId":"TanChiaChun"},"content":"","lastModifiedDate":"2021-09-02"},{"lineNumber":25,"author":{"gitId":"TanChiaChun"},"content":"    private static void finaliseApp() {","lastModifiedDate":"2021-09-02"},{"lineNumber":26,"author":{"gitId":"TanChiaChun"},"content":"        System.out.println(\"Bye. Hope to see you again soon!\");","lastModifiedDate":"2021-09-02"},{"lineNumber":27,"author":{"gitId":"TanChiaChun"},"content":"        System.out.println(HORIZ_LINE);","lastModifiedDate":"2021-09-02"},{"lineNumber":28,"author":{"gitId":"TanChiaChun"},"content":"    }","lastModifiedDate":"2021-09-02"},{"lineNumber":29,"author":{"gitId":"TanChiaChun"},"content":"","lastModifiedDate":"2021-09-02"},{"lineNumber":30,"author":{"gitId":"TanChiaChun"},"content":"    private static void printList(int lastIndex) {","lastModifiedDate":"2021-09-03"},{"lineNumber":31,"author":{"gitId":"TanChiaChun"},"content":"        System.out.println(\"Here are the tasks in your list:\");","lastModifiedDate":"2021-09-02"},{"lineNumber":32,"author":{"gitId":"TanChiaChun"},"content":"        for (int j \u003d 0; j \u003c lastIndex; j++) {","lastModifiedDate":"2021-09-03"},{"lineNumber":33,"author":{"gitId":"TanChiaChun"},"content":"            System.out.println((j + 1) + \". \" + tasks[j].getTask());","lastModifiedDate":"2021-09-02"},{"lineNumber":34,"author":{"gitId":"TanChiaChun"},"content":"        }","lastModifiedDate":"2021-09-02"},{"lineNumber":35,"author":{"gitId":"TanChiaChun"},"content":"    }","lastModifiedDate":"2021-09-02"},{"lineNumber":36,"author":{"gitId":"TanChiaChun"},"content":"","lastModifiedDate":"2021-09-02"},{"lineNumber":37,"author":{"gitId":"TanChiaChun"},"content":"    private static boolean isAddTask(String inputTxt) {","lastModifiedDate":"2021-09-03"},{"lineNumber":38,"author":{"gitId":"TanChiaChun"},"content":"        return (inputTxt.startsWith(CMD_TODO) || inputTxt.startsWith(CMD_DEADLINE) || inputTxt.startsWith(CMD_EVENT));","lastModifiedDate":"2021-09-03"},{"lineNumber":39,"author":{"gitId":"TanChiaChun"},"content":"    }","lastModifiedDate":"2021-09-03"},{"lineNumber":40,"author":{"gitId":"TanChiaChun"},"content":"","lastModifiedDate":"2021-09-03"},{"lineNumber":41,"author":{"gitId":"TanChiaChun"},"content":"    private static void addTask(String inputTxt, int lastIndex) throws DukeException, ArrayIndexOutOfBoundsException {","lastModifiedDate":"2021-09-04"},{"lineNumber":42,"author":{"gitId":"TanChiaChun"},"content":"        if (inputTxt.split(\" \").length \u003d\u003d 1) {","lastModifiedDate":"2021-09-04"},{"lineNumber":43,"author":{"gitId":"TanChiaChun"},"content":"            throw new DukeException();","lastModifiedDate":"2021-09-04"},{"lineNumber":44,"author":{"gitId":"TanChiaChun"},"content":"        }","lastModifiedDate":"2021-09-04"},{"lineNumber":45,"author":{"gitId":"TanChiaChun"},"content":"","lastModifiedDate":"2021-09-04"},{"lineNumber":46,"author":{"gitId":"TanChiaChun"},"content":"        if (inputTxt.startsWith(CMD_TODO)) {","lastModifiedDate":"2021-09-03"},{"lineNumber":47,"author":{"gitId":"TanChiaChun"},"content":"            tasks[lastIndex] \u003d new Todo(inputTxt.substring(5));","lastModifiedDate":"2021-09-03"},{"lineNumber":48,"author":{"gitId":"TanChiaChun"},"content":"        } else if (inputTxt.startsWith(CMD_DEADLINE)) {","lastModifiedDate":"2021-09-03"},{"lineNumber":49,"author":{"gitId":"TanChiaChun"},"content":"            String[] deadlineSplit \u003d inputTxt.substring(9).split(\"/by\");","lastModifiedDate":"2021-09-03"},{"lineNumber":50,"author":{"gitId":"TanChiaChun"},"content":"            tasks[lastIndex] \u003d new Deadline(deadlineSplit[0].trim(), deadlineSplit[1].trim());","lastModifiedDate":"2021-09-03"},{"lineNumber":51,"author":{"gitId":"TanChiaChun"},"content":"        } else if (inputTxt.startsWith(CMD_EVENT)) {","lastModifiedDate":"2021-09-03"},{"lineNumber":52,"author":{"gitId":"TanChiaChun"},"content":"            String[] eventSplit \u003d inputTxt.substring(6).split(\"/at\");","lastModifiedDate":"2021-09-03"},{"lineNumber":53,"author":{"gitId":"TanChiaChun"},"content":"            tasks[lastIndex] \u003d new Event(eventSplit[0].trim(), eventSplit[1].trim());","lastModifiedDate":"2021-09-03"},{"lineNumber":54,"author":{"gitId":"TanChiaChun"},"content":"        }","lastModifiedDate":"2021-09-03"},{"lineNumber":55,"author":{"gitId":"TanChiaChun"},"content":"        System.out.println(\"added: \" + tasks[lastIndex].getTask());","lastModifiedDate":"2021-09-03"},{"lineNumber":56,"author":{"gitId":"TanChiaChun"},"content":"    }","lastModifiedDate":"2021-09-03"},{"lineNumber":57,"author":{"gitId":"TanChiaChun"},"content":"","lastModifiedDate":"2021-09-03"},{"lineNumber":58,"author":{"gitId":"TanChiaChun"},"content":"    private static void setDone(String inputTxt) throws ArrayIndexOutOfBoundsException, DukeException {","lastModifiedDate":"2021-09-04"},{"lineNumber":59,"author":{"gitId":"TanChiaChun"},"content":"        int idx \u003d Integer.parseInt(inputTxt.split(\" \")[1]) - 1;","lastModifiedDate":"2021-09-03"},{"lineNumber":60,"author":{"gitId":"TanChiaChun"},"content":"        if (tasks[idx] \u003d\u003d null) {","lastModifiedDate":"2021-09-04"},{"lineNumber":61,"author":{"gitId":"TanChiaChun"},"content":"            throw new DukeException();","lastModifiedDate":"2021-09-04"},{"lineNumber":62,"author":{"gitId":"TanChiaChun"},"content":"        }","lastModifiedDate":"2021-09-03"},{"lineNumber":63,"author":{"gitId":"TanChiaChun"},"content":"        tasks[idx].setDone();","lastModifiedDate":"2021-09-03"},{"lineNumber":64,"author":{"gitId":"TanChiaChun"},"content":"        System.out.println(\"Nice! I\u0027ve marked this as done:\");","lastModifiedDate":"2021-09-03"},{"lineNumber":65,"author":{"gitId":"TanChiaChun"},"content":"        System.out.println(tasks[idx].getTask());","lastModifiedDate":"2021-09-03"},{"lineNumber":66,"author":{"gitId":"TanChiaChun"},"content":"    }","lastModifiedDate":"2021-09-03"},{"lineNumber":67,"author":{"gitId":"TanChiaChun"},"content":"","lastModifiedDate":"2021-09-03"},{"lineNumber":68,"author":{"gitId":"TanChiaChun"},"content":"    private static void processInput(String inputTxt, int lastIndex) throws DukeException {","lastModifiedDate":"2021-09-04"},{"lineNumber":69,"author":{"gitId":"TanChiaChun"},"content":"        if (inputTxt.equals(\"list\")) {","lastModifiedDate":"2021-09-03"},{"lineNumber":70,"author":{"gitId":"TanChiaChun"},"content":"            printList(lastIndex);","lastModifiedDate":"2021-09-03"},{"lineNumber":71,"author":{"gitId":"TanChiaChun"},"content":"        } else if (inputTxt.startsWith(\"done\")) {","lastModifiedDate":"2021-09-03"},{"lineNumber":72,"author":{"gitId":"TanChiaChun"},"content":"            try {","lastModifiedDate":"2021-09-04"},{"lineNumber":73,"author":{"gitId":"TanChiaChun"},"content":"                setDone(inputTxt);","lastModifiedDate":"2021-09-04"},{"lineNumber":74,"author":{"gitId":"TanChiaChun"},"content":"            } catch (ArrayIndexOutOfBoundsException e) {","lastModifiedDate":"2021-09-04"},{"lineNumber":75,"author":{"gitId":"TanChiaChun"},"content":"                System.out.println(\"Invalid/missing index\");","lastModifiedDate":"2021-09-04"},{"lineNumber":76,"author":{"gitId":"TanChiaChun"},"content":"            } catch (DukeException e) {","lastModifiedDate":"2021-09-04"},{"lineNumber":77,"author":{"gitId":"TanChiaChun"},"content":"                System.out.println(\"Invalid/missing index\");","lastModifiedDate":"2021-09-04"},{"lineNumber":78,"author":{"gitId":"TanChiaChun"},"content":"            }","lastModifiedDate":"2021-09-04"},{"lineNumber":79,"author":{"gitId":"TanChiaChun"},"content":"        } else {","lastModifiedDate":"2021-09-03"},{"lineNumber":80,"author":{"gitId":"TanChiaChun"},"content":"            throw new DukeException();","lastModifiedDate":"2021-09-04"},{"lineNumber":81,"author":{"gitId":"TanChiaChun"},"content":"        }","lastModifiedDate":"2021-09-03"},{"lineNumber":82,"author":{"gitId":"TanChiaChun"},"content":"    }","lastModifiedDate":"2021-09-03"},{"lineNumber":83,"author":{"gitId":"TanChiaChun"},"content":"","lastModifiedDate":"2021-09-03"},{"lineNumber":84,"author":{"gitId":"TanChiaChun"},"content":"    private static void runApp() {","lastModifiedDate":"2021-09-03"},{"lineNumber":85,"author":{"gitId":"TanChiaChun"},"content":"        Scanner userInput \u003d new Scanner(System.in);","lastModifiedDate":"2021-09-03"},{"lineNumber":86,"author":{"gitId":"TanChiaChun"},"content":"        String inputTxt \u003d userInput.nextLine();","lastModifiedDate":"2021-09-03"},{"lineNumber":87,"author":{"gitId":"TanChiaChun"},"content":"        for (int i \u003d 0; i \u003c tasks.length;) {","lastModifiedDate":"2021-09-03"},{"lineNumber":88,"author":{"gitId":"TanChiaChun"},"content":"            if (inputTxt.equals(\"bye\")) {","lastModifiedDate":"2021-09-03"},{"lineNumber":89,"author":{"gitId":"TanChiaChun"},"content":"                break;","lastModifiedDate":"2021-09-03"},{"lineNumber":90,"author":{"gitId":"TanChiaChun"},"content":"            }","lastModifiedDate":"2021-09-03"},{"lineNumber":91,"author":{"gitId":"TanChiaChun"},"content":"","lastModifiedDate":"2021-09-03"},{"lineNumber":92,"author":{"gitId":"TanChiaChun"},"content":"            if (isAddTask(inputTxt)) {","lastModifiedDate":"2021-09-03"},{"lineNumber":93,"author":{"gitId":"TanChiaChun"},"content":"                try {","lastModifiedDate":"2021-09-04"},{"lineNumber":94,"author":{"gitId":"TanChiaChun"},"content":"                    addTask(inputTxt, i);","lastModifiedDate":"2021-09-03"},{"lineNumber":95,"author":{"gitId":"TanChiaChun"},"content":"                    i++;","lastModifiedDate":"2021-09-04"},{"lineNumber":96,"author":{"gitId":"TanChiaChun"},"content":"                } catch (DukeException e) {","lastModifiedDate":"2021-09-04"},{"lineNumber":97,"author":{"gitId":"TanChiaChun"},"content":"                    System.out.println(\"OOPS!!! The description of a \" + inputTxt + \" cannot be empty.\");","lastModifiedDate":"2021-09-04"},{"lineNumber":98,"author":{"gitId":"TanChiaChun"},"content":"                } catch (ArrayIndexOutOfBoundsException e) {","lastModifiedDate":"2021-09-04"},{"lineNumber":99,"author":{"gitId":"TanChiaChun"},"content":"                    System.out.println(\"Invalid input\");","lastModifiedDate":"2021-09-04"},{"lineNumber":100,"author":{"gitId":"TanChiaChun"},"content":"                }","lastModifiedDate":"2021-09-04"},{"lineNumber":101,"author":{"gitId":"TanChiaChun"},"content":"            } else {","lastModifiedDate":"2021-09-03"},{"lineNumber":102,"author":{"gitId":"TanChiaChun"},"content":"                try {","lastModifiedDate":"2021-09-04"},{"lineNumber":103,"author":{"gitId":"TanChiaChun"},"content":"                    processInput(inputTxt, i);","lastModifiedDate":"2021-09-03"},{"lineNumber":104,"author":{"gitId":"TanChiaChun"},"content":"                } catch (DukeException e) {","lastModifiedDate":"2021-09-04"},{"lineNumber":105,"author":{"gitId":"TanChiaChun"},"content":"                    System.out.println(\"OOPS!!! I\u0027m sorry, but I don\u0027t know what that means :-(\");","lastModifiedDate":"2021-09-04"},{"lineNumber":106,"author":{"gitId":"TanChiaChun"},"content":"                }","lastModifiedDate":"2021-09-04"},{"lineNumber":107,"author":{"gitId":"TanChiaChun"},"content":"            }","lastModifiedDate":"2021-09-03"},{"lineNumber":108,"author":{"gitId":"TanChiaChun"},"content":"","lastModifiedDate":"2021-08-20"},{"lineNumber":109,"author":{"gitId":"TanChiaChun"},"content":"            System.out.println(\"Total tasks: \" + i);","lastModifiedDate":"2021-09-03"},{"lineNumber":110,"author":{"gitId":"TanChiaChun"},"content":"            System.out.println(HORIZ_LINE);","lastModifiedDate":"2021-08-26"},{"lineNumber":111,"author":{"gitId":"TanChiaChun"},"content":"","lastModifiedDate":"2021-09-03"},{"lineNumber":112,"author":{"gitId":"TanChiaChun"},"content":"            inputTxt \u003d userInput.nextLine();","lastModifiedDate":"2021-08-20"},{"lineNumber":113,"author":{"gitId":"TanChiaChun"},"content":"        }","lastModifiedDate":"2021-08-20"},{"lineNumber":114,"author":{"gitId":"TanChiaChun"},"content":"    }","lastModifiedDate":"2021-09-02"},{"lineNumber":115,"author":{"gitId":"TanChiaChun"},"content":"","lastModifiedDate":"2021-08-20"},{"lineNumber":116,"author":{"gitId":"TanChiaChun"},"content":"    public static void main(String[] args) {","lastModifiedDate":"2021-09-02"},{"lineNumber":117,"author":{"gitId":"TanChiaChun"},"content":"        initApp();","lastModifiedDate":"2021-09-02"},{"lineNumber":118,"author":{"gitId":"TanChiaChun"},"content":"        runApp();","lastModifiedDate":"2021-09-03"},{"lineNumber":119,"author":{"gitId":"TanChiaChun"},"content":"        finaliseApp();","lastModifiedDate":"2021-09-02"},{"lineNumber":120,"author":{"gitId":"-"},"content":"    }","lastModifiedDate":"2019-07-29"},{"lineNumber":121,"author":{"gitId":"-"},"content":"}","lastModifiedDate":"2019-07-29"}],"authorContributionMap":{"TanChiaChun":118,"-":3}},{"path":"src/main/java/edu/nus/duke/exception/DukeException.java","fileType":"java","lines":[{"lineNumber":1,"author":{"gitId":"TanChiaChun"},"content":"package edu.nus.duke.exception;","lastModifiedDate":"2021-09-04"},{"lineNumber":2,"author":{"gitId":"TanChiaChun"},"content":"","lastModifiedDate":"2021-09-04"},{"lineNumber":3,"author":{"gitId":"TanChiaChun"},"content":"public class DukeException extends Exception {","lastModifiedDate":"2021-09-04"},{"lineNumber":4,"author":{"gitId":"TanChiaChun"},"content":"}","lastModifiedDate":"2021-09-04"}],"authorContributionMap":{"TanChiaChun":4}},{"path":"src/main/java/edu/nus/duke/task/Deadline.java","fileType":"java","lines":[{"lineNumber":1,"author":{"gitId":"TanChiaChun"},"content":"package edu.nus.duke.task;","lastModifiedDate":"2021-09-04"},{"lineNumber":2,"author":{"gitId":"TanChiaChun"},"content":"","lastModifiedDate":"2021-09-04"},{"lineNumber":3,"author":{"gitId":"TanChiaChun"},"content":"public class Deadline extends Task {","lastModifiedDate":"2021-08-26"},{"lineNumber":4,"author":{"gitId":"TanChiaChun"},"content":"    // Variables","lastModifiedDate":"2021-08-26"},{"lineNumber":5,"author":{"gitId":"TanChiaChun"},"content":"    protected String by;","lastModifiedDate":"2021-08-26"},{"lineNumber":6,"author":{"gitId":"TanChiaChun"},"content":"","lastModifiedDate":"2021-08-26"},{"lineNumber":7,"author":{"gitId":"TanChiaChun"},"content":"    // Constructor","lastModifiedDate":"2021-08-26"},{"lineNumber":8,"author":{"gitId":"TanChiaChun"},"content":"    public Deadline(String taskName, String by) {","lastModifiedDate":"2021-08-26"},{"lineNumber":9,"author":{"gitId":"TanChiaChun"},"content":"        super(taskName);","lastModifiedDate":"2021-08-26"},{"lineNumber":10,"author":{"gitId":"TanChiaChun"},"content":"        this.prefix \u003d \u0027D\u0027;","lastModifiedDate":"2021-08-26"},{"lineNumber":11,"author":{"gitId":"TanChiaChun"},"content":"        this.by \u003d by;","lastModifiedDate":"2021-08-26"},{"lineNumber":12,"author":{"gitId":"TanChiaChun"},"content":"    }","lastModifiedDate":"2021-08-26"},{"lineNumber":13,"author":{"gitId":"TanChiaChun"},"content":"","lastModifiedDate":"2021-08-26"},{"lineNumber":14,"author":{"gitId":"TanChiaChun"},"content":"    // Getter","lastModifiedDate":"2021-08-26"},{"lineNumber":15,"author":{"gitId":"TanChiaChun"},"content":"    @Override","lastModifiedDate":"2021-08-26"},{"lineNumber":16,"author":{"gitId":"TanChiaChun"},"content":"    public String getTask() {","lastModifiedDate":"2021-08-26"},{"lineNumber":17,"author":{"gitId":"TanChiaChun"},"content":"        return (super.getTask() + \" (by: \" + by + \")\");","lastModifiedDate":"2021-08-26"},{"lineNumber":18,"author":{"gitId":"TanChiaChun"},"content":"    }","lastModifiedDate":"2021-08-26"},{"lineNumber":19,"author":{"gitId":"TanChiaChun"},"content":"}","lastModifiedDate":"2021-08-26"}],"authorContributionMap":{"TanChiaChun":19}},{"path":"src/main/java/edu/nus/duke/task/Event.java","fileType":"java","lines":[{"lineNumber":1,"author":{"gitId":"TanChiaChun"},"content":"package edu.nus.duke.task;","lastModifiedDate":"2021-09-04"},{"lineNumber":2,"author":{"gitId":"TanChiaChun"},"content":"","lastModifiedDate":"2021-09-04"},{"lineNumber":3,"author":{"gitId":"TanChiaChun"},"content":"public class Event extends Task {","lastModifiedDate":"2021-08-26"},{"lineNumber":4,"author":{"gitId":"TanChiaChun"},"content":"    // Variables","lastModifiedDate":"2021-08-26"},{"lineNumber":5,"author":{"gitId":"TanChiaChun"},"content":"    protected String at;","lastModifiedDate":"2021-08-26"},{"lineNumber":6,"author":{"gitId":"TanChiaChun"},"content":"","lastModifiedDate":"2021-08-26"},{"lineNumber":7,"author":{"gitId":"TanChiaChun"},"content":"    // Constructor","lastModifiedDate":"2021-08-26"},{"lineNumber":8,"author":{"gitId":"TanChiaChun"},"content":"    public Event(String taskName, String at) {","lastModifiedDate":"2021-08-26"},{"lineNumber":9,"author":{"gitId":"TanChiaChun"},"content":"        super(taskName);","lastModifiedDate":"2021-08-26"},{"lineNumber":10,"author":{"gitId":"TanChiaChun"},"content":"        this.prefix \u003d \u0027E\u0027;","lastModifiedDate":"2021-08-26"},{"lineNumber":11,"author":{"gitId":"TanChiaChun"},"content":"        this.at \u003d at;","lastModifiedDate":"2021-08-26"},{"lineNumber":12,"author":{"gitId":"TanChiaChun"},"content":"    }","lastModifiedDate":"2021-08-26"},{"lineNumber":13,"author":{"gitId":"TanChiaChun"},"content":"","lastModifiedDate":"2021-08-26"},{"lineNumber":14,"author":{"gitId":"TanChiaChun"},"content":"    // Getter","lastModifiedDate":"2021-08-26"},{"lineNumber":15,"author":{"gitId":"TanChiaChun"},"content":"    @Override","lastModifiedDate":"2021-08-26"},{"lineNumber":16,"author":{"gitId":"TanChiaChun"},"content":"    public String getTask() {","lastModifiedDate":"2021-08-26"},{"lineNumber":17,"author":{"gitId":"TanChiaChun"},"content":"        return (super.getTask() + \" (at: \" + at + \")\");","lastModifiedDate":"2021-08-26"},{"lineNumber":18,"author":{"gitId":"TanChiaChun"},"content":"    }","lastModifiedDate":"2021-08-26"},{"lineNumber":19,"author":{"gitId":"TanChiaChun"},"content":"}","lastModifiedDate":"2021-08-26"}],"authorContributionMap":{"TanChiaChun":19}},{"path":"src/main/java/edu/nus/duke/task/Task.java","fileType":"java","lines":[{"lineNumber":1,"author":{"gitId":"TanChiaChun"},"content":"package edu.nus.duke.task;","lastModifiedDate":"2021-09-04"},{"lineNumber":2,"author":{"gitId":"TanChiaChun"},"content":"","lastModifiedDate":"2021-09-04"},{"lineNumber":3,"author":{"gitId":"TanChiaChun"},"content":"public abstract class Task {","lastModifiedDate":"2021-09-04"},{"lineNumber":4,"author":{"gitId":"TanChiaChun"},"content":"    // Variables","lastModifiedDate":"2021-08-20"},{"lineNumber":5,"author":{"gitId":"TanChiaChun"},"content":"    protected char prefix \u003d \u0027 \u0027;","lastModifiedDate":"2021-08-26"},{"lineNumber":6,"author":{"gitId":"TanChiaChun"},"content":"    protected String taskName;","lastModifiedDate":"2021-08-26"},{"lineNumber":7,"author":{"gitId":"TanChiaChun"},"content":"    protected boolean isDone \u003d false;","lastModifiedDate":"2021-08-26"},{"lineNumber":8,"author":{"gitId":"TanChiaChun"},"content":"","lastModifiedDate":"2021-08-20"},{"lineNumber":9,"author":{"gitId":"TanChiaChun"},"content":"    // Constructor","lastModifiedDate":"2021-08-20"},{"lineNumber":10,"author":{"gitId":"TanChiaChun"},"content":"    public Task(String taskName) {","lastModifiedDate":"2021-08-20"},{"lineNumber":11,"author":{"gitId":"TanChiaChun"},"content":"        this.taskName \u003d taskName;","lastModifiedDate":"2021-08-20"},{"lineNumber":12,"author":{"gitId":"TanChiaChun"},"content":"    }","lastModifiedDate":"2021-08-20"},{"lineNumber":13,"author":{"gitId":"TanChiaChun"},"content":"","lastModifiedDate":"2021-08-20"},{"lineNumber":14,"author":{"gitId":"TanChiaChun"},"content":"    // Getter","lastModifiedDate":"2021-08-20"},{"lineNumber":15,"author":{"gitId":"TanChiaChun"},"content":"    public String getTask() {","lastModifiedDate":"2021-08-20"},{"lineNumber":16,"author":{"gitId":"TanChiaChun"},"content":"        String taskStatus \u003d isDone ? \"X\" : \" \";","lastModifiedDate":"2021-08-20"},{"lineNumber":17,"author":{"gitId":"TanChiaChun"},"content":"        return (\"[\" + prefix + \"]\" + \"[\" + taskStatus + \"] \" + taskName);","lastModifiedDate":"2021-08-26"},{"lineNumber":18,"author":{"gitId":"TanChiaChun"},"content":"    }","lastModifiedDate":"2021-08-20"},{"lineNumber":19,"author":{"gitId":"TanChiaChun"},"content":"","lastModifiedDate":"2021-08-20"},{"lineNumber":20,"author":{"gitId":"TanChiaChun"},"content":"    // Setter","lastModifiedDate":"2021-08-20"},{"lineNumber":21,"author":{"gitId":"TanChiaChun"},"content":"    public void setDone() {","lastModifiedDate":"2021-08-20"},{"lineNumber":22,"author":{"gitId":"TanChiaChun"},"content":"        this.isDone \u003d true;","lastModifiedDate":"2021-08-20"},{"lineNumber":23,"author":{"gitId":"TanChiaChun"},"content":"    }","lastModifiedDate":"2021-08-20"},{"lineNumber":24,"author":{"gitId":"TanChiaChun"},"content":"}","lastModifiedDate":"2021-08-20"}],"authorContributionMap":{"TanChiaChun":24}},{"path":"src/main/java/edu/nus/duke/task/Todo.java","fileType":"java","lines":[{"lineNumber":1,"author":{"gitId":"TanChiaChun"},"content":"package edu.nus.duke.task;","lastModifiedDate":"2021-09-04"},{"lineNumber":2,"author":{"gitId":"TanChiaChun"},"content":"","lastModifiedDate":"2021-09-04"},{"lineNumber":3,"author":{"gitId":"TanChiaChun"},"content":"public class Todo extends Task {","lastModifiedDate":"2021-08-26"},{"lineNumber":4,"author":{"gitId":"TanChiaChun"},"content":"    // Constructor","lastModifiedDate":"2021-08-26"},{"lineNumber":5,"author":{"gitId":"TanChiaChun"},"content":"    public Todo(String taskName) {","lastModifiedDate":"2021-08-26"},{"lineNumber":6,"author":{"gitId":"TanChiaChun"},"content":"        super(taskName);","lastModifiedDate":"2021-08-26"},{"lineNumber":7,"author":{"gitId":"TanChiaChun"},"content":"        this.prefix \u003d \u0027T\u0027;","lastModifiedDate":"2021-08-26"},{"lineNumber":8,"author":{"gitId":"TanChiaChun"},"content":"    }","lastModifiedDate":"2021-08-26"},{"lineNumber":9,"author":{"gitId":"TanChiaChun"},"content":"}","lastModifiedDate":"2021-08-26"}],"authorContributionMap":{"TanChiaChun":9}},{"path":"text-ui-test/input.txt","fileType":"txt","lines":[{"lineNumber":1,"author":{"gitId":"TanChiaChun"},"content":"todo borrow book","lastModifiedDate":"2021-08-26"},{"lineNumber":2,"author":{"gitId":"TanChiaChun"},"content":"list","lastModifiedDate":"2021-08-26"},{"lineNumber":3,"author":{"gitId":"TanChiaChun"},"content":"deadline return book /by Sunday","lastModifiedDate":"2021-08-26"},{"lineNumber":4,"author":{"gitId":"TanChiaChun"},"content":"event project meeting /at Mon 2-4pm","lastModifiedDate":"2021-08-26"},{"lineNumber":5,"author":{"gitId":"TanChiaChun"},"content":"deadline do homework /by no idea :-p","lastModifiedDate":"2021-08-26"},{"lineNumber":6,"author":{"gitId":"TanChiaChun"},"content":"bye","lastModifiedDate":"2021-08-26"}],"authorContributionMap":{"TanChiaChun":6}},{"path":"text-ui-test/runtest.bat","fileType":"bat","lines":[{"lineNumber":1,"author":{"gitId":"-"},"content":"@ECHO OFF","lastModifiedDate":"2020-05-25"},{"lineNumber":2,"author":{"gitId":"-"},"content":"","lastModifiedDate":"2020-05-25"},{"lineNumber":3,"author":{"gitId":"-"},"content":"REM create bin directory if it doesn\u0027t exist","lastModifiedDate":"2020-05-25"},{"lineNumber":4,"author":{"gitId":"-"},"content":"if not exist ..\\bin mkdir ..\\bin","lastModifiedDate":"2020-05-25"},{"lineNumber":5,"author":{"gitId":"-"},"content":"","lastModifiedDate":"2020-05-25"},{"lineNumber":6,"author":{"gitId":"-"},"content":"REM delete output from previous run","lastModifiedDate":"2020-05-25"},{"lineNumber":7,"author":{"gitId":"-"},"content":"if exist ACTUAL.TXT del ACTUAL.TXT","lastModifiedDate":"2020-08-25"},{"lineNumber":8,"author":{"gitId":"-"},"content":"","lastModifiedDate":"2020-05-25"},{"lineNumber":9,"author":{"gitId":"-"},"content":"REM compile the code into the bin folder","lastModifiedDate":"2020-05-25"},{"lineNumber":10,"author":{"gitId":"TanChiaChun"},"content":"javac  -cp ..\\src\\main\\java -Xlint:none -d ..\\bin ..\\src\\main\\java\\edu\\nus\\duke\\command\\*.java","lastModifiedDate":"2021-09-04"},{"lineNumber":11,"author":{"gitId":"-"},"content":"IF ERRORLEVEL 1 (","lastModifiedDate":"2020-05-25"},{"lineNumber":12,"author":{"gitId":"-"},"content":"    echo ********** BUILD FAILURE **********","lastModifiedDate":"2020-05-25"},{"lineNumber":13,"author":{"gitId":"-"},"content":"    exit /b 1","lastModifiedDate":"2020-05-25"},{"lineNumber":14,"author":{"gitId":"-"},"content":")","lastModifiedDate":"2020-05-25"},{"lineNumber":15,"author":{"gitId":"-"},"content":"REM no error here, errorlevel \u003d\u003d 0","lastModifiedDate":"2020-05-25"},{"lineNumber":16,"author":{"gitId":"-"},"content":"","lastModifiedDate":"2020-05-25"},{"lineNumber":17,"author":{"gitId":"-"},"content":"REM run the program, feed commands from input.txt file and redirect the output to the ACTUAL.TXT","lastModifiedDate":"2020-05-25"},{"lineNumber":18,"author":{"gitId":"TanChiaChun"},"content":"java -classpath ..\\bin edu.nus.duke.command.Duke \u003c input.txt \u003e ACTUAL.TXT","lastModifiedDate":"2021-09-04"},{"lineNumber":19,"author":{"gitId":"-"},"content":"","lastModifiedDate":"2020-05-25"},{"lineNumber":20,"author":{"gitId":"-"},"content":"REM compare the output to the expected output","lastModifiedDate":"2020-05-25"},{"lineNumber":21,"author":{"gitId":"-"},"content":"FC ACTUAL.TXT EXPECTED.TXT","lastModifiedDate":"2020-05-25"},{"lineNumber":22,"author":{"gitId":"TanChiaChun"},"content":"","lastModifiedDate":"2021-08-26"},{"lineNumber":23,"author":{"gitId":"TanChiaChun"},"content":"pause","lastModifiedDate":"2021-08-26"}],"authorContributionMap":{"TanChiaChun":4,"-":19}}]
