[{"path":"src/main/java/Duke.java","fileType":"java","lines":[{"lineNumber":1,"author":{"gitId":"TanChiaChun"},"content":"import java.util.Scanner;","lastModifiedDate":"2021-08-20"},{"lineNumber":2,"author":{"gitId":"TanChiaChun"},"content":"","lastModifiedDate":"2021-08-20"},{"lineNumber":3,"author":{"gitId":"-"},"content":"public class Duke {","lastModifiedDate":"2019-07-29"},{"lineNumber":4,"author":{"gitId":"-"},"content":"    public static void main(String[] args) {","lastModifiedDate":"2019-07-29"},{"lineNumber":5,"author":{"gitId":"TanChiaChun"},"content":"        // Variables","lastModifiedDate":"2021-08-20"},{"lineNumber":6,"author":{"gitId":"TanChiaChun"},"content":"        String horizLine \u003d \"____________________________________________________________\";","lastModifiedDate":"2021-08-20"},{"lineNumber":7,"author":{"gitId":"TanChiaChun"},"content":"        Task[] inputList \u003d new Task[100];","lastModifiedDate":"2021-08-20"},{"lineNumber":8,"author":{"gitId":"TanChiaChun"},"content":"","lastModifiedDate":"2021-08-20"},{"lineNumber":9,"author":{"gitId":"TanChiaChun"},"content":"        // Init","lastModifiedDate":"2021-08-20"},{"lineNumber":10,"author":{"gitId":"TanChiaChun"},"content":"        System.out.println(\"Hello! I\u0027m Jarvis\");","lastModifiedDate":"2021-08-20"},{"lineNumber":11,"author":{"gitId":"TanChiaChun"},"content":"        System.out.println(\"What can I do for you?\");","lastModifiedDate":"2021-08-20"},{"lineNumber":12,"author":{"gitId":"TanChiaChun"},"content":"        System.out.println(horizLine);","lastModifiedDate":"2021-08-20"},{"lineNumber":13,"author":{"gitId":"TanChiaChun"},"content":"","lastModifiedDate":"2021-08-20"},{"lineNumber":14,"author":{"gitId":"TanChiaChun"},"content":"        // Read user input","lastModifiedDate":"2021-08-20"},{"lineNumber":15,"author":{"gitId":"TanChiaChun"},"content":"        Scanner userInput \u003d new Scanner(System.in);","lastModifiedDate":"2021-08-20"},{"lineNumber":16,"author":{"gitId":"TanChiaChun"},"content":"        String inputTxt \u003d userInput.nextLine();","lastModifiedDate":"2021-08-20"},{"lineNumber":17,"author":{"gitId":"TanChiaChun"},"content":"        for (int i \u003d 0; i \u003c inputList.length; i++) {","lastModifiedDate":"2021-08-20"},{"lineNumber":18,"author":{"gitId":"TanChiaChun"},"content":"            if (inputTxt.equals(\"bye\")) {","lastModifiedDate":"2021-08-20"},{"lineNumber":19,"author":{"gitId":"TanChiaChun"},"content":"                break;","lastModifiedDate":"2021-08-20"},{"lineNumber":20,"author":{"gitId":"TanChiaChun"},"content":"            } else if (inputTxt.startsWith(\"done\")) {","lastModifiedDate":"2021-08-20"},{"lineNumber":21,"author":{"gitId":"TanChiaChun"},"content":"                int idx \u003d Integer.parseInt(inputTxt.split(\" \")[1]) - 1;","lastModifiedDate":"2021-08-20"},{"lineNumber":22,"author":{"gitId":"TanChiaChun"},"content":"                if (idx \u003c i) {","lastModifiedDate":"2021-08-20"},{"lineNumber":23,"author":{"gitId":"TanChiaChun"},"content":"                    inputList[idx].setDone();","lastModifiedDate":"2021-08-20"},{"lineNumber":24,"author":{"gitId":"TanChiaChun"},"content":"                    System.out.println(\"Nice! I\u0027ve marked this as done:\");","lastModifiedDate":"2021-08-20"},{"lineNumber":25,"author":{"gitId":"TanChiaChun"},"content":"                    System.out.println(inputList[idx].getTask());","lastModifiedDate":"2021-08-20"},{"lineNumber":26,"author":{"gitId":"TanChiaChun"},"content":"                } else {","lastModifiedDate":"2021-08-20"},{"lineNumber":27,"author":{"gitId":"TanChiaChun"},"content":"                    System.out.println(\"Task out of limit\");","lastModifiedDate":"2021-08-20"},{"lineNumber":28,"author":{"gitId":"TanChiaChun"},"content":"                }","lastModifiedDate":"2021-08-20"},{"lineNumber":29,"author":{"gitId":"TanChiaChun"},"content":"                i--;","lastModifiedDate":"2021-08-20"},{"lineNumber":30,"author":{"gitId":"TanChiaChun"},"content":"            } else if (inputTxt.equals(\"list\")) {","lastModifiedDate":"2021-08-20"},{"lineNumber":31,"author":{"gitId":"TanChiaChun"},"content":"                System.out.println(\"Here are the tasks in your list:\");","lastModifiedDate":"2021-08-20"},{"lineNumber":32,"author":{"gitId":"TanChiaChun"},"content":"                for (int j \u003d 0; j \u003c i; j++) {","lastModifiedDate":"2021-08-20"},{"lineNumber":33,"author":{"gitId":"TanChiaChun"},"content":"                    System.out.println((j + 1) + \". \" + inputList[j].getTask());","lastModifiedDate":"2021-08-20"},{"lineNumber":34,"author":{"gitId":"TanChiaChun"},"content":"                }","lastModifiedDate":"2021-08-20"},{"lineNumber":35,"author":{"gitId":"TanChiaChun"},"content":"                i--;","lastModifiedDate":"2021-08-20"},{"lineNumber":36,"author":{"gitId":"TanChiaChun"},"content":"            } else {","lastModifiedDate":"2021-08-20"},{"lineNumber":37,"author":{"gitId":"TanChiaChun"},"content":"                inputList[i] \u003d new Task(inputTxt);","lastModifiedDate":"2021-08-20"},{"lineNumber":38,"author":{"gitId":"TanChiaChun"},"content":"                System.out.println(\"added: \" + inputTxt);","lastModifiedDate":"2021-08-20"},{"lineNumber":39,"author":{"gitId":"TanChiaChun"},"content":"            }","lastModifiedDate":"2021-08-20"},{"lineNumber":40,"author":{"gitId":"TanChiaChun"},"content":"","lastModifiedDate":"2021-08-20"},{"lineNumber":41,"author":{"gitId":"TanChiaChun"},"content":"            System.out.println(horizLine);","lastModifiedDate":"2021-08-20"},{"lineNumber":42,"author":{"gitId":"TanChiaChun"},"content":"            inputTxt \u003d userInput.nextLine();","lastModifiedDate":"2021-08-20"},{"lineNumber":43,"author":{"gitId":"TanChiaChun"},"content":"        }","lastModifiedDate":"2021-08-20"},{"lineNumber":44,"author":{"gitId":"TanChiaChun"},"content":"","lastModifiedDate":"2021-08-20"},{"lineNumber":45,"author":{"gitId":"TanChiaChun"},"content":"        // Finalise","lastModifiedDate":"2021-08-20"},{"lineNumber":46,"author":{"gitId":"TanChiaChun"},"content":"        System.out.println(\"Bye. Hope to see you again soon!\");","lastModifiedDate":"2021-08-20"},{"lineNumber":47,"author":{"gitId":"TanChiaChun"},"content":"        System.out.println(horizLine);","lastModifiedDate":"2021-08-20"},{"lineNumber":48,"author":{"gitId":"-"},"content":"    }","lastModifiedDate":"2019-07-29"},{"lineNumber":49,"author":{"gitId":"-"},"content":"}","lastModifiedDate":"2019-07-29"}],"authorContributionMap":{"TanChiaChun":45,"-":4}},{"path":"src/main/java/Task.java","fileType":"java","lines":[{"lineNumber":1,"author":{"gitId":"TanChiaChun"},"content":"public class Task {","lastModifiedDate":"2021-08-20"},{"lineNumber":2,"author":{"gitId":"TanChiaChun"},"content":"    // Variables","lastModifiedDate":"2021-08-20"},{"lineNumber":3,"author":{"gitId":"TanChiaChun"},"content":"    private String taskName;","lastModifiedDate":"2021-08-20"},{"lineNumber":4,"author":{"gitId":"TanChiaChun"},"content":"    private boolean isDone \u003d false;","lastModifiedDate":"2021-08-20"},{"lineNumber":5,"author":{"gitId":"TanChiaChun"},"content":"","lastModifiedDate":"2021-08-20"},{"lineNumber":6,"author":{"gitId":"TanChiaChun"},"content":"    // Constructor","lastModifiedDate":"2021-08-20"},{"lineNumber":7,"author":{"gitId":"TanChiaChun"},"content":"    public Task(String taskName) {","lastModifiedDate":"2021-08-20"},{"lineNumber":8,"author":{"gitId":"TanChiaChun"},"content":"        this.taskName \u003d taskName;","lastModifiedDate":"2021-08-20"},{"lineNumber":9,"author":{"gitId":"TanChiaChun"},"content":"    }","lastModifiedDate":"2021-08-20"},{"lineNumber":10,"author":{"gitId":"TanChiaChun"},"content":"","lastModifiedDate":"2021-08-20"},{"lineNumber":11,"author":{"gitId":"TanChiaChun"},"content":"    // Getter","lastModifiedDate":"2021-08-20"},{"lineNumber":12,"author":{"gitId":"TanChiaChun"},"content":"    public String getTask() {","lastModifiedDate":"2021-08-20"},{"lineNumber":13,"author":{"gitId":"TanChiaChun"},"content":"        String taskStatus \u003d isDone ? \"X\" : \" \";","lastModifiedDate":"2021-08-20"},{"lineNumber":14,"author":{"gitId":"TanChiaChun"},"content":"        return (\"[\" + taskStatus + \"] \" + taskName);","lastModifiedDate":"2021-08-20"},{"lineNumber":15,"author":{"gitId":"TanChiaChun"},"content":"    }","lastModifiedDate":"2021-08-20"},{"lineNumber":16,"author":{"gitId":"TanChiaChun"},"content":"","lastModifiedDate":"2021-08-20"},{"lineNumber":17,"author":{"gitId":"TanChiaChun"},"content":"    // Setter","lastModifiedDate":"2021-08-20"},{"lineNumber":18,"author":{"gitId":"TanChiaChun"},"content":"    public void setDone() {","lastModifiedDate":"2021-08-20"},{"lineNumber":19,"author":{"gitId":"TanChiaChun"},"content":"        this.isDone \u003d true;","lastModifiedDate":"2021-08-20"},{"lineNumber":20,"author":{"gitId":"TanChiaChun"},"content":"    }","lastModifiedDate":"2021-08-20"},{"lineNumber":21,"author":{"gitId":"TanChiaChun"},"content":"}","lastModifiedDate":"2021-08-20"}],"authorContributionMap":{"TanChiaChun":21}}]
