[{"path":"README.md","fileType":"md","lines":[{"lineNumber":1,"author":{"gitId":"-"},"content":"# Duke project template","lastModifiedDate":"2020-05-25"},{"lineNumber":2,"author":{"gitId":"-"},"content":"","lastModifiedDate":"2020-05-25"},{"lineNumber":3,"author":{"gitId":"-"},"content":"This is a project template for a greenfield Java project. It\u0027s named after the Java mascot _Duke_. Given below are instructions on how to use it.","lastModifiedDate":"2020-05-25"},{"lineNumber":4,"author":{"gitId":"-"},"content":"","lastModifiedDate":"2020-05-25"},{"lineNumber":5,"author":{"gitId":"-"},"content":"## Setting up in Intellij","lastModifiedDate":"2020-05-25"},{"lineNumber":6,"author":{"gitId":"-"},"content":"","lastModifiedDate":"2020-05-25"},{"lineNumber":7,"author":{"gitId":"-"},"content":"Prerequisites: JDK 11, update Intellij to the most recent version.","lastModifiedDate":"2020-05-25"},{"lineNumber":8,"author":{"gitId":"-"},"content":"","lastModifiedDate":"2020-05-25"},{"lineNumber":9,"author":{"gitId":"-"},"content":"1. Open Intellij (if you are not in the welcome screen, click `File` \u003e `Close Project` to close the existing project first)","lastModifiedDate":"2021-01-17"},{"lineNumber":10,"author":{"gitId":"-"},"content":"1. Open the project into Intellij as follows:","lastModifiedDate":"2021-01-17"},{"lineNumber":11,"author":{"gitId":"-"},"content":"   1. Click `Open`.","lastModifiedDate":"2021-01-17"},{"lineNumber":12,"author":{"gitId":"-"},"content":"   1. Select the project directory, and click `OK`.","lastModifiedDate":"2021-01-17"},{"lineNumber":13,"author":{"gitId":"-"},"content":"   1. If there are any further prompts, accept the defaults.","lastModifiedDate":"2020-05-25"},{"lineNumber":14,"author":{"gitId":"-"},"content":"1. Configure the project to use **JDK 11** (not other versions) as explained in [here](https://www.jetbrains.com/help/idea/sdk.html#set-up-jdk).\u003cbr\u003e","lastModifiedDate":"2021-07-29"},{"lineNumber":15,"author":{"gitId":"-"},"content":"   In the same dialog, set the **Project language level** field to the `SDK default` option.","lastModifiedDate":"2021-07-29"},{"lineNumber":16,"author":{"gitId":"TanChiaChun"},"content":"3. After that, locate the `src/main/java/edu/nus/duke/command/Duke.java` file, right-click it, and choose `Run Duke.main()` (if the code editor is showing compile errors, try restarting the IDE). If the setup is correct, you should see something like the below as the output:","lastModifiedDate":"2021-09-04"},{"lineNumber":17,"author":{"gitId":"-"},"content":"   ```","lastModifiedDate":"2020-05-25"},{"lineNumber":18,"author":{"gitId":"-"},"content":"   Hello from","lastModifiedDate":"2020-05-25"},{"lineNumber":19,"author":{"gitId":"-"},"content":"    ____        _        ","lastModifiedDate":"2020-05-25"},{"lineNumber":20,"author":{"gitId":"-"},"content":"   |  _ \\ _   _| | _____ ","lastModifiedDate":"2020-05-25"},{"lineNumber":21,"author":{"gitId":"-"},"content":"   | | | | | | | |/ / _ \\","lastModifiedDate":"2020-05-25"},{"lineNumber":22,"author":{"gitId":"-"},"content":"   | |_| | |_| |   \u003c  __/","lastModifiedDate":"2020-05-25"},{"lineNumber":23,"author":{"gitId":"-"},"content":"   |____/ \\__,_|_|\\_\\___|","lastModifiedDate":"2020-05-25"},{"lineNumber":24,"author":{"gitId":"-"},"content":"   ```","lastModifiedDate":"2020-05-25"}],"authorContributionMap":{"TanChiaChun":1,"-":23}},{"path":"src/main/java/edu/nus/duke/Main.java","fileType":"java","lines":[{"lineNumber":1,"author":{"gitId":"TanChiaChun"},"content":"package edu.nus.duke;","lastModifiedDate":"2021-09-18"},{"lineNumber":2,"author":{"gitId":"TanChiaChun"},"content":"","lastModifiedDate":"2021-09-04"},{"lineNumber":3,"author":{"gitId":"TanChiaChun"},"content":"import edu.nus.duke.ui.Ui;","lastModifiedDate":"2021-09-18"},{"lineNumber":4,"author":{"gitId":"TanChiaChun"},"content":"import edu.nus.duke.task.TaskList;","lastModifiedDate":"2021-09-18"},{"lineNumber":5,"author":{"gitId":"TanChiaChun"},"content":"import edu.nus.duke.storage.Storage;","lastModifiedDate":"2021-09-18"},{"lineNumber":6,"author":{"gitId":"TanChiaChun"},"content":"import edu.nus.duke.parser.Parser;","lastModifiedDate":"2021-09-19"},{"lineNumber":7,"author":{"gitId":"TanChiaChun"},"content":"import edu.nus.duke.command.Command;","lastModifiedDate":"2021-09-19"},{"lineNumber":8,"author":{"gitId":"TanChiaChun"},"content":"import edu.nus.duke.command.ExitCommand;","lastModifiedDate":"2021-09-19"},{"lineNumber":9,"author":{"gitId":"TanChiaChun"},"content":"import edu.nus.duke.exception.DukeInvalidInputException;","lastModifiedDate":"2021-09-19"},{"lineNumber":10,"author":{"gitId":"TanChiaChun"},"content":"import edu.nus.duke.exception.DukeEmptyArgsException;","lastModifiedDate":"2021-09-19"},{"lineNumber":11,"author":{"gitId":"TanChiaChun"},"content":"import edu.nus.duke.exception.DukeDisallowInputException;","lastModifiedDate":"2021-09-19"},{"lineNumber":12,"author":{"gitId":"TanChiaChun"},"content":"","lastModifiedDate":"2021-08-20"},{"lineNumber":13,"author":{"gitId":"TanChiaChun"},"content":"public class Main {","lastModifiedDate":"2021-09-18"},{"lineNumber":14,"author":{"gitId":"TanChiaChun"},"content":"    // Variables","lastModifiedDate":"2021-08-20"},{"lineNumber":15,"author":{"gitId":"TanChiaChun"},"content":"    private TaskList taskList;","lastModifiedDate":"2021-09-18"},{"lineNumber":16,"author":{"gitId":"TanChiaChun"},"content":"    private Storage storage;","lastModifiedDate":"2021-09-18"},{"lineNumber":17,"author":{"gitId":"TanChiaChun"},"content":"    private Ui ui;","lastModifiedDate":"2021-09-19"},{"lineNumber":18,"author":{"gitId":"TanChiaChun"},"content":"","lastModifiedDate":"2021-09-18"},{"lineNumber":19,"author":{"gitId":"TanChiaChun"},"content":"    // Constructor","lastModifiedDate":"2021-09-18"},{"lineNumber":20,"author":{"gitId":"TanChiaChun"},"content":"    public Main(String filePath) {","lastModifiedDate":"2021-09-18"},{"lineNumber":21,"author":{"gitId":"TanChiaChun"},"content":"        taskList \u003d new TaskList();","lastModifiedDate":"2021-09-18"},{"lineNumber":22,"author":{"gitId":"TanChiaChun"},"content":"        storage \u003d new Storage(filePath, taskList);","lastModifiedDate":"2021-09-18"},{"lineNumber":23,"author":{"gitId":"TanChiaChun"},"content":"        ui \u003d new Ui();","lastModifiedDate":"2021-09-19"},{"lineNumber":24,"author":{"gitId":"TanChiaChun"},"content":"","lastModifiedDate":"2021-09-18"},{"lineNumber":25,"author":{"gitId":"TanChiaChun"},"content":"        Ui.printMessage(\"Hello! I\u0027m Jarvis\\nWhat can I do for you?\");","lastModifiedDate":"2021-09-18"},{"lineNumber":26,"author":{"gitId":"TanChiaChun"},"content":"        runApp();","lastModifiedDate":"2021-09-18"},{"lineNumber":27,"author":{"gitId":"TanChiaChun"},"content":"    }","lastModifiedDate":"2021-09-18"},{"lineNumber":28,"author":{"gitId":"TanChiaChun"},"content":"","lastModifiedDate":"2021-08-26"},{"lineNumber":29,"author":{"gitId":"TanChiaChun"},"content":"    // Methods","lastModifiedDate":"2021-09-02"},{"lineNumber":30,"author":{"gitId":"TanChiaChun"},"content":"    private void runApp() {","lastModifiedDate":"2021-09-18"},{"lineNumber":31,"author":{"gitId":"TanChiaChun"},"content":"        String inputTxt;","lastModifiedDate":"2021-09-19"},{"lineNumber":32,"author":{"gitId":"TanChiaChun"},"content":"        do {","lastModifiedDate":"2021-09-19"},{"lineNumber":33,"author":{"gitId":"TanChiaChun"},"content":"            inputTxt \u003d ui.getUserInput();","lastModifiedDate":"2021-09-19"},{"lineNumber":34,"author":{"gitId":"TanChiaChun"},"content":"            try {","lastModifiedDate":"2021-09-19"},{"lineNumber":35,"author":{"gitId":"TanChiaChun"},"content":"                Command cmd \u003d Parser.parseInput(inputTxt);","lastModifiedDate":"2021-09-19"},{"lineNumber":36,"author":{"gitId":"TanChiaChun"},"content":"                cmd.run(taskList);","lastModifiedDate":"2021-09-19"},{"lineNumber":37,"author":{"gitId":"TanChiaChun"},"content":"                storage.writeToFile(taskList.printForFile());","lastModifiedDate":"2021-09-18"},{"lineNumber":38,"author":{"gitId":"TanChiaChun"},"content":"            } catch (DukeInvalidInputException e) {","lastModifiedDate":"2021-09-19"},{"lineNumber":39,"author":{"gitId":"TanChiaChun"},"content":"                Ui.printMessage(\"OOPS!!! I\u0027m sorry, but I don\u0027t know what that means :-(\");","lastModifiedDate":"2021-09-19"},{"lineNumber":40,"author":{"gitId":"TanChiaChun"},"content":"            } catch (DukeEmptyArgsException e) {","lastModifiedDate":"2021-09-19"},{"lineNumber":41,"author":{"gitId":"TanChiaChun"},"content":"                Ui.printMessage(\"OOPS!!! The description of a \" + inputTxt + \" cannot be empty.\");","lastModifiedDate":"2021-09-19"},{"lineNumber":42,"author":{"gitId":"TanChiaChun"},"content":"            } catch (DukeDisallowInputException e) {","lastModifiedDate":"2021-09-19"},{"lineNumber":43,"author":{"gitId":"TanChiaChun"},"content":"                Ui.printMessage(\"\u0027\" + Storage.getSaveSep() + \"\u0027 is not allowed!\");","lastModifiedDate":"2021-09-19"},{"lineNumber":44,"author":{"gitId":"TanChiaChun"},"content":"            } catch (ArrayIndexOutOfBoundsException e) {","lastModifiedDate":"2021-09-19"},{"lineNumber":45,"author":{"gitId":"TanChiaChun"},"content":"                Ui.printMessage(\"Invalid input\");","lastModifiedDate":"2021-09-19"},{"lineNumber":46,"author":{"gitId":"TanChiaChun"},"content":"            }","lastModifiedDate":"2021-09-19"},{"lineNumber":47,"author":{"gitId":"TanChiaChun"},"content":"        } while (!inputTxt.equals(ExitCommand.cmd));","lastModifiedDate":"2021-09-19"},{"lineNumber":48,"author":{"gitId":"TanChiaChun"},"content":"    }","lastModifiedDate":"2021-09-02"},{"lineNumber":49,"author":{"gitId":"TanChiaChun"},"content":"","lastModifiedDate":"2021-08-20"},{"lineNumber":50,"author":{"gitId":"TanChiaChun"},"content":"    public static void main(String[] args) {","lastModifiedDate":"2021-09-02"},{"lineNumber":51,"author":{"gitId":"TanChiaChun"},"content":"        new Main(\"data/duke.txt\");","lastModifiedDate":"2021-09-18"},{"lineNumber":52,"author":{"gitId":"-"},"content":"    }","lastModifiedDate":"2019-07-29"},{"lineNumber":53,"author":{"gitId":"-"},"content":"}","lastModifiedDate":"2019-07-29"}],"authorContributionMap":{"TanChiaChun":51,"-":2}},{"path":"src/main/java/edu/nus/duke/command/AddCommand.java","fileType":"java","lines":[{"lineNumber":1,"author":{"gitId":"TanChiaChun"},"content":"package edu.nus.duke.command;","lastModifiedDate":"2021-09-19"},{"lineNumber":2,"author":{"gitId":"TanChiaChun"},"content":"","lastModifiedDate":"2021-09-19"},{"lineNumber":3,"author":{"gitId":"TanChiaChun"},"content":"import edu.nus.duke.task.Task;","lastModifiedDate":"2021-09-19"},{"lineNumber":4,"author":{"gitId":"TanChiaChun"},"content":"import edu.nus.duke.task.TaskList;","lastModifiedDate":"2021-09-19"},{"lineNumber":5,"author":{"gitId":"TanChiaChun"},"content":"","lastModifiedDate":"2021-09-19"},{"lineNumber":6,"author":{"gitId":"TanChiaChun"},"content":"/**","lastModifiedDate":"2021-09-19"},{"lineNumber":7,"author":{"gitId":"TanChiaChun"},"content":" * Represent add command that extends from Command.","lastModifiedDate":"2021-09-19"},{"lineNumber":8,"author":{"gitId":"TanChiaChun"},"content":" */","lastModifiedDate":"2021-09-19"},{"lineNumber":9,"author":{"gitId":"TanChiaChun"},"content":"public class AddCommand extends Command {","lastModifiedDate":"2021-09-19"},{"lineNumber":10,"author":{"gitId":"TanChiaChun"},"content":"    // Variables","lastModifiedDate":"2021-09-19"},{"lineNumber":11,"author":{"gitId":"TanChiaChun"},"content":"    public static final String cmdTodo \u003d \"todo\";","lastModifiedDate":"2021-09-19"},{"lineNumber":12,"author":{"gitId":"TanChiaChun"},"content":"    public static final String cmdDeadline \u003d \"deadline\";","lastModifiedDate":"2021-09-19"},{"lineNumber":13,"author":{"gitId":"TanChiaChun"},"content":"    public static final String cmdEvent \u003d \"event\";","lastModifiedDate":"2021-09-19"},{"lineNumber":14,"author":{"gitId":"TanChiaChun"},"content":"    private Task task;","lastModifiedDate":"2021-09-19"},{"lineNumber":15,"author":{"gitId":"TanChiaChun"},"content":"","lastModifiedDate":"2021-09-19"},{"lineNumber":16,"author":{"gitId":"TanChiaChun"},"content":"    // Constructor","lastModifiedDate":"2021-09-19"},{"lineNumber":17,"author":{"gitId":"TanChiaChun"},"content":"    public AddCommand(Task task) {","lastModifiedDate":"2021-09-19"},{"lineNumber":18,"author":{"gitId":"TanChiaChun"},"content":"        this.task \u003d task;","lastModifiedDate":"2021-09-19"},{"lineNumber":19,"author":{"gitId":"TanChiaChun"},"content":"    }","lastModifiedDate":"2021-09-19"},{"lineNumber":20,"author":{"gitId":"TanChiaChun"},"content":"","lastModifiedDate":"2021-09-19"},{"lineNumber":21,"author":{"gitId":"TanChiaChun"},"content":"    // Methods","lastModifiedDate":"2021-09-19"},{"lineNumber":22,"author":{"gitId":"TanChiaChun"},"content":"    @Override","lastModifiedDate":"2021-09-19"},{"lineNumber":23,"author":{"gitId":"TanChiaChun"},"content":"    public void run(TaskList taskList) {","lastModifiedDate":"2021-09-19"},{"lineNumber":24,"author":{"gitId":"TanChiaChun"},"content":"        taskList.addTask(task);","lastModifiedDate":"2021-09-19"},{"lineNumber":25,"author":{"gitId":"TanChiaChun"},"content":"    }","lastModifiedDate":"2021-09-19"},{"lineNumber":26,"author":{"gitId":"TanChiaChun"},"content":"}","lastModifiedDate":"2021-09-19"}],"authorContributionMap":{"TanChiaChun":26}},{"path":"src/main/java/edu/nus/duke/command/Command.java","fileType":"java","lines":[{"lineNumber":1,"author":{"gitId":"TanChiaChun"},"content":"package edu.nus.duke.command;","lastModifiedDate":"2021-09-19"},{"lineNumber":2,"author":{"gitId":"TanChiaChun"},"content":"","lastModifiedDate":"2021-09-19"},{"lineNumber":3,"author":{"gitId":"TanChiaChun"},"content":"import edu.nus.duke.task.TaskList;","lastModifiedDate":"2021-09-19"},{"lineNumber":4,"author":{"gitId":"TanChiaChun"},"content":"","lastModifiedDate":"2021-09-19"},{"lineNumber":5,"author":{"gitId":"TanChiaChun"},"content":"/**","lastModifiedDate":"2021-09-19"},{"lineNumber":6,"author":{"gitId":"TanChiaChun"},"content":" * Represent a command, for use as abstract class.","lastModifiedDate":"2021-09-19"},{"lineNumber":7,"author":{"gitId":"TanChiaChun"},"content":" */","lastModifiedDate":"2021-09-19"},{"lineNumber":8,"author":{"gitId":"TanChiaChun"},"content":"public abstract class Command {","lastModifiedDate":"2021-09-19"},{"lineNumber":9,"author":{"gitId":"TanChiaChun"},"content":"    // Methods","lastModifiedDate":"2021-09-19"},{"lineNumber":10,"author":{"gitId":"TanChiaChun"},"content":"    /**","lastModifiedDate":"2021-09-19"},{"lineNumber":11,"author":{"gitId":"TanChiaChun"},"content":"     * Run the command.","lastModifiedDate":"2021-09-19"},{"lineNumber":12,"author":{"gitId":"TanChiaChun"},"content":"     */","lastModifiedDate":"2021-09-19"},{"lineNumber":13,"author":{"gitId":"TanChiaChun"},"content":"    public abstract void run(TaskList taskList);","lastModifiedDate":"2021-09-19"},{"lineNumber":14,"author":{"gitId":"TanChiaChun"},"content":"}","lastModifiedDate":"2021-09-19"}],"authorContributionMap":{"TanChiaChun":14}},{"path":"src/main/java/edu/nus/duke/command/DeleteCommand.java","fileType":"java","lines":[{"lineNumber":1,"author":{"gitId":"TanChiaChun"},"content":"package edu.nus.duke.command;","lastModifiedDate":"2021-09-19"},{"lineNumber":2,"author":{"gitId":"TanChiaChun"},"content":"","lastModifiedDate":"2021-09-19"},{"lineNumber":3,"author":{"gitId":"TanChiaChun"},"content":"import edu.nus.duke.task.TaskList;","lastModifiedDate":"2021-09-19"},{"lineNumber":4,"author":{"gitId":"TanChiaChun"},"content":"","lastModifiedDate":"2021-09-19"},{"lineNumber":5,"author":{"gitId":"TanChiaChun"},"content":"/**","lastModifiedDate":"2021-09-19"},{"lineNumber":6,"author":{"gitId":"TanChiaChun"},"content":" * Represent delete command that extends from Command.","lastModifiedDate":"2021-09-19"},{"lineNumber":7,"author":{"gitId":"TanChiaChun"},"content":" */","lastModifiedDate":"2021-09-19"},{"lineNumber":8,"author":{"gitId":"TanChiaChun"},"content":"public class DeleteCommand extends Command {","lastModifiedDate":"2021-09-19"},{"lineNumber":9,"author":{"gitId":"TanChiaChun"},"content":"    // Variables","lastModifiedDate":"2021-09-19"},{"lineNumber":10,"author":{"gitId":"TanChiaChun"},"content":"    public static final String cmd \u003d \"delete\";","lastModifiedDate":"2021-09-19"},{"lineNumber":11,"author":{"gitId":"TanChiaChun"},"content":"    private int idx;","lastModifiedDate":"2021-09-19"},{"lineNumber":12,"author":{"gitId":"TanChiaChun"},"content":"","lastModifiedDate":"2021-09-19"},{"lineNumber":13,"author":{"gitId":"TanChiaChun"},"content":"    // Constructor","lastModifiedDate":"2021-09-19"},{"lineNumber":14,"author":{"gitId":"TanChiaChun"},"content":"    public DeleteCommand(int idx) {","lastModifiedDate":"2021-09-19"},{"lineNumber":15,"author":{"gitId":"TanChiaChun"},"content":"        this.idx \u003d idx;","lastModifiedDate":"2021-09-19"},{"lineNumber":16,"author":{"gitId":"TanChiaChun"},"content":"    }","lastModifiedDate":"2021-09-19"},{"lineNumber":17,"author":{"gitId":"TanChiaChun"},"content":"","lastModifiedDate":"2021-09-19"},{"lineNumber":18,"author":{"gitId":"TanChiaChun"},"content":"    // Methods","lastModifiedDate":"2021-09-19"},{"lineNumber":19,"author":{"gitId":"TanChiaChun"},"content":"    @Override","lastModifiedDate":"2021-09-19"},{"lineNumber":20,"author":{"gitId":"TanChiaChun"},"content":"    public void run(TaskList taskList) {","lastModifiedDate":"2021-09-19"},{"lineNumber":21,"author":{"gitId":"TanChiaChun"},"content":"        taskList.deleteTask(idx);","lastModifiedDate":"2021-09-19"},{"lineNumber":22,"author":{"gitId":"TanChiaChun"},"content":"    }","lastModifiedDate":"2021-09-19"},{"lineNumber":23,"author":{"gitId":"TanChiaChun"},"content":"}","lastModifiedDate":"2021-09-19"}],"authorContributionMap":{"TanChiaChun":23}},{"path":"src/main/java/edu/nus/duke/command/DoneCommand.java","fileType":"java","lines":[{"lineNumber":1,"author":{"gitId":"TanChiaChun"},"content":"package edu.nus.duke.command;","lastModifiedDate":"2021-09-19"},{"lineNumber":2,"author":{"gitId":"TanChiaChun"},"content":"","lastModifiedDate":"2021-09-19"},{"lineNumber":3,"author":{"gitId":"TanChiaChun"},"content":"import edu.nus.duke.task.TaskList;","lastModifiedDate":"2021-09-19"},{"lineNumber":4,"author":{"gitId":"TanChiaChun"},"content":"","lastModifiedDate":"2021-09-19"},{"lineNumber":5,"author":{"gitId":"TanChiaChun"},"content":"/**","lastModifiedDate":"2021-09-19"},{"lineNumber":6,"author":{"gitId":"TanChiaChun"},"content":" * Represent done command that extends from Command.","lastModifiedDate":"2021-09-19"},{"lineNumber":7,"author":{"gitId":"TanChiaChun"},"content":" */","lastModifiedDate":"2021-09-19"},{"lineNumber":8,"author":{"gitId":"TanChiaChun"},"content":"public class DoneCommand extends Command {","lastModifiedDate":"2021-09-19"},{"lineNumber":9,"author":{"gitId":"TanChiaChun"},"content":"    // Variables","lastModifiedDate":"2021-09-19"},{"lineNumber":10,"author":{"gitId":"TanChiaChun"},"content":"    public static final String cmd \u003d \"done\";","lastModifiedDate":"2021-09-19"},{"lineNumber":11,"author":{"gitId":"TanChiaChun"},"content":"    private int idx;","lastModifiedDate":"2021-09-19"},{"lineNumber":12,"author":{"gitId":"TanChiaChun"},"content":"","lastModifiedDate":"2021-09-19"},{"lineNumber":13,"author":{"gitId":"TanChiaChun"},"content":"    // Constructor","lastModifiedDate":"2021-09-19"},{"lineNumber":14,"author":{"gitId":"TanChiaChun"},"content":"    public DoneCommand(int idx) {","lastModifiedDate":"2021-09-19"},{"lineNumber":15,"author":{"gitId":"TanChiaChun"},"content":"        this.idx \u003d idx;","lastModifiedDate":"2021-09-19"},{"lineNumber":16,"author":{"gitId":"TanChiaChun"},"content":"    }","lastModifiedDate":"2021-09-19"},{"lineNumber":17,"author":{"gitId":"TanChiaChun"},"content":"","lastModifiedDate":"2021-09-19"},{"lineNumber":18,"author":{"gitId":"TanChiaChun"},"content":"    // Methods","lastModifiedDate":"2021-09-19"},{"lineNumber":19,"author":{"gitId":"TanChiaChun"},"content":"    @Override","lastModifiedDate":"2021-09-19"},{"lineNumber":20,"author":{"gitId":"TanChiaChun"},"content":"    public void run(TaskList taskList) {","lastModifiedDate":"2021-09-19"},{"lineNumber":21,"author":{"gitId":"TanChiaChun"},"content":"        taskList.doneTask(idx);","lastModifiedDate":"2021-09-19"},{"lineNumber":22,"author":{"gitId":"TanChiaChun"},"content":"    }","lastModifiedDate":"2021-09-19"},{"lineNumber":23,"author":{"gitId":"TanChiaChun"},"content":"}","lastModifiedDate":"2021-09-19"}],"authorContributionMap":{"TanChiaChun":23}},{"path":"src/main/java/edu/nus/duke/command/ExitCommand.java","fileType":"java","lines":[{"lineNumber":1,"author":{"gitId":"TanChiaChun"},"content":"package edu.nus.duke.command;","lastModifiedDate":"2021-09-19"},{"lineNumber":2,"author":{"gitId":"TanChiaChun"},"content":"","lastModifiedDate":"2021-09-19"},{"lineNumber":3,"author":{"gitId":"TanChiaChun"},"content":"import edu.nus.duke.ui.Ui;","lastModifiedDate":"2021-09-19"},{"lineNumber":4,"author":{"gitId":"TanChiaChun"},"content":"import edu.nus.duke.task.TaskList;","lastModifiedDate":"2021-09-19"},{"lineNumber":5,"author":{"gitId":"TanChiaChun"},"content":"","lastModifiedDate":"2021-09-19"},{"lineNumber":6,"author":{"gitId":"TanChiaChun"},"content":"/**","lastModifiedDate":"2021-09-19"},{"lineNumber":7,"author":{"gitId":"TanChiaChun"},"content":" * Represent exit command that extends from Command.","lastModifiedDate":"2021-09-19"},{"lineNumber":8,"author":{"gitId":"TanChiaChun"},"content":" */","lastModifiedDate":"2021-09-19"},{"lineNumber":9,"author":{"gitId":"TanChiaChun"},"content":"public class ExitCommand extends Command {","lastModifiedDate":"2021-09-19"},{"lineNumber":10,"author":{"gitId":"TanChiaChun"},"content":"    // Variables","lastModifiedDate":"2021-09-19"},{"lineNumber":11,"author":{"gitId":"TanChiaChun"},"content":"    public static final String cmd \u003d \"bye\";","lastModifiedDate":"2021-09-19"},{"lineNumber":12,"author":{"gitId":"TanChiaChun"},"content":"","lastModifiedDate":"2021-09-19"},{"lineNumber":13,"author":{"gitId":"TanChiaChun"},"content":"    // Methods","lastModifiedDate":"2021-09-19"},{"lineNumber":14,"author":{"gitId":"TanChiaChun"},"content":"    @Override","lastModifiedDate":"2021-09-19"},{"lineNumber":15,"author":{"gitId":"TanChiaChun"},"content":"    public void run(TaskList taskList) {","lastModifiedDate":"2021-09-19"},{"lineNumber":16,"author":{"gitId":"TanChiaChun"},"content":"        Ui.printMessage(\"Bye. Hope to see you again soon!\");","lastModifiedDate":"2021-09-19"},{"lineNumber":17,"author":{"gitId":"TanChiaChun"},"content":"    }","lastModifiedDate":"2021-09-19"},{"lineNumber":18,"author":{"gitId":"TanChiaChun"},"content":"}","lastModifiedDate":"2021-09-19"}],"authorContributionMap":{"TanChiaChun":18}},{"path":"src/main/java/edu/nus/duke/command/ListCommand.java","fileType":"java","lines":[{"lineNumber":1,"author":{"gitId":"TanChiaChun"},"content":"package edu.nus.duke.command;","lastModifiedDate":"2021-09-19"},{"lineNumber":2,"author":{"gitId":"TanChiaChun"},"content":"","lastModifiedDate":"2021-09-19"},{"lineNumber":3,"author":{"gitId":"TanChiaChun"},"content":"import edu.nus.duke.ui.Ui;","lastModifiedDate":"2021-09-19"},{"lineNumber":4,"author":{"gitId":"TanChiaChun"},"content":"import edu.nus.duke.task.TaskList;","lastModifiedDate":"2021-09-19"},{"lineNumber":5,"author":{"gitId":"TanChiaChun"},"content":"","lastModifiedDate":"2021-09-19"},{"lineNumber":6,"author":{"gitId":"TanChiaChun"},"content":"/**","lastModifiedDate":"2021-09-19"},{"lineNumber":7,"author":{"gitId":"TanChiaChun"},"content":" * Represent list command that extends from Command.","lastModifiedDate":"2021-09-19"},{"lineNumber":8,"author":{"gitId":"TanChiaChun"},"content":" */","lastModifiedDate":"2021-09-19"},{"lineNumber":9,"author":{"gitId":"TanChiaChun"},"content":"public class ListCommand extends Command {","lastModifiedDate":"2021-09-19"},{"lineNumber":10,"author":{"gitId":"TanChiaChun"},"content":"    // Variables","lastModifiedDate":"2021-09-19"},{"lineNumber":11,"author":{"gitId":"TanChiaChun"},"content":"    public static final String cmd \u003d \"list\";","lastModifiedDate":"2021-09-19"},{"lineNumber":12,"author":{"gitId":"TanChiaChun"},"content":"","lastModifiedDate":"2021-09-19"},{"lineNumber":13,"author":{"gitId":"TanChiaChun"},"content":"    // Methods","lastModifiedDate":"2021-09-19"},{"lineNumber":14,"author":{"gitId":"TanChiaChun"},"content":"    @Override","lastModifiedDate":"2021-09-19"},{"lineNumber":15,"author":{"gitId":"TanChiaChun"},"content":"    public void run(TaskList taskList) {","lastModifiedDate":"2021-09-19"},{"lineNumber":16,"author":{"gitId":"TanChiaChun"},"content":"        Ui.printMessage(\"Here are the tasks in your list:\", false);","lastModifiedDate":"2021-09-19"},{"lineNumber":17,"author":{"gitId":"TanChiaChun"},"content":"        Ui.printMessage(taskList.printTasks(), false);","lastModifiedDate":"2021-09-19"},{"lineNumber":18,"author":{"gitId":"TanChiaChun"},"content":"        Ui.printMessage(\"Total tasks: \" + taskList.getListSize());","lastModifiedDate":"2021-09-19"},{"lineNumber":19,"author":{"gitId":"TanChiaChun"},"content":"    }","lastModifiedDate":"2021-09-19"},{"lineNumber":20,"author":{"gitId":"TanChiaChun"},"content":"}","lastModifiedDate":"2021-09-19"}],"authorContributionMap":{"TanChiaChun":20}},{"path":"src/main/java/edu/nus/duke/exception/DukeDisallowInputException.java","fileType":"java","lines":[{"lineNumber":1,"author":{"gitId":"TanChiaChun"},"content":"package edu.nus.duke.exception;","lastModifiedDate":"2021-09-19"},{"lineNumber":2,"author":{"gitId":"TanChiaChun"},"content":"","lastModifiedDate":"2021-09-19"},{"lineNumber":3,"author":{"gitId":"TanChiaChun"},"content":"/**","lastModifiedDate":"2021-09-19"},{"lineNumber":4,"author":{"gitId":"TanChiaChun"},"content":" * Exception that rejects \u0027disallowed\u0027 input, extends from DukeException.","lastModifiedDate":"2021-09-19"},{"lineNumber":5,"author":{"gitId":"TanChiaChun"},"content":" */","lastModifiedDate":"2021-09-19"},{"lineNumber":6,"author":{"gitId":"TanChiaChun"},"content":"public class DukeDisallowInputException extends DukeException {","lastModifiedDate":"2021-09-19"},{"lineNumber":7,"author":{"gitId":"TanChiaChun"},"content":"}","lastModifiedDate":"2021-09-19"}],"authorContributionMap":{"TanChiaChun":7}},{"path":"src/main/java/edu/nus/duke/exception/DukeEmptyArgsException.java","fileType":"java","lines":[{"lineNumber":1,"author":{"gitId":"TanChiaChun"},"content":"package edu.nus.duke.exception;","lastModifiedDate":"2021-09-19"},{"lineNumber":2,"author":{"gitId":"TanChiaChun"},"content":"","lastModifiedDate":"2021-09-19"},{"lineNumber":3,"author":{"gitId":"TanChiaChun"},"content":"/**","lastModifiedDate":"2021-09-19"},{"lineNumber":4,"author":{"gitId":"TanChiaChun"},"content":" * Exception that rejects input with empty arguments, extends from DukeException.","lastModifiedDate":"2021-09-19"},{"lineNumber":5,"author":{"gitId":"TanChiaChun"},"content":" */","lastModifiedDate":"2021-09-19"},{"lineNumber":6,"author":{"gitId":"TanChiaChun"},"content":"public class DukeEmptyArgsException extends DukeException {","lastModifiedDate":"2021-09-19"},{"lineNumber":7,"author":{"gitId":"TanChiaChun"},"content":"}","lastModifiedDate":"2021-09-19"}],"authorContributionMap":{"TanChiaChun":7}},{"path":"src/main/java/edu/nus/duke/exception/DukeException.java","fileType":"java","lines":[{"lineNumber":1,"author":{"gitId":"TanChiaChun"},"content":"package edu.nus.duke.exception;","lastModifiedDate":"2021-09-04"},{"lineNumber":2,"author":{"gitId":"TanChiaChun"},"content":"","lastModifiedDate":"2021-09-04"},{"lineNumber":3,"author":{"gitId":"TanChiaChun"},"content":"/**","lastModifiedDate":"2021-09-11"},{"lineNumber":4,"author":{"gitId":"TanChiaChun"},"content":" * Represent a custom abstract exception for Duke use.","lastModifiedDate":"2021-09-19"},{"lineNumber":5,"author":{"gitId":"TanChiaChun"},"content":" */","lastModifiedDate":"2021-09-11"},{"lineNumber":6,"author":{"gitId":"TanChiaChun"},"content":"public abstract class DukeException extends Exception {","lastModifiedDate":"2021-09-19"},{"lineNumber":7,"author":{"gitId":"TanChiaChun"},"content":"}","lastModifiedDate":"2021-09-04"}],"authorContributionMap":{"TanChiaChun":7}},{"path":"src/main/java/edu/nus/duke/exception/DukeInvalidInputException.java","fileType":"java","lines":[{"lineNumber":1,"author":{"gitId":"TanChiaChun"},"content":"package edu.nus.duke.exception;","lastModifiedDate":"2021-09-19"},{"lineNumber":2,"author":{"gitId":"TanChiaChun"},"content":"","lastModifiedDate":"2021-09-19"},{"lineNumber":3,"author":{"gitId":"TanChiaChun"},"content":"/**","lastModifiedDate":"2021-09-19"},{"lineNumber":4,"author":{"gitId":"TanChiaChun"},"content":" * Exception that rejects invalid input, extends from DukeException.","lastModifiedDate":"2021-09-19"},{"lineNumber":5,"author":{"gitId":"TanChiaChun"},"content":" */","lastModifiedDate":"2021-09-19"},{"lineNumber":6,"author":{"gitId":"TanChiaChun"},"content":"public class DukeInvalidInputException extends DukeException {","lastModifiedDate":"2021-09-19"},{"lineNumber":7,"author":{"gitId":"TanChiaChun"},"content":"}","lastModifiedDate":"2021-09-19"}],"authorContributionMap":{"TanChiaChun":7}},{"path":"src/main/java/edu/nus/duke/exception/DukeInvalidTaskIndexException.java","fileType":"java","lines":[{"lineNumber":1,"author":{"gitId":"TanChiaChun"},"content":"package edu.nus.duke.exception;","lastModifiedDate":"2021-09-19"},{"lineNumber":2,"author":{"gitId":"TanChiaChun"},"content":"","lastModifiedDate":"2021-09-19"},{"lineNumber":3,"author":{"gitId":"TanChiaChun"},"content":"/**","lastModifiedDate":"2021-09-19"},{"lineNumber":4,"author":{"gitId":"TanChiaChun"},"content":" * Exception that rejects invalid Task index from string (usually from File read), extends from DukeException.","lastModifiedDate":"2021-09-19"},{"lineNumber":5,"author":{"gitId":"TanChiaChun"},"content":" */","lastModifiedDate":"2021-09-19"},{"lineNumber":6,"author":{"gitId":"TanChiaChun"},"content":"public class DukeInvalidTaskIndexException extends DukeException {","lastModifiedDate":"2021-09-19"},{"lineNumber":7,"author":{"gitId":"TanChiaChun"},"content":"}","lastModifiedDate":"2021-09-19"}],"authorContributionMap":{"TanChiaChun":7}},{"path":"src/main/java/edu/nus/duke/parser/Parser.java","fileType":"java","lines":[{"lineNumber":1,"author":{"gitId":"TanChiaChun"},"content":"package edu.nus.duke.parser;","lastModifiedDate":"2021-09-19"},{"lineNumber":2,"author":{"gitId":"TanChiaChun"},"content":"","lastModifiedDate":"2021-09-19"},{"lineNumber":3,"author":{"gitId":"TanChiaChun"},"content":"import edu.nus.duke.storage.Storage;","lastModifiedDate":"2021-09-19"},{"lineNumber":4,"author":{"gitId":"TanChiaChun"},"content":"import edu.nus.duke.command.Command;","lastModifiedDate":"2021-09-19"},{"lineNumber":5,"author":{"gitId":"TanChiaChun"},"content":"import edu.nus.duke.command.AddCommand;","lastModifiedDate":"2021-09-19"},{"lineNumber":6,"author":{"gitId":"TanChiaChun"},"content":"import edu.nus.duke.command.ListCommand;","lastModifiedDate":"2021-09-19"},{"lineNumber":7,"author":{"gitId":"TanChiaChun"},"content":"import edu.nus.duke.command.DoneCommand;","lastModifiedDate":"2021-09-19"},{"lineNumber":8,"author":{"gitId":"TanChiaChun"},"content":"import edu.nus.duke.command.DeleteCommand;","lastModifiedDate":"2021-09-19"},{"lineNumber":9,"author":{"gitId":"TanChiaChun"},"content":"import edu.nus.duke.command.ExitCommand;","lastModifiedDate":"2021-09-19"},{"lineNumber":10,"author":{"gitId":"TanChiaChun"},"content":"import edu.nus.duke.task.Todo;","lastModifiedDate":"2021-09-19"},{"lineNumber":11,"author":{"gitId":"TanChiaChun"},"content":"import edu.nus.duke.task.Deadline;","lastModifiedDate":"2021-09-19"},{"lineNumber":12,"author":{"gitId":"TanChiaChun"},"content":"import edu.nus.duke.task.Event;","lastModifiedDate":"2021-09-19"},{"lineNumber":13,"author":{"gitId":"TanChiaChun"},"content":"import edu.nus.duke.exception.DukeInvalidInputException;","lastModifiedDate":"2021-09-19"},{"lineNumber":14,"author":{"gitId":"TanChiaChun"},"content":"import edu.nus.duke.exception.DukeEmptyArgsException;","lastModifiedDate":"2021-09-19"},{"lineNumber":15,"author":{"gitId":"TanChiaChun"},"content":"import edu.nus.duke.exception.DukeDisallowInputException;","lastModifiedDate":"2021-09-19"},{"lineNumber":16,"author":{"gitId":"TanChiaChun"},"content":"","lastModifiedDate":"2021-09-19"},{"lineNumber":17,"author":{"gitId":"TanChiaChun"},"content":"/**","lastModifiedDate":"2021-09-19"},{"lineNumber":18,"author":{"gitId":"TanChiaChun"},"content":" * Class that deals with making sense of the user command","lastModifiedDate":"2021-09-19"},{"lineNumber":19,"author":{"gitId":"TanChiaChun"},"content":" */","lastModifiedDate":"2021-09-19"},{"lineNumber":20,"author":{"gitId":"TanChiaChun"},"content":"public class Parser {","lastModifiedDate":"2021-09-19"},{"lineNumber":21,"author":{"gitId":"TanChiaChun"},"content":"    // Methods","lastModifiedDate":"2021-09-19"},{"lineNumber":22,"author":{"gitId":"TanChiaChun"},"content":"    private static void rejectBadInput(String input) throws DukeDisallowInputException {","lastModifiedDate":"2021-09-19"},{"lineNumber":23,"author":{"gitId":"TanChiaChun"},"content":"        if (input.contains(Storage.getSaveSep())) {","lastModifiedDate":"2021-09-19"},{"lineNumber":24,"author":{"gitId":"TanChiaChun"},"content":"            throw new DukeDisallowInputException();","lastModifiedDate":"2021-09-19"},{"lineNumber":25,"author":{"gitId":"TanChiaChun"},"content":"        }","lastModifiedDate":"2021-09-19"},{"lineNumber":26,"author":{"gitId":"TanChiaChun"},"content":"    }","lastModifiedDate":"2021-09-19"},{"lineNumber":27,"author":{"gitId":"TanChiaChun"},"content":"","lastModifiedDate":"2021-09-19"},{"lineNumber":28,"author":{"gitId":"TanChiaChun"},"content":"    private static Command parseInput_MultiArgs(String cmd, String args)","lastModifiedDate":"2021-09-19"},{"lineNumber":29,"author":{"gitId":"TanChiaChun"},"content":"            throws ArrayIndexOutOfBoundsException, DukeInvalidInputException {","lastModifiedDate":"2021-09-19"},{"lineNumber":30,"author":{"gitId":"TanChiaChun"},"content":"        String[] argsArray;","lastModifiedDate":"2021-09-19"},{"lineNumber":31,"author":{"gitId":"TanChiaChun"},"content":"        String taskName;","lastModifiedDate":"2021-09-19"},{"lineNumber":32,"author":{"gitId":"TanChiaChun"},"content":"        int idx;","lastModifiedDate":"2021-09-19"},{"lineNumber":33,"author":{"gitId":"TanChiaChun"},"content":"","lastModifiedDate":"2021-09-19"},{"lineNumber":34,"author":{"gitId":"TanChiaChun"},"content":"        switch (cmd) {","lastModifiedDate":"2021-09-19"},{"lineNumber":35,"author":{"gitId":"TanChiaChun"},"content":"        case AddCommand.cmdTodo:","lastModifiedDate":"2021-09-19"},{"lineNumber":36,"author":{"gitId":"TanChiaChun"},"content":"            taskName \u003d args;","lastModifiedDate":"2021-09-19"},{"lineNumber":37,"author":{"gitId":"TanChiaChun"},"content":"            return ( new AddCommand(new Todo(taskName)) );","lastModifiedDate":"2021-09-19"},{"lineNumber":38,"author":{"gitId":"TanChiaChun"},"content":"        case AddCommand.cmdDeadline:","lastModifiedDate":"2021-09-19"},{"lineNumber":39,"author":{"gitId":"TanChiaChun"},"content":"            argsArray \u003d args.split(\"/by\");","lastModifiedDate":"2021-09-19"},{"lineNumber":40,"author":{"gitId":"TanChiaChun"},"content":"            taskName \u003d argsArray[0].trim();","lastModifiedDate":"2021-09-19"},{"lineNumber":41,"author":{"gitId":"TanChiaChun"},"content":"            String by \u003d argsArray[1].trim();","lastModifiedDate":"2021-09-19"},{"lineNumber":42,"author":{"gitId":"TanChiaChun"},"content":"            return ( new AddCommand(new Deadline(taskName, by)) );","lastModifiedDate":"2021-09-19"},{"lineNumber":43,"author":{"gitId":"TanChiaChun"},"content":"        case AddCommand.cmdEvent:","lastModifiedDate":"2021-09-19"},{"lineNumber":44,"author":{"gitId":"TanChiaChun"},"content":"            argsArray \u003d args.split(\"/at\");","lastModifiedDate":"2021-09-19"},{"lineNumber":45,"author":{"gitId":"TanChiaChun"},"content":"            taskName \u003d argsArray[0].trim();","lastModifiedDate":"2021-09-19"},{"lineNumber":46,"author":{"gitId":"TanChiaChun"},"content":"            String at \u003d argsArray[1].trim();","lastModifiedDate":"2021-09-19"},{"lineNumber":47,"author":{"gitId":"TanChiaChun"},"content":"            return ( new AddCommand(new Event(taskName, at)) );","lastModifiedDate":"2021-09-19"},{"lineNumber":48,"author":{"gitId":"TanChiaChun"},"content":"        case DoneCommand.cmd:","lastModifiedDate":"2021-09-19"},{"lineNumber":49,"author":{"gitId":"TanChiaChun"},"content":"            idx \u003d Integer.parseInt(args) - 1;","lastModifiedDate":"2021-09-19"},{"lineNumber":50,"author":{"gitId":"TanChiaChun"},"content":"            return (new DoneCommand(idx));","lastModifiedDate":"2021-09-19"},{"lineNumber":51,"author":{"gitId":"TanChiaChun"},"content":"        case DeleteCommand.cmd:","lastModifiedDate":"2021-09-19"},{"lineNumber":52,"author":{"gitId":"TanChiaChun"},"content":"            idx \u003d Integer.parseInt(args) - 1;","lastModifiedDate":"2021-09-19"},{"lineNumber":53,"author":{"gitId":"TanChiaChun"},"content":"            return (new DeleteCommand(idx));","lastModifiedDate":"2021-09-19"},{"lineNumber":54,"author":{"gitId":"TanChiaChun"},"content":"        default:","lastModifiedDate":"2021-09-19"},{"lineNumber":55,"author":{"gitId":"TanChiaChun"},"content":"            throw new DukeInvalidInputException();","lastModifiedDate":"2021-09-19"},{"lineNumber":56,"author":{"gitId":"TanChiaChun"},"content":"        }","lastModifiedDate":"2021-09-19"},{"lineNumber":57,"author":{"gitId":"TanChiaChun"},"content":"    }","lastModifiedDate":"2021-09-19"},{"lineNumber":58,"author":{"gitId":"TanChiaChun"},"content":"","lastModifiedDate":"2021-09-19"},{"lineNumber":59,"author":{"gitId":"TanChiaChun"},"content":"    /**","lastModifiedDate":"2021-09-19"},{"lineNumber":60,"author":{"gitId":"TanChiaChun"},"content":"     * Parse the string input from user and returns a {@code Command}.","lastModifiedDate":"2021-09-19"},{"lineNumber":61,"author":{"gitId":"TanChiaChun"},"content":"     *","lastModifiedDate":"2021-09-19"},{"lineNumber":62,"author":{"gitId":"TanChiaChun"},"content":"     * @param inputTxt Input string from user.","lastModifiedDate":"2021-09-19"},{"lineNumber":63,"author":{"gitId":"TanChiaChun"},"content":"     * @return A polymorphic command to be executed.","lastModifiedDate":"2021-09-19"},{"lineNumber":64,"author":{"gitId":"TanChiaChun"},"content":"     * @throws DukeInvalidInputException If user input is not of standard commands.","lastModifiedDate":"2021-09-19"},{"lineNumber":65,"author":{"gitId":"TanChiaChun"},"content":"     * @throws DukeEmptyArgsException If required arguments are missing.","lastModifiedDate":"2021-09-19"},{"lineNumber":66,"author":{"gitId":"TanChiaChun"},"content":"     * @throws DukeDisallowInputException If disallowed keywords are present.","lastModifiedDate":"2021-09-19"},{"lineNumber":67,"author":{"gitId":"TanChiaChun"},"content":"     * @throws ArrayIndexOutOfBoundsException If there is invalid argument.","lastModifiedDate":"2021-09-19"},{"lineNumber":68,"author":{"gitId":"TanChiaChun"},"content":"     */","lastModifiedDate":"2021-09-19"},{"lineNumber":69,"author":{"gitId":"TanChiaChun"},"content":"    public static Command parseInput(String inputTxt) throws DukeInvalidInputException,","lastModifiedDate":"2021-09-19"},{"lineNumber":70,"author":{"gitId":"TanChiaChun"},"content":"            DukeEmptyArgsException, DukeDisallowInputException, ArrayIndexOutOfBoundsException {","lastModifiedDate":"2021-09-19"},{"lineNumber":71,"author":{"gitId":"TanChiaChun"},"content":"        rejectBadInput(inputTxt);","lastModifiedDate":"2021-09-19"},{"lineNumber":72,"author":{"gitId":"TanChiaChun"},"content":"","lastModifiedDate":"2021-09-19"},{"lineNumber":73,"author":{"gitId":"TanChiaChun"},"content":"        String[] inputArray \u003d inputTxt.split(\" \", 2);","lastModifiedDate":"2021-09-19"},{"lineNumber":74,"author":{"gitId":"TanChiaChun"},"content":"        String cmd \u003d inputArray[0];","lastModifiedDate":"2021-09-19"},{"lineNumber":75,"author":{"gitId":"TanChiaChun"},"content":"","lastModifiedDate":"2021-09-19"},{"lineNumber":76,"author":{"gitId":"TanChiaChun"},"content":"        if (cmd.equals(ListCommand.cmd)) {","lastModifiedDate":"2021-09-19"},{"lineNumber":77,"author":{"gitId":"TanChiaChun"},"content":"            return (new ListCommand());","lastModifiedDate":"2021-09-19"},{"lineNumber":78,"author":{"gitId":"TanChiaChun"},"content":"        } else if (cmd.equals(ExitCommand.cmd)) {","lastModifiedDate":"2021-09-19"},{"lineNumber":79,"author":{"gitId":"TanChiaChun"},"content":"            return (new ExitCommand());","lastModifiedDate":"2021-09-19"},{"lineNumber":80,"author":{"gitId":"TanChiaChun"},"content":"        } else {","lastModifiedDate":"2021-09-19"},{"lineNumber":81,"author":{"gitId":"TanChiaChun"},"content":"            if (inputArray.length \u003d\u003d 1) {","lastModifiedDate":"2021-09-19"},{"lineNumber":82,"author":{"gitId":"TanChiaChun"},"content":"                throw new DukeEmptyArgsException();","lastModifiedDate":"2021-09-19"},{"lineNumber":83,"author":{"gitId":"TanChiaChun"},"content":"            }","lastModifiedDate":"2021-09-19"},{"lineNumber":84,"author":{"gitId":"TanChiaChun"},"content":"            String args \u003d inputArray[1];","lastModifiedDate":"2021-09-19"},{"lineNumber":85,"author":{"gitId":"TanChiaChun"},"content":"            return parseInput_MultiArgs(cmd, args);","lastModifiedDate":"2021-09-19"},{"lineNumber":86,"author":{"gitId":"TanChiaChun"},"content":"        }","lastModifiedDate":"2021-09-19"},{"lineNumber":87,"author":{"gitId":"TanChiaChun"},"content":"    }","lastModifiedDate":"2021-09-19"},{"lineNumber":88,"author":{"gitId":"TanChiaChun"},"content":"}","lastModifiedDate":"2021-09-19"}],"authorContributionMap":{"TanChiaChun":88}},{"path":"src/main/java/edu/nus/duke/storage/Storage.java","fileType":"java","lines":[{"lineNumber":1,"author":{"gitId":"TanChiaChun"},"content":"package edu.nus.duke.storage;","lastModifiedDate":"2021-09-18"},{"lineNumber":2,"author":{"gitId":"TanChiaChun"},"content":"","lastModifiedDate":"2021-09-18"},{"lineNumber":3,"author":{"gitId":"TanChiaChun"},"content":"import java.io.File;","lastModifiedDate":"2021-09-18"},{"lineNumber":4,"author":{"gitId":"TanChiaChun"},"content":"import java.io.FileNotFoundException;","lastModifiedDate":"2021-09-18"},{"lineNumber":5,"author":{"gitId":"TanChiaChun"},"content":"import java.nio.file.Files;","lastModifiedDate":"2021-09-18"},{"lineNumber":6,"author":{"gitId":"TanChiaChun"},"content":"import java.nio.file.Path;","lastModifiedDate":"2021-09-18"},{"lineNumber":7,"author":{"gitId":"TanChiaChun"},"content":"import java.nio.file.Paths;","lastModifiedDate":"2021-09-18"},{"lineNumber":8,"author":{"gitId":"TanChiaChun"},"content":"import java.io.FileWriter;","lastModifiedDate":"2021-09-18"},{"lineNumber":9,"author":{"gitId":"TanChiaChun"},"content":"import java.io.IOException;","lastModifiedDate":"2021-09-18"},{"lineNumber":10,"author":{"gitId":"TanChiaChun"},"content":"import java.util.Scanner;","lastModifiedDate":"2021-09-18"},{"lineNumber":11,"author":{"gitId":"TanChiaChun"},"content":"","lastModifiedDate":"2021-09-18"},{"lineNumber":12,"author":{"gitId":"TanChiaChun"},"content":"import edu.nus.duke.ui.Ui;","lastModifiedDate":"2021-09-18"},{"lineNumber":13,"author":{"gitId":"TanChiaChun"},"content":"import edu.nus.duke.task.TaskList;","lastModifiedDate":"2021-09-18"},{"lineNumber":14,"author":{"gitId":"TanChiaChun"},"content":"import edu.nus.duke.exception.DukeInvalidTaskIndexException;","lastModifiedDate":"2021-09-19"},{"lineNumber":15,"author":{"gitId":"TanChiaChun"},"content":"","lastModifiedDate":"2021-09-18"},{"lineNumber":16,"author":{"gitId":"TanChiaChun"},"content":"/**","lastModifiedDate":"2021-09-19"},{"lineNumber":17,"author":{"gitId":"TanChiaChun"},"content":" * Class that deals with loading tasks from the file and saving tasks in the file","lastModifiedDate":"2021-09-19"},{"lineNumber":18,"author":{"gitId":"TanChiaChun"},"content":" */","lastModifiedDate":"2021-09-19"},{"lineNumber":19,"author":{"gitId":"TanChiaChun"},"content":"public class Storage {","lastModifiedDate":"2021-09-18"},{"lineNumber":20,"author":{"gitId":"TanChiaChun"},"content":"    // Variables","lastModifiedDate":"2021-09-18"},{"lineNumber":21,"author":{"gitId":"TanChiaChun"},"content":"    private static final String SAVE_SEP \u003d \";\";","lastModifiedDate":"2021-09-19"},{"lineNumber":22,"author":{"gitId":"TanChiaChun"},"content":"    private String filePath;","lastModifiedDate":"2021-09-18"},{"lineNumber":23,"author":{"gitId":"TanChiaChun"},"content":"","lastModifiedDate":"2021-09-18"},{"lineNumber":24,"author":{"gitId":"TanChiaChun"},"content":"    public Storage(String filePath, TaskList taskList) {","lastModifiedDate":"2021-09-18"},{"lineNumber":25,"author":{"gitId":"TanChiaChun"},"content":"        this.filePath \u003d filePath;","lastModifiedDate":"2021-09-18"},{"lineNumber":26,"author":{"gitId":"TanChiaChun"},"content":"        File f \u003d new File(this.filePath);","lastModifiedDate":"2021-09-18"},{"lineNumber":27,"author":{"gitId":"TanChiaChun"},"content":"        if (f.isFile()) {","lastModifiedDate":"2021-09-18"},{"lineNumber":28,"author":{"gitId":"TanChiaChun"},"content":"            loadData(f, taskList);","lastModifiedDate":"2021-09-18"},{"lineNumber":29,"author":{"gitId":"TanChiaChun"},"content":"        }","lastModifiedDate":"2021-09-18"},{"lineNumber":30,"author":{"gitId":"TanChiaChun"},"content":"    }","lastModifiedDate":"2021-09-18"},{"lineNumber":31,"author":{"gitId":"TanChiaChun"},"content":"","lastModifiedDate":"2021-09-18"},{"lineNumber":32,"author":{"gitId":"TanChiaChun"},"content":"    // Getter","lastModifiedDate":"2021-09-18"},{"lineNumber":33,"author":{"gitId":"TanChiaChun"},"content":"    /**","lastModifiedDate":"2021-09-19"},{"lineNumber":34,"author":{"gitId":"TanChiaChun"},"content":"     * Return string of save separator.","lastModifiedDate":"2021-09-19"},{"lineNumber":35,"author":{"gitId":"TanChiaChun"},"content":"     *","lastModifiedDate":"2021-09-19"},{"lineNumber":36,"author":{"gitId":"TanChiaChun"},"content":"     * @return string of save separator.","lastModifiedDate":"2021-09-19"},{"lineNumber":37,"author":{"gitId":"TanChiaChun"},"content":"     */","lastModifiedDate":"2021-09-19"},{"lineNumber":38,"author":{"gitId":"TanChiaChun"},"content":"    public static String getSaveSep() {","lastModifiedDate":"2021-09-19"},{"lineNumber":39,"author":{"gitId":"TanChiaChun"},"content":"        return SAVE_SEP;","lastModifiedDate":"2021-09-18"},{"lineNumber":40,"author":{"gitId":"TanChiaChun"},"content":"    }","lastModifiedDate":"2021-09-18"},{"lineNumber":41,"author":{"gitId":"TanChiaChun"},"content":"","lastModifiedDate":"2021-09-18"},{"lineNumber":42,"author":{"gitId":"TanChiaChun"},"content":"    // Methods","lastModifiedDate":"2021-09-18"},{"lineNumber":43,"author":{"gitId":"TanChiaChun"},"content":"    private void loadData(File f, TaskList taskList) {","lastModifiedDate":"2021-09-18"},{"lineNumber":44,"author":{"gitId":"TanChiaChun"},"content":"        try {","lastModifiedDate":"2021-09-18"},{"lineNumber":45,"author":{"gitId":"TanChiaChun"},"content":"            Scanner s \u003d new Scanner(f);","lastModifiedDate":"2021-09-18"},{"lineNumber":46,"author":{"gitId":"TanChiaChun"},"content":"            while (s.hasNext()) {","lastModifiedDate":"2021-09-18"},{"lineNumber":47,"author":{"gitId":"TanChiaChun"},"content":"                String line \u003d s.nextLine();","lastModifiedDate":"2021-09-18"},{"lineNumber":48,"author":{"gitId":"TanChiaChun"},"content":"                try {","lastModifiedDate":"2021-09-18"},{"lineNumber":49,"author":{"gitId":"TanChiaChun"},"content":"                    taskList.addTask(line.split(SAVE_SEP));","lastModifiedDate":"2021-09-18"},{"lineNumber":50,"author":{"gitId":"TanChiaChun"},"content":"                } catch (ArrayIndexOutOfBoundsException e) {","lastModifiedDate":"2021-09-18"},{"lineNumber":51,"author":{"gitId":"TanChiaChun"},"content":"                    Ui.printMessage_Exit(\"Bad data in \" + filePath);","lastModifiedDate":"2021-09-18"},{"lineNumber":52,"author":{"gitId":"TanChiaChun"},"content":"                } catch (DukeInvalidTaskIndexException e) {","lastModifiedDate":"2021-09-19"},{"lineNumber":53,"author":{"gitId":"TanChiaChun"},"content":"                    Ui.printMessage_Exit(\"Invalid task index in \" + filePath);","lastModifiedDate":"2021-09-18"},{"lineNumber":54,"author":{"gitId":"TanChiaChun"},"content":"                }","lastModifiedDate":"2021-09-18"},{"lineNumber":55,"author":{"gitId":"TanChiaChun"},"content":"            }","lastModifiedDate":"2021-09-18"},{"lineNumber":56,"author":{"gitId":"TanChiaChun"},"content":"        } catch (FileNotFoundException e) {","lastModifiedDate":"2021-09-18"},{"lineNumber":57,"author":{"gitId":"TanChiaChun"},"content":"            Ui.printMessage_Exit(filePath + \" not found!\");","lastModifiedDate":"2021-09-18"},{"lineNumber":58,"author":{"gitId":"TanChiaChun"},"content":"        }","lastModifiedDate":"2021-09-18"},{"lineNumber":59,"author":{"gitId":"TanChiaChun"},"content":"","lastModifiedDate":"2021-09-18"},{"lineNumber":60,"author":{"gitId":"TanChiaChun"},"content":"    }","lastModifiedDate":"2021-09-18"},{"lineNumber":61,"author":{"gitId":"TanChiaChun"},"content":"","lastModifiedDate":"2021-09-18"},{"lineNumber":62,"author":{"gitId":"TanChiaChun"},"content":"    private void createParentDir(String filePath) {","lastModifiedDate":"2021-09-18"},{"lineNumber":63,"author":{"gitId":"TanChiaChun"},"content":"        Path path \u003d Paths.get(filePath).getParent();","lastModifiedDate":"2021-09-18"},{"lineNumber":64,"author":{"gitId":"TanChiaChun"},"content":"        if (path \u003d\u003d null || Files.isDirectory(path)) {","lastModifiedDate":"2021-09-18"},{"lineNumber":65,"author":{"gitId":"TanChiaChun"},"content":"            return;","lastModifiedDate":"2021-09-18"},{"lineNumber":66,"author":{"gitId":"TanChiaChun"},"content":"        }","lastModifiedDate":"2021-09-18"},{"lineNumber":67,"author":{"gitId":"TanChiaChun"},"content":"        try {","lastModifiedDate":"2021-09-18"},{"lineNumber":68,"author":{"gitId":"TanChiaChun"},"content":"            Files.createDirectory(path);","lastModifiedDate":"2021-09-18"},{"lineNumber":69,"author":{"gitId":"TanChiaChun"},"content":"        } catch (IOException e) {","lastModifiedDate":"2021-09-18"},{"lineNumber":70,"author":{"gitId":"TanChiaChun"},"content":"            Ui.printMessage_Exit(e.getMessage());","lastModifiedDate":"2021-09-18"},{"lineNumber":71,"author":{"gitId":"TanChiaChun"},"content":"        }","lastModifiedDate":"2021-09-18"},{"lineNumber":72,"author":{"gitId":"TanChiaChun"},"content":"    }","lastModifiedDate":"2021-09-18"},{"lineNumber":73,"author":{"gitId":"TanChiaChun"},"content":"","lastModifiedDate":"2021-09-18"},{"lineNumber":74,"author":{"gitId":"TanChiaChun"},"content":"    /**","lastModifiedDate":"2021-09-19"},{"lineNumber":75,"author":{"gitId":"TanChiaChun"},"content":"     * Write String to file.","lastModifiedDate":"2021-09-19"},{"lineNumber":76,"author":{"gitId":"TanChiaChun"},"content":"     *","lastModifiedDate":"2021-09-19"},{"lineNumber":77,"author":{"gitId":"TanChiaChun"},"content":"     * @param txt String to be written.","lastModifiedDate":"2021-09-19"},{"lineNumber":78,"author":{"gitId":"TanChiaChun"},"content":"     */","lastModifiedDate":"2021-09-19"},{"lineNumber":79,"author":{"gitId":"TanChiaChun"},"content":"    public void writeToFile(String txt) {","lastModifiedDate":"2021-09-18"},{"lineNumber":80,"author":{"gitId":"TanChiaChun"},"content":"        createParentDir(filePath);","lastModifiedDate":"2021-09-18"},{"lineNumber":81,"author":{"gitId":"TanChiaChun"},"content":"        try {","lastModifiedDate":"2021-09-18"},{"lineNumber":82,"author":{"gitId":"TanChiaChun"},"content":"            FileWriter fw \u003d new FileWriter(filePath);","lastModifiedDate":"2021-09-18"},{"lineNumber":83,"author":{"gitId":"TanChiaChun"},"content":"            fw.write(txt);","lastModifiedDate":"2021-09-18"},{"lineNumber":84,"author":{"gitId":"TanChiaChun"},"content":"            fw.close();","lastModifiedDate":"2021-09-18"},{"lineNumber":85,"author":{"gitId":"TanChiaChun"},"content":"        } catch (IOException e) {","lastModifiedDate":"2021-09-18"},{"lineNumber":86,"author":{"gitId":"TanChiaChun"},"content":"            Ui.printMessage_Exit(e.getMessage());","lastModifiedDate":"2021-09-18"},{"lineNumber":87,"author":{"gitId":"TanChiaChun"},"content":"        }","lastModifiedDate":"2021-09-18"},{"lineNumber":88,"author":{"gitId":"TanChiaChun"},"content":"    }","lastModifiedDate":"2021-09-18"},{"lineNumber":89,"author":{"gitId":"TanChiaChun"},"content":"}","lastModifiedDate":"2021-09-18"}],"authorContributionMap":{"TanChiaChun":89}},{"path":"src/main/java/edu/nus/duke/task/Deadline.java","fileType":"java","lines":[{"lineNumber":1,"author":{"gitId":"TanChiaChun"},"content":"package edu.nus.duke.task;","lastModifiedDate":"2021-09-04"},{"lineNumber":2,"author":{"gitId":"TanChiaChun"},"content":"","lastModifiedDate":"2021-09-04"},{"lineNumber":3,"author":{"gitId":"TanChiaChun"},"content":"/**","lastModifiedDate":"2021-09-11"},{"lineNumber":4,"author":{"gitId":"TanChiaChun"},"content":" * Represent a deadline with due that extends from Task.","lastModifiedDate":"2021-09-11"},{"lineNumber":5,"author":{"gitId":"TanChiaChun"},"content":" */","lastModifiedDate":"2021-09-11"},{"lineNumber":6,"author":{"gitId":"TanChiaChun"},"content":"public class Deadline extends Task {","lastModifiedDate":"2021-08-26"},{"lineNumber":7,"author":{"gitId":"TanChiaChun"},"content":"    // Variables","lastModifiedDate":"2021-08-26"},{"lineNumber":8,"author":{"gitId":"TanChiaChun"},"content":"    protected String by;","lastModifiedDate":"2021-08-26"},{"lineNumber":9,"author":{"gitId":"TanChiaChun"},"content":"","lastModifiedDate":"2021-08-26"},{"lineNumber":10,"author":{"gitId":"TanChiaChun"},"content":"    // Constructor","lastModifiedDate":"2021-08-26"},{"lineNumber":11,"author":{"gitId":"TanChiaChun"},"content":"    public Deadline(String taskName, String by) {","lastModifiedDate":"2021-08-26"},{"lineNumber":12,"author":{"gitId":"TanChiaChun"},"content":"        super(\u0027D\u0027, taskName);","lastModifiedDate":"2021-09-19"},{"lineNumber":13,"author":{"gitId":"TanChiaChun"},"content":"        this.by \u003d by;","lastModifiedDate":"2021-08-26"},{"lineNumber":14,"author":{"gitId":"TanChiaChun"},"content":"    }","lastModifiedDate":"2021-08-26"},{"lineNumber":15,"author":{"gitId":"TanChiaChun"},"content":"","lastModifiedDate":"2021-08-26"},{"lineNumber":16,"author":{"gitId":"TanChiaChun"},"content":"    public Deadline(String taskName, String by, boolean isDone) {","lastModifiedDate":"2021-09-11"},{"lineNumber":17,"author":{"gitId":"TanChiaChun"},"content":"        this(taskName, by);","lastModifiedDate":"2021-09-11"},{"lineNumber":18,"author":{"gitId":"TanChiaChun"},"content":"        this.isDone \u003d isDone;","lastModifiedDate":"2021-09-11"},{"lineNumber":19,"author":{"gitId":"TanChiaChun"},"content":"    }","lastModifiedDate":"2021-09-11"},{"lineNumber":20,"author":{"gitId":"TanChiaChun"},"content":"","lastModifiedDate":"2021-09-11"},{"lineNumber":21,"author":{"gitId":"TanChiaChun"},"content":"    // Getter","lastModifiedDate":"2021-08-26"},{"lineNumber":22,"author":{"gitId":"TanChiaChun"},"content":"    @Override","lastModifiedDate":"2021-08-26"},{"lineNumber":23,"author":{"gitId":"TanChiaChun"},"content":"    public String getTask() {","lastModifiedDate":"2021-08-26"},{"lineNumber":24,"author":{"gitId":"TanChiaChun"},"content":"        return (super.getTask() + \" (by: \" + by + \")\");","lastModifiedDate":"2021-08-26"},{"lineNumber":25,"author":{"gitId":"TanChiaChun"},"content":"    }","lastModifiedDate":"2021-08-26"},{"lineNumber":26,"author":{"gitId":"TanChiaChun"},"content":"","lastModifiedDate":"2021-09-11"},{"lineNumber":27,"author":{"gitId":"TanChiaChun"},"content":"    @Override","lastModifiedDate":"2021-09-11"},{"lineNumber":28,"author":{"gitId":"TanChiaChun"},"content":"    public String printForSave() {","lastModifiedDate":"2021-09-18"},{"lineNumber":29,"author":{"gitId":"TanChiaChun"},"content":"        return (super.printForSave() + SAVE_SEP + by);","lastModifiedDate":"2021-09-18"},{"lineNumber":30,"author":{"gitId":"TanChiaChun"},"content":"    }","lastModifiedDate":"2021-09-11"},{"lineNumber":31,"author":{"gitId":"TanChiaChun"},"content":"}","lastModifiedDate":"2021-08-26"}],"authorContributionMap":{"TanChiaChun":31}},{"path":"src/main/java/edu/nus/duke/task/Event.java","fileType":"java","lines":[{"lineNumber":1,"author":{"gitId":"TanChiaChun"},"content":"package edu.nus.duke.task;","lastModifiedDate":"2021-09-04"},{"lineNumber":2,"author":{"gitId":"TanChiaChun"},"content":"","lastModifiedDate":"2021-09-04"},{"lineNumber":3,"author":{"gitId":"TanChiaChun"},"content":"/**","lastModifiedDate":"2021-09-11"},{"lineNumber":4,"author":{"gitId":"TanChiaChun"},"content":" * Represent an event with start that extends from Task.","lastModifiedDate":"2021-09-11"},{"lineNumber":5,"author":{"gitId":"TanChiaChun"},"content":" */","lastModifiedDate":"2021-09-11"},{"lineNumber":6,"author":{"gitId":"TanChiaChun"},"content":"public class Event extends Task {","lastModifiedDate":"2021-08-26"},{"lineNumber":7,"author":{"gitId":"TanChiaChun"},"content":"    // Variables","lastModifiedDate":"2021-08-26"},{"lineNumber":8,"author":{"gitId":"TanChiaChun"},"content":"    protected String at;","lastModifiedDate":"2021-08-26"},{"lineNumber":9,"author":{"gitId":"TanChiaChun"},"content":"","lastModifiedDate":"2021-08-26"},{"lineNumber":10,"author":{"gitId":"TanChiaChun"},"content":"    // Constructor","lastModifiedDate":"2021-08-26"},{"lineNumber":11,"author":{"gitId":"TanChiaChun"},"content":"    public Event(String taskName, String at) {","lastModifiedDate":"2021-08-26"},{"lineNumber":12,"author":{"gitId":"TanChiaChun"},"content":"        super(\u0027E\u0027, taskName);","lastModifiedDate":"2021-09-19"},{"lineNumber":13,"author":{"gitId":"TanChiaChun"},"content":"        this.at \u003d at;","lastModifiedDate":"2021-08-26"},{"lineNumber":14,"author":{"gitId":"TanChiaChun"},"content":"    }","lastModifiedDate":"2021-08-26"},{"lineNumber":15,"author":{"gitId":"TanChiaChun"},"content":"","lastModifiedDate":"2021-08-26"},{"lineNumber":16,"author":{"gitId":"TanChiaChun"},"content":"    public Event(String taskName, String at, boolean isDone) {","lastModifiedDate":"2021-09-11"},{"lineNumber":17,"author":{"gitId":"TanChiaChun"},"content":"        this(taskName, at);","lastModifiedDate":"2021-09-11"},{"lineNumber":18,"author":{"gitId":"TanChiaChun"},"content":"        this.isDone \u003d isDone;","lastModifiedDate":"2021-09-11"},{"lineNumber":19,"author":{"gitId":"TanChiaChun"},"content":"    }","lastModifiedDate":"2021-09-11"},{"lineNumber":20,"author":{"gitId":"TanChiaChun"},"content":"","lastModifiedDate":"2021-09-11"},{"lineNumber":21,"author":{"gitId":"TanChiaChun"},"content":"    // Getter","lastModifiedDate":"2021-08-26"},{"lineNumber":22,"author":{"gitId":"TanChiaChun"},"content":"    @Override","lastModifiedDate":"2021-08-26"},{"lineNumber":23,"author":{"gitId":"TanChiaChun"},"content":"    public String getTask() {","lastModifiedDate":"2021-08-26"},{"lineNumber":24,"author":{"gitId":"TanChiaChun"},"content":"        return (super.getTask() + \" (at: \" + at + \")\");","lastModifiedDate":"2021-08-26"},{"lineNumber":25,"author":{"gitId":"TanChiaChun"},"content":"    }","lastModifiedDate":"2021-08-26"},{"lineNumber":26,"author":{"gitId":"TanChiaChun"},"content":"","lastModifiedDate":"2021-09-11"},{"lineNumber":27,"author":{"gitId":"TanChiaChun"},"content":"    @Override","lastModifiedDate":"2021-09-11"},{"lineNumber":28,"author":{"gitId":"TanChiaChun"},"content":"    public String printForSave() {","lastModifiedDate":"2021-09-18"},{"lineNumber":29,"author":{"gitId":"TanChiaChun"},"content":"        return (super.printForSave() + SAVE_SEP + at);","lastModifiedDate":"2021-09-18"},{"lineNumber":30,"author":{"gitId":"TanChiaChun"},"content":"    }","lastModifiedDate":"2021-09-11"},{"lineNumber":31,"author":{"gitId":"TanChiaChun"},"content":"}","lastModifiedDate":"2021-08-26"}],"authorContributionMap":{"TanChiaChun":31}},{"path":"src/main/java/edu/nus/duke/task/Task.java","fileType":"java","lines":[{"lineNumber":1,"author":{"gitId":"TanChiaChun"},"content":"package edu.nus.duke.task;","lastModifiedDate":"2021-09-04"},{"lineNumber":2,"author":{"gitId":"TanChiaChun"},"content":"","lastModifiedDate":"2021-09-04"},{"lineNumber":3,"author":{"gitId":"TanChiaChun"},"content":"import edu.nus.duke.storage.Storage;","lastModifiedDate":"2021-09-19"},{"lineNumber":4,"author":{"gitId":"TanChiaChun"},"content":"","lastModifiedDate":"2021-09-19"},{"lineNumber":5,"author":{"gitId":"TanChiaChun"},"content":"/**","lastModifiedDate":"2021-09-11"},{"lineNumber":6,"author":{"gitId":"TanChiaChun"},"content":" * Represent a task, for use as abstract class.","lastModifiedDate":"2021-09-11"},{"lineNumber":7,"author":{"gitId":"TanChiaChun"},"content":" */","lastModifiedDate":"2021-09-11"},{"lineNumber":8,"author":{"gitId":"TanChiaChun"},"content":"public abstract class Task {","lastModifiedDate":"2021-09-04"},{"lineNumber":9,"author":{"gitId":"TanChiaChun"},"content":"    // Variables","lastModifiedDate":"2021-08-20"},{"lineNumber":10,"author":{"gitId":"TanChiaChun"},"content":"    protected final String SAVE_SEP \u003d Storage.getSaveSep();","lastModifiedDate":"2021-09-19"},{"lineNumber":11,"author":{"gitId":"TanChiaChun"},"content":"    protected final char prefix;","lastModifiedDate":"2021-09-19"},{"lineNumber":12,"author":{"gitId":"TanChiaChun"},"content":"    protected String taskName;","lastModifiedDate":"2021-08-26"},{"lineNumber":13,"author":{"gitId":"TanChiaChun"},"content":"    protected boolean isDone \u003d false;","lastModifiedDate":"2021-08-26"},{"lineNumber":14,"author":{"gitId":"TanChiaChun"},"content":"","lastModifiedDate":"2021-08-20"},{"lineNumber":15,"author":{"gitId":"TanChiaChun"},"content":"    // Constructor","lastModifiedDate":"2021-08-20"},{"lineNumber":16,"author":{"gitId":"TanChiaChun"},"content":"    public Task(char prefix, String taskName) {","lastModifiedDate":"2021-09-19"},{"lineNumber":17,"author":{"gitId":"TanChiaChun"},"content":"        this.prefix \u003d prefix;","lastModifiedDate":"2021-09-19"},{"lineNumber":18,"author":{"gitId":"TanChiaChun"},"content":"        this.taskName \u003d taskName;","lastModifiedDate":"2021-08-20"},{"lineNumber":19,"author":{"gitId":"TanChiaChun"},"content":"    }","lastModifiedDate":"2021-08-20"},{"lineNumber":20,"author":{"gitId":"TanChiaChun"},"content":"","lastModifiedDate":"2021-08-20"},{"lineNumber":21,"author":{"gitId":"TanChiaChun"},"content":"    // Getter","lastModifiedDate":"2021-08-20"},{"lineNumber":22,"author":{"gitId":"TanChiaChun"},"content":"","lastModifiedDate":"2021-09-11"},{"lineNumber":23,"author":{"gitId":"TanChiaChun"},"content":"    /**","lastModifiedDate":"2021-09-11"},{"lineNumber":24,"author":{"gitId":"TanChiaChun"},"content":"     * Return a string with required info to represent a task.","lastModifiedDate":"2021-09-11"},{"lineNumber":25,"author":{"gitId":"TanChiaChun"},"content":"     * @return string that represent a task.","lastModifiedDate":"2021-09-11"},{"lineNumber":26,"author":{"gitId":"TanChiaChun"},"content":"     */","lastModifiedDate":"2021-09-11"},{"lineNumber":27,"author":{"gitId":"TanChiaChun"},"content":"    public String getTask() {","lastModifiedDate":"2021-08-20"},{"lineNumber":28,"author":{"gitId":"TanChiaChun"},"content":"        String taskStatus \u003d isDone ? \"X\" : \" \";","lastModifiedDate":"2021-08-20"},{"lineNumber":29,"author":{"gitId":"TanChiaChun"},"content":"        return (\"[\" + prefix + \"]\" + \"[\" + taskStatus + \"] \" + taskName);","lastModifiedDate":"2021-08-26"},{"lineNumber":30,"author":{"gitId":"TanChiaChun"},"content":"    }","lastModifiedDate":"2021-08-20"},{"lineNumber":31,"author":{"gitId":"TanChiaChun"},"content":"","lastModifiedDate":"2021-08-20"},{"lineNumber":32,"author":{"gitId":"TanChiaChun"},"content":"    /**","lastModifiedDate":"2021-09-11"},{"lineNumber":33,"author":{"gitId":"TanChiaChun"},"content":"     * Return a string with required info to be saved for a task.","lastModifiedDate":"2021-09-19"},{"lineNumber":34,"author":{"gitId":"TanChiaChun"},"content":"     *","lastModifiedDate":"2021-09-19"},{"lineNumber":35,"author":{"gitId":"TanChiaChun"},"content":"     * @return string with required info to be saved.","lastModifiedDate":"2021-09-19"},{"lineNumber":36,"author":{"gitId":"TanChiaChun"},"content":"     */","lastModifiedDate":"2021-09-11"},{"lineNumber":37,"author":{"gitId":"TanChiaChun"},"content":"    public String printForSave() {","lastModifiedDate":"2021-09-18"},{"lineNumber":38,"author":{"gitId":"TanChiaChun"},"content":"        String doneIdx \u003d isDone ? \"1\" : \"0\";","lastModifiedDate":"2021-09-11"},{"lineNumber":39,"author":{"gitId":"TanChiaChun"},"content":"        return (prefix + SAVE_SEP + doneIdx + SAVE_SEP + taskName);","lastModifiedDate":"2021-09-11"},{"lineNumber":40,"author":{"gitId":"TanChiaChun"},"content":"    }","lastModifiedDate":"2021-09-11"},{"lineNumber":41,"author":{"gitId":"TanChiaChun"},"content":"","lastModifiedDate":"2021-09-11"},{"lineNumber":42,"author":{"gitId":"TanChiaChun"},"content":"    // Setter","lastModifiedDate":"2021-08-20"},{"lineNumber":43,"author":{"gitId":"TanChiaChun"},"content":"    /**","lastModifiedDate":"2021-09-19"},{"lineNumber":44,"author":{"gitId":"TanChiaChun"},"content":"     * Set a task to done.","lastModifiedDate":"2021-09-19"},{"lineNumber":45,"author":{"gitId":"TanChiaChun"},"content":"     */","lastModifiedDate":"2021-09-19"},{"lineNumber":46,"author":{"gitId":"TanChiaChun"},"content":"    public void setDone() {","lastModifiedDate":"2021-08-20"},{"lineNumber":47,"author":{"gitId":"TanChiaChun"},"content":"        this.isDone \u003d true;","lastModifiedDate":"2021-08-20"},{"lineNumber":48,"author":{"gitId":"TanChiaChun"},"content":"    }","lastModifiedDate":"2021-08-20"},{"lineNumber":49,"author":{"gitId":"TanChiaChun"},"content":"}","lastModifiedDate":"2021-08-20"}],"authorContributionMap":{"TanChiaChun":49}},{"path":"src/main/java/edu/nus/duke/task/TaskList.java","fileType":"java","lines":[{"lineNumber":1,"author":{"gitId":"TanChiaChun"},"content":"package edu.nus.duke.task;","lastModifiedDate":"2021-09-18"},{"lineNumber":2,"author":{"gitId":"TanChiaChun"},"content":"","lastModifiedDate":"2021-09-18"},{"lineNumber":3,"author":{"gitId":"TanChiaChun"},"content":"import java.util.ArrayList;","lastModifiedDate":"2021-09-18"},{"lineNumber":4,"author":{"gitId":"TanChiaChun"},"content":"","lastModifiedDate":"2021-09-18"},{"lineNumber":5,"author":{"gitId":"TanChiaChun"},"content":"import edu.nus.duke.ui.Ui;","lastModifiedDate":"2021-09-18"},{"lineNumber":6,"author":{"gitId":"TanChiaChun"},"content":"import edu.nus.duke.exception.DukeInvalidTaskIndexException;","lastModifiedDate":"2021-09-19"},{"lineNumber":7,"author":{"gitId":"TanChiaChun"},"content":"","lastModifiedDate":"2021-09-18"},{"lineNumber":8,"author":{"gitId":"TanChiaChun"},"content":"/**","lastModifiedDate":"2021-09-19"},{"lineNumber":9,"author":{"gitId":"TanChiaChun"},"content":" * Class that contains the task list","lastModifiedDate":"2021-09-19"},{"lineNumber":10,"author":{"gitId":"TanChiaChun"},"content":" */","lastModifiedDate":"2021-09-19"},{"lineNumber":11,"author":{"gitId":"TanChiaChun"},"content":"public class TaskList {","lastModifiedDate":"2021-09-18"},{"lineNumber":12,"author":{"gitId":"TanChiaChun"},"content":"    // Variables","lastModifiedDate":"2021-09-18"},{"lineNumber":13,"author":{"gitId":"TanChiaChun"},"content":"    private ArrayList\u003cTask\u003e tasks;","lastModifiedDate":"2021-09-18"},{"lineNumber":14,"author":{"gitId":"TanChiaChun"},"content":"","lastModifiedDate":"2021-09-18"},{"lineNumber":15,"author":{"gitId":"TanChiaChun"},"content":"    // Constructor","lastModifiedDate":"2021-09-18"},{"lineNumber":16,"author":{"gitId":"TanChiaChun"},"content":"    public TaskList() {","lastModifiedDate":"2021-09-18"},{"lineNumber":17,"author":{"gitId":"TanChiaChun"},"content":"        tasks \u003d new ArrayList\u003c\u003e();","lastModifiedDate":"2021-09-18"},{"lineNumber":18,"author":{"gitId":"TanChiaChun"},"content":"    }","lastModifiedDate":"2021-09-18"},{"lineNumber":19,"author":{"gitId":"TanChiaChun"},"content":"","lastModifiedDate":"2021-09-18"},{"lineNumber":20,"author":{"gitId":"TanChiaChun"},"content":"    // Getter","lastModifiedDate":"2021-09-18"},{"lineNumber":21,"author":{"gitId":"TanChiaChun"},"content":"    /**","lastModifiedDate":"2021-09-19"},{"lineNumber":22,"author":{"gitId":"TanChiaChun"},"content":"     * Return the tasks size as an integer.","lastModifiedDate":"2021-09-19"},{"lineNumber":23,"author":{"gitId":"TanChiaChun"},"content":"     *","lastModifiedDate":"2021-09-19"},{"lineNumber":24,"author":{"gitId":"TanChiaChun"},"content":"     * @return tasks size.","lastModifiedDate":"2021-09-19"},{"lineNumber":25,"author":{"gitId":"TanChiaChun"},"content":"     */","lastModifiedDate":"2021-09-19"},{"lineNumber":26,"author":{"gitId":"TanChiaChun"},"content":"    public int getListSize() {","lastModifiedDate":"2021-09-18"},{"lineNumber":27,"author":{"gitId":"TanChiaChun"},"content":"        return tasks.size();","lastModifiedDate":"2021-09-18"},{"lineNumber":28,"author":{"gitId":"TanChiaChun"},"content":"    }","lastModifiedDate":"2021-09-18"},{"lineNumber":29,"author":{"gitId":"TanChiaChun"},"content":"","lastModifiedDate":"2021-09-18"},{"lineNumber":30,"author":{"gitId":"TanChiaChun"},"content":"    /**","lastModifiedDate":"2021-09-19"},{"lineNumber":31,"author":{"gitId":"TanChiaChun"},"content":"     * Return a string with all tasks.","lastModifiedDate":"2021-09-19"},{"lineNumber":32,"author":{"gitId":"TanChiaChun"},"content":"     *","lastModifiedDate":"2021-09-19"},{"lineNumber":33,"author":{"gitId":"TanChiaChun"},"content":"     * @return string with all tasks.","lastModifiedDate":"2021-09-19"},{"lineNumber":34,"author":{"gitId":"TanChiaChun"},"content":"     */","lastModifiedDate":"2021-09-19"},{"lineNumber":35,"author":{"gitId":"TanChiaChun"},"content":"    public String printTasks() {","lastModifiedDate":"2021-09-18"},{"lineNumber":36,"author":{"gitId":"TanChiaChun"},"content":"        StringBuilder output \u003d new StringBuilder();","lastModifiedDate":"2021-09-18"},{"lineNumber":37,"author":{"gitId":"TanChiaChun"},"content":"        for (int i \u003d 0; i \u003c tasks.size(); i++) {","lastModifiedDate":"2021-09-18"},{"lineNumber":38,"author":{"gitId":"TanChiaChun"},"content":"            output.append(i + 1);","lastModifiedDate":"2021-09-18"},{"lineNumber":39,"author":{"gitId":"TanChiaChun"},"content":"            output.append(\". \");","lastModifiedDate":"2021-09-18"},{"lineNumber":40,"author":{"gitId":"TanChiaChun"},"content":"            output.append(tasks.get(i).getTask());","lastModifiedDate":"2021-09-18"},{"lineNumber":41,"author":{"gitId":"TanChiaChun"},"content":"            output.append(System.lineSeparator());","lastModifiedDate":"2021-09-18"},{"lineNumber":42,"author":{"gitId":"TanChiaChun"},"content":"        }","lastModifiedDate":"2021-09-18"},{"lineNumber":43,"author":{"gitId":"TanChiaChun"},"content":"        return output.toString();","lastModifiedDate":"2021-09-18"},{"lineNumber":44,"author":{"gitId":"TanChiaChun"},"content":"    }","lastModifiedDate":"2021-09-18"},{"lineNumber":45,"author":{"gitId":"TanChiaChun"},"content":"","lastModifiedDate":"2021-09-18"},{"lineNumber":46,"author":{"gitId":"TanChiaChun"},"content":"    /**","lastModifiedDate":"2021-09-19"},{"lineNumber":47,"author":{"gitId":"TanChiaChun"},"content":"     * Return a string with all tasks for file save.","lastModifiedDate":"2021-09-19"},{"lineNumber":48,"author":{"gitId":"TanChiaChun"},"content":"     *","lastModifiedDate":"2021-09-19"},{"lineNumber":49,"author":{"gitId":"TanChiaChun"},"content":"     * @return string with all tasks.","lastModifiedDate":"2021-09-19"},{"lineNumber":50,"author":{"gitId":"TanChiaChun"},"content":"     */","lastModifiedDate":"2021-09-19"},{"lineNumber":51,"author":{"gitId":"TanChiaChun"},"content":"    public String printForFile() {","lastModifiedDate":"2021-09-18"},{"lineNumber":52,"author":{"gitId":"TanChiaChun"},"content":"        StringBuilder output \u003d new StringBuilder();","lastModifiedDate":"2021-09-18"},{"lineNumber":53,"author":{"gitId":"TanChiaChun"},"content":"        for (Task task : tasks) {","lastModifiedDate":"2021-09-18"},{"lineNumber":54,"author":{"gitId":"TanChiaChun"},"content":"            output.append(task.printForSave());","lastModifiedDate":"2021-09-18"},{"lineNumber":55,"author":{"gitId":"TanChiaChun"},"content":"            output.append(System.lineSeparator());","lastModifiedDate":"2021-09-18"},{"lineNumber":56,"author":{"gitId":"TanChiaChun"},"content":"        }","lastModifiedDate":"2021-09-18"},{"lineNumber":57,"author":{"gitId":"TanChiaChun"},"content":"        return output.toString();","lastModifiedDate":"2021-09-18"},{"lineNumber":58,"author":{"gitId":"TanChiaChun"},"content":"    }","lastModifiedDate":"2021-09-18"},{"lineNumber":59,"author":{"gitId":"TanChiaChun"},"content":"","lastModifiedDate":"2021-09-18"},{"lineNumber":60,"author":{"gitId":"TanChiaChun"},"content":"    // Setter","lastModifiedDate":"2021-09-18"},{"lineNumber":61,"author":{"gitId":"TanChiaChun"},"content":"    /**","lastModifiedDate":"2021-09-19"},{"lineNumber":62,"author":{"gitId":"TanChiaChun"},"content":"     * Add a task.","lastModifiedDate":"2021-09-19"},{"lineNumber":63,"author":{"gitId":"TanChiaChun"},"content":"     *","lastModifiedDate":"2021-09-19"},{"lineNumber":64,"author":{"gitId":"TanChiaChun"},"content":"     * @param task A {@code Task} to be added.","lastModifiedDate":"2021-09-19"},{"lineNumber":65,"author":{"gitId":"TanChiaChun"},"content":"     */","lastModifiedDate":"2021-09-19"},{"lineNumber":66,"author":{"gitId":"TanChiaChun"},"content":"    public void addTask(Task task) {","lastModifiedDate":"2021-09-18"},{"lineNumber":67,"author":{"gitId":"TanChiaChun"},"content":"        tasks.add(task);","lastModifiedDate":"2021-09-18"},{"lineNumber":68,"author":{"gitId":"TanChiaChun"},"content":"        Ui.printMessage(\"added: \" + task.getTask());","lastModifiedDate":"2021-09-18"},{"lineNumber":69,"author":{"gitId":"TanChiaChun"},"content":"    }","lastModifiedDate":"2021-09-18"},{"lineNumber":70,"author":{"gitId":"TanChiaChun"},"content":"","lastModifiedDate":"2021-09-18"},{"lineNumber":71,"author":{"gitId":"TanChiaChun"},"content":"    /**","lastModifiedDate":"2021-09-19"},{"lineNumber":72,"author":{"gitId":"TanChiaChun"},"content":"     * Add a task from Array of elements.","lastModifiedDate":"2021-09-19"},{"lineNumber":73,"author":{"gitId":"TanChiaChun"},"content":"     *","lastModifiedDate":"2021-09-19"},{"lineNumber":74,"author":{"gitId":"TanChiaChun"},"content":"     * @param elements Array of elements.","lastModifiedDate":"2021-09-19"},{"lineNumber":75,"author":{"gitId":"TanChiaChun"},"content":"     */","lastModifiedDate":"2021-09-19"},{"lineNumber":76,"author":{"gitId":"TanChiaChun"},"content":"    public void addTask(String[] elements) throws DukeInvalidTaskIndexException, ArrayIndexOutOfBoundsException {","lastModifiedDate":"2021-09-19"},{"lineNumber":77,"author":{"gitId":"TanChiaChun"},"content":"        String taskType \u003d elements[0];","lastModifiedDate":"2021-09-18"},{"lineNumber":78,"author":{"gitId":"TanChiaChun"},"content":"        boolean isDone \u003d elements[1].equals(\"1\");","lastModifiedDate":"2021-09-18"},{"lineNumber":79,"author":{"gitId":"TanChiaChun"},"content":"        String taskName \u003d elements[2];","lastModifiedDate":"2021-09-18"},{"lineNumber":80,"author":{"gitId":"TanChiaChun"},"content":"","lastModifiedDate":"2021-09-18"},{"lineNumber":81,"author":{"gitId":"TanChiaChun"},"content":"        switch (taskType) {","lastModifiedDate":"2021-09-18"},{"lineNumber":82,"author":{"gitId":"TanChiaChun"},"content":"            case \"T\":","lastModifiedDate":"2021-09-18"},{"lineNumber":83,"author":{"gitId":"TanChiaChun"},"content":"                tasks.add(new Todo(taskName, isDone));","lastModifiedDate":"2021-09-18"},{"lineNumber":84,"author":{"gitId":"TanChiaChun"},"content":"                break;","lastModifiedDate":"2021-09-18"},{"lineNumber":85,"author":{"gitId":"TanChiaChun"},"content":"            case \"D\":","lastModifiedDate":"2021-09-18"},{"lineNumber":86,"author":{"gitId":"TanChiaChun"},"content":"                String by \u003d elements[3];","lastModifiedDate":"2021-09-18"},{"lineNumber":87,"author":{"gitId":"TanChiaChun"},"content":"                tasks.add(new Deadline(taskName, by, isDone));","lastModifiedDate":"2021-09-18"},{"lineNumber":88,"author":{"gitId":"TanChiaChun"},"content":"                break;","lastModifiedDate":"2021-09-18"},{"lineNumber":89,"author":{"gitId":"TanChiaChun"},"content":"            case \"E\":","lastModifiedDate":"2021-09-18"},{"lineNumber":90,"author":{"gitId":"TanChiaChun"},"content":"                String at \u003d elements[3];","lastModifiedDate":"2021-09-18"},{"lineNumber":91,"author":{"gitId":"TanChiaChun"},"content":"                tasks.add(new Event(taskName, at, isDone));","lastModifiedDate":"2021-09-18"},{"lineNumber":92,"author":{"gitId":"TanChiaChun"},"content":"                break;","lastModifiedDate":"2021-09-18"},{"lineNumber":93,"author":{"gitId":"TanChiaChun"},"content":"            default:","lastModifiedDate":"2021-09-18"},{"lineNumber":94,"author":{"gitId":"TanChiaChun"},"content":"                throw new DukeInvalidTaskIndexException();","lastModifiedDate":"2021-09-19"},{"lineNumber":95,"author":{"gitId":"TanChiaChun"},"content":"        }","lastModifiedDate":"2021-09-18"},{"lineNumber":96,"author":{"gitId":"TanChiaChun"},"content":"    }","lastModifiedDate":"2021-09-18"},{"lineNumber":97,"author":{"gitId":"TanChiaChun"},"content":"","lastModifiedDate":"2021-09-18"},{"lineNumber":98,"author":{"gitId":"TanChiaChun"},"content":"    /**","lastModifiedDate":"2021-09-19"},{"lineNumber":99,"author":{"gitId":"TanChiaChun"},"content":"     * Set a task to done.","lastModifiedDate":"2021-09-19"},{"lineNumber":100,"author":{"gitId":"TanChiaChun"},"content":"     *","lastModifiedDate":"2021-09-19"},{"lineNumber":101,"author":{"gitId":"TanChiaChun"},"content":"     * @param idx Task index.","lastModifiedDate":"2021-09-19"},{"lineNumber":102,"author":{"gitId":"TanChiaChun"},"content":"     */","lastModifiedDate":"2021-09-19"},{"lineNumber":103,"author":{"gitId":"TanChiaChun"},"content":"    public void doneTask(int idx) {","lastModifiedDate":"2021-09-18"},{"lineNumber":104,"author":{"gitId":"TanChiaChun"},"content":"        try {","lastModifiedDate":"2021-09-19"},{"lineNumber":105,"author":{"gitId":"TanChiaChun"},"content":"            tasks.get(idx).setDone();","lastModifiedDate":"2021-09-18"},{"lineNumber":106,"author":{"gitId":"TanChiaChun"},"content":"            Ui.printMessage(\"done: \" + tasks.get(idx).getTask());","lastModifiedDate":"2021-09-18"},{"lineNumber":107,"author":{"gitId":"TanChiaChun"},"content":"        } catch (IndexOutOfBoundsException e) {","lastModifiedDate":"2021-09-19"},{"lineNumber":108,"author":{"gitId":"TanChiaChun"},"content":"            Ui.printMessage(\"Invalid/missing index\");","lastModifiedDate":"2021-09-19"},{"lineNumber":109,"author":{"gitId":"TanChiaChun"},"content":"        }","lastModifiedDate":"2021-09-19"},{"lineNumber":110,"author":{"gitId":"TanChiaChun"},"content":"    }","lastModifiedDate":"2021-09-18"},{"lineNumber":111,"author":{"gitId":"TanChiaChun"},"content":"","lastModifiedDate":"2021-09-18"},{"lineNumber":112,"author":{"gitId":"TanChiaChun"},"content":"    /**","lastModifiedDate":"2021-09-19"},{"lineNumber":113,"author":{"gitId":"TanChiaChun"},"content":"     * Delete a task.","lastModifiedDate":"2021-09-19"},{"lineNumber":114,"author":{"gitId":"TanChiaChun"},"content":"     *","lastModifiedDate":"2021-09-19"},{"lineNumber":115,"author":{"gitId":"TanChiaChun"},"content":"     * @param idx Task index.","lastModifiedDate":"2021-09-19"},{"lineNumber":116,"author":{"gitId":"TanChiaChun"},"content":"     */","lastModifiedDate":"2021-09-19"},{"lineNumber":117,"author":{"gitId":"TanChiaChun"},"content":"    public void deleteTask(int idx) {","lastModifiedDate":"2021-09-18"},{"lineNumber":118,"author":{"gitId":"TanChiaChun"},"content":"        try {","lastModifiedDate":"2021-09-19"},{"lineNumber":119,"author":{"gitId":"TanChiaChun"},"content":"            String task \u003d tasks.get(idx).getTask();","lastModifiedDate":"2021-09-18"},{"lineNumber":120,"author":{"gitId":"TanChiaChun"},"content":"            tasks.remove(idx);","lastModifiedDate":"2021-09-18"},{"lineNumber":121,"author":{"gitId":"TanChiaChun"},"content":"            Ui.printMessage(\"deleted: \" + task);","lastModifiedDate":"2021-09-18"},{"lineNumber":122,"author":{"gitId":"TanChiaChun"},"content":"        } catch (IndexOutOfBoundsException e) {","lastModifiedDate":"2021-09-19"},{"lineNumber":123,"author":{"gitId":"TanChiaChun"},"content":"            Ui.printMessage(\"Invalid/missing index\");","lastModifiedDate":"2021-09-19"},{"lineNumber":124,"author":{"gitId":"TanChiaChun"},"content":"        }","lastModifiedDate":"2021-09-19"},{"lineNumber":125,"author":{"gitId":"TanChiaChun"},"content":"","lastModifiedDate":"2021-09-19"},{"lineNumber":126,"author":{"gitId":"TanChiaChun"},"content":"    }","lastModifiedDate":"2021-09-18"},{"lineNumber":127,"author":{"gitId":"TanChiaChun"},"content":"}","lastModifiedDate":"2021-09-18"}],"authorContributionMap":{"TanChiaChun":127}},{"path":"src/main/java/edu/nus/duke/task/Todo.java","fileType":"java","lines":[{"lineNumber":1,"author":{"gitId":"TanChiaChun"},"content":"package edu.nus.duke.task;","lastModifiedDate":"2021-09-04"},{"lineNumber":2,"author":{"gitId":"TanChiaChun"},"content":"","lastModifiedDate":"2021-09-04"},{"lineNumber":3,"author":{"gitId":"TanChiaChun"},"content":"/**","lastModifiedDate":"2021-09-11"},{"lineNumber":4,"author":{"gitId":"TanChiaChun"},"content":" * Represent a simple to-do that extends from Task.","lastModifiedDate":"2021-09-11"},{"lineNumber":5,"author":{"gitId":"TanChiaChun"},"content":" */","lastModifiedDate":"2021-09-11"},{"lineNumber":6,"author":{"gitId":"TanChiaChun"},"content":"public class Todo extends Task {","lastModifiedDate":"2021-08-26"},{"lineNumber":7,"author":{"gitId":"TanChiaChun"},"content":"    // Constructor","lastModifiedDate":"2021-08-26"},{"lineNumber":8,"author":{"gitId":"TanChiaChun"},"content":"    public Todo(String taskName) {","lastModifiedDate":"2021-08-26"},{"lineNumber":9,"author":{"gitId":"TanChiaChun"},"content":"        super(\u0027T\u0027, taskName);","lastModifiedDate":"2021-09-19"},{"lineNumber":10,"author":{"gitId":"TanChiaChun"},"content":"    }","lastModifiedDate":"2021-08-26"},{"lineNumber":11,"author":{"gitId":"TanChiaChun"},"content":"","lastModifiedDate":"2021-09-11"},{"lineNumber":12,"author":{"gitId":"TanChiaChun"},"content":"    public Todo(String taskName, boolean isDone) {","lastModifiedDate":"2021-09-11"},{"lineNumber":13,"author":{"gitId":"TanChiaChun"},"content":"        this(taskName);","lastModifiedDate":"2021-09-11"},{"lineNumber":14,"author":{"gitId":"TanChiaChun"},"content":"        this.isDone \u003d isDone;","lastModifiedDate":"2021-09-11"},{"lineNumber":15,"author":{"gitId":"TanChiaChun"},"content":"    }","lastModifiedDate":"2021-09-11"},{"lineNumber":16,"author":{"gitId":"TanChiaChun"},"content":"}","lastModifiedDate":"2021-08-26"}],"authorContributionMap":{"TanChiaChun":16}},{"path":"src/main/java/edu/nus/duke/ui/Ui.java","fileType":"java","lines":[{"lineNumber":1,"author":{"gitId":"TanChiaChun"},"content":"package edu.nus.duke.ui;","lastModifiedDate":"2021-09-18"},{"lineNumber":2,"author":{"gitId":"TanChiaChun"},"content":"","lastModifiedDate":"2021-09-18"},{"lineNumber":3,"author":{"gitId":"TanChiaChun"},"content":"import java.util.Scanner;","lastModifiedDate":"2021-09-19"},{"lineNumber":4,"author":{"gitId":"TanChiaChun"},"content":"","lastModifiedDate":"2021-09-19"},{"lineNumber":5,"author":{"gitId":"TanChiaChun"},"content":"/**","lastModifiedDate":"2021-09-19"},{"lineNumber":6,"author":{"gitId":"TanChiaChun"},"content":" * Class that deals with interactions with the user","lastModifiedDate":"2021-09-19"},{"lineNumber":7,"author":{"gitId":"TanChiaChun"},"content":" */","lastModifiedDate":"2021-09-19"},{"lineNumber":8,"author":{"gitId":"TanChiaChun"},"content":"public class Ui {","lastModifiedDate":"2021-09-18"},{"lineNumber":9,"author":{"gitId":"TanChiaChun"},"content":"    // Variables","lastModifiedDate":"2021-09-19"},{"lineNumber":10,"author":{"gitId":"TanChiaChun"},"content":"    private Scanner scanner;","lastModifiedDate":"2021-09-19"},{"lineNumber":11,"author":{"gitId":"TanChiaChun"},"content":"","lastModifiedDate":"2021-09-19"},{"lineNumber":12,"author":{"gitId":"TanChiaChun"},"content":"    // Constructor","lastModifiedDate":"2021-09-19"},{"lineNumber":13,"author":{"gitId":"TanChiaChun"},"content":"    public Ui() {","lastModifiedDate":"2021-09-19"},{"lineNumber":14,"author":{"gitId":"TanChiaChun"},"content":"        scanner \u003d new Scanner(System.in);","lastModifiedDate":"2021-09-19"},{"lineNumber":15,"author":{"gitId":"TanChiaChun"},"content":"    }","lastModifiedDate":"2021-09-19"},{"lineNumber":16,"author":{"gitId":"TanChiaChun"},"content":"","lastModifiedDate":"2021-09-19"},{"lineNumber":17,"author":{"gitId":"TanChiaChun"},"content":"    // Methods","lastModifiedDate":"2021-09-18"},{"lineNumber":18,"author":{"gitId":"TanChiaChun"},"content":"    /**","lastModifiedDate":"2021-09-19"},{"lineNumber":19,"author":{"gitId":"TanChiaChun"},"content":"     * Print a message and separator line to {@code System.out}.","lastModifiedDate":"2021-09-19"},{"lineNumber":20,"author":{"gitId":"TanChiaChun"},"content":"     *","lastModifiedDate":"2021-09-19"},{"lineNumber":21,"author":{"gitId":"TanChiaChun"},"content":"     * @param message String to be printed.","lastModifiedDate":"2021-09-19"},{"lineNumber":22,"author":{"gitId":"TanChiaChun"},"content":"     */","lastModifiedDate":"2021-09-19"},{"lineNumber":23,"author":{"gitId":"TanChiaChun"},"content":"    public static void printMessage(String message) {","lastModifiedDate":"2021-09-18"},{"lineNumber":24,"author":{"gitId":"TanChiaChun"},"content":"        printMessage(message, true);","lastModifiedDate":"2021-09-18"},{"lineNumber":25,"author":{"gitId":"TanChiaChun"},"content":"    }","lastModifiedDate":"2021-09-18"},{"lineNumber":26,"author":{"gitId":"TanChiaChun"},"content":"","lastModifiedDate":"2021-09-18"},{"lineNumber":27,"author":{"gitId":"TanChiaChun"},"content":"    /**","lastModifiedDate":"2021-09-19"},{"lineNumber":28,"author":{"gitId":"TanChiaChun"},"content":"     * Print a message and optional separator line to {@code System.out}.","lastModifiedDate":"2021-09-19"},{"lineNumber":29,"author":{"gitId":"TanChiaChun"},"content":"     *","lastModifiedDate":"2021-09-19"},{"lineNumber":30,"author":{"gitId":"TanChiaChun"},"content":"     * @param message String to be printed.","lastModifiedDate":"2021-09-19"},{"lineNumber":31,"author":{"gitId":"TanChiaChun"},"content":"     * @param isSepLine Boolean to switch on/off seperator line.","lastModifiedDate":"2021-09-19"},{"lineNumber":32,"author":{"gitId":"TanChiaChun"},"content":"     */","lastModifiedDate":"2021-09-19"},{"lineNumber":33,"author":{"gitId":"TanChiaChun"},"content":"    public static void printMessage(String message, Boolean isSepLine) {","lastModifiedDate":"2021-09-18"},{"lineNumber":34,"author":{"gitId":"TanChiaChun"},"content":"        System.out.println(message);","lastModifiedDate":"2021-09-18"},{"lineNumber":35,"author":{"gitId":"TanChiaChun"},"content":"        if (isSepLine) {","lastModifiedDate":"2021-09-18"},{"lineNumber":36,"author":{"gitId":"TanChiaChun"},"content":"            System.out.println(\"____________________________________________________________\");","lastModifiedDate":"2021-09-18"},{"lineNumber":37,"author":{"gitId":"TanChiaChun"},"content":"        }","lastModifiedDate":"2021-09-18"},{"lineNumber":38,"author":{"gitId":"TanChiaChun"},"content":"    }","lastModifiedDate":"2021-09-18"},{"lineNumber":39,"author":{"gitId":"TanChiaChun"},"content":"","lastModifiedDate":"2021-09-18"},{"lineNumber":40,"author":{"gitId":"TanChiaChun"},"content":"    /**","lastModifiedDate":"2021-09-19"},{"lineNumber":41,"author":{"gitId":"TanChiaChun"},"content":"     * Print a message and exit the app.","lastModifiedDate":"2021-09-19"},{"lineNumber":42,"author":{"gitId":"TanChiaChun"},"content":"     *","lastModifiedDate":"2021-09-19"},{"lineNumber":43,"author":{"gitId":"TanChiaChun"},"content":"     * @param message String to be printed.","lastModifiedDate":"2021-09-19"},{"lineNumber":44,"author":{"gitId":"TanChiaChun"},"content":"     */","lastModifiedDate":"2021-09-19"},{"lineNumber":45,"author":{"gitId":"TanChiaChun"},"content":"    public static void printMessage_Exit(String message) {","lastModifiedDate":"2021-09-18"},{"lineNumber":46,"author":{"gitId":"TanChiaChun"},"content":"        printMessage(message);","lastModifiedDate":"2021-09-18"},{"lineNumber":47,"author":{"gitId":"TanChiaChun"},"content":"        System.exit(1);","lastModifiedDate":"2021-09-18"},{"lineNumber":48,"author":{"gitId":"TanChiaChun"},"content":"    }","lastModifiedDate":"2021-09-18"},{"lineNumber":49,"author":{"gitId":"TanChiaChun"},"content":"","lastModifiedDate":"2021-09-19"},{"lineNumber":50,"author":{"gitId":"TanChiaChun"},"content":"    /**","lastModifiedDate":"2021-09-19"},{"lineNumber":51,"author":{"gitId":"TanChiaChun"},"content":"     * Return a string from user input.","lastModifiedDate":"2021-09-19"},{"lineNumber":52,"author":{"gitId":"TanChiaChun"},"content":"     *","lastModifiedDate":"2021-09-19"},{"lineNumber":53,"author":{"gitId":"TanChiaChun"},"content":"     * @return string from user input.","lastModifiedDate":"2021-09-19"},{"lineNumber":54,"author":{"gitId":"TanChiaChun"},"content":"     */","lastModifiedDate":"2021-09-19"},{"lineNumber":55,"author":{"gitId":"TanChiaChun"},"content":"    public String getUserInput() {","lastModifiedDate":"2021-09-19"},{"lineNumber":56,"author":{"gitId":"TanChiaChun"},"content":"        return (scanner.nextLine());","lastModifiedDate":"2021-09-19"},{"lineNumber":57,"author":{"gitId":"TanChiaChun"},"content":"    }","lastModifiedDate":"2021-09-19"},{"lineNumber":58,"author":{"gitId":"TanChiaChun"},"content":"}","lastModifiedDate":"2021-09-18"}],"authorContributionMap":{"TanChiaChun":58}},{"path":"text-ui-test/input.txt","fileType":"txt","lines":[{"lineNumber":1,"author":{"gitId":"TanChiaChun"},"content":"todo borrow book","lastModifiedDate":"2021-08-26"},{"lineNumber":2,"author":{"gitId":"TanChiaChun"},"content":"list","lastModifiedDate":"2021-08-26"},{"lineNumber":3,"author":{"gitId":"TanChiaChun"},"content":"deadline return book /by Sunday","lastModifiedDate":"2021-08-26"},{"lineNumber":4,"author":{"gitId":"TanChiaChun"},"content":"done 2","lastModifiedDate":"2021-09-10"},{"lineNumber":5,"author":{"gitId":"TanChiaChun"},"content":"event project meeting /at Mon 2-4pm","lastModifiedDate":"2021-08-26"},{"lineNumber":6,"author":{"gitId":"TanChiaChun"},"content":"delete 3","lastModifiedDate":"2021-09-10"},{"lineNumber":7,"author":{"gitId":"TanChiaChun"},"content":"deadline do homework /by no idea :-p","lastModifiedDate":"2021-08-26"},{"lineNumber":8,"author":{"gitId":"TanChiaChun"},"content":"list","lastModifiedDate":"2021-09-10"},{"lineNumber":9,"author":{"gitId":"TanChiaChun"},"content":"bye","lastModifiedDate":"2021-08-26"}],"authorContributionMap":{"TanChiaChun":9}},{"path":"text-ui-test/runtest.bat","fileType":"bat","lines":[{"lineNumber":1,"author":{"gitId":"-"},"content":"@ECHO OFF","lastModifiedDate":"2020-05-25"},{"lineNumber":2,"author":{"gitId":"-"},"content":"","lastModifiedDate":"2020-05-25"},{"lineNumber":3,"author":{"gitId":"-"},"content":"REM create bin directory if it doesn\u0027t exist","lastModifiedDate":"2020-05-25"},{"lineNumber":4,"author":{"gitId":"-"},"content":"if not exist ..\\bin mkdir ..\\bin","lastModifiedDate":"2020-05-25"},{"lineNumber":5,"author":{"gitId":"-"},"content":"","lastModifiedDate":"2020-05-25"},{"lineNumber":6,"author":{"gitId":"-"},"content":"REM delete output from previous run","lastModifiedDate":"2020-05-25"},{"lineNumber":7,"author":{"gitId":"-"},"content":"if exist ACTUAL.TXT del ACTUAL.TXT","lastModifiedDate":"2020-08-25"},{"lineNumber":8,"author":{"gitId":"-"},"content":"","lastModifiedDate":"2020-05-25"},{"lineNumber":9,"author":{"gitId":"TanChiaChun"},"content":"REM delete data folder if exist","lastModifiedDate":"2021-09-18"},{"lineNumber":10,"author":{"gitId":"TanChiaChun"},"content":"if exist data rmdir data /s /q","lastModifiedDate":"2021-09-18"},{"lineNumber":11,"author":{"gitId":"TanChiaChun"},"content":"","lastModifiedDate":"2021-09-18"},{"lineNumber":12,"author":{"gitId":"-"},"content":"REM compile the code into the bin folder","lastModifiedDate":"2020-05-25"},{"lineNumber":13,"author":{"gitId":"TanChiaChun"},"content":"javac  -cp ..\\src\\main\\java -Xlint:none -d ..\\bin ..\\src\\main\\java\\edu\\nus\\duke\\Main.java","lastModifiedDate":"2021-09-18"},{"lineNumber":14,"author":{"gitId":"-"},"content":"IF ERRORLEVEL 1 (","lastModifiedDate":"2020-05-25"},{"lineNumber":15,"author":{"gitId":"-"},"content":"    echo ********** BUILD FAILURE **********","lastModifiedDate":"2020-05-25"},{"lineNumber":16,"author":{"gitId":"-"},"content":"    exit /b 1","lastModifiedDate":"2020-05-25"},{"lineNumber":17,"author":{"gitId":"-"},"content":")","lastModifiedDate":"2020-05-25"},{"lineNumber":18,"author":{"gitId":"-"},"content":"REM no error here, errorlevel \u003d\u003d 0","lastModifiedDate":"2020-05-25"},{"lineNumber":19,"author":{"gitId":"-"},"content":"","lastModifiedDate":"2020-05-25"},{"lineNumber":20,"author":{"gitId":"-"},"content":"REM run the program, feed commands from input.txt file and redirect the output to the ACTUAL.TXT","lastModifiedDate":"2020-05-25"},{"lineNumber":21,"author":{"gitId":"TanChiaChun"},"content":"java -classpath ..\\bin edu.nus.duke.Main \u003c input.txt \u003e ACTUAL.TXT","lastModifiedDate":"2021-09-18"},{"lineNumber":22,"author":{"gitId":"-"},"content":"","lastModifiedDate":"2020-05-25"},{"lineNumber":23,"author":{"gitId":"-"},"content":"REM compare the output to the expected output","lastModifiedDate":"2020-05-25"},{"lineNumber":24,"author":{"gitId":"-"},"content":"FC ACTUAL.TXT EXPECTED.TXT","lastModifiedDate":"2020-05-25"},{"lineNumber":25,"author":{"gitId":"TanChiaChun"},"content":"","lastModifiedDate":"2021-08-26"},{"lineNumber":26,"author":{"gitId":"TanChiaChun"},"content":"pause","lastModifiedDate":"2021-08-26"}],"authorContributionMap":{"TanChiaChun":7,"-":19}}]
