{"authorDailyContributionsMap":{"TanChiaChun":[{"date":"2021-08-20","commitResults":[{"hash":"90e36f80e67d6059bac1dbe6d6c9dca4ed971cb6","messageTitle":"Level 0. Greet","messageBody":"","tags":["Level-0"],"fileTypesAndContributionMap":{"java":{"insertions":9,"deletions":1}}},{"hash":"dfe8e18095991d6ba9c2bce00c9ba7ac3c36a6ba","messageTitle":"Change chatbot name","messageBody":"","fileTypesAndContributionMap":{"java":{"insertions":4,"deletions":10}}},{"hash":"3d86f759924d0d81dbabbef2a787b2f7ae3a6fc7","messageTitle":"Read + output user input once","messageBody":"","fileTypesAndContributionMap":{"java":{"insertions":5,"deletions":0}}},{"hash":"987585ac99587419a29436fc37a4894ec22c87ff","messageTitle":"Loop user input until \u0027bye\u0027 keyword","messageBody":"","fileTypesAndContributionMap":{"java":{"insertions":5,"deletions":1}}},{"hash":"0f4a81285f09711982895b79dbd51e240b6a8a6c","messageTitle":"Change command display format","messageBody":"","tags":["Level-1"],"fileTypesAndContributionMap":{"java":{"insertions":3,"deletions":3}}},{"hash":"12b582cd178c49096681915b83be04816b0eb423","messageTitle":"Add comments","messageBody":"","fileTypesAndContributionMap":{"java":{"insertions":5,"deletions":0}}},{"hash":"d313b1c0bfd259b05ba94705e0be78f6d821b7d0","messageTitle":"Add user input to fixed array","messageBody":"","fileTypesAndContributionMap":{"java":{"insertions":8,"deletions":2}}},{"hash":"72297bbaa24091d7e188e598e7e979320649b636","messageTitle":"List user input history","messageBody":"","tags":["Level-2"],"fileTypesAndContributionMap":{"java":{"insertions":8,"deletions":2}}},{"hash":"72b497fbdf7327019dd24545e15e7bcaf09998f1","messageTitle":"Add Task class","messageBody":"","fileTypesAndContributionMap":{"java":{"insertions":3,"deletions":0}}},{"hash":"e4e6339a310ced77fa56b640bc5f7e58dab8fde9","messageTitle":"Add class variables","messageBody":"","fileTypesAndContributionMap":{"java":{"insertions":3,"deletions":1}}},{"hash":"3d114ebee3767112c6097c47f8c48f1b21c22dc7","messageTitle":"Add constructor","messageBody":"","fileTypesAndContributionMap":{"java":{"insertions":5,"deletions":0}}},{"hash":"973be4e80384bb4cd21bbbe540b013e6737c1561","messageTitle":"Add getter","messageBody":"","fileTypesAndContributionMap":{"java":{"insertions":5,"deletions":0}}},{"hash":"c62141d28692fdfe1d0de7b32513ffa479571517","messageTitle":"Refactor main for new Task class","messageBody":"","fileTypesAndContributionMap":{"java":{"insertions":3,"deletions":3}}},{"hash":"42cbd028f3080c92900e2398021f23d537cd99b1","messageTitle":"getTask to return task status \u0026 name","messageBody":"","fileTypesAndContributionMap":{"java":{"insertions":4,"deletions":3}}},{"hash":"234e5690ba720583b7b8444537df547e0fc01c5e","messageTitle":"Add output description to list command","messageBody":"","fileTypesAndContributionMap":{"java":{"insertions":1,"deletions":0}}},{"hash":"7dcafd38a3974e316d1fcabbd50c3761e39bd920","messageTitle":"Add setDone setter","messageBody":"","fileTypesAndContributionMap":{"java":{"insertions":5,"deletions":0}}},{"hash":"0d957a13c11752c46f51850d16f7a64f4d9a9327","messageTitle":"Set task done with \u0027done\u0027 keyword","messageBody":"","tags":["Level-3"],"fileTypesAndContributionMap":{"java":{"insertions":10,"deletions":0}}},{"hash":"91db3653136a476e31969c43d8dbc2e4fe028a78","messageTitle":"Change string of isDone false to space","messageBody":"","tags":["A-Classes"],"fileTypesAndContributionMap":{"java":{"insertions":1,"deletions":1}}}]}]},"authorFileTypeContributionMap":{"TanChiaChun":{"java":66,"md":0,"fxml":0,"sh":0,"bat":0,"gradle":0,"txt":0}},"authorContributionVariance":{"TanChiaChun":992.75},"authorDisplayNameMap":{"TanChiaChun":"TAN ..CHUN"}}
