{"authorDailyContributionsMap":{"TanChiaChun":[{"date":"2021-08-20","commitResults":[{"hash":"90e36f80e67d6059bac1dbe6d6c9dca4ed971cb6","messageTitle":"Level 0. Greet","messageBody":"","tags":["Level-0"],"fileTypesAndContributionMap":{"java":{"insertions":9,"deletions":1}}},{"hash":"dfe8e18095991d6ba9c2bce00c9ba7ac3c36a6ba","messageTitle":"Change chatbot name","messageBody":"","fileTypesAndContributionMap":{"java":{"insertions":4,"deletions":10}}},{"hash":"3d86f759924d0d81dbabbef2a787b2f7ae3a6fc7","messageTitle":"Read + output user input once","messageBody":"","fileTypesAndContributionMap":{"java":{"insertions":5,"deletions":0}}},{"hash":"987585ac99587419a29436fc37a4894ec22c87ff","messageTitle":"Loop user input until \u0027bye\u0027 keyword","messageBody":"","fileTypesAndContributionMap":{"java":{"insertions":5,"deletions":1}}},{"hash":"0f4a81285f09711982895b79dbd51e240b6a8a6c","messageTitle":"Change command display format","messageBody":"","tags":["Level-1"],"fileTypesAndContributionMap":{"java":{"insertions":3,"deletions":3}}},{"hash":"12b582cd178c49096681915b83be04816b0eb423","messageTitle":"Add comments","messageBody":"","fileTypesAndContributionMap":{"java":{"insertions":5,"deletions":0}}},{"hash":"d313b1c0bfd259b05ba94705e0be78f6d821b7d0","messageTitle":"Add user input to fixed array","messageBody":"","fileTypesAndContributionMap":{"java":{"insertions":8,"deletions":2}}},{"hash":"72297bbaa24091d7e188e598e7e979320649b636","messageTitle":"List user input history","messageBody":"","tags":["Level-2"],"fileTypesAndContributionMap":{"java":{"insertions":8,"deletions":2}}},{"hash":"72b497fbdf7327019dd24545e15e7bcaf09998f1","messageTitle":"Add Task class","messageBody":"","fileTypesAndContributionMap":{"java":{"insertions":3,"deletions":0}}},{"hash":"e4e6339a310ced77fa56b640bc5f7e58dab8fde9","messageTitle":"Add class variables","messageBody":"","fileTypesAndContributionMap":{"java":{"insertions":3,"deletions":1}}},{"hash":"3d114ebee3767112c6097c47f8c48f1b21c22dc7","messageTitle":"Add constructor","messageBody":"","fileTypesAndContributionMap":{"java":{"insertions":5,"deletions":0}}},{"hash":"973be4e80384bb4cd21bbbe540b013e6737c1561","messageTitle":"Add getter","messageBody":"","fileTypesAndContributionMap":{"java":{"insertions":5,"deletions":0}}},{"hash":"c62141d28692fdfe1d0de7b32513ffa479571517","messageTitle":"Refactor main for new Task class","messageBody":"","fileTypesAndContributionMap":{"java":{"insertions":3,"deletions":3}}},{"hash":"42cbd028f3080c92900e2398021f23d537cd99b1","messageTitle":"getTask to return task status \u0026 name","messageBody":"","fileTypesAndContributionMap":{"java":{"insertions":4,"deletions":3}}},{"hash":"234e5690ba720583b7b8444537df547e0fc01c5e","messageTitle":"Add output description to list command","messageBody":"","fileTypesAndContributionMap":{"java":{"insertions":1,"deletions":0}}},{"hash":"7dcafd38a3974e316d1fcabbd50c3761e39bd920","messageTitle":"Add setDone setter","messageBody":"","fileTypesAndContributionMap":{"java":{"insertions":5,"deletions":0}}},{"hash":"0d957a13c11752c46f51850d16f7a64f4d9a9327","messageTitle":"Set task done with \u0027done\u0027 keyword","messageBody":"","tags":["Level-3"],"fileTypesAndContributionMap":{"java":{"insertions":10,"deletions":0}}},{"hash":"91db3653136a476e31969c43d8dbc2e4fe028a78","messageTitle":"Change string of isDone false to space","messageBody":"","tags":["A-Classes"],"fileTypesAndContributionMap":{"java":{"insertions":1,"deletions":1}}}]},{"date":"2021-08-26","commitResults":[{"hash":"95c2fb1227222fa8c9698b894339723c3da467ba","messageTitle":"Change Task class variables to protected","messageBody":"","fileTypesAndContributionMap":{"java":{"insertions":2,"deletions":2}}},{"hash":"5fc383daf51b051cc06ef4b01cc40a8459a56acf","messageTitle":"Add prefix to Task class","messageBody":"","fileTypesAndContributionMap":{"java":{"insertions":2,"deletions":1}}},{"hash":"69fc734057a33fe756f13f9c29c5d050e837a744","messageTitle":"Create Todo sub-class extending Task class","messageBody":"","fileTypesAndContributionMap":{"java":{"insertions":7,"deletions":0}}},{"hash":"4dd3d259520b298c50cef6f7ea3be1623a2a4dd9","messageTitle":"Rename inputList to tasks","messageBody":"","fileTypesAndContributionMap":{"java":{"insertions":6,"deletions":6}}},{"hash":"64f64d5785634fa97305ab2a3076b7a838c744a8","messageTitle":"Add todo","messageBody":"","fileTypesAndContributionMap":{"java":{"insertions":3,"deletions":3}}},{"hash":"2a28bf5b629cceae13790419c0153264ba2cf61f","messageTitle":"Reject invalid input","messageBody":"","fileTypesAndContributionMap":{"java":{"insertions":3,"deletions":0}}},{"hash":"0f5997756bfb466c5046c3f09f3d1947397fc565","messageTitle":"Output total tasks","messageBody":"","fileTypesAndContributionMap":{"java":{"insertions":1,"deletions":0}}},{"hash":"eaf0d3e25b606ba52406c3a02c268dfc11485774","messageTitle":"Create Deadline sub-class extending Task class","messageBody":"","fileTypesAndContributionMap":{"java":{"insertions":7,"deletions":0}}},{"hash":"498eec03d1478d72f44d84220d9e4cf453c60c94","messageTitle":"Add by variable to Deadline class","messageBody":"","fileTypesAndContributionMap":{"java":{"insertions":11,"deletions":1}}},{"hash":"0c8567eb2d4569af292425633c2a98a6274304e4","messageTitle":"Add deadline input","messageBody":"","fileTypesAndContributionMap":{"java":{"insertions":4,"deletions":0}}},{"hash":"9b69173eb8496d67a1db3d1f49cc5ae757b28ac2","messageTitle":"Create Event sub-class extending Task class","messageBody":"","fileTypesAndContributionMap":{"java":{"insertions":7,"deletions":0}}},{"hash":"76278c23fef86079e3f9d5e81844a2270410951a","messageTitle":"Add at variable to Event class","messageBody":"","tags":["A-Inheritance"],"fileTypesAndContributionMap":{"java":{"insertions":11,"deletions":1}}},{"hash":"6f89df63fb2e6747f4e4db4d89646656613ce799","messageTitle":"Add event input","messageBody":"","tags":["Level-4"],"fileTypesAndContributionMap":{"java":{"insertions":4,"deletions":0}}},{"hash":"134418990bb9575d46ef0520f9d08db7dedb5d51","messageTitle":"Add pause to runtest.bat","messageBody":"","fileTypesAndContributionMap":{"bat":{"insertions":2,"deletions":0}}},{"hash":"5a17e7ec60fec7beaadaaec1f23433ccd786ff18","messageTitle":"Update input and expected output","messageBody":"","tags":["A-TextUiTesting"],"fileTypesAndContributionMap":{"txt":{"insertions":6,"deletions":0}}},{"hash":"8ddd88a3ab7be2eac417f2015a0b0ed253bb1449","messageTitle":"Set HORIZ_LINE constant variable","messageBody":"","tags":["A-CodingStandard"],"fileTypesAndContributionMap":{"java":{"insertions":6,"deletions":5}}}]},{"date":"2021-09-02","commitResults":[{"hash":"6d7ef40be8beb7b71be5f90e99aea018adc1098e","messageTitle":"Refactor initApp()","messageBody":"","fileTypesAndContributionMap":{"java":{"insertions":8,"deletions":3}}},{"hash":"2d07a57ae40748fefc3b39678158b14320e75f43","messageTitle":"Refactor finaliseApp()","messageBody":"","fileTypesAndContributionMap":{"java":{"insertions":6,"deletions":3}}},{"hash":"aeb1b7bad906665bffbe298a13a652d7fc9e27dc","messageTitle":"Refactor runApp()","messageBody":"","fileTypesAndContributionMap":{"java":{"insertions":6,"deletions":7}}},{"hash":"93ce642f896fc267f86a532fcdc181a16dcff51b","messageTitle":"Refactor printList()","messageBody":"","fileTypesAndContributionMap":{"java":{"insertions":10,"deletions":6}}}]},{"date":"2021-09-03","commitResults":[{"hash":"4c60631f0323b0134f5cdbe7e3f520bc2959c1e5","messageTitle":"Refactor with isAddTask()","messageBody":"","fileTypesAndContributionMap":{"java":{"insertions":38,"deletions":27}}},{"hash":"5d3b40dad13b4176018cbe25755edbc3d3b72519","messageTitle":"Change tasks to class level variable","messageBody":"","fileTypesAndContributionMap":{"java":{"insertions":5,"deletions":5}}},{"hash":"bcbd7028babe2e6822056a01697898cd1df2b266","messageTitle":"Refactor addTask()","messageBody":"","fileTypesAndContributionMap":{"java":{"insertions":14,"deletions":12}}},{"hash":"39dcf38fd96dbf47e18bc3eb1a8f73e94d2e5c32","messageTitle":"Rename parameters names","messageBody":"","fileTypesAndContributionMap":{"java":{"insertions":7,"deletions":7}}},{"hash":"254e0e33f9f6adc254100a2b64858d134ad61b93","messageTitle":"Refactor \"bye\" if exit","messageBody":"","fileTypesAndContributionMap":{"java":{"insertions":5,"deletions":3}}},{"hash":"47495951ede7c84f2473a69c03e6e940665469cb","messageTitle":"Refactor processInput()","messageBody":"","fileTypesAndContributionMap":{"java":{"insertions":19,"deletions":18}}},{"hash":"4cd89b685dc749533a70a2d9e59e9fac8e0a0bfc","messageTitle":"Fix return if done exceeds lastIndex","messageBody":"","fileTypesAndContributionMap":{"java":{"insertions":2,"deletions":0}}},{"hash":"44a9da8f3617471bc1c19437b7faee6187e22ebf","messageTitle":"Refactor setDone()","messageBody":"","fileTypesAndContributionMap":{"java":{"insertions":12,"deletions":8}}},{"hash":"dddcc15cd64172578a80aa727c09ef49d81718dd","messageTitle":"Fix totalTasks print count","messageBody":"","fileTypesAndContributionMap":{"java":{"insertions":1,"deletions":1}}}]},{"date":"2021-09-04","commitResults":[{"hash":"79803bd7cb9e34787bfe7af944d4333fbf994cd5","messageTitle":"Add custom DukeException","messageBody":"","fileTypesAndContributionMap":{"java":{"insertions":2,"deletions":0}}},{"hash":"23a1fa70153040389890386b05cfd65dee5642c7","messageTitle":"Handle empty task description input","messageBody":"","fileTypesAndContributionMap":{"java":{"insertions":10,"deletions":2}}},{"hash":"44c66aa843b050496bfebff8a5bb3b17d5802620","messageTitle":"Handle invalid input via exception","messageBody":"","fileTypesAndContributionMap":{"java":{"insertions":7,"deletions":3}}},{"hash":"41a0a4a3d7094ee910fd7451b59d946d2e4706a8","messageTitle":"Fix wrong task increment after empty task input","messageBody":"","fileTypesAndContributionMap":{"java":{"insertions":1,"deletions":1}}},{"hash":"81207f586ecced1a720931606f9a2d5e233545b3","messageTitle":"Handle invalid deadline \u0026 event input","messageBody":"","fileTypesAndContributionMap":{"java":{"insertions":3,"deletions":1}}},{"hash":"b1853973132507ef46606250000ea608d11ee35a","messageTitle":"Handle done input with no index","messageBody":"","fileTypesAndContributionMap":{"java":{"insertions":6,"deletions":2}}},{"hash":"5ffd710a4c9930d76b36c0847e0aa5aca21caa38","messageTitle":"Change handle of invalid done index using exception","messageBody":"","fileTypesAndContributionMap":{"java":{"insertions":5,"deletions":4}}},{"hash":"bd58c649a5065fc67c410e5380c128071c06b09f","messageTitle":"Handle invalid done index using null task + other","messageBody":"*Standardise error message\n","tags":["Level-5","A-Exceptions"],"fileTypesAndContributionMap":{"java":{"insertions":5,"deletions":5}}},{"hash":"43648c4713e840dfdec8d787ca0fa8116e72012f","messageTitle":"Change Task class to abstract","messageBody":"","fileTypesAndContributionMap":{"java":{"insertions":1,"deletions":1}}},{"hash":"4a72d3a1001bfe37575e4de6bec15923b8e556f5","messageTitle":"Introduce packages + refactors","messageBody":"","fileTypesAndContributionMap":{"java":{"insertions":17,"deletions":0},"bat":{"insertions":2,"deletions":2},"md":{"insertions":1,"deletions":1}}}]},{"date":"2021-09-10","commitResults":[{"hash":"5a6141b794ebb4b607061042555918ca867dd5c0","messageTitle":"Change Task Array to ArrayList + refactor addTask()","messageBody":"","fileTypesAndContributionMap":{"java":{"insertions":24,"deletions":25}}},{"hash":"dd1bceb1529754b369c54b25521d55d1fcb12ff9","messageTitle":"Move \u0027bye\u0027 exit to while loop condition","messageBody":"","tags":["A-Collections"],"fileTypesAndContributionMap":{"java":{"insertions":1,"deletions":5}}},{"hash":"6512c38117ad70926feb13af13e3681f672f4a68","messageTitle":"Add \u0027delete\u0027 task","messageBody":"","fileTypesAndContributionMap":{"java":{"insertions":14,"deletions":0}}},{"hash":"3309ae307fa95b75647aaad69bfd589a7e3d8435","messageTitle":"Add test for \u0027done\u0027","messageBody":"","fileTypesAndContributionMap":{"txt":{"insertions":1,"deletions":0}}},{"hash":"c0020dc403d94f77f0d7a06406edda264267c27a","messageTitle":"Add test for \u0027delete\u0027","messageBody":"","tags":["Level-6"],"fileTypesAndContributionMap":{"txt":{"insertions":2,"deletions":0}}}]},{"date":"2021-09-11","commitResults":[{"hash":"7d26f18840378eec04e5ffa6b2c02e75891dc137","messageTitle":"Add printToSave() to Task class and sub-classes","messageBody":"","fileTypesAndContributionMap":{"java":{"insertions":16,"deletions":0}}},{"hash":"4b021a723b9932fb7f87c2c69c3c654e7e9b5dac","messageTitle":"Save tasks to file","messageBody":"","fileTypesAndContributionMap":{"java":{"insertions":27,"deletions":2}}},{"hash":"497a0e5e3b42974a896f809a5b49523addcfd435","messageTitle":"Save duke.txt to data folder + folder validation","messageBody":"","fileTypesAndContributionMap":{"java":{"insertions":13,"deletions":1}}},{"hash":"527af77ddbf64f8e5659dc202bc268c5f0c6bedf","messageTitle":"Validate input - reject \u0027|\u0027","messageBody":"","fileTypesAndContributionMap":{"java":{"insertions":14,"deletions":1}}},{"hash":"5d66d26a14e0e90d956e849fcff1fe716d4f57ef","messageTitle":"Add required constructors to load tasks from file","messageBody":"","fileTypesAndContributionMap":{"java":{"insertions":15,"deletions":0}}},{"hash":"fc1ad81c49a2454d39b44d5836f6c277910b90e2","messageTitle":"Load tasks from file + others","messageBody":"*Change separator character to \u0027;\u0027\n*Minor refactors\n","fileTypesAndContributionMap":{"java":{"insertions":50,"deletions":6}}},{"hash":"e1058175a92d3af357b868378455e7859b2de76b","messageTitle":"Skip load data when file not exist","messageBody":"","fileTypesAndContributionMap":{"java":{"insertions":5,"deletions":3}}},{"hash":"0c4389680a48006401dbc8949517054e35dbee9f","messageTitle":"Rename createParentDir()","messageBody":"","fileTypesAndContributionMap":{"java":{"insertions":2,"deletions":2}}},{"hash":"4eb53597ddb956abad682c9633b0e17d685161e5","messageTitle":"Add access modifier to Duke class variables","messageBody":"","fileTypesAndContributionMap":{"java":{"insertions":7,"deletions":7}}},{"hash":"d5c0185ced926b85b42ab185ddff0c461d5f3fe4","messageTitle":"Add JavaDoc to non-private class \u0026 method","messageBody":"","fileTypesAndContributionMap":{"java":{"insertions":23,"deletions":0}}}]},{"date":"2021-09-12","commitResults":[{"hash":"863746ee098b0e5d6f4667225d2a9d56a8b87c29","messageTitle":"Handle save file with missing task params","messageBody":"","fileTypesAndContributionMap":{"java":{"insertions":6,"deletions":2}}}]}]},"authorFileTypeContributionMap":{"TanChiaChun":{"java":356,"md":1,"fxml":0,"sh":0,"bat":4,"gradle":0,"txt":9}},"authorContributionVariance":{"TanChiaChun":2588.3704},"authorDisplayNameMap":{"TanChiaChun":"TIC4001-F18-3 TAN ..CHUN"}}
