{"authorDailyContributionsMap":{"TanChiaChun":[{"date":"2021-08-20","commitResults":[{"hash":"90e36f80e67d6059bac1dbe6d6c9dca4ed971cb6","messageTitle":"Level 0. Greet","messageBody":"","tags":["Level-0"],"fileTypesAndContributionMap":{"java":{"insertions":9,"deletions":1}}},{"hash":"dfe8e18095991d6ba9c2bce00c9ba7ac3c36a6ba","messageTitle":"Change chatbot name","messageBody":"","fileTypesAndContributionMap":{"java":{"insertions":4,"deletions":10}}},{"hash":"3d86f759924d0d81dbabbef2a787b2f7ae3a6fc7","messageTitle":"Read + output user input once","messageBody":"","fileTypesAndContributionMap":{"java":{"insertions":5,"deletions":0}}},{"hash":"987585ac99587419a29436fc37a4894ec22c87ff","messageTitle":"Loop user input until \u0027bye\u0027 keyword","messageBody":"","fileTypesAndContributionMap":{"java":{"insertions":5,"deletions":1}}},{"hash":"0f4a81285f09711982895b79dbd51e240b6a8a6c","messageTitle":"Change command display format","messageBody":"","tags":["Level-1"],"fileTypesAndContributionMap":{"java":{"insertions":3,"deletions":3}}},{"hash":"12b582cd178c49096681915b83be04816b0eb423","messageTitle":"Add comments","messageBody":"","fileTypesAndContributionMap":{"java":{"insertions":5,"deletions":0}}},{"hash":"d313b1c0bfd259b05ba94705e0be78f6d821b7d0","messageTitle":"Add user input to fixed array","messageBody":"","fileTypesAndContributionMap":{"java":{"insertions":8,"deletions":2}}},{"hash":"72297bbaa24091d7e188e598e7e979320649b636","messageTitle":"List user input history","messageBody":"","tags":["Level-2"],"fileTypesAndContributionMap":{"java":{"insertions":8,"deletions":2}}},{"hash":"72b497fbdf7327019dd24545e15e7bcaf09998f1","messageTitle":"Add Task class","messageBody":"","fileTypesAndContributionMap":{"java":{"insertions":3,"deletions":0}}},{"hash":"e4e6339a310ced77fa56b640bc5f7e58dab8fde9","messageTitle":"Add class variables","messageBody":"","fileTypesAndContributionMap":{"java":{"insertions":3,"deletions":1}}},{"hash":"3d114ebee3767112c6097c47f8c48f1b21c22dc7","messageTitle":"Add constructor","messageBody":"","fileTypesAndContributionMap":{"java":{"insertions":5,"deletions":0}}},{"hash":"973be4e80384bb4cd21bbbe540b013e6737c1561","messageTitle":"Add getter","messageBody":"","fileTypesAndContributionMap":{"java":{"insertions":5,"deletions":0}}},{"hash":"c62141d28692fdfe1d0de7b32513ffa479571517","messageTitle":"Refactor main for new Task class","messageBody":"","fileTypesAndContributionMap":{"java":{"insertions":3,"deletions":3}}},{"hash":"42cbd028f3080c92900e2398021f23d537cd99b1","messageTitle":"getTask to return task status \u0026 name","messageBody":"","fileTypesAndContributionMap":{"java":{"insertions":4,"deletions":3}}},{"hash":"234e5690ba720583b7b8444537df547e0fc01c5e","messageTitle":"Add output description to list command","messageBody":"","fileTypesAndContributionMap":{"java":{"insertions":1,"deletions":0}}},{"hash":"7dcafd38a3974e316d1fcabbd50c3761e39bd920","messageTitle":"Add setDone setter","messageBody":"","fileTypesAndContributionMap":{"java":{"insertions":5,"deletions":0}}},{"hash":"0d957a13c11752c46f51850d16f7a64f4d9a9327","messageTitle":"Set task done with \u0027done\u0027 keyword","messageBody":"","tags":["Level-3"],"fileTypesAndContributionMap":{"java":{"insertions":10,"deletions":0}}},{"hash":"91db3653136a476e31969c43d8dbc2e4fe028a78","messageTitle":"Change string of isDone false to space","messageBody":"","tags":["A-Classes"],"fileTypesAndContributionMap":{"java":{"insertions":1,"deletions":1}}}]},{"date":"2021-08-26","commitResults":[{"hash":"95c2fb1227222fa8c9698b894339723c3da467ba","messageTitle":"Change Task class variables to protected","messageBody":"","fileTypesAndContributionMap":{"java":{"insertions":2,"deletions":2}}},{"hash":"5fc383daf51b051cc06ef4b01cc40a8459a56acf","messageTitle":"Add prefix to Task class","messageBody":"","fileTypesAndContributionMap":{"java":{"insertions":2,"deletions":1}}},{"hash":"69fc734057a33fe756f13f9c29c5d050e837a744","messageTitle":"Create Todo sub-class extending Task class","messageBody":"","fileTypesAndContributionMap":{"java":{"insertions":7,"deletions":0}}},{"hash":"4dd3d259520b298c50cef6f7ea3be1623a2a4dd9","messageTitle":"Rename inputList to tasks","messageBody":"","fileTypesAndContributionMap":{"java":{"insertions":6,"deletions":6}}},{"hash":"64f64d5785634fa97305ab2a3076b7a838c744a8","messageTitle":"Add todo","messageBody":"","fileTypesAndContributionMap":{"java":{"insertions":3,"deletions":3}}},{"hash":"2a28bf5b629cceae13790419c0153264ba2cf61f","messageTitle":"Reject invalid input","messageBody":"","fileTypesAndContributionMap":{"java":{"insertions":3,"deletions":0}}},{"hash":"0f5997756bfb466c5046c3f09f3d1947397fc565","messageTitle":"Output total tasks","messageBody":"","fileTypesAndContributionMap":{"java":{"insertions":1,"deletions":0}}},{"hash":"eaf0d3e25b606ba52406c3a02c268dfc11485774","messageTitle":"Create Deadline sub-class extending Task class","messageBody":"","fileTypesAndContributionMap":{"java":{"insertions":7,"deletions":0}}},{"hash":"498eec03d1478d72f44d84220d9e4cf453c60c94","messageTitle":"Add by variable to Deadline class","messageBody":"","fileTypesAndContributionMap":{"java":{"insertions":11,"deletions":1}}},{"hash":"0c8567eb2d4569af292425633c2a98a6274304e4","messageTitle":"Add deadline input","messageBody":"","fileTypesAndContributionMap":{"java":{"insertions":4,"deletions":0}}},{"hash":"9b69173eb8496d67a1db3d1f49cc5ae757b28ac2","messageTitle":"Create Event sub-class extending Task class","messageBody":"","fileTypesAndContributionMap":{"java":{"insertions":7,"deletions":0}}},{"hash":"76278c23fef86079e3f9d5e81844a2270410951a","messageTitle":"Add at variable to Event class","messageBody":"","tags":["A-Inheritance"],"fileTypesAndContributionMap":{"java":{"insertions":11,"deletions":1}}},{"hash":"6f89df63fb2e6747f4e4db4d89646656613ce799","messageTitle":"Add event input","messageBody":"","tags":["Level-4"],"fileTypesAndContributionMap":{"java":{"insertions":4,"deletions":0}}},{"hash":"134418990bb9575d46ef0520f9d08db7dedb5d51","messageTitle":"Add pause to runtest.bat","messageBody":"","fileTypesAndContributionMap":{"bat":{"insertions":2,"deletions":0}}},{"hash":"5a17e7ec60fec7beaadaaec1f23433ccd786ff18","messageTitle":"Update input and expected output","messageBody":"","tags":["A-TextUiTesting"],"fileTypesAndContributionMap":{"txt":{"insertions":6,"deletions":0}}},{"hash":"8ddd88a3ab7be2eac417f2015a0b0ed253bb1449","messageTitle":"Set HORIZ_LINE constant variable","messageBody":"","tags":["A-CodingStandard"],"fileTypesAndContributionMap":{"java":{"insertions":6,"deletions":5}}}]},{"date":"2021-09-02","commitResults":[{"hash":"6d7ef40be8beb7b71be5f90e99aea018adc1098e","messageTitle":"Refactor initApp()","messageBody":"","fileTypesAndContributionMap":{"java":{"insertions":8,"deletions":3}}},{"hash":"2d07a57ae40748fefc3b39678158b14320e75f43","messageTitle":"Refactor finaliseApp()","messageBody":"","fileTypesAndContributionMap":{"java":{"insertions":6,"deletions":3}}},{"hash":"aeb1b7bad906665bffbe298a13a652d7fc9e27dc","messageTitle":"Refactor runApp()","messageBody":"","fileTypesAndContributionMap":{"java":{"insertions":6,"deletions":7}}},{"hash":"93ce642f896fc267f86a532fcdc181a16dcff51b","messageTitle":"Refactor printList()","messageBody":"","fileTypesAndContributionMap":{"java":{"insertions":10,"deletions":6}}}]},{"date":"2021-09-03","commitResults":[{"hash":"4c60631f0323b0134f5cdbe7e3f520bc2959c1e5","messageTitle":"Refactor with isAddTask()","messageBody":"","fileTypesAndContributionMap":{"java":{"insertions":38,"deletions":27}}},{"hash":"5d3b40dad13b4176018cbe25755edbc3d3b72519","messageTitle":"Change tasks to class level variable","messageBody":"","fileTypesAndContributionMap":{"java":{"insertions":5,"deletions":5}}},{"hash":"bcbd7028babe2e6822056a01697898cd1df2b266","messageTitle":"Refactor addTask()","messageBody":"","fileTypesAndContributionMap":{"java":{"insertions":14,"deletions":12}}},{"hash":"39dcf38fd96dbf47e18bc3eb1a8f73e94d2e5c32","messageTitle":"Rename parameters names","messageBody":"","fileTypesAndContributionMap":{"java":{"insertions":7,"deletions":7}}},{"hash":"254e0e33f9f6adc254100a2b64858d134ad61b93","messageTitle":"Refactor \"bye\" if exit","messageBody":"","fileTypesAndContributionMap":{"java":{"insertions":5,"deletions":3}}},{"hash":"47495951ede7c84f2473a69c03e6e940665469cb","messageTitle":"Refactor processInput()","messageBody":"","fileTypesAndContributionMap":{"java":{"insertions":19,"deletions":18}}},{"hash":"4cd89b685dc749533a70a2d9e59e9fac8e0a0bfc","messageTitle":"Fix return if done exceeds lastIndex","messageBody":"","fileTypesAndContributionMap":{"java":{"insertions":2,"deletions":0}}},{"hash":"44a9da8f3617471bc1c19437b7faee6187e22ebf","messageTitle":"Refactor setDone()","messageBody":"","fileTypesAndContributionMap":{"java":{"insertions":12,"deletions":8}}},{"hash":"dddcc15cd64172578a80aa727c09ef49d81718dd","messageTitle":"Fix totalTasks print count","messageBody":"","fileTypesAndContributionMap":{"java":{"insertions":1,"deletions":1}}}]},{"date":"2021-09-04","commitResults":[{"hash":"79803bd7cb9e34787bfe7af944d4333fbf994cd5","messageTitle":"Add custom DukeException","messageBody":"","fileTypesAndContributionMap":{"java":{"insertions":2,"deletions":0}}},{"hash":"23a1fa70153040389890386b05cfd65dee5642c7","messageTitle":"Handle empty task description input","messageBody":"","fileTypesAndContributionMap":{"java":{"insertions":10,"deletions":2}}},{"hash":"44c66aa843b050496bfebff8a5bb3b17d5802620","messageTitle":"Handle invalid input via exception","messageBody":"","fileTypesAndContributionMap":{"java":{"insertions":7,"deletions":3}}},{"hash":"41a0a4a3d7094ee910fd7451b59d946d2e4706a8","messageTitle":"Fix wrong task increment after empty task input","messageBody":"","fileTypesAndContributionMap":{"java":{"insertions":1,"deletions":1}}},{"hash":"81207f586ecced1a720931606f9a2d5e233545b3","messageTitle":"Handle invalid deadline \u0026 event input","messageBody":"","fileTypesAndContributionMap":{"java":{"insertions":3,"deletions":1}}},{"hash":"b1853973132507ef46606250000ea608d11ee35a","messageTitle":"Handle done input with no index","messageBody":"","fileTypesAndContributionMap":{"java":{"insertions":6,"deletions":2}}},{"hash":"5ffd710a4c9930d76b36c0847e0aa5aca21caa38","messageTitle":"Change handle of invalid done index using exception","messageBody":"","fileTypesAndContributionMap":{"java":{"insertions":5,"deletions":4}}},{"hash":"bd58c649a5065fc67c410e5380c128071c06b09f","messageTitle":"Handle invalid done index using null task + other","messageBody":"*Standardise error message\n","tags":["Level-5","A-Exceptions"],"fileTypesAndContributionMap":{"java":{"insertions":5,"deletions":5}}},{"hash":"43648c4713e840dfdec8d787ca0fa8116e72012f","messageTitle":"Change Task class to abstract","messageBody":"","fileTypesAndContributionMap":{"java":{"insertions":1,"deletions":1}}},{"hash":"4a72d3a1001bfe37575e4de6bec15923b8e556f5","messageTitle":"Introduce packages + refactors","messageBody":"","fileTypesAndContributionMap":{"java":{"insertions":17,"deletions":0},"bat":{"insertions":2,"deletions":2},"md":{"insertions":1,"deletions":1}}}]},{"date":"2021-09-10","commitResults":[{"hash":"5a6141b794ebb4b607061042555918ca867dd5c0","messageTitle":"Change Task Array to ArrayList + refactor addTask()","messageBody":"","fileTypesAndContributionMap":{"java":{"insertions":24,"deletions":25}}},{"hash":"dd1bceb1529754b369c54b25521d55d1fcb12ff9","messageTitle":"Move \u0027bye\u0027 exit to while loop condition","messageBody":"","tags":["A-Collections"],"fileTypesAndContributionMap":{"java":{"insertions":1,"deletions":5}}},{"hash":"6512c38117ad70926feb13af13e3681f672f4a68","messageTitle":"Add \u0027delete\u0027 task","messageBody":"","fileTypesAndContributionMap":{"java":{"insertions":14,"deletions":0}}},{"hash":"3309ae307fa95b75647aaad69bfd589a7e3d8435","messageTitle":"Add test for \u0027done\u0027","messageBody":"","fileTypesAndContributionMap":{"txt":{"insertions":1,"deletions":0}}},{"hash":"c0020dc403d94f77f0d7a06406edda264267c27a","messageTitle":"Add test for \u0027delete\u0027","messageBody":"","tags":["Level-6"],"fileTypesAndContributionMap":{"txt":{"insertions":2,"deletions":0}}}]},{"date":"2021-09-11","commitResults":[{"hash":"7d26f18840378eec04e5ffa6b2c02e75891dc137","messageTitle":"Add printToSave() to Task class and sub-classes","messageBody":"","fileTypesAndContributionMap":{"java":{"insertions":16,"deletions":0}}},{"hash":"4b021a723b9932fb7f87c2c69c3c654e7e9b5dac","messageTitle":"Save tasks to file","messageBody":"","fileTypesAndContributionMap":{"java":{"insertions":27,"deletions":2}}},{"hash":"497a0e5e3b42974a896f809a5b49523addcfd435","messageTitle":"Save duke.txt to data folder + folder validation","messageBody":"","fileTypesAndContributionMap":{"java":{"insertions":13,"deletions":1}}},{"hash":"527af77ddbf64f8e5659dc202bc268c5f0c6bedf","messageTitle":"Validate input - reject \u0027|\u0027","messageBody":"","fileTypesAndContributionMap":{"java":{"insertions":14,"deletions":1}}},{"hash":"5d66d26a14e0e90d956e849fcff1fe716d4f57ef","messageTitle":"Add required constructors to load tasks from file","messageBody":"","fileTypesAndContributionMap":{"java":{"insertions":15,"deletions":0}}},{"hash":"fc1ad81c49a2454d39b44d5836f6c277910b90e2","messageTitle":"Load tasks from file + others","messageBody":"*Change separator character to \u0027;\u0027\n*Minor refactors\n","fileTypesAndContributionMap":{"java":{"insertions":50,"deletions":6}}},{"hash":"e1058175a92d3af357b868378455e7859b2de76b","messageTitle":"Skip load data when file not exist","messageBody":"","fileTypesAndContributionMap":{"java":{"insertions":5,"deletions":3}}},{"hash":"0c4389680a48006401dbc8949517054e35dbee9f","messageTitle":"Rename createParentDir()","messageBody":"","fileTypesAndContributionMap":{"java":{"insertions":2,"deletions":2}}},{"hash":"4eb53597ddb956abad682c9633b0e17d685161e5","messageTitle":"Add access modifier to Duke class variables","messageBody":"","fileTypesAndContributionMap":{"java":{"insertions":7,"deletions":7}}},{"hash":"d5c0185ced926b85b42ab185ddff0c461d5f3fe4","messageTitle":"Add JavaDoc to non-private class \u0026 method","messageBody":"","fileTypesAndContributionMap":{"java":{"insertions":23,"deletions":0}}}]},{"date":"2021-09-12","commitResults":[{"hash":"863746ee098b0e5d6f4667225d2a9d56a8b87c29","messageTitle":"Handle save file with missing task params","messageBody":"","fileTypesAndContributionMap":{"java":{"insertions":6,"deletions":2}}}]},{"date":"2021-09-18","commitResults":[{"hash":"2c62bd90af14d740a62e8f22c3542fb250671270","messageTitle":"Refactor Duke to Main class","messageBody":"","fileTypesAndContributionMap":{"java":{"insertions":2,"deletions":2},"bat":{"insertions":2,"deletions":2}}},{"hash":"678e11f15dc24c2d74389cd631eb86fac12f6757","messageTitle":"Delete test data folder if exist","messageBody":"","fileTypesAndContributionMap":{"bat":{"insertions":3,"deletions":0}}},{"hash":"be004c5f8308608dfc534075e99eeb922cc056a1","messageTitle":"Add Ui class","messageBody":"","fileTypesAndContributionMap":{"java":{"insertions":4,"deletions":0}}},{"hash":"9c9b5d229e16c8a12df85a23962cef1b8e309e0e","messageTitle":"Add Main constructor + set variables/methods non-static","messageBody":"","fileTypesAndContributionMap":{"java":{"insertions":44,"deletions":39}}},{"hash":"1e42bfeb83d0cbec627fe814b425a15a41e95651","messageTitle":"Refactor Ui printMessage()","messageBody":"","fileTypesAndContributionMap":{"java":{"insertions":35,"deletions":27}}},{"hash":"ff6343871c3a7ced9149b40f66d22a02052dbcdb","messageTitle":"Add Storage class","messageBody":"","fileTypesAndContributionMap":{"java":{"insertions":4,"deletions":0}}},{"hash":"7a101d4cc8013502f1b400699ca55d3b1ca03792","messageTitle":"Add comment","messageBody":"","fileTypesAndContributionMap":{"java":{"insertions":1,"deletions":0}}},{"hash":"62ea77b8f819b75c9b10ed94366395d80c57251d","messageTitle":"Add TaskList class","messageBody":"","fileTypesAndContributionMap":{"java":{"insertions":4,"deletions":0}}},{"hash":"1b9f05ed8a8f5b61b9eab9910b7606e92ac9a093","messageTitle":"Change Ui class printMessage() to static","messageBody":"","fileTypesAndContributionMap":{"java":{"insertions":2,"deletions":2}}},{"hash":"11ba55e4656d9d3ba66bb9d0a1b3d39fc01d2fd1","messageTitle":"Refactors for TaskList class+ others","messageBody":"*Rename Task class printForSave()\n","fileTypesAndContributionMap":{"java":{"insertions":108,"deletions":87}}},{"hash":"becbba25d76009adf87adf57b922617066d2d4bb","messageTitle":"Output totalTask only by \u0027done\u0027 + others","messageBody":"*Add line separator for task \u0027add\u0027 \u0026 \u0027delete\u0027 message\n","fileTypesAndContributionMap":{"java":{"insertions":3,"deletions":3}}},{"hash":"c8b1b772cd10ab509387db7b9681958170e28e4b","messageTitle":"Remove Ui class constructor + remove var from Main","messageBody":"","fileTypesAndContributionMap":{"java":{"insertions":1,"deletions":7}}},{"hash":"5b3645fe3f98d0758124e5c3005d7024c2df7cad","messageTitle":"Refactor usage of printMessage()","messageBody":"","fileTypesAndContributionMap":{"java":{"insertions":2,"deletions":2}}},{"hash":"b438ba25e7dc7e66bde7cf2a1360e61842283db2","messageTitle":"Change message output for \u0027done\u0027 \u0026 \u0027delete\u0027","messageBody":"","fileTypesAndContributionMap":{"java":{"insertions":2,"deletions":4}}},{"hash":"e0a393678bccb77fa95872ba2f0e23116a2875ed","messageTitle":"Add printMessage_Exit()","messageBody":"","fileTypesAndContributionMap":{"java":{"insertions":5,"deletions":0}}},{"hash":"3befc141f23295904014a741a3e910bccaf336f9","messageTitle":"Refactor for Storage class","messageBody":"","fileTypesAndContributionMap":{"java":{"insertions":83,"deletions":64}}},{"hash":"2db2279a15fa43ae45efa4a4225f8d695ecce8ca","messageTitle":"Add space for custom imports","messageBody":"","fileTypesAndContributionMap":{"java":{"insertions":1,"deletions":0}}}]},{"date":"2021-09-19","commitResults":[{"hash":"03ba6c64a4faa2900b16902e4fe0278081e326f8","messageTitle":"Add Parser class","messageBody":"","fileTypesAndContributionMap":{"java":{"insertions":4,"deletions":0}}},{"hash":"9b7bd9bb83553020dcfbd5bbd19e99df1bdd5a98","messageTitle":"Change getSaveSep() to static","messageBody":"","fileTypesAndContributionMap":{"java":{"insertions":2,"deletions":2}}},{"hash":"c18880728e77bff23831bde398badbc145db6306","messageTitle":"Handle IndexOutOfBoundsException","messageBody":"","fileTypesAndContributionMap":{"java":{"insertions":14,"deletions":5}}},{"hash":"3fb17efcb0da3d5570f6fab54a9f3e93c4f54294","messageTitle":"Add DukeInvalidTaskIndexException","messageBody":"","fileTypesAndContributionMap":{"java":{"insertions":9,"deletions":5}}},{"hash":"9d368d6a9f951d05f73e6018df836996be1f630f","messageTitle":"Add DukeInvalidInputException","messageBody":"","fileTypesAndContributionMap":{"java":{"insertions":4,"deletions":0}}},{"hash":"51aa24f3e193f0ffca78f84c0f43373dd6a66e07","messageTitle":"Add DukeEmptyArgsException","messageBody":"","fileTypesAndContributionMap":{"java":{"insertions":4,"deletions":0}}},{"hash":"c3dabe6856c7616e53eae8efb0cec8893797a5eb","messageTitle":"Refactor for Parser class","messageBody":"","fileTypesAndContributionMap":{"java":{"insertions":79,"deletions":81}}},{"hash":"1831eba5982f3e6111b739f34a46851f828a7270","messageTitle":"Change DukeException to abstract class","messageBody":"","fileTypesAndContributionMap":{"java":{"insertions":2,"deletions":2}}},{"hash":"07fe8234da85d73ba48b86d586ea4969fe5a545f","messageTitle":"Move Scanner input to Parser class","messageBody":"","fileTypesAndContributionMap":{"java":{"insertions":25,"deletions":6}}},{"hash":"1b284aa11a1822f22ab4a9c0363a970857b7e7b3","messageTitle":"Add abstract Command class","messageBody":"","fileTypesAndContributionMap":{"java":{"insertions":4,"deletions":0}}},{"hash":"8f5341762106e1ee3e2dfe6a68ef565676d261ac","messageTitle":"Add ExitCommand sub-class","messageBody":"","fileTypesAndContributionMap":{"java":{"insertions":4,"deletions":0}}},{"hash":"1035e9b2721dbf6b2107539305150160272175aa","messageTitle":"Task class get saveSep from Storage class","messageBody":"","fileTypesAndContributionMap":{"java":{"insertions":3,"deletions":1}}},{"hash":"4eb3e47af85537a2854df08e300e1e9aabc44a62","messageTitle":"Remove initialise Task perfix class variable","messageBody":"","fileTypesAndContributionMap":{"java":{"insertions":1,"deletions":1}}},{"hash":"16e7a6bb02c8d8382694fb83e65eaf3df522b192","messageTitle":"Add cmd var + runCmd()","messageBody":"","fileTypesAndContributionMap":{"java":{"insertions":17,"deletions":0}}},{"hash":"01c3502af54353f992ed0fe068cd5f5ccc9f7b98","messageTitle":"Make prefix class var final + modify constructors","messageBody":"","fileTypesAndContributionMap":{"java":{"insertions":6,"deletions":8}}},{"hash":"c378a1777329a230eefbf8dd8992dfc4219871be","messageTitle":"Make cmd class var final + modify constructors","messageBody":"","fileTypesAndContributionMap":{"java":{"insertions":7,"deletions":2}}},{"hash":"d2de3d25c24e6302ac297703dcc4a3fbd6bd0576","messageTitle":"Add + implement AddCommand sub-class","messageBody":"","fileTypesAndContributionMap":{"java":{"insertions":23,"deletions":0}}},{"hash":"02fe8d6e7bfeaf2537a549381c8d02f6b9798d15","messageTitle":"Add + implement ListCommand sub-class","messageBody":"","fileTypesAndContributionMap":{"java":{"insertions":23,"deletions":0}}},{"hash":"e95cc3f4fb9912222632f7702832470cc202f9cd","messageTitle":"Add + implement DoneCommand sub-class","messageBody":"","fileTypesAndContributionMap":{"java":{"insertions":22,"deletions":0}}},{"hash":"7157c9214c521870c6ca3b51a10d52cf3e64b106","messageTitle":"Add + implement DeleteCommand sub-class","messageBody":"","fileTypesAndContributionMap":{"java":{"insertions":22,"deletions":0}}},{"hash":"e74a4afa40d7c490704b6e26933fc39371e16df3","messageTitle":"Refactor TaskList as runCmd() parameter","messageBody":"","fileTypesAndContributionMap":{"java":{"insertions":13,"deletions":20}}},{"hash":"2edeb5507da1ee834ba4b34835a093fe1b16bdce","messageTitle":"Rename runCmd() to run()","messageBody":"","fileTypesAndContributionMap":{"java":{"insertions":6,"deletions":6}}},{"hash":"03089d52f0f5ed33b3f95d11c8232a733ea6a3a1","messageTitle":"Add getCmd()","messageBody":"","fileTypesAndContributionMap":{"java":{"insertions":5,"deletions":0}}},{"hash":"e30bebc1bf01e77d30e177df50209e7dbeb351b2","messageTitle":"Change cmd var to static for Command sub-classes","messageBody":"","fileTypesAndContributionMap":{"java":{"insertions":7,"deletions":24}}},{"hash":"ff4bc7d4fbfb59d58bb8ba1a91eb8a7169164fd4","messageTitle":"Create separate vars for AddCommand","messageBody":"","fileTypesAndContributionMap":{"java":{"insertions":3,"deletions":1}}},{"hash":"a1c4fab452d177a5e328fff5232515be26ecbf9b","messageTitle":"Add DukeDisallowInputException","messageBody":"","fileTypesAndContributionMap":{"java":{"insertions":4,"deletions":0}}},{"hash":"9b4e01ee7de19bca0ce060cb0993c9ad8a3c2f88","messageTitle":"Refactor for commands below","messageBody":"*Add\n*List\n*Done\n*Delete\n","fileTypesAndContributionMap":{"java":{"insertions":51,"deletions":44}}},{"hash":"920c032b55160c26abd295419344b4b909e18444","messageTitle":"Refactor for exit command","messageBody":"","fileTypesAndContributionMap":{"java":{"insertions":8,"deletions":11}}},{"hash":"a437f21bfc2cd89552a3cc467c3bf220baa477fa","messageTitle":"Add JavaDocs","messageBody":"","tags":["A-MoreOOP"],"fileTypesAndContributionMap":{"java":{"insertions":127,"deletions":2}}},{"hash":"7d0fd0bda71356d8b8e1e5a46b14ca930353f307","messageTitle":"Define dtFormat","messageBody":"","fileTypesAndContributionMap":{"java":{"insertions":3,"deletions":0}}},{"hash":"093458dbb9a4b36c681c2589cc60abdc4d83aa54","messageTitle":"Correct dtFormat","messageBody":"","fileTypesAndContributionMap":{"java":{"insertions":1,"deletions":1}}},{"hash":"44c2163998e2c0f84b213ec9d4b035caa8243187","messageTitle":"Add parseDt()","messageBody":"","fileTypesAndContributionMap":{"java":{"insertions":9,"deletions":1}}},{"hash":"706e08c97916dc8dbc09a3b9c07b708d7d5cfafc","messageTitle":"Refactor final vars to UPPER_CASE","messageBody":"","fileTypesAndContributionMap":{"java":{"insertions":19,"deletions":19}}},{"hash":"b4f27b0d8bf3f153e2ce05f60edcc394c001ec81","messageTitle":"Rename dtFormat var to DT_FORMAT","messageBody":"","fileTypesAndContributionMap":{"java":{"insertions":2,"deletions":2}}},{"hash":"283224ae525beae619e6f1d36579f938784a9e62","messageTitle":"Add dtToString()","messageBody":"","fileTypesAndContributionMap":{"java":{"insertions":4,"deletions":0}}}]},{"date":"2021-09-21","commitResults":[{"hash":"5653daceabc3243e2806dd6e161952c3bc47bec2","messageTitle":"Read + write datetime for classes as below","messageBody":"*Deadline \u0026 Event class\n*User input \u0026 file save functionalities\n","fileTypesAndContributionMap":{"java":{"insertions":40,"deletions":21}}},{"hash":"9d1b8b34b5ea4e7a6cf2c6b6d552ab1a0a168df3","messageTitle":"Accept date only input from user","messageBody":"","fileTypesAndContributionMap":{"java":{"insertions":6,"deletions":1}}},{"hash":"4e9859a6b930aebd5dd59450dc5fa88b7c688436","messageTitle":"Print custom datetime format for user","messageBody":"","fileTypesAndContributionMap":{"java":{"insertions":11,"deletions":2}}}]},{"date":"2021-09-24","commitResults":[{"hash":"df3d80d8dce1a423ea28cf5e5791f02c649ba450","messageTitle":"Filter tasks by date + refactor printTasks()","messageBody":"","fileTypesAndContributionMap":{"java":{"insertions":54,"deletions":12}}},{"hash":"4e95d5af33a78859a35dabf8ad245bfa7f252d33","messageTitle":"Update tests","messageBody":"","fileTypesAndContributionMap":{"txt":{"insertions":5,"deletions":4}}},{"hash":"3396f4eb1c4169749b98adb4e9018f7fb762c046","messageTitle":"Add JavaDocs","messageBody":"","fileTypesAndContributionMap":{"java":{"insertions":26,"deletions":1}}},{"hash":"a1eb85dc1bc8cb01dab22014e9396660f7408072","messageTitle":"Find tasks by string keyword","messageBody":"","fileTypesAndContributionMap":{"java":{"insertions":38,"deletions":4}}},{"hash":"c6a0ff833d05581429bb17bd46aaec2f83935fa7","messageTitle":"Add JavaDocs","messageBody":"","fileTypesAndContributionMap":{"java":{"insertions":11,"deletions":1}}},{"hash":"d375a99948cdd23af8a39ef00c793536afe09726","messageTitle":"Add Gradle","messageBody":"","fileTypesAndContributionMap":{"gradle":{"insertions":19,"deletions":0},"bat":{"insertions":89,"deletions":0}}},{"hash":"f78959b1e1cc8aa43d29627f1a14c0505d0b9f73","messageTitle":"Add getTaskTest()","messageBody":"","fileTypesAndContributionMap":{"java":{"insertions":13,"deletions":0}}},{"hash":"6dedfd9ff18bcafbaea9444d1176c829e88b6896","messageTitle":"Add parseDtTest()","messageBody":"","fileTypesAndContributionMap":{"java":{"insertions":15,"deletions":0}}},{"hash":"1746780c4baabe5adb5f18487bd7d679f6919067","messageTitle":"Add dtToStringTest()","messageBody":"","fileTypesAndContributionMap":{"java":{"insertions":7,"deletions":0}}}]},{"date":"2021-09-27","commitResults":[{"hash":"b88eb62ed4a82cca7098609711707a3ad9d9a030","messageTitle":"Gradle config for debugging","messageBody":"","fileTypesAndContributionMap":{"gradle":{"insertions":9,"deletions":0}}},{"hash":"bb7ec9094ce10a6ffcae33cd55cbb23c502197f5","messageTitle":"Edit UI message for \u0027list\u0027 cmd filtered by date","messageBody":"","fileTypesAndContributionMap":{"java":{"insertions":6,"deletions":1}}},{"hash":"016b8a43f4ed94e5de2d664301668422ae2da03c","messageTitle":"Simplify input args check to fix","messageBody":"*Inaccurate UI message of invalid input\n","fileTypesAndContributionMap":{"java":{"insertions":1,"deletions":16}}},{"hash":"4d7aeb8c788f303459b08758929b835bfe378a7d","messageTitle":"Refactor for if-else coding standard","messageBody":"","fileTypesAndContributionMap":{"java":{"insertions":2,"deletions":1}}},{"hash":"ad0938ce8ccd62882c1eff9ba08a48d1fcca1aca","messageTitle":"Update app init message","messageBody":"","fileTypesAndContributionMap":{"java":{"insertions":1,"deletions":1}}},{"hash":"fbaadd0e8c3830ceee4a7a8f54e45ed35c671ae1","messageTitle":"Update README.md","messageBody":"","fileTypesAndContributionMap":{"md":{"insertions":18,"deletions":26}}},{"hash":"32c1577078ee52b26326bb7fe99e0b82dba5257b","messageTitle":"Update README.md","messageBody":"","fileTypesAndContributionMap":{"md":{"insertions":3,"deletions":3}}},{"hash":"9f1a84e82a3bbf39187bb019b53c3764c76c1811","messageTitle":"Update README.md","messageBody":"","fileTypesAndContributionMap":{"md":{"insertions":59,"deletions":0}}},{"hash":"00fd4a2e64d817a27fa36e3745d92dc46fa3f4c0","messageTitle":"Update test","messageBody":"","fileTypesAndContributionMap":{"txt":{"insertions":1,"deletions":0}}},{"hash":"fb44214a415d903755ddfbc2c447b2f9d01b51e6","messageTitle":"Add shadow plugin to build jar","messageBody":"","tags":["v0.2","A-Release"],"fileTypesAndContributionMap":{"gradle":{"insertions":1,"deletions":0}}},{"hash":"1ba8715f9c450466cfd89fac671436ae16a9959b","messageTitle":"Correct exit command in README.md","messageBody":"","tags":["A-UserGuide"],"fileTypesAndContributionMap":{"md":{"insertions":2,"deletions":2}}}]}]},"authorFileTypeContributionMap":{"TanChiaChun":{"java":884,"md":66,"fxml":0,"sh":0,"bat":96,"gradle":29,"txt":11}},"authorContributionVariance":{"TanChiaChun":19871.75},"authorDisplayNameMap":{"TanChiaChun":"TIC4001-F18-3 TAN ..CHUN"}}
