[{"path":"src/main/java/Duke.java","fileType":"java","lines":[{"lineNumber":1,"author":{"gitId":"spencernah"},"content":"import ui.Ui;","lastModifiedDate":"2021-08-26"},{"lineNumber":2,"author":{"gitId":"spencernah"},"content":"import java.util.*;","lastModifiedDate":"2021-08-27"},{"lineNumber":3,"author":{"gitId":"spencernah"},"content":"","lastModifiedDate":"2021-08-26"},{"lineNumber":4,"author":{"gitId":"-"},"content":"public class Duke {","lastModifiedDate":"2019-07-29"},{"lineNumber":5,"author":{"gitId":"spencernah"},"content":"    protected static List\u003cString\u003e tasks \u003d new ArrayList\u003cString\u003e();","lastModifiedDate":"2021-08-27"},{"lineNumber":6,"author":{"gitId":"spencernah"},"content":"","lastModifiedDate":"2021-08-27"},{"lineNumber":7,"author":{"gitId":"spencernah"},"content":"    public static void printList() {","lastModifiedDate":"2021-08-27"},{"lineNumber":8,"author":{"gitId":"spencernah"},"content":"        for (int i \u003d 0; i \u003c tasks.size(); i++) {","lastModifiedDate":"2021-08-27"},{"lineNumber":9,"author":{"gitId":"spencernah"},"content":"            System.out.println(i+1 + \". \" + tasks.get(i));","lastModifiedDate":"2021-08-27"},{"lineNumber":10,"author":{"gitId":"spencernah"},"content":"        }","lastModifiedDate":"2021-08-27"},{"lineNumber":11,"author":{"gitId":"spencernah"},"content":"    }","lastModifiedDate":"2021-08-27"},{"lineNumber":12,"author":{"gitId":"spencernah"},"content":"","lastModifiedDate":"2021-08-27"},{"lineNumber":13,"author":{"gitId":"-"},"content":"    public static void main(String[] args) {","lastModifiedDate":"2019-07-29"},{"lineNumber":14,"author":{"gitId":"spencernah"},"content":"        boolean isExit \u003d false;","lastModifiedDate":"2021-08-27"},{"lineNumber":15,"author":{"gitId":"spencernah"},"content":"","lastModifiedDate":"2021-08-27"},{"lineNumber":16,"author":{"gitId":"spencernah"},"content":"","lastModifiedDate":"2021-08-27"},{"lineNumber":17,"author":{"gitId":"spencernah"},"content":"        /*","lastModifiedDate":"2021-08-26"},{"lineNumber":18,"author":{"gitId":"-"},"content":"        String logo \u003d \" ____        _        \\n\"","lastModifiedDate":"2019-07-29"},{"lineNumber":19,"author":{"gitId":"-"},"content":"                + \"|  _ \\\\ _   _| | _____ \\n\"","lastModifiedDate":"2019-07-29"},{"lineNumber":20,"author":{"gitId":"-"},"content":"                + \"| | | | | | | |/ / _ \\\\\\n\"","lastModifiedDate":"2019-07-29"},{"lineNumber":21,"author":{"gitId":"-"},"content":"                + \"| |_| | |_| |   \u003c  __/\\n\"","lastModifiedDate":"2019-07-29"},{"lineNumber":22,"author":{"gitId":"-"},"content":"                + \"|____/ \\\\__,_|_|\\\\_\\\\___|\\n\";","lastModifiedDate":"2019-07-29"},{"lineNumber":23,"author":{"gitId":"spencernah"},"content":"","lastModifiedDate":"2021-08-26"},{"lineNumber":24,"author":{"gitId":"spencernah"},"content":"         */","lastModifiedDate":"2021-08-26"},{"lineNumber":25,"author":{"gitId":"spencernah"},"content":"","lastModifiedDate":"2021-08-26"},{"lineNumber":26,"author":{"gitId":"spencernah"},"content":"        Ui ui \u003d new Ui();","lastModifiedDate":"2021-08-26"},{"lineNumber":27,"author":{"gitId":"spencernah"},"content":"        ui.welcome();","lastModifiedDate":"2021-08-26"},{"lineNumber":28,"author":{"gitId":"spencernah"},"content":"        while (!isExit) {","lastModifiedDate":"2021-08-27"},{"lineNumber":29,"author":{"gitId":"spencernah"},"content":"            String command \u003d ui.readCommand();","lastModifiedDate":"2021-08-27"},{"lineNumber":30,"author":{"gitId":"spencernah"},"content":"","lastModifiedDate":"2021-08-27"},{"lineNumber":31,"author":{"gitId":"spencernah"},"content":"            switch(command) {","lastModifiedDate":"2021-08-27"},{"lineNumber":32,"author":{"gitId":"spencernah"},"content":"                case \"bye\":","lastModifiedDate":"2021-08-27"},{"lineNumber":33,"author":{"gitId":"spencernah"},"content":"                    isExit \u003d true;","lastModifiedDate":"2021-08-27"},{"lineNumber":34,"author":{"gitId":"spencernah"},"content":"                    ui.bye();","lastModifiedDate":"2021-08-26"},{"lineNumber":35,"author":{"gitId":"spencernah"},"content":"                    break;","lastModifiedDate":"2021-08-27"},{"lineNumber":36,"author":{"gitId":"spencernah"},"content":"                case \"hello\":","lastModifiedDate":"2021-08-27"},{"lineNumber":37,"author":{"gitId":"spencernah"},"content":"                    ui.echo(command);","lastModifiedDate":"2021-08-27"},{"lineNumber":38,"author":{"gitId":"spencernah"},"content":"                    break;","lastModifiedDate":"2021-08-27"},{"lineNumber":39,"author":{"gitId":"spencernah"},"content":"                case \"list\":","lastModifiedDate":"2021-08-27"},{"lineNumber":40,"author":{"gitId":"spencernah"},"content":"                    printList();","lastModifiedDate":"2021-08-27"},{"lineNumber":41,"author":{"gitId":"spencernah"},"content":"                    ui.newline();","lastModifiedDate":"2021-08-27"},{"lineNumber":42,"author":{"gitId":"spencernah"},"content":"                    /*","lastModifiedDate":"2021-08-27"},{"lineNumber":43,"author":{"gitId":"spencernah"},"content":"                    for (int i \u003d 0; i \u003c tasks.size(); i++) {","lastModifiedDate":"2021-08-27"},{"lineNumber":44,"author":{"gitId":"spencernah"},"content":"                        System.out.println(i+1 + \". \" + tasks.get(i));","lastModifiedDate":"2021-08-27"},{"lineNumber":45,"author":{"gitId":"spencernah"},"content":"                    }","lastModifiedDate":"2021-08-27"},{"lineNumber":46,"author":{"gitId":"spencernah"},"content":"                    */","lastModifiedDate":"2021-08-27"},{"lineNumber":47,"author":{"gitId":"spencernah"},"content":"                    break;","lastModifiedDate":"2021-08-27"},{"lineNumber":48,"author":{"gitId":"spencernah"},"content":"                default:","lastModifiedDate":"2021-08-27"},{"lineNumber":49,"author":{"gitId":"spencernah"},"content":"                    ui.echo(\"added: \" + command);","lastModifiedDate":"2021-08-27"},{"lineNumber":50,"author":{"gitId":"spencernah"},"content":"                    tasks.add(command);","lastModifiedDate":"2021-08-27"},{"lineNumber":51,"author":{"gitId":"spencernah"},"content":"            }","lastModifiedDate":"2021-08-27"},{"lineNumber":52,"author":{"gitId":"spencernah"},"content":"","lastModifiedDate":"2021-08-27"},{"lineNumber":53,"author":{"gitId":"spencernah"},"content":"        }","lastModifiedDate":"2021-08-27"},{"lineNumber":54,"author":{"gitId":"-"},"content":"    }","lastModifiedDate":"2019-07-29"},{"lineNumber":55,"author":{"gitId":"-"},"content":"}","lastModifiedDate":"2021-08-27"},{"lineNumber":56,"author":{"gitId":"spencernah"},"content":"","lastModifiedDate":"2021-08-27"}],"authorContributionMap":{"spencernah":47,"-":9}},{"path":"src/main/java/ui/Ui.java","fileType":"java","lines":[{"lineNumber":1,"author":{"gitId":"spencernah"},"content":"package ui;","lastModifiedDate":"2021-08-26"},{"lineNumber":2,"author":{"gitId":"spencernah"},"content":"","lastModifiedDate":"2021-08-26"},{"lineNumber":3,"author":{"gitId":"spencernah"},"content":"import java.util.Scanner;","lastModifiedDate":"2021-08-26"},{"lineNumber":4,"author":{"gitId":"spencernah"},"content":"","lastModifiedDate":"2021-08-26"},{"lineNumber":5,"author":{"gitId":"spencernah"},"content":"public class Ui {","lastModifiedDate":"2021-08-26"},{"lineNumber":6,"author":{"gitId":"spencernah"},"content":"    protected Scanner in;","lastModifiedDate":"2021-08-26"},{"lineNumber":7,"author":{"gitId":"spencernah"},"content":"","lastModifiedDate":"2021-08-26"},{"lineNumber":8,"author":{"gitId":"spencernah"},"content":"    public Ui() {","lastModifiedDate":"2021-08-26"},{"lineNumber":9,"author":{"gitId":"spencernah"},"content":"        in \u003d new Scanner(System.in);","lastModifiedDate":"2021-08-26"},{"lineNumber":10,"author":{"gitId":"spencernah"},"content":"    }","lastModifiedDate":"2021-08-26"},{"lineNumber":11,"author":{"gitId":"spencernah"},"content":"","lastModifiedDate":"2021-08-26"},{"lineNumber":12,"author":{"gitId":"spencernah"},"content":"    public void newline(){","lastModifiedDate":"2021-08-26"},{"lineNumber":13,"author":{"gitId":"spencernah"},"content":"        System.out.println(\"_____________________________________________________________\");","lastModifiedDate":"2021-08-26"},{"lineNumber":14,"author":{"gitId":"spencernah"},"content":"    }","lastModifiedDate":"2021-08-26"},{"lineNumber":15,"author":{"gitId":"spencernah"},"content":"    public void welcome(){","lastModifiedDate":"2021-08-26"},{"lineNumber":16,"author":{"gitId":"spencernah"},"content":"        newline();","lastModifiedDate":"2021-08-26"},{"lineNumber":17,"author":{"gitId":"spencernah"},"content":"        System.out.println(\"Hellu, I ish Dook!\");","lastModifiedDate":"2021-08-26"},{"lineNumber":18,"author":{"gitId":"spencernah"},"content":"        newline();","lastModifiedDate":"2021-08-26"},{"lineNumber":19,"author":{"gitId":"spencernah"},"content":"    }","lastModifiedDate":"2021-08-26"},{"lineNumber":20,"author":{"gitId":"spencernah"},"content":"","lastModifiedDate":"2021-08-26"},{"lineNumber":21,"author":{"gitId":"spencernah"},"content":"    public String readCommand(){","lastModifiedDate":"2021-08-27"},{"lineNumber":22,"author":{"gitId":"spencernah"},"content":"        return in.nextLine();","lastModifiedDate":"2021-08-27"},{"lineNumber":23,"author":{"gitId":"spencernah"},"content":"    }","lastModifiedDate":"2021-08-27"},{"lineNumber":24,"author":{"gitId":"spencernah"},"content":"","lastModifiedDate":"2021-08-27"},{"lineNumber":25,"author":{"gitId":"spencernah"},"content":"    public void echo(String input) {","lastModifiedDate":"2021-08-27"},{"lineNumber":26,"author":{"gitId":"spencernah"},"content":"        System.out.println(input);","lastModifiedDate":"2021-08-27"},{"lineNumber":27,"author":{"gitId":"spencernah"},"content":"        newline();","lastModifiedDate":"2021-08-27"},{"lineNumber":28,"author":{"gitId":"spencernah"},"content":"    }","lastModifiedDate":"2021-08-27"},{"lineNumber":29,"author":{"gitId":"spencernah"},"content":"    public void bye(){","lastModifiedDate":"2021-08-26"},{"lineNumber":30,"author":{"gitId":"spencernah"},"content":"        System.out.println(\"Buai :(\");","lastModifiedDate":"2021-08-26"},{"lineNumber":31,"author":{"gitId":"spencernah"},"content":"        newline();","lastModifiedDate":"2021-08-26"},{"lineNumber":32,"author":{"gitId":"spencernah"},"content":"        in.close();","lastModifiedDate":"2021-08-27"},{"lineNumber":33,"author":{"gitId":"spencernah"},"content":"    }","lastModifiedDate":"2021-08-26"},{"lineNumber":34,"author":{"gitId":"spencernah"},"content":"}","lastModifiedDate":"2021-08-26"},{"lineNumber":35,"author":{"gitId":"spencernah"},"content":"","lastModifiedDate":"2021-08-26"}],"authorContributionMap":{"spencernah":35}}]
