{"authorDailyContributionsMap":{"spencernah":[{"date":"2021-08-26","commitResults":[{"hash":"90aa9452f02b6b2534d11c8a28a29dedbd501c4d","messageTitle":"Level-0","messageBody":"","fileTypesAndContributionMap":{"java":{"insertions":12,"deletions":0}}},{"hash":"af4ecdf6974f072a5d132361128af814cfe7bca8","messageTitle":"Level-0","messageBody":"","fileTypesAndContributionMap":{"java":{"insertions":23,"deletions":1}}}]},{"date":"2021-08-27","commitResults":[{"hash":"54877ce220954f0246e07dc0a142f7a1468ae532","messageTitle":"Level-1","messageBody":"","fileTypesAndContributionMap":{"java":{"insertions":22,"deletions":1}}},{"hash":"5b434f97f25fc0391b2054b7539f3347e8fd2267","messageTitle":"Level-2","messageBody":"","tags":["Level-1","Level-0"],"fileTypesAndContributionMap":{"java":{"insertions":34,"deletions":8}}}]},{"date":"2021-09-27","commitResults":[{"hash":"6006c46104b0d948d3b75f3bc86317402f5be818","messageTitle":"Level-3","messageBody":"","fileTypesAndContributionMap":{"java":{"insertions":399,"deletions":91}}}]}]},"authorFileTypeContributionMap":{"spencernah":{"java":399,"md":0,"fxml":0,"sh":0,"bat":0,"gradle":0,"txt":0}},"authorContributionVariance":{"spencernah":4772.707},"authorDisplayNameMap":{"spencernah":"TIC4001-F18-6 SPEN.. HAO"}}
