[{"path":"src/main/java/duke/Duke.java","fileType":"java","lines":[{"lineNumber":1,"author":{"gitId":"badfr0g"},"content":"import duke.dukeTask.*;","lastModifiedDate":"2021-09-05"},{"lineNumber":2,"author":{"gitId":"badfr0g"},"content":"import duke.dukeException.*;","lastModifiedDate":"2021-09-05"},{"lineNumber":3,"author":{"gitId":"badfr0g"},"content":"import java.util.Scanner;","lastModifiedDate":"2021-08-21"},{"lineNumber":4,"author":{"gitId":"badfr0g"},"content":"","lastModifiedDate":"2021-09-05"},{"lineNumber":5,"author":{"gitId":"-"},"content":"public class Duke {","lastModifiedDate":"2019-07-29"},{"lineNumber":6,"author":{"gitId":"-"},"content":"    public static void main(String[] args) {","lastModifiedDate":"2019-07-29"},{"lineNumber":7,"author":{"gitId":"-"},"content":"        String logo \u003d \" ____        _        \\n\"","lastModifiedDate":"2019-07-29"},{"lineNumber":8,"author":{"gitId":"-"},"content":"                + \"|  _ \\\\ _   _| | _____ \\n\"","lastModifiedDate":"2019-07-29"},{"lineNumber":9,"author":{"gitId":"-"},"content":"                + \"| | | | | | | |/ / _ \\\\\\n\"","lastModifiedDate":"2019-07-29"},{"lineNumber":10,"author":{"gitId":"-"},"content":"                + \"| |_| | |_| |   \u003c  __/\\n\"","lastModifiedDate":"2019-07-29"},{"lineNumber":11,"author":{"gitId":"-"},"content":"                + \"|____/ \\\\__,_|_|\\\\_\\\\___|\\n\";","lastModifiedDate":"2019-07-29"},{"lineNumber":12,"author":{"gitId":"-"},"content":"        System.out.println(\"Hello from\\n\" + logo);","lastModifiedDate":"2019-07-29"},{"lineNumber":13,"author":{"gitId":"badfr0g"},"content":"        System.out.println(\"what can i do for you?\\n\");","lastModifiedDate":"2021-08-20"},{"lineNumber":14,"author":{"gitId":"badfr0g"},"content":"        getMsg();","lastModifiedDate":"2021-08-21"},{"lineNumber":15,"author":{"gitId":"badfr0g"},"content":"    }","lastModifiedDate":"2021-08-21"},{"lineNumber":16,"author":{"gitId":"badfr0g"},"content":"","lastModifiedDate":"2021-08-21"},{"lineNumber":17,"author":{"gitId":"badfr0g"},"content":"    private static void getMsg(){","lastModifiedDate":"2021-08-27"},{"lineNumber":18,"author":{"gitId":"badfr0g"},"content":"        String line;","lastModifiedDate":"2021-08-21"},{"lineNumber":19,"author":{"gitId":"badfr0g"},"content":"        Scanner sc \u003d new Scanner(System.in);","lastModifiedDate":"2021-08-21"},{"lineNumber":20,"author":{"gitId":"badfr0g"},"content":"        Task[] taskList \u003d new Task[100];","lastModifiedDate":"2021-08-21"},{"lineNumber":21,"author":{"gitId":"badfr0g"},"content":"        int counter \u003d 1;","lastModifiedDate":"2021-08-21"},{"lineNumber":22,"author":{"gitId":"badfr0g"},"content":"        // any other user input","lastModifiedDate":"2021-09-05"},{"lineNumber":23,"author":{"gitId":"badfr0g"},"content":"        String[] userInput \u003d null;","lastModifiedDate":"2021-09-05"},{"lineNumber":24,"author":{"gitId":"badfr0g"},"content":"        String command;","lastModifiedDate":"2021-09-05"},{"lineNumber":25,"author":{"gitId":"badfr0g"},"content":"        String input;","lastModifiedDate":"2021-09-05"},{"lineNumber":26,"author":{"gitId":"badfr0g"},"content":"        String description \u003d \"\";","lastModifiedDate":"2021-09-05"},{"lineNumber":27,"author":{"gitId":"badfr0g"},"content":"        String date \u003d \"\";","lastModifiedDate":"2021-09-05"},{"lineNumber":28,"author":{"gitId":"badfr0g"},"content":"        // user input loops","lastModifiedDate":"2021-08-27"},{"lineNumber":29,"author":{"gitId":"badfr0g"},"content":"        while (true) {","lastModifiedDate":"2021-08-21"},{"lineNumber":30,"author":{"gitId":"badfr0g"},"content":"            line \u003d sc.nextLine().trim();","lastModifiedDate":"2021-08-27"},{"lineNumber":31,"author":{"gitId":"badfr0g"},"content":"            // exit program","lastModifiedDate":"2021-08-27"},{"lineNumber":32,"author":{"gitId":"badfr0g"},"content":"            if (line.equals(\"bye\")){","lastModifiedDate":"2021-08-27"},{"lineNumber":33,"author":{"gitId":"badfr0g"},"content":"                System.out.println(\"Bye.Hope to see you again soon!\");","lastModifiedDate":"2021-08-20"},{"lineNumber":34,"author":{"gitId":"badfr0g"},"content":"                sc.close();","lastModifiedDate":"2021-08-21"},{"lineNumber":35,"author":{"gitId":"badfr0g"},"content":"                break;","lastModifiedDate":"2021-08-21"},{"lineNumber":36,"author":{"gitId":"badfr0g"},"content":"            }else{","lastModifiedDate":"2021-08-27"},{"lineNumber":37,"author":{"gitId":"badfr0g"},"content":"                // check for user command and input","lastModifiedDate":"2021-08-27"},{"lineNumber":38,"author":{"gitId":"badfr0g"},"content":"                userInput \u003d line.split(\" \",2);","lastModifiedDate":"2021-08-27"},{"lineNumber":39,"author":{"gitId":"badfr0g"},"content":"                command \u003d userInput[0].trim().toLowerCase();","lastModifiedDate":"2021-09-05"},{"lineNumber":40,"author":{"gitId":"badfr0g"},"content":"                switch(command){","lastModifiedDate":"2021-09-05"},{"lineNumber":41,"author":{"gitId":"badfr0g"},"content":"                    case \"todo\":","lastModifiedDate":"2021-09-05"},{"lineNumber":42,"author":{"gitId":"badfr0g"},"content":"                        try{","lastModifiedDate":"2021-09-05"},{"lineNumber":43,"author":{"gitId":"badfr0g"},"content":"                            if(userInput[1].trim() \u003d\u003d \"\"){","lastModifiedDate":"2021-09-05"},{"lineNumber":44,"author":{"gitId":"badfr0g"},"content":"                                throw new DukeException();","lastModifiedDate":"2021-09-05"},{"lineNumber":45,"author":{"gitId":"badfr0g"},"content":"                            }","lastModifiedDate":"2021-09-05"},{"lineNumber":46,"author":{"gitId":"badfr0g"},"content":"                            todoFunction(taskList, userInput[1].trim(), counter);","lastModifiedDate":"2021-09-05"},{"lineNumber":47,"author":{"gitId":"badfr0g"},"content":"                            addTaskPrint(taskList,counter);","lastModifiedDate":"2021-09-05"},{"lineNumber":48,"author":{"gitId":"badfr0g"},"content":"                        }catch(IndexOutOfBoundsException | DukeException e){","lastModifiedDate":"2021-09-05"},{"lineNumber":49,"author":{"gitId":"badfr0g"},"content":"                             System.out.println(\"☹ OOPS!!! The description of a todo cannot be empty.\");","lastModifiedDate":"2021-09-05"},{"lineNumber":50,"author":{"gitId":"badfr0g"},"content":"                        }","lastModifiedDate":"2021-09-05"},{"lineNumber":51,"author":{"gitId":"badfr0g"},"content":"                        break;","lastModifiedDate":"2021-09-05"},{"lineNumber":52,"author":{"gitId":"badfr0g"},"content":"                    case \"done\":","lastModifiedDate":"2021-09-05"},{"lineNumber":53,"author":{"gitId":"badfr0g"},"content":"                        try{","lastModifiedDate":"2021-09-05"},{"lineNumber":54,"author":{"gitId":"badfr0g"},"content":"                            if(userInput[1].trim() \u003d\u003d \"\"){","lastModifiedDate":"2021-09-05"},{"lineNumber":55,"author":{"gitId":"badfr0g"},"content":"                                throw new DukeException();","lastModifiedDate":"2021-09-05"},{"lineNumber":56,"author":{"gitId":"badfr0g"},"content":"                            }","lastModifiedDate":"2021-09-05"},{"lineNumber":57,"author":{"gitId":"badfr0g"},"content":"                            doneFunction(taskList, Integer.valueOf(userInput[1].trim()));","lastModifiedDate":"2021-09-05"},{"lineNumber":58,"author":{"gitId":"badfr0g"},"content":"                            donePrint();","lastModifiedDate":"2021-09-05"},{"lineNumber":59,"author":{"gitId":"badfr0g"},"content":"                        }catch (IndexOutOfBoundsException | DukeException e){","lastModifiedDate":"2021-09-05"},{"lineNumber":60,"author":{"gitId":"badfr0g"},"content":"                            System.out.println(\"☹ OOPS!!! Please enter an index.\");","lastModifiedDate":"2021-09-05"},{"lineNumber":61,"author":{"gitId":"badfr0g"},"content":"                        }","lastModifiedDate":"2021-09-05"},{"lineNumber":62,"author":{"gitId":"badfr0g"},"content":"                        catch (NullPointerException e){","lastModifiedDate":"2021-09-05"},{"lineNumber":63,"author":{"gitId":"badfr0g"},"content":"                            System.out.println(\" ☹ OOPS!!! The index you have key in dose not exist.\");","lastModifiedDate":"2021-09-05"},{"lineNumber":64,"author":{"gitId":"badfr0g"},"content":"                        }","lastModifiedDate":"2021-09-05"},{"lineNumber":65,"author":{"gitId":"badfr0g"},"content":"                        break;","lastModifiedDate":"2021-09-05"},{"lineNumber":66,"author":{"gitId":"badfr0g"},"content":"                    case \"deadline\":","lastModifiedDate":"2021-09-05"},{"lineNumber":67,"author":{"gitId":"badfr0g"},"content":"                        try{","lastModifiedDate":"2021-09-05"},{"lineNumber":68,"author":{"gitId":"badfr0g"},"content":"                            if(userInput[1].trim() \u003d\u003d \"\"){","lastModifiedDate":"2021-09-05"},{"lineNumber":69,"author":{"gitId":"badfr0g"},"content":"                                throw new DukeException();","lastModifiedDate":"2021-09-05"},{"lineNumber":70,"author":{"gitId":"badfr0g"},"content":"                            }","lastModifiedDate":"2021-09-05"},{"lineNumber":71,"author":{"gitId":"badfr0g"},"content":"                            description \u003d userInput[1].trim().substring(0, userInput[1].trim().indexOf(\"/by\")-1);","lastModifiedDate":"2021-09-05"},{"lineNumber":72,"author":{"gitId":"badfr0g"},"content":"                            date \u003d userInput[1].trim().substring(userInput[1].trim().indexOf(\"/by\")+3, userInput[1].trim().length());","lastModifiedDate":"2021-09-05"},{"lineNumber":73,"author":{"gitId":"badfr0g"},"content":"                            deadlineFunction(taskList, description, date, counter);","lastModifiedDate":"2021-08-27"},{"lineNumber":74,"author":{"gitId":"badfr0g"},"content":"                            addTaskPrint(taskList,counter);","lastModifiedDate":"2021-09-05"},{"lineNumber":75,"author":{"gitId":"badfr0g"},"content":"                        }catch(IndexOutOfBoundsException | DukeException e){","lastModifiedDate":"2021-09-05"},{"lineNumber":76,"author":{"gitId":"badfr0g"},"content":"                            System.out.println(\"☹ OOPS!!! Please check deadline command that you have key in is in correct format.\");","lastModifiedDate":"2021-09-05"},{"lineNumber":77,"author":{"gitId":"badfr0g"},"content":"                        }","lastModifiedDate":"2021-09-05"},{"lineNumber":78,"author":{"gitId":"badfr0g"},"content":"                        break;","lastModifiedDate":"2021-09-05"},{"lineNumber":79,"author":{"gitId":"badfr0g"},"content":"                    case \"event\":","lastModifiedDate":"2021-09-05"},{"lineNumber":80,"author":{"gitId":"badfr0g"},"content":"                        try{","lastModifiedDate":"2021-09-05"},{"lineNumber":81,"author":{"gitId":"badfr0g"},"content":"                            if(userInput[1].trim() \u003d\u003d \"\"){","lastModifiedDate":"2021-09-05"},{"lineNumber":82,"author":{"gitId":"badfr0g"},"content":"                                throw new DukeException();","lastModifiedDate":"2021-09-05"},{"lineNumber":83,"author":{"gitId":"badfr0g"},"content":"                            }","lastModifiedDate":"2021-09-05"},{"lineNumber":84,"author":{"gitId":"badfr0g"},"content":"                            description \u003d userInput[1].trim().substring(0, userInput[1].trim().indexOf(\"/at\") - 1);","lastModifiedDate":"2021-09-05"},{"lineNumber":85,"author":{"gitId":"badfr0g"},"content":"                            date \u003d userInput[1].trim().substring(userInput[1].trim().indexOf(\"/at\") + 3, userInput[1].trim().length());","lastModifiedDate":"2021-09-05"},{"lineNumber":86,"author":{"gitId":"badfr0g"},"content":"                            eventFunction(taskList, description, date, counter);","lastModifiedDate":"2021-08-27"},{"lineNumber":87,"author":{"gitId":"badfr0g"},"content":"                            addTaskPrint(taskList,counter);","lastModifiedDate":"2021-09-05"},{"lineNumber":88,"author":{"gitId":"badfr0g"},"content":"                        }catch(IndexOutOfBoundsException | DukeException e){","lastModifiedDate":"2021-09-05"},{"lineNumber":89,"author":{"gitId":"badfr0g"},"content":"                            System.out.println(\"☹ OOPS!!! Please check event command that you have key in is in correct format.\");","lastModifiedDate":"2021-09-05"},{"lineNumber":90,"author":{"gitId":"badfr0g"},"content":"                        }","lastModifiedDate":"2021-08-27"},{"lineNumber":91,"author":{"gitId":"badfr0g"},"content":"                        break;","lastModifiedDate":"2021-09-05"},{"lineNumber":92,"author":{"gitId":"badfr0g"},"content":"                    case \"list\":","lastModifiedDate":"2021-09-05"},{"lineNumber":93,"author":{"gitId":"badfr0g"},"content":"                        printListFunction(taskList, counter);","lastModifiedDate":"2021-08-27"},{"lineNumber":94,"author":{"gitId":"badfr0g"},"content":"                        break;","lastModifiedDate":"2021-09-05"},{"lineNumber":95,"author":{"gitId":"badfr0g"},"content":"                    default:","lastModifiedDate":"2021-09-05"},{"lineNumber":96,"author":{"gitId":"badfr0g"},"content":"                        wrongCommand();","lastModifiedDate":"2021-09-05"},{"lineNumber":97,"author":{"gitId":"badfr0g"},"content":"                }","lastModifiedDate":"2021-08-21"},{"lineNumber":98,"author":{"gitId":"badfr0g"},"content":"            }","lastModifiedDate":"2021-08-21"},{"lineNumber":99,"author":{"gitId":"badfr0g"},"content":"        }","lastModifiedDate":"2021-08-21"},{"lineNumber":100,"author":{"gitId":"badfr0g"},"content":"    }","lastModifiedDate":"2021-08-21"},{"lineNumber":101,"author":{"gitId":"badfr0g"},"content":"","lastModifiedDate":"2021-08-20"},{"lineNumber":102,"author":{"gitId":"badfr0g"},"content":"    private static void printListFunction(Task[] taskList, int counter){","lastModifiedDate":"2021-08-27"},{"lineNumber":103,"author":{"gitId":"badfr0g"},"content":"        System.out.println(\"Here are the tasks in your list:\");","lastModifiedDate":"2021-09-05"},{"lineNumber":104,"author":{"gitId":"badfr0g"},"content":"        for(int i \u003d 1; i \u003c counter; i++){","lastModifiedDate":"2021-08-21"},{"lineNumber":105,"author":{"gitId":"badfr0g"},"content":"            System.out.println(i + \".\" +  taskList[i].toString());","lastModifiedDate":"2021-08-27"},{"lineNumber":106,"author":{"gitId":"badfr0g"},"content":"        }","lastModifiedDate":"2021-08-27"},{"lineNumber":107,"author":{"gitId":"-"},"content":"    }","lastModifiedDate":"2019-07-29"},{"lineNumber":108,"author":{"gitId":"badfr0g"},"content":"","lastModifiedDate":"2021-08-21"},{"lineNumber":109,"author":{"gitId":"badfr0g"},"content":"    private static void doneFunction(Task[] taskList, int listLocation){","lastModifiedDate":"2021-08-27"},{"lineNumber":110,"author":{"gitId":"badfr0g"},"content":"        Task t \u003d taskList[listLocation];","lastModifiedDate":"2021-08-21"},{"lineNumber":111,"author":{"gitId":"badfr0g"},"content":"        t.markAsDone();","lastModifiedDate":"2021-08-21"},{"lineNumber":112,"author":{"gitId":"badfr0g"},"content":"        System.out.println(\"    \" + taskList[listLocation].toString()) ;","lastModifiedDate":"2021-08-27"},{"lineNumber":113,"author":{"gitId":"badfr0g"},"content":"    }","lastModifiedDate":"2021-08-27"},{"lineNumber":114,"author":{"gitId":"badfr0g"},"content":"","lastModifiedDate":"2021-08-27"},{"lineNumber":115,"author":{"gitId":"badfr0g"},"content":"    private static Task[] todoFunction(Task[] taskList, String description, int counter){","lastModifiedDate":"2021-08-27"},{"lineNumber":116,"author":{"gitId":"badfr0g"},"content":"        Task newTask \u003d new Todo(description);","lastModifiedDate":"2021-08-27"},{"lineNumber":117,"author":{"gitId":"badfr0g"},"content":"        //newTask.description \u003d description;","lastModifiedDate":"2021-09-05"},{"lineNumber":118,"author":{"gitId":"badfr0g"},"content":"        taskList[counter] \u003d newTask;","lastModifiedDate":"2021-08-27"},{"lineNumber":119,"author":{"gitId":"badfr0g"},"content":"        counter++;","lastModifiedDate":"2021-09-05"},{"lineNumber":120,"author":{"gitId":"badfr0g"},"content":"        return taskList;","lastModifiedDate":"2021-08-27"},{"lineNumber":121,"author":{"gitId":"-"},"content":"    }","lastModifiedDate":"2019-07-29"},{"lineNumber":122,"author":{"gitId":"badfr0g"},"content":"","lastModifiedDate":"2021-08-27"},{"lineNumber":123,"author":{"gitId":"badfr0g"},"content":"    private static Task[] eventFunction(Task[] taskList, String description, String date, int counter){","lastModifiedDate":"2021-08-27"},{"lineNumber":124,"author":{"gitId":"badfr0g"},"content":"        Task newTask \u003d new Event(description, date);","lastModifiedDate":"2021-08-27"},{"lineNumber":125,"author":{"gitId":"badfr0g"},"content":"        //newTask.description \u003d description;","lastModifiedDate":"2021-09-05"},{"lineNumber":126,"author":{"gitId":"badfr0g"},"content":"        taskList[counter] \u003d newTask;","lastModifiedDate":"2021-08-27"},{"lineNumber":127,"author":{"gitId":"badfr0g"},"content":"        counter++;","lastModifiedDate":"2021-09-05"},{"lineNumber":128,"author":{"gitId":"badfr0g"},"content":"        return taskList;","lastModifiedDate":"2021-08-27"},{"lineNumber":129,"author":{"gitId":"badfr0g"},"content":"    }","lastModifiedDate":"2021-08-27"},{"lineNumber":130,"author":{"gitId":"badfr0g"},"content":"","lastModifiedDate":"2021-08-27"},{"lineNumber":131,"author":{"gitId":"badfr0g"},"content":"    private static Task[] deadlineFunction(Task[] taskList, String description, String date, int counter){","lastModifiedDate":"2021-08-27"},{"lineNumber":132,"author":{"gitId":"badfr0g"},"content":"        Task newTask \u003d new Deadline(description, date);","lastModifiedDate":"2021-08-27"},{"lineNumber":133,"author":{"gitId":"badfr0g"},"content":"        //newTask.description \u003d description;","lastModifiedDate":"2021-09-05"},{"lineNumber":134,"author":{"gitId":"badfr0g"},"content":"        taskList[counter] \u003d newTask;","lastModifiedDate":"2021-08-27"},{"lineNumber":135,"author":{"gitId":"badfr0g"},"content":"        counter++;","lastModifiedDate":"2021-09-05"},{"lineNumber":136,"author":{"gitId":"badfr0g"},"content":"        return taskList;","lastModifiedDate":"2021-08-27"},{"lineNumber":137,"author":{"gitId":"badfr0g"},"content":"    }","lastModifiedDate":"2021-08-27"},{"lineNumber":138,"author":{"gitId":"badfr0g"},"content":"","lastModifiedDate":"2021-08-27"},{"lineNumber":139,"author":{"gitId":"badfr0g"},"content":"    private static void wrongCommand(){","lastModifiedDate":"2021-08-27"},{"lineNumber":140,"author":{"gitId":"badfr0g"},"content":"        System.out.print(\"You have enter an invalid command!!!\");","lastModifiedDate":"2021-08-27"},{"lineNumber":141,"author":{"gitId":"badfr0g"},"content":"    }","lastModifiedDate":"2021-08-27"},{"lineNumber":142,"author":{"gitId":"badfr0g"},"content":"","lastModifiedDate":"2021-08-27"},{"lineNumber":143,"author":{"gitId":"badfr0g"},"content":"    private static void donePrint(){","lastModifiedDate":"2021-09-05"},{"lineNumber":144,"author":{"gitId":"badfr0g"},"content":"        System.out.println(\"Nice! I\u0027ve marked this task as done:\");","lastModifiedDate":"2021-09-05"},{"lineNumber":145,"author":{"gitId":"badfr0g"},"content":"    }","lastModifiedDate":"2021-09-05"},{"lineNumber":146,"author":{"gitId":"badfr0g"},"content":"","lastModifiedDate":"2021-09-05"},{"lineNumber":147,"author":{"gitId":"badfr0g"},"content":"    private static void addTaskPrint(Task[] taskList, int counter){","lastModifiedDate":"2021-09-05"},{"lineNumber":148,"author":{"gitId":"badfr0g"},"content":"        System.out.println(\"Got it. I\u0027ve added this task:\");","lastModifiedDate":"2021-09-05"},{"lineNumber":149,"author":{"gitId":"badfr0g"},"content":"        System.out.println(\"    \" + taskList[counter].toString());","lastModifiedDate":"2021-09-05"},{"lineNumber":150,"author":{"gitId":"badfr0g"},"content":"        System.out.println(\"Now you have \" + counter + \" tasks in the list.\\n\");","lastModifiedDate":"2021-09-05"},{"lineNumber":151,"author":{"gitId":"badfr0g"},"content":"    }","lastModifiedDate":"2021-09-05"},{"lineNumber":152,"author":{"gitId":"badfr0g"},"content":"}","lastModifiedDate":"2021-08-21"}],"authorContributionMap":{"badfr0g":142,"-":10}},{"path":"src/main/java/duke/dukeException/DukeException.java","fileType":"java","lines":[{"lineNumber":1,"author":{"gitId":"badfr0g"},"content":"package duke.dukeException;","lastModifiedDate":"2021-09-05"},{"lineNumber":2,"author":{"gitId":"badfr0g"},"content":"","lastModifiedDate":"2021-09-05"},{"lineNumber":3,"author":{"gitId":"badfr0g"},"content":"public class DukeException extends Exception{","lastModifiedDate":"2021-09-05"},{"lineNumber":4,"author":{"gitId":"badfr0g"},"content":"}","lastModifiedDate":"2021-09-05"}],"authorContributionMap":{"badfr0g":4}},{"path":"src/main/java/duke/dukeTask/Deadline.java","fileType":"java","lines":[{"lineNumber":1,"author":{"gitId":"badfr0g"},"content":"package duke.dukeTask;","lastModifiedDate":"2021-09-05"},{"lineNumber":2,"author":{"gitId":"badfr0g"},"content":"","lastModifiedDate":"2021-09-05"},{"lineNumber":3,"author":{"gitId":"badfr0g"},"content":"public class Deadline extends Task {","lastModifiedDate":"2021-08-27"},{"lineNumber":4,"author":{"gitId":"badfr0g"},"content":"","lastModifiedDate":"2021-08-27"},{"lineNumber":5,"author":{"gitId":"badfr0g"},"content":"    protected String by;","lastModifiedDate":"2021-08-27"},{"lineNumber":6,"author":{"gitId":"badfr0g"},"content":"","lastModifiedDate":"2021-08-27"},{"lineNumber":7,"author":{"gitId":"badfr0g"},"content":"    public Deadline(String description, String by) {","lastModifiedDate":"2021-08-27"},{"lineNumber":8,"author":{"gitId":"badfr0g"},"content":"        super(description);","lastModifiedDate":"2021-08-27"},{"lineNumber":9,"author":{"gitId":"badfr0g"},"content":"        this.by \u003d by;","lastModifiedDate":"2021-08-27"},{"lineNumber":10,"author":{"gitId":"badfr0g"},"content":"    }","lastModifiedDate":"2021-08-27"},{"lineNumber":11,"author":{"gitId":"badfr0g"},"content":"","lastModifiedDate":"2021-08-27"},{"lineNumber":12,"author":{"gitId":"badfr0g"},"content":"    @Override","lastModifiedDate":"2021-08-27"},{"lineNumber":13,"author":{"gitId":"badfr0g"},"content":"    public String toString() {","lastModifiedDate":"2021-08-27"},{"lineNumber":14,"author":{"gitId":"badfr0g"},"content":"        return \"[D]\" + super.toString() + \" (by: \" + by + \")\";","lastModifiedDate":"2021-08-27"},{"lineNumber":15,"author":{"gitId":"badfr0g"},"content":"    }","lastModifiedDate":"2021-08-27"},{"lineNumber":16,"author":{"gitId":"badfr0g"},"content":"}","lastModifiedDate":"2021-08-27"}],"authorContributionMap":{"badfr0g":16}},{"path":"src/main/java/duke/dukeTask/Event.java","fileType":"java","lines":[{"lineNumber":1,"author":{"gitId":"badfr0g"},"content":"package duke.dukeTask;","lastModifiedDate":"2021-09-05"},{"lineNumber":2,"author":{"gitId":"badfr0g"},"content":"","lastModifiedDate":"2021-09-05"},{"lineNumber":3,"author":{"gitId":"badfr0g"},"content":"public class Event extends Task {","lastModifiedDate":"2021-08-27"},{"lineNumber":4,"author":{"gitId":"badfr0g"},"content":"","lastModifiedDate":"2021-08-27"},{"lineNumber":5,"author":{"gitId":"badfr0g"},"content":"    protected String at;","lastModifiedDate":"2021-08-27"},{"lineNumber":6,"author":{"gitId":"badfr0g"},"content":"","lastModifiedDate":"2021-08-27"},{"lineNumber":7,"author":{"gitId":"badfr0g"},"content":"    public Event(String description, String at) {","lastModifiedDate":"2021-08-27"},{"lineNumber":8,"author":{"gitId":"badfr0g"},"content":"        super(description);","lastModifiedDate":"2021-08-27"},{"lineNumber":9,"author":{"gitId":"badfr0g"},"content":"        this.at \u003d at;","lastModifiedDate":"2021-08-27"},{"lineNumber":10,"author":{"gitId":"badfr0g"},"content":"    }","lastModifiedDate":"2021-08-27"},{"lineNumber":11,"author":{"gitId":"badfr0g"},"content":"","lastModifiedDate":"2021-08-27"},{"lineNumber":12,"author":{"gitId":"badfr0g"},"content":"    @Override","lastModifiedDate":"2021-08-27"},{"lineNumber":13,"author":{"gitId":"badfr0g"},"content":"    public String toString() {","lastModifiedDate":"2021-08-27"},{"lineNumber":14,"author":{"gitId":"badfr0g"},"content":"        return \"[E]\" + super.toString() + \" (at: \" + at + \")\";","lastModifiedDate":"2021-08-27"},{"lineNumber":15,"author":{"gitId":"badfr0g"},"content":"    }","lastModifiedDate":"2021-08-27"},{"lineNumber":16,"author":{"gitId":"badfr0g"},"content":"}","lastModifiedDate":"2021-08-27"}],"authorContributionMap":{"badfr0g":16}},{"path":"src/main/java/duke/dukeTask/Task.java","fileType":"java","lines":[{"lineNumber":1,"author":{"gitId":"badfr0g"},"content":"package duke.dukeTask;","lastModifiedDate":"2021-09-05"},{"lineNumber":2,"author":{"gitId":"badfr0g"},"content":"","lastModifiedDate":"2021-09-05"},{"lineNumber":3,"author":{"gitId":"badfr0g"},"content":"public class Task {","lastModifiedDate":"2021-08-21"},{"lineNumber":4,"author":{"gitId":"badfr0g"},"content":"    protected String description;","lastModifiedDate":"2021-08-21"},{"lineNumber":5,"author":{"gitId":"badfr0g"},"content":"    protected boolean isDone;","lastModifiedDate":"2021-08-21"},{"lineNumber":6,"author":{"gitId":"badfr0g"},"content":"","lastModifiedDate":"2021-08-21"},{"lineNumber":7,"author":{"gitId":"badfr0g"},"content":"    public Task(String description) {","lastModifiedDate":"2021-08-21"},{"lineNumber":8,"author":{"gitId":"badfr0g"},"content":"        this.description \u003d description;","lastModifiedDate":"2021-08-21"},{"lineNumber":9,"author":{"gitId":"badfr0g"},"content":"        this.isDone \u003d false;","lastModifiedDate":"2021-08-21"},{"lineNumber":10,"author":{"gitId":"badfr0g"},"content":"    }","lastModifiedDate":"2021-08-21"},{"lineNumber":11,"author":{"gitId":"badfr0g"},"content":"","lastModifiedDate":"2021-08-21"},{"lineNumber":12,"author":{"gitId":"badfr0g"},"content":"    public String getStatusIcon() {","lastModifiedDate":"2021-08-21"},{"lineNumber":13,"author":{"gitId":"badfr0g"},"content":"        return (isDone ? \"[\\u2718]\" : \"[ ]\"); //return tick or X symbols","lastModifiedDate":"2021-08-27"},{"lineNumber":14,"author":{"gitId":"badfr0g"},"content":"    }","lastModifiedDate":"2021-08-21"},{"lineNumber":15,"author":{"gitId":"badfr0g"},"content":"","lastModifiedDate":"2021-08-21"},{"lineNumber":16,"author":{"gitId":"badfr0g"},"content":"    public String toString(){","lastModifiedDate":"2021-08-27"},{"lineNumber":17,"author":{"gitId":"badfr0g"},"content":"        return getStatusIcon() + description;","lastModifiedDate":"2021-08-27"},{"lineNumber":18,"author":{"gitId":"badfr0g"},"content":"    }","lastModifiedDate":"2021-08-21"},{"lineNumber":19,"author":{"gitId":"badfr0g"},"content":"","lastModifiedDate":"2021-08-21"},{"lineNumber":20,"author":{"gitId":"badfr0g"},"content":"    public void markAsDone() {","lastModifiedDate":"2021-08-21"},{"lineNumber":21,"author":{"gitId":"badfr0g"},"content":"        isDone \u003d true;","lastModifiedDate":"2021-08-21"},{"lineNumber":22,"author":{"gitId":"badfr0g"},"content":"    }","lastModifiedDate":"2021-08-21"},{"lineNumber":23,"author":{"gitId":"badfr0g"},"content":"}","lastModifiedDate":"2021-08-21"}],"authorContributionMap":{"badfr0g":23}},{"path":"src/main/java/duke/dukeTask/Todo.java","fileType":"java","lines":[{"lineNumber":1,"author":{"gitId":"badfr0g"},"content":"package duke.dukeTask;","lastModifiedDate":"2021-09-05"},{"lineNumber":2,"author":{"gitId":"badfr0g"},"content":"","lastModifiedDate":"2021-09-05"},{"lineNumber":3,"author":{"gitId":"badfr0g"},"content":"public class Todo extends Task {","lastModifiedDate":"2021-08-27"},{"lineNumber":4,"author":{"gitId":"badfr0g"},"content":"","lastModifiedDate":"2021-08-27"},{"lineNumber":5,"author":{"gitId":"badfr0g"},"content":"    public Todo(String description) {","lastModifiedDate":"2021-08-27"},{"lineNumber":6,"author":{"gitId":"badfr0g"},"content":"        super(description);","lastModifiedDate":"2021-08-27"},{"lineNumber":7,"author":{"gitId":"badfr0g"},"content":"    }","lastModifiedDate":"2021-08-27"},{"lineNumber":8,"author":{"gitId":"badfr0g"},"content":"","lastModifiedDate":"2021-08-27"},{"lineNumber":9,"author":{"gitId":"badfr0g"},"content":"    @Override","lastModifiedDate":"2021-08-27"},{"lineNumber":10,"author":{"gitId":"badfr0g"},"content":"    public String toString() {","lastModifiedDate":"2021-08-27"},{"lineNumber":11,"author":{"gitId":"badfr0g"},"content":"        return \"[T]\" + super.toString();","lastModifiedDate":"2021-08-27"},{"lineNumber":12,"author":{"gitId":"badfr0g"},"content":"    }","lastModifiedDate":"2021-08-27"},{"lineNumber":13,"author":{"gitId":"badfr0g"},"content":"}","lastModifiedDate":"2021-08-27"}],"authorContributionMap":{"badfr0g":13}},{"path":"text-ui-test/input.txt","fileType":"txt","lines":[{"lineNumber":1,"author":{"gitId":"badfr0g"},"content":"todo borrow book","lastModifiedDate":"2021-08-27"},{"lineNumber":2,"author":{"gitId":"badfr0g"},"content":"list","lastModifiedDate":"2021-08-27"},{"lineNumber":3,"author":{"gitId":"badfr0g"},"content":"deadline return book /by Friday","lastModifiedDate":"2021-08-27"},{"lineNumber":4,"author":{"gitId":"badfr0g"},"content":"list","lastModifiedDate":"2021-08-27"},{"lineNumber":5,"author":{"gitId":"badfr0g"},"content":"done 2","lastModifiedDate":"2021-08-27"},{"lineNumber":6,"author":{"gitId":"badfr0g"},"content":"list","lastModifiedDate":"2021-08-27"},{"lineNumber":7,"author":{"gitId":"badfr0g"},"content":"event attend meeting /at 3.30pm - 5pm","lastModifiedDate":"2021-08-27"},{"lineNumber":8,"author":{"gitId":"badfr0g"},"content":"list","lastModifiedDate":"2021-08-27"},{"lineNumber":9,"author":{"gitId":"badfr0g"},"content":"abcdefg","lastModifiedDate":"2021-08-27"},{"lineNumber":10,"author":{"gitId":"badfr0g"},"content":"bye","lastModifiedDate":"2021-08-27"}],"authorContributionMap":{"badfr0g":10}}]
