{"authorDailyContributionsMap":{"badfr0g":[{"date":"2021-08-20","commitResults":[{"hash":"2dd157746bede18356034fc4f246c4c2517a2cb3","messageTitle":"Level 0. Greet","messageBody":"","tags":["Level-0.-Greet"],"fileTypesAndContributionMap":{"java":{"insertions":6,"deletions":0}}}]},{"date":"2021-08-21","commitResults":[{"hash":"f24757f17da22060ff9ba87540aeb3940f100f98","messageTitle":"Level 1. Greet, Echo, Exit","messageBody":"","tags":["Level-1.Great,Echo,Exit"],"fileTypesAndContributionMap":{"java":{"insertions":16,"deletions":1}}},{"hash":"bfc563dce523e8bcb1a58c219b8532935e1bce1f","messageTitle":"Level 2. Add, List","messageBody":"","tags":["Level2.-Add,-List"],"fileTypesAndContributionMap":{"java":{"insertions":20,"deletions":3}}},{"hash":"2051fc995ac6bd598c3e0f3891d8092716642531","messageTitle":"Level 3. Mark as Done","messageBody":"","tags":["Level3.-Mark-as-Done"],"fileTypesAndContributionMap":{"java":{"insertions":42,"deletions":9}}},{"hash":"359b0773a9a1166c1502030cf48c5571d101f7fc","messageTitle":"Update Duke.java","messageBody":"","fileTypesAndContributionMap":{"java":{"insertions":1,"deletions":1}}}]},{"date":"2021-08-27","commitResults":[{"hash":"037b328f146080376c14b8aae16bda0cc9c88b1d","messageTitle":"Level 4. ToDos, Events, Deadlines","messageBody":"","fileTypesAndContributionMap":{"java":{"insertions":90,"deletions":5}}},{"hash":"6f18d80934a79b49fe1427bb327b00255ad96940","messageTitle":"update on level 4","messageBody":"","fileTypesAndContributionMap":{"txt":{"insertions":10,"deletions":0},"java":{"insertions":71,"deletions":53}}},{"hash":"98749e9453fffce701f3483c83ac94c5b15b6fd4","messageTitle":"Revert \"update on level 4 and textUitestt-\"","messageBody":"This reverts commit 6f18d80934a79b49fe1427bb327b00255ad96940.\n","fileTypesAndContributionMap":{"txt":{"insertions":0,"deletions":10},"java":{"insertions":53,"deletions":71}}},{"hash":"804ea946cea31ebc4cfb98b22add8eef86d216b7","messageTitle":"Revert \"Revert \"update on level 4 and textUitestt-\"\"","messageBody":"This reverts commit 98749e9453fffce701f3483c83ac94c5b15b6fd4.\n","tags":["text-ui-testing","Level4.-ToDOs,Events,Dealines"],"fileTypesAndContributionMap":{"txt":{"insertions":10,"deletions":0},"java":{"insertions":71,"deletions":53}}}]},{"date":"2021-09-05","commitResults":[{"hash":"21bd4b9975ec561a8ff1a07576e8e652773e22ad","messageTitle":"refactor code on command","messageBody":"","tags":["A-CodeQuality"],"fileTypesAndContributionMap":{"java":{"insertions":14,"deletions":10}}},{"hash":"b3bdd51b578ce7a7e10cbf87b74aef35abbde76f","messageTitle":"A-Packages","messageBody":"","tags":["A-Packages"],"fileTypesAndContributionMap":{"java":{"insertions":25,"deletions":8}}},{"hash":"6df00beccc58e24484a0eba80165449deedb1171","messageTitle":"Level 5. Handle Errors","messageBody":"","tags":["Level-5.-Handle-Errors"],"fileTypesAndContributionMap":{"java":{"insertions":69,"deletions":50}}}]},{"date":"2021-09-10","commitResults":[{"hash":"d6dc5bc3e652a290c9fc8da518923efe32c63ac8","messageTitle":"level 6","messageBody":"","tags":["level-6-branch"],"fileTypesAndContributionMap":{"java":{"insertions":35,"deletions":40}}}]},{"date":"2021-09-14","commitResults":[{"hash":"4db7c57ca00dfa2d09a66b4c65c5c0b4fc4c53e4","messageTitle":"level 7","messageBody":"","tags":["branch-level-7"],"fileTypesAndContributionMap":{"txt":{"insertions":7,"deletions":0},"java":{"insertions":155,"deletions":7}}}]},{"date":"2021-09-22","commitResults":[{"hash":"37a073786b7975a4b0d58dfcb34e099882dcaee1","messageTitle":"MORE OOP","messageBody":"","tags":["MORE-OOP","A-MoreOOP"],"fileTypesAndContributionMap":{"txt":{"insertions":2,"deletions":1},"java":{"insertions":597,"deletions":273}}},{"hash":"735a7465d41da35a86b7836ae132f39adadc6654","messageTitle":"fix bug","messageBody":"","fileTypesAndContributionMap":{"txt":{"insertions":1,"deletions":1},"java":{"insertions":15,"deletions":8}}}]},{"date":"2021-09-24","commitResults":[{"hash":"96d14b2c5b0af157833b575e83d71441e064fe38","messageTitle":"LEVLE 8","messageBody":"","tags":["LEVEL-8"],"fileTypesAndContributionMap":{"txt":{"insertions":5,"deletions":4},"java":{"insertions":109,"deletions":35}}},{"hash":"a8edbc182182b6518e59b6106622a7b2d8f408ba","messageTitle":"LEVEL-9","messageBody":"","tags":["brancg-level-9"],"fileTypesAndContributionMap":{"java":{"insertions":67,"deletions":0}}}]}]},"authorFileTypeContributionMap":{"badfr0g":{"java":838,"md":0,"fxml":0,"sh":0,"bat":0,"gradle":0,"txt":19}},"authorContributionVariance":{"badfr0g":22952.492},"authorDisplayNameMap":{"badfr0g":"TIC4001-F18-5 JOSE..YANG"}}
